<?xml version="1.0"?>
<gconf>
        <entry name="overdue" mtime="1166405279" type="schema" stype="string" owner="evolution-calendar">
                <local_schema locale="pt" short_desc="Cor das tarefas atrasadas">
                        <longdesc>Cor de fundo das tarefas cujo prazo já terminou, no formato &quot;#rrggbb&quot;.</longdesc>
                </local_schema>
                <local_schema locale="hi" short_desc="मियाद समाप्त कार्य">
                        <longdesc>कार्य का पृष्ठभूमि रंग जो काफी दिनों से पड़ी है, &quot;#rrggbb&quot; प्रारूप में.</longdesc>
                </local_schema>
                <local_schema locale="zh_HK" short_desc="過期的工作色彩">
                        <longdesc>過期工作的背景色彩，使用 &quot;#rrggbb&quot; 格式。</longdesc>
                </local_schema>
                <local_schema locale="uk" short_desc="Колір прострочених завдань">
                        <longdesc>Колір для прострочених завдань, у форматі &quot;#rrggbb&quot;.</longdesc>
                </local_schema>
                <local_schema locale="ne" short_desc="दिने म्याद नागेको कार्य रङ">
                        <longdesc>&quot;#rrggbb&quot; ढाँचामा,मिति धेरै समाप्त भएका कार्यहरूको पृष्ठभूमि रङ।</longdesc>
                </local_schema>
                <local_schema locale="en_CA" short_desc="Overdue tasks colour">
                        <longdesc>Background colour of tasks that are overdue, in &quot;#rrggbb&quot; format.</longdesc>
                </local_schema>
                <local_schema locale="bg" short_desc="Цвят на просрочените задачи">
                        <longdesc>Фонов цвят на просрочените задачи, във формат „#rrggbb“.</longdesc>
                </local_schema>
                <local_schema locale="zh_CN" short_desc="延期任务的颜色">
                        <longdesc>延期任务的背景颜色，以“#rrggbb”格式。</longdesc>
                </local_schema>
                <local_schema locale="be" short_desc="Колер пратэрмінаваных заданьняў">
                        <longdesc>Колер для пратэрмінаваных заданьняў, у фармаце &quot;#rrggbb&quot;.</longdesc>
                </local_schema>
                <local_schema locale="ta" short_desc="முடிக்காத பணிகள் நிறம்">
                        <longdesc>&quot;#rrggbb&quot; வடிவத்தில் பணியின் பின்னணி நிறம் அதிகமானதைக் குறிப்பதாகும்.</longdesc>
                </local_schema>
                <local_schema locale="C" short_desc="Overdue tasks color">
                        <default type="string">
                                <stringvalue>#ff0000</stringvalue>
                        </default>
                        <longdesc>Background color of tasks that are overdue, in &quot;#rrggbb&quot; format.</longdesc>
                </local_schema>
                <local_schema locale="nb" short_desc="Farge for utgåtte oppgaver">
                        <longdesc>Farge for oppgaver som har gått ut i «#rrggbb»-format.</longdesc>
                </local_schema>
                <local_schema locale="pt_BR" short_desc="Cor para tarefas atrasadas">
                        <longdesc>Cor de fundo das tarefas atrasadas, no formato &quot;#rrggbb&quot;.</longdesc>
                </local_schema>
                <local_schema locale="eu" short_desc="Atzeratutako zereginen kolorea">
                        <longdesc>Atzeratutako zereginen atzeko planoko kolorea (&quot;#rrggbb&quot; formatuan)</longdesc>
                </local_schema>
                <local_schema locale="pl" short_desc="Kolor zaległych zadań">
                        <longdesc>Kolor tła zadań zaległych, w formacie &quot;#rrggbb&quot;.</longdesc>
                </local_schema>
                <local_schema locale="et" short_desc="Tähtaja ületanud ülesannete värvus">
                        <longdesc>Tähtaja ületanud ülesannete värvus, &quot;#rrggbb&quot; vorgmingus.</longdesc>
                </local_schema>
                <local_schema locale="es" short_desc="Color para las tareas fuera de plazo">
                        <longdesc>Color de fondo para las tareas que están retrasadas, en formato «#rrggbb».</longdesc>
                </local_schema>
                <local_schema locale="vi" short_desc="Màu của tác vụ quá hạn">
                        <longdesc>Màu nền của mọi tác vụ quá hạn, có dạng « #rrggbb »</longdesc>
                </local_schema>
                <local_schema locale="ru" short_desc="Цвет просроченных задач">
                        <longdesc>Цвет для просроченных задач, в формате &quot;#rrggbb&quot;.</longdesc>
                </local_schema>
                <local_schema locale="id" short_desc="Warga tugas belum selesai">
                        <longdesc>Warna latar tugas yang habis waktu, dalam bentuk &quot;#rrggbb&quot;.</longdesc>
                </local_schema>
                <local_schema locale="lv" short_desc="Nokavētie uzdevumu krāsa">
                        <longdesc>Fona krāsa šodienas uzdevumiem, kas ir nokavēti &quot;#rrggbb&quot; formātā.</longdesc>
                </local_schema>
                <local_schema locale="ko" short_desc="마감이 지난 작업 색">
                        <longdesc>마감이 지난 작업의 바탕색, &quot;#rrggbb&quot; 형식.</longdesc>
                </local_schema>
                <local_schema locale="lt" short_desc="Vėluojamų atlikti užduočių spalva">
                        <longdesc>Užduočių, kurias vėluojama atlikti, fono spalva „#rrggbb“ formatu.</longdesc>
                </local_schema>
                <local_schema locale="ca" short_desc="Color de les tasques vençudes">
                        <longdesc>Color de fons de les tasques que han vençut, en format &quot;#rrggbb&quot;.</longdesc>
                </local_schema>
                <local_schema locale="sv" short_desc="Färg på uppgifter som skulle ha utförts">
                        <longdesc>Bakgrundsfärg på uppgifter som skulle ha utförts, i &quot;#rrggbb&quot;-format.</longdesc>
                </local_schema>
                <local_schema locale="el" short_desc="Εργασίες που έχουν λήξει">
                        <longdesc>Χρώμα παρασκηνίου για τις εργασίες που έχουν λήξει, σε μορφή &quot;#rrggbb&quot;.</longdesc>
                </local_schema>
                <local_schema locale="fr" short_desc="Couleur des tâches en retard">
                        <longdesc>Couleur des tâches qui sont en retard, dans le format « #rrggbb ».</longdesc>
                </local_schema>
                <local_schema locale="ro" short_desc="Culoarea pentru sarcini întârziate">
                        <longdesc>Culoarea de fundal a sarcinilor întârziate, în format „#rrggbb”.</longdesc>
                </local_schema>
                <local_schema locale="de" short_desc="Farbe überfälliger Aufgaben">
                        <longdesc>Hintergrundfarbe für überfällige Aufgaben im Format »#rrggbb«.</longdesc>
                </local_schema>
                <local_schema locale="sr@Latn" short_desc="Boja prekoračenih zaduženja">
                        <longdesc>Boja pozadine neispunjenih zaduženja, u obliku „#rrggbb“.</longdesc>
                </local_schema>
                <local_schema locale="pa" short_desc="ਮਿਆਦ ਪੁੱਗੇ ਕੰਮ ਦਾ ਰੰਗ">
                        <longdesc>ਕੰਮ ਦਾ ਰੰਗ, ਜਿਨਾਂ ਦੀ ਮਿਆਦ ਲੰਘ ਚੁੱਕੀ ਹੈ, &quot;#rrggbb&quot; ਫਾਰਮੈਟ ਵਿੱਚ।</longdesc>
                </local_schema>
                <local_schema locale="gu" short_desc="પછીની બાબતોનો રંગ">
                        <longdesc>બાબતો કે જે પૂર્ણ કરવાની મર્યાદા જતી રહી છે તેમના પાશ્વ ભાગનો રંગ, &quot;#rrggbb&quot; બંધારણમાં છે.</longdesc>
                </local_schema>
                <local_schema locale="sr" short_desc="Боја прекорачених задужења">
                        <longdesc>Боја позадине неиспуњених задужења, у облику „#rrggbb“.</longdesc>
                </local_schema>
                <local_schema locale="ja" short_desc="期限を過ぎたタスクの色">
                        <longdesc>期限が切れたタスクの色です (書式は &quot;#rrggbb&quot;)。</longdesc>
                </local_schema>
                <local_schema locale="sq" short_desc="Ngjyra e detyrave të skaduara">
                        <longdesc>Ngjyra e sfondit për detyrat e skaduara, në formatin &quot;#rrggbb&quot;.</longdesc>
                </local_schema>
                <local_schema locale="da" short_desc="Farve for opgaver der tidsmæssigt er overskredet">
                        <longdesc>Baggrundsfarve for opgaver der tidsmæssigt er overskredet, i &quot;#rrggbb&quot;-format.</longdesc>
                </local_schema>
                <local_schema locale="zh_TW" short_desc="過期的工作色彩">
                        <longdesc>過期工作的背景色彩，使用 &quot;#rrggbb&quot; 格式。</longdesc>
                </local_schema>
                <local_schema locale="fi" short_desc="Eräpäivän ylittäneiden tehtävien väri">
                        <longdesc>Eräpäivän ylittäneiden tehtävien väri, &quot;#rrggbb&quot;-muodossa.</longdesc>
                </local_schema>
                <local_schema locale="hu" short_desc="Lejárt határidejű feladatok színe">
                        <longdesc>A lejárt határidejű feladatok színe, &quot;#rrggbb&quot; formátumban.</longdesc>
                </local_schema>
                <local_schema locale="tr" short_desc="Süresi geçen görevlerin rengi">
                        <longdesc>Günü geçmiş işler için arkaplan rengi, &quot;#rrggbb&quot; biçiminde.</longdesc>
                </local_schema>
                <local_schema locale="sl" short_desc="Barva zakasnelih opravil">
                        <longdesc>Barva ozadja opravil, ki so zakasnila, v obliki &quot;#rrggbb&quot;.</longdesc>
                </local_schema>
                <local_schema locale="en_GB" short_desc="Overdue tasks colour">
                        <longdesc>Background colour of tasks that are overdue, in &quot;#rrggbb&quot; format.</longdesc>
                </local_schema>
                <local_schema locale="ml" short_desc="സമയം കഴിഞ്ഞ ജോലികളുടെ നിറം">
                        <longdesc>സമയം കഴിഞ്ഞുപോയ ജോലികളുടെ പശ്ചാത്തല നിറം &quot;#rrggbb&quot; രീതിയിലാണ്.</longdesc>
                </local_schema>
                <local_schema locale="cy" short_desc="Lliw tasgau hwyr">
                        <longdesc>Lliw cefndir tasgau sy&apos;n hwyr, ar ffurf &quot;#rrggbb&quot;.</longdesc>
                </local_schema>
                <local_schema locale="gl" short_desc="Cor para as tarefas fora de prazo">
                        <longdesc>Cor de fondo para as tarefas que están retrasadas, en formato &quot;#rrggbb&quot;.</longdesc>
                </local_schema>
                <local_schema locale="mk" short_desc="Боја на пречекорени задачи">
                        <longdesc>Позадинска боја на задачи кои се изминати, во &quot;#rrggbb&quot; формат.</longdesc>
                </local_schema>
                <local_schema locale="bn_IN" short_desc="সময়োত্তীর্ণ কাজ চিহ্নিত করতে ব্যবহৃত রং">
                        <longdesc>সময়োত্তীর্ণ সমস্ত কর্ম চিহ্নিত করতে ব্যবহৃত রং, &quot;#rrggbb&quot; বিন্যাসে উল্লিখিত।</longdesc>
                </local_schema>
                <local_schema locale="nn" short_desc="Farge på oppgåver som har gått over tida">
                        <longdesc>Bakgrunnsfarge på oppgåver som er over tida, i «#rrggbb»-format.</longdesc>
                </local_schema>
                <local_schema locale="it" short_desc="Colore compiti scaduti">
                        <longdesc>Colore di sfondo dei compiti che sono scaduti, nel formato &quot;#rrggbb&quot;.</longdesc>
                </local_schema>
                <local_schema locale="nl" short_desc="Kleur van verlopen taken">
                        <longdesc>Achtergrondkleur voor taken die al gedaan hadden moeten zijn, in &quot;rrggbb&quot;-formaat.</longdesc>
                </local_schema>
                <local_schema locale="bn" short_desc="সময়োত্তীর্ণ কাজ চিহ্নিত করতে ব্যবহৃত রং">
                        <longdesc>সময়োত্তীর্ণ সমস্ত কর্ম চিহ্নিত করতে ব্যবহৃত রং, &quot;#rrggbb&quot; বিন্যাসে উল্লিখিত।</longdesc>
                </local_schema>
                <local_schema locale="fa" short_desc="رنگ تکلیف‌های عقب افتاده">
                        <longdesc>رنگ پس‌زمینه‌ی تکلیف‌های عقب افتاده، در قالب «#rrggbb».</longdesc>
                </local_schema>
                <local_schema locale="dz" short_desc="ཧེ་མ་ལས་རན་པའི་ ལས་ཀའི་ཚོས་གཞི།">
                        <longdesc>&quot;#rrggbb&quot; རྩ་སྒྲིག་ནང་ ཧེ་མ་ལས་ དུས་ཚོད་རན་མི་ ལས་ཀའི་རྒྱབ་གཞིའི་ཚོས་གཞི།</longdesc>
                </local_schema>
                <local_schema locale="cs" short_desc="Barva úkolů, které již měly být splněny">
                        <longdesc>Barva pozadí úkolů, které již měly být splněny, ve formátu &quot;#rrggbb&quot;.</longdesc>
                </local_schema>
                <local_schema locale="th" short_desc="สีของงานที่เลยกำหนด">
                        <longdesc>สีพื้นหลังของงานที่เลยเวลากำหนด ในรูปแบบ &quot;#rrggbb&quot;</longdesc>
                </local_schema>
        </entry>
        <entry name="due_today" mtime="1166405279" type="schema" stype="string" owner="evolution-calendar">
                <local_schema locale="pt" short_desc="Cor das tarefas cujo prazo termina hoje">
                        <longdesc>Cor de fundo das tarefas cujo prazo termina hoje, no formato &quot;#rrggbb&quot;.</longdesc>
                </local_schema>
                <local_schema locale="hi" short_desc="आज समाप्त होने वाले कार्य का रंग">
                        <longdesc>कार्य का पृष्ठभूमि रंग जो आज किया जाना है, &quot;#rrggbb&quot; प्रारूप में.</longdesc>
                </local_schema>
                <local_schema locale="zh_HK" short_desc="今天到期工作的色彩">
                        <longdesc>今天到期的工作背景色彩，使用 &quot;#rrggbb&quot; 格式。</longdesc>
                </local_schema>
                <local_schema locale="uk" short_desc="Завдання на сьогодні">
                        <longdesc>Колір для сьогоднішніх завдань, у форматі &quot;#rrggbb&quot;.</longdesc>
                </local_schema>
                <local_schema locale="ne" short_desc="बाँकीरहेको आजको रङ कार्य गर्दछ">
                        <longdesc>&quot;#rrggbb&quot; ढाँचामा, कार्यहरूको पृष्ठभूमि रङ जुन आज गरिन्छ।</longdesc>
                </local_schema>
                <local_schema locale="en_CA" short_desc="Tasks due today colour">
                        <longdesc>Background colour of tasks that are due today, in &quot;#rrggbb&quot; format.</longdesc>
                </local_schema>
                <local_schema locale="bg" short_desc="Цвят на задачите за днес">
                        <longdesc>Фонов цвят на задачите, които са за днес, във формат „#rrggbb“.</longdesc>
                </local_schema>
                <local_schema locale="zh_CN" short_desc="今天到期的任务颜色">
                        <longdesc>今天到期任务的背景颜色，以“#rrggbb”格式。</longdesc>
                </local_schema>
                <local_schema locale="be" short_desc="Колер заданьня на сёньня">
                        <longdesc>Колер для умоўленых на сёньня заданьняў, у фармаце &quot;#rrggbb&quot;.</longdesc>
                </local_schema>
                <local_schema locale="ta" short_desc="இன்று நிலுவையில் உள்ள பணிகளின் நிறம்">
                        <longdesc>&quot;#rrggbb&quot; வடிவத்தில் பணியின் பின்னணி நிறம் இன்றைய இலக்கை குறிப்பதாகும்.</longdesc>
                </local_schema>
                <local_schema locale="C" short_desc="Tasks due today color">
                        <default type="string">
                                <stringvalue>#1e90ff</stringvalue>
                        </default>
                        <longdesc>Background color of tasks that are due today, in &quot;#rrggbb&quot; format.</longdesc>
                </local_schema>
                <local_schema locale="nb" short_desc="Farge for oppgaver som går ut i dag">
                        <longdesc>Farge for oppgaver som går ut i dag i «#rrggbb»-format.</longdesc>
                </local_schema>
                <local_schema locale="pt_BR" short_desc="Cor para tarefas com prazo para hoje">
                        <longdesc>Cor de fundo das tarefas com prazo para hoje, no formato &quot;#rrggbb&quot;.</longdesc>
                </local_schema>
                <local_schema locale="eu" short_desc="Gaurko zereginen kolorea">
                        <longdesc>Gaurko zereginen atzeko planoko kolorea (&quot;#rrggbb&quot; formatuan)</longdesc>
                </local_schema>
                <local_schema locale="pl" short_desc="Kolor zadań na dziś">
                        <longdesc>Kolor tła zadań na dziś, w formacie &quot;#rrggbb&quot;.</longdesc>
                </local_schema>
                <local_schema locale="et" short_desc="Tänase tähtajaga ülesannete värvus">
                        <longdesc>Täna tähtaja ületavate ülesannete värv, &quot;#rrggbb&quot; vorgmingus.</longdesc>
                </local_schema>
                <local_schema locale="es" short_desc="Color para las tareas que vencen hoy">
                        <longdesc>Color de fondo para las tareas que vencen hoy, en formato «#rrggbb».</longdesc>
                </local_schema>
                <local_schema locale="vi" short_desc="Màu của tác vụ hết hạn vào hôm nay">
                        <longdesc>Màu nền của mọi tác vụ hết hạn hôm nay, có dạng « #rrggbb »</longdesc>
                </local_schema>
                <local_schema locale="ru" short_desc="Цвет задач на сегодня">
                        <longdesc>Цвет для задач на сегодня, в формате &quot;#rrggbb&quot;</longdesc>
                </local_schema>
                <local_schema locale="id" short_desc="Warna tugas harus selesai hari ini">
                        <longdesc>Warna latar dari tugas berakhir hari ini, dalam bentuk &quot;#rrggbb&quot;.</longdesc>
                </local_schema>
                <local_schema locale="lv" short_desc="Šodien iz_pildāmo darbu krāsa">
                        <longdesc>Fona krāsa šodienas uzdevumiem &quot;#rrggbb&quot; formātā.</longdesc>
                </local_schema>
                <local_schema locale="ko" short_desc="오늘 마감인 작업의 색">
                        <longdesc>오늘 마감인 작업의 바탕색, &quot;#rrggbb&quot; 형식.</longdesc>
                </local_schema>
                <local_schema locale="lt" short_desc="Užduočių, kurias reikia atlikti iki šiandien, spalva">
                        <longdesc>Užduočių, būtinų atlikti iki šiandienos, fono spalva „#rrggbb“ formatu.</longdesc>
                </local_schema>
                <local_schema locale="ca" short_desc="Color de les tasques que vencen avui">
                        <longdesc>Color de fons de les tasques que vencen avui, en format &quot;#rrggbb&quot;.</longdesc>
                </local_schema>
                <local_schema locale="sv" short_desc="Färg på uppgifter som ska utföras idag">
                        <longdesc>Bakgrundsfärg på uppgifter som ska utföras idag, i &quot;#rrggbb&quot;-format.</longdesc>
                </local_schema>
                <local_schema locale="el" short_desc="Χρώμα εργασιών που λήγουν σήμερα">
                        <longdesc>Χρώμα παρασκηνίου για τις εργασίες που λήγουν σήμερα, σε μορφή &quot;#rrggbb&quot;.</longdesc>
                </local_schema>
                <local_schema locale="fr" short_desc="Couleurs des tâches à effectuer aujourd&apos;hui">
                        <longdesc>Couleur des tâches qui sont à effectuer aujourd&apos;hui, dans le format « #rrggbb ».</longdesc>
                </local_schema>
                <local_schema locale="ro" short_desc="Culoarea pentru sarcinile de astăzi">
                        <longdesc>Culoare de fundal pentru sarcinile de astăzi, în format „#rrggbb”.</longdesc>
                </local_schema>
                <local_schema locale="de" short_desc="Farbe heute fälliger Aufgaben">
                        <longdesc>Hintergrundfarbe für heute fällige Aufgaben im Format »#rrggbb«.</longdesc>
                </local_schema>
                <local_schema locale="sr@Latn" short_desc="Boja zaduženja za danas">
                        <longdesc>Boja pozadine zaduženja za danas, u obliku „#rrggbb“.</longdesc>
                </local_schema>
                <local_schema locale="pa" short_desc="ਅੱਜ ਦੇ ਕੰਮ ਦਾ ਰੰਗ">
                        <longdesc>ਅੱਜ ਦੇ ਕੰਮਾਂ ਲਈ ਪਿੱਠਭੂਮੀ ਰੰਗ, &quot;#rrggbb&quot; ਫਾਰਮੈਟ ਵਿੱਚ।</longdesc>
                </local_schema>
                <local_schema locale="gu" short_desc="આજ સુધીની બાબતો રંગ">
                        <longdesc>આજના દિવસે પૂર્વ કરવાની બાબતોના પાશ્વ ભાગનો રંગ, &quot;#rrggbb&quot; બંધારણમાં છે.</longdesc>
                </local_schema>
                <local_schema locale="sr" short_desc="Боја задужења за данас">
                        <longdesc>Боја позадине задужења за данас, у облику „#rrggbb“.</longdesc>
                </local_schema>
                <local_schema locale="ja" short_desc="今日が期限のタスクの色">
                        <longdesc>今日が期限のタスクの色です (書式は &quot;#rrggbb&quot;)。</longdesc>
                </local_schema>
                <local_schema locale="sq" short_desc="Ngjyra e detyrave që skadojnë sot">
                        <longdesc>Ngjyra e sfondit për detyrat që skadojnë sot, në formatin &quot;#rrggbb&quot;.</longdesc>
                </local_schema>
                <local_schema locale="da" short_desc="Farve for dagens opgaver">
                        <longdesc>Baggrundsfarve for dagens opgaver, i &quot;#rrggbb&quot;-format.</longdesc>
                </local_schema>
                <local_schema locale="zh_TW" short_desc="今天到期工作的色彩">
                        <longdesc>今天到期的工作背景色彩，使用 &quot;#rrggbb&quot; 格式。</longdesc>
                </local_schema>
                <local_schema locale="fi" short_desc="Tänään erääntyvien tehtävien väri">
                        <longdesc>Tänään erääntyvien tehtävien väri, &quot;#rrggbb&quot;-muodossa.</longdesc>
                </local_schema>
                <local_schema locale="hu" short_desc="Mai határidejű feladatok színe">
                        <longdesc>A mai határidejű feladatok színe, &quot;#rrggbb&quot; formátumban.</longdesc>
                </local_schema>
                <local_schema locale="tr" short_desc="Bugün bitmesi gereken işlerin rengi">
                        <longdesc>Bugüne yetişmesi gereken işler için arkaplan rengi, &quot;#rrggbb&quot; biçiminde.</longdesc>
                </local_schema>
                <local_schema locale="sl" short_desc="Barva današnjih opravil">
                        <longdesc>Barva ozadja opravil, ki so na vrsti danes, v obliki &quot;#rrggbb&quot;.</longdesc>
                </local_schema>
                <local_schema locale="en_GB" short_desc="Tasks due today colour">
                        <longdesc>Background colour of tasks that are due today, in &quot;#rrggbb&quot; format.</longdesc>
                </local_schema>
                <local_schema locale="ml" short_desc="ഇന്ന് അവസാനിക്കുന്ന ജോലികള്‍ക്കുളള നിറം">
                        <longdesc>ഇന്ന് ചെയ്യേണ്ട ജോലികളുടെ പശ്ചാത്തല നിറം &quot;#rrggbb&quot; രീതിയിലാണ്.</longdesc>
                </local_schema>
                <local_schema locale="cy" short_desc="Lliw tasgau i fod i ddod i ben heddiw">
                        <longdesc>Lliw cefndir tasgau sydd i fod i ddod i ben heddiw, ar ffurf &quot;#rrggbb&quot;.</longdesc>
                </local_schema>
                <local_schema locale="gl" short_desc="Cor para as tarefas que vencen hoxe">
                        <longdesc>Cor de fondo para as tarefas que vencen hoxe, en formato &quot;#rrggbb&quot;.</longdesc>
                </local_schema>
                <local_schema locale="mk" short_desc="Боја на задачи до денеска">
                        <longdesc>Позадинската боја на задачи кои се до денес, во &quot;#rrggbb&quot; формат.</longdesc>
                </local_schema>
                <local_schema locale="bn_IN" short_desc="আজকের তারিখ করণীয় কর্ম চিহ্নিত করতে ব্যবহৃত রং">
                        <longdesc>আজকের জন্য নির্ধারিত সমস্ত কর্ম চিহ্নিত করতে ব্যবহৃত রং, &quot;#rrggbb&quot; বিন্যাসে উল্লিখিত।</longdesc>
                </local_schema>
                <local_schema locale="nn" short_desc="Farge på oppgåver som vera ferdige i dag">
                        <longdesc>Bakgrunnsfarge på oppgåver som skal vera ferdige i dag, i «#rrggbb»-format.</longdesc>
                </local_schema>
                <local_schema locale="it" short_desc="Colore compiti in scadenza oggi">
                        <longdesc>Colore di sfondo dei compiti in scadenza per oggi, nel formato &quot;#rrggbb&quot;.</longdesc>
                </local_schema>
                <local_schema locale="nl" short_desc="Kleur van taken die vandaag verlopen">
                        <longdesc>Achtergrondkleur voor taken die vandaag gedaan moeten worden, in &quot;rrggbb&quot;-formaat.</longdesc>
                </local_schema>
                <local_schema locale="bn" short_desc="আজকের তারিখ করণীয় কর্ম চিহ্নিত করতে ব্যবহৃত রং">
                        <longdesc>আজকের জন্য নির্ধারিত সমস্ত কর্ম চিহ্নিত করতে ব্যবহৃত রং, &quot;#rrggbb&quot; বিন্যাসে উল্লিখিত।</longdesc>
                </local_schema>
                <local_schema locale="fa" short_desc="رنگ تکلیف‌هایی که موعدشان امروز سر می‌رسد">
                        <longdesc>رنگ پس‌زمینه‌ی تکلیف‌هایی که موعدشان امروز سر می‌رسد، در قالب «#rrggbb».‏</longdesc>
                </local_schema>
                <local_schema locale="dz" short_desc="ད་རིས་རན་པའི་ ལས་ཀའི་ཚོས་གཞི།">
                        <longdesc>ད་རིས་ &quot;#rrggbb&quot; རྩ་སྒྲིག་་ནང་ དུས་ཚོད་རན་མི་ ལས་ཀའི་རྒྱབ་གཞིའི་ཚོས་གཞི།</longdesc>
                </local_schema>
                <local_schema locale="cs" short_desc="Barva úkolů, které mají být splněny dnes">
                        <longdesc>Barva pozadí úkolů, které mají být splněny dnes, ve formátu &quot;#rrggbb&quot;.</longdesc>
                </local_schema>
                <local_schema locale="th" short_desc="สีของงานที่ถึงกำหนดวันนี้">
                        <longdesc>สีพื้นหลังของงานที่มีกำหนดเสร็จวันนี้ ในรูปแบบ &quot;#rrggbb&quot;</longdesc>
                </local_schema>
        </entry>
</gconf>
