<?xml version="1.0" encoding="utf-8"?>
<mime-type xmlns="http://www.freedesktop.org/standards/shared-mime-info" type="message/partial">
<!--Created automatically by update-mime-database. DO NOT EDIT!-->
  <comment>partial email message</comment>
  <comment xml:lang="az">qismi poçt ismarışı</comment>
  <comment xml:lang="be@latin">niapoŭny list email</comment>
  <comment xml:lang="bg">Част от електронно писмо</comment>
  <comment xml:lang="ca">missatge de correu electrònic parcial</comment>
  <comment xml:lang="cs">Částečná e-mailová zpráva</comment>
  <comment xml:lang="cy">darn o neges e-bost</comment>
  <comment xml:lang="da">delvis postmeddelelse</comment>
  <comment xml:lang="de">E-Mail-Nachrichtenfragment</comment>
  <comment xml:lang="el">τμηματικό ηλ. μήνυμα</comment>
  <comment xml:lang="en_GB">partial email message</comment>
  <comment xml:lang="eo">parta retpoŝta mesaĝo</comment>
  <comment xml:lang="es">mensaje de correo electrónico parcial</comment>
  <comment xml:lang="eu">posta mezu partziala</comment>
  <comment xml:lang="fi">osittainen sähköpostiviesti</comment>
  <comment xml:lang="fr">message partiel de courriel</comment>
  <comment xml:lang="ga">teachtaireacht ríomhphoist neamhiomlán</comment>
  <comment xml:lang="hu">részleges elektronikus levél</comment>
  <comment xml:lang="id">pesan email sebagian</comment>
  <comment xml:lang="it">Messaggio email parziale</comment>
  <comment xml:lang="ja">部分メールメッセージ</comment>
  <comment xml:lang="ko">부분적인 이메일 메세지</comment>
  <comment xml:lang="lt">nepilnas el. laiškas</comment>
  <comment xml:lang="ms">Bahagian mesej emel</comment>
  <comment xml:lang="nb">del av e-postmelding</comment>
  <comment xml:lang="nl">gedeeltelijk e-mailbericht</comment>
  <comment xml:lang="nn">del av e-post-melding</comment>
  <comment xml:lang="pl">częściowa wiadomość e-mail</comment>
  <comment xml:lang="pt">mensagem parcial de e-mail</comment>
  <comment xml:lang="pt_BR">mensagem de e-mail parcial</comment>
  <comment xml:lang="sq">mesazh i pjesëshëm poste</comment>
  <comment xml:lang="sr">делимична е-порука</comment>
  <comment xml:lang="sv">del av e-postmeddelande</comment>
  <comment xml:lang="uk">часткове поштове повідомлення</comment>
  <comment xml:lang="vi">thư điện tử riêng phần</comment>
  <comment xml:lang="zh_CN">部分电子邮件</comment>
  <generic-icon name="text-x-generic"/>
  <sub-class-of type="text/plain"/>
</mime-type>
