<?xml version="1.0"?>
<gconf>
        <entry name="exec_arg" mtime="1157589597" type="schema" stype="string" owner="gnome">
                <local_schema locale="pt" short_desc="Argumentos Exec">
                        <longdesc>Argumento utilizado para executar aplicações na consola definida pela tecla &apos;exec&apos;.</longdesc>
                </local_schema>
                <local_schema locale="hi" short_desc="ईएक्सईसी आर्गुमेंट्स">
                        <longdesc>&apos;exec&apos; कुंजी के द्वारा परिभाषित टर्मिनल में प्रोग्राम निष्पादन के लिये तर्क.</longdesc>
                </local_schema>
                <local_schema locale="zh_HK" short_desc="執行指令的參數">
                        <longdesc>執行‘exec’設定鍵所指定的終端機時，需要哪些參數來執行其它程式。</longdesc>
                </local_schema>
                <local_schema locale="uk" short_desc="Аргументи параметра exec">
                        <longdesc>Аргумент, що буде передано програмі в терміналі через параметр &quot;exec&quot;.</longdesc>
                </local_schema>
                <local_schema locale="ne" short_desc="कार्यान्वित तर्कहरू ">
                        <longdesc>&apos;कार्यान्वित कुञ्जी परिभाषित गरेको टर्मिनलमा कार्यक्रम कार्यान्वयन गर्न प्रयोग गरिएको तर्क</longdesc>
                </local_schema>
                <local_schema locale="en_CA" short_desc="Exec Arguments">
                        <longdesc>Argument used to execute programs in the terminal defined by the &apos;exec&apos; key.</longdesc>
                </local_schema>
                <local_schema locale="bg" short_desc="Аргументи на exec">
                        <longdesc>Аргумент, с който се изпълнява командата в терминала, дефиниран чрез ключа „exec“.</longdesc>
                </local_schema>
                <local_schema locale="he" short_desc="Exec Arguments">
                        <longdesc>Argument used to execute programs in the terminal defined by the &apos;exec&apos; key.</longdesc>
                </local_schema>
                <local_schema locale="zh_CN" short_desc="执行参数">
                        <longdesc>在“执行”键定义的终端里执行程序的参数。</longdesc>
                </local_schema>
                <local_schema locale="be" short_desc="Аргумэнты пуску">
                        <longdesc>Аргумэнт, які выкарыстоўваецца ў часе загрузкі праграмаў у тэрмінале па ключу &quot;exec&quot;.</longdesc>
                </local_schema>
                <local_schema locale="ta" short_desc="செயற்பாடு மாறிகள்">
                        <longdesc>&apos;exec&apos; விசையால் குறிப்பிடப்பட்ட முனையத்தில் இயங்கும் நிரல்களின் அளவுரு</longdesc>
                </local_schema>
                <local_schema locale="nb" short_desc="Kjøringsflagg">
                        <longdesc>Argument som brukes til å kjøre programmer definert av «exec»-nøkkelen i terminalen.</longdesc>
                </local_schema>
                <local_schema locale="C" short_desc="Exec Arguments">
                        <default type="string">
                                <stringvalue>-x</stringvalue>
                        </default>
                        <longdesc>Argument used to execute programs in the terminal defined
	by the &apos;exec&apos; key.</longdesc>
                </local_schema>
                <local_schema locale="pt_BR" short_desc="Argumentos de Execução">
                        <longdesc>Argumento usado para executar programas no terminal definido pela chave &apos;exec&apos;.</longdesc>
                </local_schema>
                <local_schema locale="eu" short_desc="Exekutatzeko argumentuak">
                        <longdesc>&apos;exec&apos; teklak definitutako terminalean programak exekurtatzeko erabilitako argumentua.</longdesc>
                </local_schema>
                <local_schema locale="pl" short_desc="Argumenty wywołania">
                        <longdesc>Argument wykorzystywany do uruchamiania programów w terminalu zdefiniowanym przez klucz &quot;exec&quot;.</longdesc>
                </local_schema>
                <local_schema locale="et" short_desc="Käivitamise argumendid">
                        <longdesc>Argumendid terminalis töötavatele programmidele, kirjeldatakse &apos;exec&apos; võtmega.</longdesc>
                </local_schema>
                <local_schema locale="es" short_desc="Argumentos de Exec">
                        <longdesc>Argumento utilizado para ejecutar programas en el terminal definida por la clave «exec».</longdesc>
                </local_schema>
                <local_schema locale="vi" short_desc="Đối số Exec">
                        <longdesc>Đối số được dùng để thực hiện chương trình trong thiết bị cuối được định nghĩa bởi khóa « exec » (thực hiện).</longdesc>
                </local_schema>
                <local_schema locale="ru" short_desc="Аргументы ключа &quot;exec&quot;">
                        <longdesc>Аргумент, используемый при загрузке программ в терминале по ключу &quot;exec&quot;</longdesc>
                </local_schema>
                <local_schema locale="lv" short_desc="Exec Argumenti">
                        <longdesc>Lietotie argumenti, izpildot programmas terminālī, definētā ar &apos;exec&apos; atslēgu.</longdesc>
                </local_schema>
                <local_schema locale="id" short_desc="Perintah Exec">
                        <longdesc>Perintah yang digunakan untuk menjalankan program dalam terminal bisa diset pada key &apos;exec&apos;</longdesc>
                </local_schema>
                <local_schema locale="ko" short_desc="실행 인자">
                        <longdesc>&apos;exec&apos; 키로 정의된 터미널에서 실행되는 프로그램에 대한 인자.</longdesc>
                </local_schema>
                <local_schema locale="lt" short_desc="Paleidimo parametrai">
                        <longdesc>Argumentas, naudojamas paleisti programas terminale, nurodytame „exec“ raktu.</longdesc>
                </local_schema>
                <local_schema locale="az" short_desc="Exec Arqumentləri">
                        <longdesc>Terminalda proqramları icra etmək üçün &apos;exec&apos; açarı tərəfindən tə&apos;yin edilən arqument.</longdesc>
                </local_schema>
                <local_schema locale="ca" short_desc="Arguments d&apos;execució">
                        <longdesc>L&apos;argument utilitzat per a executar programes al terminal definit per la clau «exec».</longdesc>
                </local_schema>
                <local_schema locale="sv" short_desc="Exec-argument">
                        <longdesc>Argument som används för att köra program i terminalen som anges av &quot;exec&quot;-nyckeln.</longdesc>
                </local_schema>
                <local_schema locale="el" short_desc="Ορίσματα Εκτέλεσης">
                        <longdesc>Όρισμα που χρησιμοποείται για την εκτέλεση προγραμμάτων σε τερματικό που καθορίζονται από το &apos;exec&apos; key.</longdesc>
                </local_schema>
                <local_schema locale="fr" short_desc="Paramètres d&apos;exécution">
                        <longdesc>Argument utilisé pour exécuter des programmes dans le terminal défini par la clé « exec ».</longdesc>
                </local_schema>
                <local_schema locale="sr@ije" short_desc="Аргументи извршења">
                        <longdesc>Аргумент са којим се извршавају програми у терминалу дефинисаном помоћу „exec“ кључа.</longdesc>
                </local_schema>
                <local_schema locale="ro" short_desc="Parametri „exec”">
                        <longdesc>Parametru utilizat pentru lansarea în execuţie într-un terminal a programelor specificate în parametrul „exec”</longdesc>
                </local_schema>
                <local_schema locale="de" short_desc="Ausführungsargumente">
                        <longdesc>Das zum Ausführen von Programmen im Terminal verwendete, vom Schlüssel »exec« festgelegte Argument.</longdesc>
                </local_schema>
                <local_schema locale="sr@Latn" short_desc="Argumenti izvršenja">
                        <longdesc>Argument sa kojim se izvršavaju programi u terminalu definisanom pomoću „exec“ ključa.</longdesc>
                </local_schema>
                <local_schema locale="pa" short_desc="Exec ਆਰਗੂਮਿੰਟ">
                        <longdesc>ਟਰਮੀਨਲ ਵਿੱਚ ਚੱਲਣ ਵਾਲੇ ਕਾਰਜ ਨੂੰ ਆਰਗੂਮਿੰਟ &apos;exec&apos; ਕੀ ਨਾਲ ਪ੍ਰਭਾਸ਼ਿਤ ਕੀਤਾ ਜਾਂਦਾ ਹੈ</longdesc>
                </local_schema>
                <local_schema locale="gu" short_desc="ચલાવવાની દલીલો">
                        <longdesc>&apos;exec&apos; કી દ્વારા વ્યાખ્યાયિત ટર્મિનલમાં કાર્યક્રમ ચલાવવા માટે ઉપયોગમાં લેવાતી દલીલ.</longdesc>
                </local_schema>
                <local_schema locale="sr" short_desc="Аргументи извршења">
                        <longdesc>Аргумент са којим се извршавају програми у терминалу дефинисаном помоћу „exec“ кључа.</longdesc>
                </local_schema>
                <local_schema locale="ms" short_desc="Hujah Exec">
                        <longdesc>Hujah digunakan untuk melaksanakan program pada terminal ditakrifkan dengan kekunci &apos;exec&apos;</longdesc>
                </local_schema>
                <local_schema locale="ja" short_desc="実行時の引数">
                        <longdesc>&apos;exec&apos; キーで定義された、端末でプログラムを実行するために利用する引数です。</longdesc>
                </local_schema>
                <local_schema locale="sq" short_desc="Argumente exec">
                        <longdesc>Argumenti i përdorur për të ndjekur programe në terminal i përcaktuar nga çelsi &apos;exec&apos;.</longdesc>
                </local_schema>
                <local_schema locale="da" short_desc="Kørselsparametre">
                        <longdesc>Parameter der benyttes til at køre programmer i terminalen defineret af &apos;exec&apos;-nøglen.</longdesc>
                </local_schema>
                <local_schema locale="xh" short_desc="Iziphumezi-miyalelo ze-exec">
                        <longdesc>Isiphumezi-miyalelo esisetyenzisiweyo ekuqaliseni iinkqubo kwitheminali echazwe liqhosha &apos;exec&apos;.</longdesc>
                </local_schema>
                <local_schema locale="ar" short_desc="عوامل Exec">
                        <longdesc>العامل المستعمل لتشغيل البرامج ·المعرفة·بمفتاح &apos;exec&apos; في الشاشة الطرفية.</longdesc>
                </local_schema>
                <local_schema locale="zh_TW" short_desc="執行指令的參數">
                        <longdesc>執行‘exec’設定鍵所指定的終端機時，需要哪些參數來執行其它程式。</longdesc>
                </local_schema>
                <local_schema locale="mn" short_desc="Үйлдлийн Аргументууд">
                        <longdesc>Терминал дотор программ ажиллуулахад хэрэглэдэг »exec«-түлхүүрээр тодорхойлогдсон аргумент</longdesc>
                </local_schema>
                <local_schema locale="fi" short_desc="Suoritusparametrit">
                        <longdesc>Parametri, jonka avulla &quot;exec&quot;-avaimessa annettu pääte saadaan suorittamaan jokin ohjelma.</longdesc>
                </local_schema>
                <local_schema locale="hu" short_desc="Végrehajtási argumentumok">
                        <longdesc>Az &quot;exec&quot; kulcsban megadott terminálban a programok végrehajtására használt paraméter.</longdesc>
                </local_schema>
                <local_schema locale="tr" short_desc="Çalıştırma Argümanları">
                        <longdesc>Programları uçbirimde çalıştırmak için kullanılan, &apos;exec&apos; anahtarıyla belirlenmiş bağımsız değişken.</longdesc>
                </local_schema>
                <local_schema locale="sl" short_desc="Argumenti za exec">
                        <longdesc>Argument, ki naj se uporabi za izvedbo programov v terminalu, definiran kot ključ &apos;exec&apos;.</longdesc>
                </local_schema>
                <local_schema locale="ka" short_desc="&apos;Exec&apos; არგუმენტები">
                        <longdesc>არგუმენტი, რომელსაც პროგრამების ტერმინალში შესრულებისთვის &apos;exec&apos; კლავიში იყენებს.</longdesc>
                </local_schema>
                <local_schema locale="en_GB" short_desc="Exec Arguments">
                        <longdesc>Argument used to execute programs in the terminal defined by the &apos;exec&apos; key.</longdesc>
                </local_schema>
                <local_schema locale="sk" short_desc="Parametre spustenia">
                        <longdesc>Parametre použité na spustenie programov v termináli definované kľúčom &apos;exec&apos;.</longdesc>
                </local_schema>
                <local_schema locale="ml" short_desc="Exec ആര്‍ഗ്യുമെന്‍റുകള്‍">
                </local_schema>
                <local_schema locale="mk" short_desc="Аргументи за извршување">
                        <longdesc>Аргумент кој се користи за подигање на програмата во терминал, дефиниран од exec </longdesc>
                </local_schema>
                <local_schema locale="cy" short_desc="Ymresymiadau Exec">
                        <longdesc>Ymresymiad a ddefnyddir er mwyn rhedeg rhaglenni yn y derfynell fe ddiffiniwyd gan yr allwedd &apos;exec&apos;.</longdesc>
                </local_schema>
                <local_schema locale="gl" short_desc="Argumentos de exec">
                        <longdesc>Argumento utilizado para executar programas na terminal definida pola clave &apos;exec&apos;.</longdesc>
                </local_schema>
                <local_schema locale="hr" short_desc="Izvršni argumenti">
                        <longdesc>Argument koji se koristi za izvršavanje programa u terminalu određenom pomoću &apos;exec&apos; tipke.</longdesc>
                </local_schema>
                <local_schema locale="bs" short_desc="Exec argumenti">
                        <longdesc>Argument koji se koristi za pokretanje programa u terminalu definiran u &apos;exec&apos; ključu.</longdesc>
                </local_schema>
                <local_schema locale="bn_IN" short_desc="Exec&apos;র আর্গুমেন্ট">
                        <longdesc>টার্মিনাল &apos;exec&apos; কি দ্বারা চিহ্নিত প্রোগ্রাম সঞ্চালনের জন্য ব্যবহৃত আর্গুমেন্ট।</longdesc>
                </local_schema>
                <local_schema locale="nn" short_desc="Køyringsflagg">
                        <longdesc>Argument som vert brukt til å køyra program i terminalen definert av «exec»-nøkkelen.</longdesc>
                </local_schema>
                <local_schema locale="it" short_desc="Argomenti Exec">
                        <longdesc>Argomento usato per eseguire programmi nel terminale definito dalla chiave &quot;exec&quot;.</longdesc>
                </local_schema>
                <local_schema locale="or" short_desc="ନିଷ୍ପାଦନ ସ୍ବତନ୍ତ୍ରଚର">
                        <longdesc>&apos;exec&apos; ଚାବି ଦ୍ବାରା ଉଲ୍ଲେଖିତ ଟର୍ମିନାଲରେ କାରିକା ନିଷ୍ପାଦନ ପାଇଁ ବ୍ଯବହୃତ ସ୍ବତନ୍ତ୍ରଚର</longdesc>
                </local_schema>
                <local_schema locale="nl" short_desc="Exec-argumenten">
                        <longdesc>Argument voor het uitvoeren van programma&apos;s in het terminalvenster gedefinieerd door de &apos;exec&apos;-sleutel.</longdesc>
                </local_schema>
                <local_schema locale="bn" short_desc="চালু করার আর্গুমেন্ট">
                        <longdesc>&apos;exec&apos; দ্বারা সঙ্গায়িত আর্গুমেন্টটি  টার্মিনালে চালু করতে ব্যবহৃত</longdesc>
                </local_schema>
                <local_schema locale="fa" short_desc="آرگومان‌های Exec">
                        <longdesc>آرگومان استفاده شده برای اجرای برنامه‌ها در پایانه تعریف شده با کلید «exec».</longdesc>
                </local_schema>
                <local_schema locale="is" short_desc="Ræsiviðföng">
                        <longdesc>Viðföng notuð til þess að ræsa forrit í skel skilgreind með &apos;exec&apos; lykli.</longdesc>
                </local_schema>
                <local_schema locale="cs" short_desc="Argumenty exec">
                        <longdesc>Argument používaný pro spuštění programů v terminálu definovaném v klíči &apos;exec&apos;.</longdesc>
                </local_schema>
                <local_schema locale="th" short_desc="อาร์กิวเมนต์คำสั่ง">
                        <longdesc>อากิวเมนต์สำหรับเรียกใช้โปรแกรมในเทอร์มินัลตามคีย์ &apos;exec&apos;</longdesc>
                </local_schema>
        </entry>
        <entry name="exec" mtime="1157589597" type="schema" stype="string" owner="gnome">
                <local_schema locale="pt" short_desc="Aplicação de consola">
                        <longdesc>Aplicação de consola a utilizar ao iniciar aplicações que requeiram uma</longdesc>
                </local_schema>
                <local_schema locale="hi" short_desc="टर्मिनल अनुप्रयोग">
                        <longdesc>टर्मिनल प्रोग्राम जिसे प्रयुक्त करना है जब ऐसे अनुप्रयोग प्रारंभ किए जाएँ जिनके लिए टर्मिनल प्रोग्राम आवश्यक होता है</longdesc>
                </local_schema>
                <local_schema locale="zh_HK" short_desc="終端機程式">
                        <longdesc>當啟動的程式需要終端機時，使用哪個終端機程式</longdesc>
                </local_schema>
                <local_schema locale="uk" short_desc="Термінальна програма">
                        <longdesc>Термінал, що використовуватиметься коли він потрібен додатку</longdesc>
                </local_schema>
                <local_schema locale="ga" short_desc="Feidhmchláir Terminéal">
                        <longdesc>Feidhmchláir Terminéal chun úsáid le haighaidh cláir a rith í</longdesc>
                </local_schema>
                <local_schema locale="ne" short_desc="टर्मिनल अनुप्रयोग">
                        <longdesc>टर्मिनल शुरु गर्ने क्रममा आवश्यक पर्ने एउटा टर्मिनल कार्यक्रम</longdesc>
                </local_schema>
                <local_schema locale="en_CA" short_desc="Terminal application">
                        <longdesc>Terminal program to use when starting applications that require one</longdesc>
                </local_schema>
                <local_schema locale="bg" short_desc="Терминална програма">
                        <longdesc>Коя терминална програма да използват се ползва от програмите</longdesc>
                </local_schema>
                <local_schema locale="he" short_desc="Terminal application">
                        <longdesc>Terminal program to use when starting applications that require one</longdesc>
                </local_schema>
                <local_schema locale="zh_CN" short_desc="终端应用程序">
                        <longdesc>当启动需要终端的程序时使用的终端程序</longdesc>
                </local_schema>
                <local_schema locale="be" short_desc="Дастасаваньне тэрміналу">
                        <longdesc>Праграма тэрміналу для выкарыстаньня дастасаваньнем, калі тое яго патрабуе</longdesc>
                </local_schema>
                <local_schema locale="ta" short_desc="முனைய செயல்பாடு">
                        <longdesc>தேவைப்படும் போது பயன்பாட்டை துவக்க முனையத்தை பயன்படுத்து</longdesc>
                </local_schema>
                <local_schema locale="nb" short_desc="Terminal-applikasjon">
                        <longdesc>Terminalprogram som skal brukes ved oppstart av programmer som krever det</longdesc>
                </local_schema>
                <local_schema locale="C" short_desc="Terminal application">
                        <default type="string">
                                <stringvalue>gnome-terminal</stringvalue>
                        </default>
                        <longdesc>Terminal program to use when starting applications that require one</longdesc>
                </local_schema>
                <local_schema locale="pt_BR" short_desc="Aplicação de terminal">
                        <longdesc>Programa de terminal a ser usado ao iniciar aplicações que precisam de um</longdesc>
                </local_schema>
                <local_schema locale="eu" short_desc="Terminalaren aplikazioak">
                        <longdesc>Terminal bat behar duten aplikazioak abiaraztean erabili beharreko terminal- programa</longdesc>
                </local_schema>
                <local_schema locale="pl" short_desc="Aplikacja terminala">
                        <longdesc>Program terminala wykorzystywany przy uruchamianiu aplikacji wymagających terminala</longdesc>
                </local_schema>
                <local_schema locale="et" short_desc="Terminalirakendus">
                        <longdesc>Terminaliprogramm, mida kasutada terminali vajavate rakenduste käivitamiseks</longdesc>
                </local_schema>
                <local_schema locale="es" short_desc="Aplicación de terminal">
                        <longdesc>Programa de terminal que se usará cuando se inicien aplicaciones que necesiten uno</longdesc>
                </local_schema>
                <local_schema locale="vi" short_desc="Ứng dụng thiết bị cuối">
                        <longdesc>Chương trình thiết bị cuối cần dùng để khởi chạy ứng dụng có yêu cầu.</longdesc>
                </local_schema>
                <local_schema locale="ru" short_desc="Терминал">
                        <longdesc>Терминал, который используется для запуска нуждающихся в нём программ</longdesc>
                </local_schema>
                <local_schema locale="lv" short_desc="Termināļa aplikācija">
                        <longdesc>Termināļa programma, kuru lietot, kad sāknēju palikācijas, kam tāda nepieciešama</longdesc>
                </local_schema>
                <local_schema locale="id" short_desc="Aplikasi terminal">
                        <longdesc>Program terminal yang digunakan untuk menjalankan aplikasi</longdesc>
                </local_schema>
                <local_schema locale="ko" short_desc="터미널 응용프로그램">
                        <longdesc>터미널을 필요로 하는 프로그램을 실행하기 위해 사용될 터미널 프로그램</longdesc>
                </local_schema>
                <local_schema locale="lt" short_desc="Terminalo programa">
                        <longdesc>Naudojama terminalo programa, jei paleidžiamai programai jos reikia</longdesc>
                </local_schema>
                <local_schema locale="az" short_desc="Terminal proqramı">
                        <longdesc>Terminala ehtiyacı olan proqramlar icra edilərkən işlədiləcək terminal proqramı</longdesc>
                </local_schema>
                <local_schema locale="ca" short_desc="Aplicació de terminal">
                        <longdesc>El programa de terminal utilitzat quan s&apos;inicien aplicacions que necessiten </longdesc>
                </local_schema>
                <local_schema locale="sv" short_desc="Terminalprogram">
                        <longdesc>Terminalprogram att använda vid start av program som kräver ett</longdesc>
                </local_schema>
                <local_schema locale="el" short_desc="Εφαρμογή τερματικού">
                        <longdesc>Πρόγραμμα τερματικού που χρησιμοποιείται κατά την εκκίνηση εφαρμογών που το απαιτούν</longdesc>
                </local_schema>
                <local_schema locale="fr" short_desc="Application de terminal">
                        <longdesc>Le programme de terminal à utiliser lorsque des applications en nécessite un</longdesc>
                </local_schema>
                <local_schema locale="sr@ije" short_desc="Терминалски програм">
                        <longdesc>Терминалски програм који се користи за покретање програма којима је исти потребан</longdesc>
                </local_schema>
                <local_schema locale="ro" short_desc="Aplicaţie terminal">
                        <longdesc>Terminal pentru pornirea aplicaţiilor ce necesită un terminal</longdesc>
                </local_schema>
                <local_schema locale="de" short_desc="Terminal-Anwendung">
                        <longdesc>Beim Starten von Anwendungen, die ein Terminal benötigen, zu verwendende Terminal-Anwendung</longdesc>
                </local_schema>
                <local_schema locale="sr@Latn" short_desc="Terminalski program">
                        <longdesc>Terminalski program koji se koristi za pokretanje programa kojima je isti potreban</longdesc>
                </local_schema>
                <local_schema locale="pa" short_desc="ਟਰਮੀਨਲ ਕਾਰਜ">
                        <longdesc>ਵਰਤਣ ਲਈ ਟਰਮੀਨਲ ਕਾਰਜ, ਜਦੋਂ ਕਿ ਸ਼ੁਰੂਆਤੀ ਕਾਰਜ ਨੂੰ ਇਹ ਲੋਡ਼ੀਦਾ ਹੋਵੇ</longdesc>
                </local_schema>
                <local_schema locale="gu" short_desc="ટર્મીનલ કાર્યક્રમ">
                        <longdesc>જ્યારે કાર્યક્રમ શરુ કરતા હોઇએ ત્યારે જેને જરુરી હોય તેના માટે ઉપયોગમાં લેવાતો ટર્મિનલ કાર્યક્રમ</longdesc>
                </local_schema>
                <local_schema locale="sr" short_desc="Терминалски програм">
                        <longdesc>Терминалски програм који се користи за покретање програма којима је исти потребан</longdesc>
                </local_schema>
                <local_schema locale="ms" short_desc="Aplikasi terminal">
                        <longdesc>Program terminal untuk digunakan bila memulakan aplikasi yang memerlukannya</longdesc>
                </local_schema>
                <local_schema locale="ja" short_desc="端末アプリケーション">
                        <longdesc>端末から起動する必要のあるアプリケーションで利用する端末プログラムです。</longdesc>
                </local_schema>
                <local_schema locale="sq" short_desc="Aplikimi i terminalit">
                        <longdesc>Programi i terminalit që duhet përdorur kur ndonjë program gjatë nisjes bën kërkesë</longdesc>
                </local_schema>
                <local_schema locale="da" short_desc="Terminalprogram">
                        <longdesc>Terminalprogram der benyttes ved start af programmer der kræver en</longdesc>
                </local_schema>
                <local_schema locale="xh" short_desc="Ukusetyenziswa kwetheminali">
                        <longdesc>Inkqubo yetheminali ekufuneka isetyenzisiwe xa kuqaliswa iinkqubo eziyifunayo</longdesc>
                </local_schema>
                <local_schema locale="ar" short_desc="تطبيق الشاشة الطرفية">
                        <longdesc>برنامج الشاشة الطرفية للاستعمال عند تشغيل تطبيقات تحتاجه</longdesc>
                </local_schema>
                <local_schema locale="zh_TW" short_desc="終端機程式">
                        <longdesc>當啟動的程式需要終端機時，使用哪個終端機程式</longdesc>
                </local_schema>
                <local_schema locale="wa" short_desc="Programe di terminå">
                        <longdesc>Programe di terminå a-z eployî po-z enonder des programes k&apos; end ont mezåjhe</longdesc>
                </local_schema>
                <local_schema locale="tt" short_desc="Terminal yazılımı">
                </local_schema>
                <local_schema locale="mn" short_desc="Терминал-программ">
                        <longdesc>Хэрэглээний программууд анх эхлэхдээ хэрэгцээтэй үедээ шаардах терминал-программ</longdesc>
                </local_schema>
                <local_schema locale="fi" short_desc="Päätesovellus">
                        <longdesc>Pääteohjelma päätettä tarvitseville sovelluksille</longdesc>
                </local_schema>
                <local_schema locale="hu" short_desc="Terminál alkalmazás">
                        <longdesc>Terminált igénylő alkalmazások indításakor használandó terminál</longdesc>
                </local_schema>
                <local_schema locale="tr" short_desc="Uçbirim uygulaması">
                        <longdesc>İhtiyaç duyan uygulamalar başlatılırken kullanılacak uçbirim programı</longdesc>
                </local_schema>
                <local_schema locale="sl" short_desc="Program terminala">
                        <longdesc>Terminalski program, ki naj se požene, kadar ga drugi programi rabijo</longdesc>
                </local_schema>
                <local_schema locale="ka" short_desc="ტერმინალის პროგრამა">
                        <longdesc>ტერმინალის პროგრამა პროგრამების დასაწყებად</longdesc>
                </local_schema>
                <local_schema locale="en_GB" short_desc="Terminal application">
                        <longdesc>Terminal program to use when starting applications that require one</longdesc>
                </local_schema>
                <local_schema locale="sk" short_desc="Terminálová aplikácia">
                        <longdesc>Terminálový program, ktorý použiť, ak štartujúca aplikácia vyžaduje terminál</longdesc>
                </local_schema>
                <local_schema locale="ml" short_desc="ടെര്‍മിനല്‍ പ്രയോഗം">
                        <longdesc>ടെര്‍മിനല്‍ പ്രോഗ്രാം ആവശ്യമുളള പ്രയോഗങ്ങള്‍ ആരംഭിക്കുന്പോള്‍ ഉപയോഗിക്കുന്നതിനായി</longdesc>
                </local_schema>
                <local_schema locale="mk" short_desc="Апликација за во терминал">
                        <longdesc>Терминал кој се користи при подигање на апликација која бара терминал</longdesc>
                </local_schema>
                <local_schema locale="cy" short_desc="Rhaglen terfynell">
                        <longdesc>Y rhaglen terfynell i&apos;w ddefnyddio wrth gychwyn rhaglenni sydd angen un</longdesc>
                </local_schema>
                <local_schema locale="gl" short_desc="Aplicación de terminal">
                        <longdesc>Programa de terminal que se usará cando se inicien aplicacións que necesiten un</longdesc>
                </local_schema>
                <local_schema locale="hr" short_desc="Terminalni programi">
                        <longdesc>Terminalni program koji se koristi kod pokretanja programa koji zahtijevaju jedan</longdesc>
                </local_schema>
                <local_schema locale="bs" short_desc="Aplikacija terminala">
                        <longdesc>Program terminala koji se koristi pri pokretanja aplikacija koje to zahtijevaju</longdesc>
                </local_schema>
                <local_schema locale="bn_IN" short_desc="টার্মিনাল অ্যাপ্লিকেশন">
                        <longdesc>আবশ্যকরূপে টার্মিনাল সহযোগে ব্যবহারের জন্য চিহ্নিত অ্যাপ্লিকেশন আরম্ভ করার সময় ব্যবহৃত টার্মিনাল প্রোগ্রাম</longdesc>
                </local_schema>
                <local_schema locale="nn" short_desc="Terminalprogram">
                        <longdesc>Terminalprogram som skal brukast til å køyra program som treng ein</longdesc>
                </local_schema>
                <local_schema locale="it" short_desc="Applicazione di terminale">
                        <longdesc>Programma di terminale da usare quando una applicazione in avvio ne richiede uno</longdesc>
                </local_schema>
                <local_schema locale="or" short_desc="ଟର୍ମିନାଲ ପ୍ରୟୋଗ">
                        <longdesc>ଯେଉଁ ପ୍ରୟୋଗ ପାଇଁ ଟର୍ମିନାଲ ଆବଶ୍ଯକ, ତାହା ପାଇଁ ବ୍ଯବହୃତ ଟର୍ମିନାଲ କାରିକା</longdesc>
                </local_schema>
                <local_schema locale="nl" short_desc="Terminaltoepassing">
                        <longdesc>Terminalprogramma voor het starten van toepassingen die er één vereisen</longdesc>
                </local_schema>
                <local_schema locale="bn" short_desc="টার্মিনাল এপ্লিকেশন">
                        <longdesc>যে সকল এপ্লিকেশন চালু করতে টার্মিনাল প্রয়োজন তাদের জন্য যে টার্মিনালটি ব্যবহৃত হবে</longdesc>
                </local_schema>
                <local_schema locale="fa" short_desc="برنامه‌ی پایانه">
                        <longdesc>برنامه‌ی پایانه‌ای که هنگام شروع برنامه‌هایی که به آن نیاز دارند استفاده شود</longdesc>
                </local_schema>
                <local_schema locale="is" short_desc="Skeljarforrit">
                        <longdesc>Skeljarforrit sem nota á við ræsingu forrita sem hafa þörf á slíku</longdesc>
                </local_schema>
                <local_schema locale="cs" short_desc="Aplikace terminálu">
                        <longdesc>Terminálový program, který použít pro start aplikací, který jej vyžadují</longdesc>
                </local_schema>
                <local_schema locale="th" short_desc="โปรแกรมเทอร์มินัล">
                        <longdesc>โปรแกรมเทอร์มินัลสำหรับโปรแกรมที่ต้องใช้เทอร์มินัล</longdesc>
                </local_schema>
        </entry>
</gconf>
