<?xml version="1.0"?>
<gconf>
        <entry name="logfile" mtime="1212488842" type="schema" stype="string" owner="evolution-mail">
                <local_schema locale="pt" short_desc="Ficheiro de registo onde registar as acções do filtro">
                        <longdesc>Ficheiro de registo onde registar as acções do filtro.</longdesc>
                </local_schema>
                <local_schema locale="hi" short_desc="लाग निस्पंदन क्रिया  के लिए लाग फाइल">
                        <longdesc>लाग निस्पंदन क्रिया  के लिए लाग फाइल.</longdesc>
                </local_schema>
                <local_schema locale="zh_HK" short_desc="用於記錄過濾器動作的記錄檔案">
                        <longdesc>用於記錄過濾器動作的記錄檔案。</longdesc>
                </local_schema>
                <local_schema locale="uk" short_desc="Журнальний файл для реєстрації дій фільтра">
                        <longdesc>Журнальний файл для реєстрації дій фільтра.</longdesc>
                </local_schema>
                <local_schema locale="te" short_desc="లాగ్ వడపోత చర్యలకు లాగ్‌దస్త్రం">
                        <longdesc>లాగ్ వడపోత చర్యలకు లాగ్‌దస్త్రం.</longdesc>
                </local_schema>
                <local_schema locale="ne" short_desc="लग फिल्टर कार्हरूमा लग फाइल">
                        <longdesc>लग फिल्टर कार्यहरूमा लग फाइल ।</longdesc>
                </local_schema>
                <local_schema locale="en_CA" short_desc="Logfile to log filter actions">
                        <longdesc>Logfile to log filter actions.</longdesc>
                </local_schema>
                <local_schema locale="bg" short_desc="Файл за записване дейността на филтрите">
                        <longdesc>Файл за записване дейността на филтрите.</longdesc>
                </local_schema>
                <local_schema locale="he" short_desc="Logfile to log filter actions">
                        <longdesc>Logfile to log filter actions.</longdesc>
                </local_schema>
                <local_schema locale="zh_CN" short_desc="记录过滤动作的日志文件">
                        <longdesc>记录过滤动作的日志文件。</longdesc>
                </local_schema>
                <local_schema locale="be" short_desc="Файл часопісу дзеяньняў фільтра">
                        <longdesc>Файл часопісу дзеяньняў фільтра.</longdesc>
                </local_schema>
                <local_schema locale="ta" short_desc="பதிப்புகளை வடிகட்டும் பதிப்பி கோப்பி">
                        <longdesc>செயல்களை வடிகட்டும் பதிப்பு கோப்பு</longdesc>
                </local_schema>
                <local_schema locale="nb" short_desc="Loggfil med filterhandlinger">
                        <longdesc>Loggfil med filterhandlinger.</longdesc>
                </local_schema>
                <local_schema locale="C" short_desc="Logfile to log filter actions">
                        <default type="string">
                                <stringvalue></stringvalue>
                        </default>
                        <longdesc>
          Logfile to log filter actions.
         </longdesc>
                </local_schema>
                <local_schema locale="pt_BR" short_desc="Arquivo de registro onde registrar ações dos filtros">
                        <longdesc>Arquivo de registro onde registrar ações dos filtros.</longdesc>
                </local_schema>
                <local_schema locale="eu" short_desc="Iragazki-ekintzak erregistratzeko egunkari-fitxategia">
                        <longdesc>Iragazki-ekintzak erregistratzeko egunkari-fitxategia.</longdesc>
                </local_schema>
                <local_schema locale="pl" short_desc="Plik dziennika do zapisu akcji filtra">
                        <longdesc>Plik dziennika do zapisu akcji filtra.</longdesc>
                </local_schema>
                <local_schema locale="et" short_desc="Filtrite tegevuse logimise logifail">
                        <longdesc>Filtrite tegevuse logimise logifail.</longdesc>
                </local_schema>
                <local_schema locale="es" short_desc="Archivo de registro para registrar las acciones de filtrado">
                        <longdesc>Archivo de registro para registrar las acciones de filtrado.</longdesc>
                </local_schema>
                <local_schema locale="vi" short_desc="Tập tin bản ghi nơi cần ghi lưu các hành động lọc.">
                        <longdesc>Tập tin bản ghi nơi cần ghi lưu các hành động lọc.</longdesc>
                </local_schema>
                <local_schema locale="ru" short_desc="Файл журнала действий фильтра">
                        <longdesc>Файл журнала действий фильтра.</longdesc>
                </local_schema>
                <local_schema locale="lv" short_desc="Log faila uz log filtru darbības">
                        <longdesc>Log faila uz log filtru darbības.</longdesc>
                </local_schema>
                <local_schema locale="id" short_desc="Aksi berkas log ke saringan log">
                        <longdesc>Aksi berkas log ke saringan log.</longdesc>
                </local_schema>
                <local_schema locale="ko" short_desc="필터 동작을 기록할 로그 파일">
                        <longdesc>필터 동작을 기록할 로그 파일입니다.</longdesc>
                </local_schema>
                <local_schema locale="lt" short_desc="Failas, kuriame registruojami filtrų veiksmai">
                        <longdesc>Failas, kuriame registruojami filtrų veiksmai.</longdesc>
                </local_schema>
                <local_schema locale="az" short_desc="Süzgəc gedişatlarını qeydə alınacağı fayl">
                        <longdesc>Süzgəc gedişatlarını qeydə alınacağı fayl.</longdesc>
                </local_schema>
                <local_schema locale="ca" short_desc="Fitxer on registrar accions de filtre">
                        <longdesc>Fitxer on enregistrar accions de filtre.</longdesc>
                </local_schema>
                <local_schema locale="sv" short_desc="Loggfil att logga filteråtgärder i">
                        <longdesc>Loggfil att logga filteråtgärder i</longdesc>
                </local_schema>
                <local_schema locale="el" short_desc="Αρχείο καταγραφής για τις ενέργειες φίλτρων">
                        <longdesc>Αρχείο καταγραφής για τις ενέργειες φίλτρων.</longdesc>
                </local_schema>
                <local_schema locale="fr" short_desc="Fichier de journal où enregistrer les actions des filtres">
                        <longdesc>Fichier de journal où enregistrer les actions des filtres.</longdesc>
                </local_schema>
                <local_schema locale="ro" short_desc="Fişierul în care se vor loga acţiunile de filtrare">
                        <longdesc>Fişierul în care se vor loga acţiunile de filtrare.</longdesc>
                </local_schema>
                <local_schema locale="de" short_desc="Protokolldatei für Filteraktionen">
                        <longdesc>Protokolldatei für Filteraktionen.</longdesc>
                </local_schema>
                <local_schema locale="sr@Latn" short_desc="Dnevnik datoteka za beleženje radnji filtera">
                        <longdesc>Dnevnik datoteka za beleženje radnji filtera.</longdesc>
                </local_schema>
                <local_schema locale="pa" short_desc="ਲਾੱਗ ਫਿਲਟਰ ਕਾਰਵਾਈ ਲਈ ਲਾੱਗ-ਫਾਇਲ">
                        <longdesc>ਲਾੱਗ ਫਿਲਟਰ ਕਾਰਵਾਈ ਲਈ ਲਾੱਗ-ਫਾਇਲ ਹੈ।</longdesc>
                </local_schema>
                <local_schema locale="be@latin" short_desc="Fajł časopisu, kudy zapisvać dziejańni filtraŭ">
                        <longdesc>Fajł časopisu dla zapisu dziejańniaŭ filtraŭ.</longdesc>
                </local_schema>
                <local_schema locale="gu" short_desc="ગાળકની ક્રિયાઓનો લોગ માટેની લોગ ફાઈલ">
                        <longdesc>ગાળકની ક્રિયાઓનો લોગ માટેની લોગ ફાઈલ.</longdesc>
                </local_schema>
                <local_schema locale="sr" short_desc="Дневник датотека за бележење радњи филтера">
                        <longdesc>Дневник датотека за бележење радњи филтера.</longdesc>
                </local_schema>
                <local_schema locale="ja" short_desc="フィルタリングするログ・ファイル">
                        <longdesc>フィルタリング処理の対象となるログファイルです。</longdesc>
                </local_schema>
                <local_schema locale="sq" short_desc="File log për regjistrimin e veprimeve të filtrit">
                        <longdesc>File log për regjistrimin e veprimeve të filtrit.</longdesc>
                </local_schema>
                <local_schema locale="mr" short_desc="फिल्टर कृती लॉग करण्याकरीता लॉगफाइल">
                        <longdesc>फिल्टर कृती लॉग करण्याकरीता लॉगफाइल.</longdesc>
                </local_schema>
                <local_schema locale="da" short_desc="Logfilen for filterhandlinger">
                        <longdesc>Logfilen for filterhandlinger.</longdesc>
                </local_schema>
                <local_schema locale="as" short_desc="ফিল্টাৰেৰ কৰ্ম লগ কৰাৰ জন্য লগফাইল">
                        <longdesc>ফিল্টাৰেৰ কৰ্ম লগ কৰাৰ জন্য লগফাইল।</longdesc>
                </local_schema>
                <local_schema locale="xh" short_desc="Ngenisa ifayili kwizenzo zesihluzi serekhodi">
                        <longdesc>Ngenisa ifayili kwizenzo zesihluzi serekhodi.</longdesc>
                </local_schema>
                <local_schema locale="ar" short_desc="ملف السّجل لتسجيل إجراءات المرشِّح">
                        <longdesc>ملف السّجل لتسجيل إجراءات المرشِّح.</longdesc>
                </local_schema>
                <local_schema locale="zh_TW" short_desc="用於記錄過濾器動作的記錄檔案">
                        <longdesc>用於記錄過濾器動作的記錄檔案。</longdesc>
                </local_schema>
                <local_schema locale="fi" short_desc="Lokitiedosto suodattimien toimenpiteille">
                        <longdesc>Lokitiedosto suodattimien toimenpiteille.</longdesc>
                </local_schema>
                <local_schema locale="hu" short_desc="A szűrő műveletek naplózásához használt fájl">
                        <longdesc>A szűrő műveletek naplózásához használt fájl.</longdesc>
                </local_schema>
                <local_schema locale="tr" short_desc="Filtre eylemlerinin yazılacağı günlük dosyası">
                        <longdesc>Filtre eylemlerinin yazılacağı günlük dosyası.</longdesc>
                </local_schema>
                <local_schema locale="sl" short_desc="Dnevniška datoteka za beleženje dejanj filtra">
                        <longdesc>Dnevniška datoteka za beleženje dejanj filtra.</longdesc>
                </local_schema>
                <local_schema locale="en_GB" short_desc="Logfile to log filter actions">
                        <longdesc>Logfile to log filter actions.</longdesc>
                </local_schema>
                <local_schema locale="ml" short_desc="ഫില്‍റ്റര്‍ പ്രവര്‍ത്തനങ്ങള്‍ ലോഗ് ചെയ്യുന്നതിനുളള ലോഗ് ഫയല്‍">
                        <longdesc>ഫില്‍റ്റര്‍ പ്രവര്‍ത്തനങ്ങള്‍ ലോഗ് ചെയ്യുന്നതിനുളള ലോഗ് ഫയല്‍.</longdesc>
                </local_schema>
                <local_schema locale="mk" short_desc="Лог датотека за запис на дејствата на филтрите">
                        <longdesc>Лог датотека за запис на дејствата на филтрите.</longdesc>
                </local_schema>
                <local_schema locale="cy" short_desc="Ffeil i logio gweithredoedd hidlo">
                        <longdesc>Ffeil i logio gweithredoedd hidlo.</longdesc>
                </local_schema>
                <local_schema locale="gl" short_desc="Ficheiro de rexistro para rexistrar as accións de filtraxe">
                        <longdesc>Ficheiro de rexistro para rexistrar as accións de filtraxe.</longdesc>
                </local_schema>
                <local_schema locale="hr" short_desc="Logiranje akcija filtra">
                        <longdesc>Logiranje akcija filtra.</longdesc>
                </local_schema>
                <local_schema locale="bn_IN" short_desc="ফিল্টারের কর্ম লগ করার জন্য লগফাইল">
                        <longdesc>ফিল্টারের কর্ম লগ করার জন্য লগফাইল।</longdesc>
                </local_schema>
                <local_schema locale="nn" short_desc="Loggfør filterhandlingar til denne fila">
                        <longdesc>Loggfør filterhandlingar til denne fila.</longdesc>
                </local_schema>
                <local_schema locale="it" short_desc="File di log per controllare le azioni dei filtri">
                        <longdesc>File di log per controllare le azioni dei filtri.</longdesc>
                </local_schema>
                <local_schema locale="nl" short_desc="Logbestand voor filteracties">
                        <longdesc>Logbestand voor filteracties</longdesc>
                </local_schema>
                <local_schema locale="bn" short_desc="ফিল্টারের কর্ম লগ করার জন্য লগফাইল">
                        <longdesc>ফিল্টারের কর্ম লগ করার জন্য লগফাইল।</longdesc>
                </local_schema>
                <local_schema locale="fa" short_desc="پرونده‌ای که اعمال صافی در آن ثبت می‌شوند">
                        <longdesc>پرونده‌ای که اعمال صافی در آن ثبت می‌شوند.</longdesc>
                </local_schema>
                <local_schema locale="dz" short_desc="དྲན་དེབ་སྣོད་འཛིན་ལས་ དྲན་དེབ་ཚགས་ནིའི་བྱ་བ་ཚུ་ལུ །">
                        <longdesc>དྲན་དེབ་སྣོད་འཛིན་ལས་ དྲན་དེབ་ཚགས་ནིའི་བྱ་བ་ཚུ་ལུ།</longdesc>
                </local_schema>
                <local_schema locale="cs" short_desc="Soubor, kam zaznamenávat akce filtrů">
                        <longdesc>Soubor, kam zaznamenávat akce filtrů.</longdesc>
                </local_schema>
                <local_schema locale="th" short_desc="แฟ้มปูมที่จะบันทึกการกรองข้อความ">
                        <longdesc>แฟ้มปูมที่จะบันทึกการกรองข้อความ</longdesc>
                </local_schema>
        </entry>
        <entry name="log" mtime="1212488842" type="schema" stype="bool" owner="evolution-mail">
                <local_schema locale="pt" short_desc="Registar as acções do filtro">
                        <longdesc>Registar as acções do filtro no ficheiro de registo especificado.</longdesc>
                </local_schema>
                <local_schema locale="hi" short_desc="लाग निस्पंदन क्रिया">
                        <longdesc>निर्दिष्ट लाग फाइल के लिए लाग निस्पंदन क्रिया करें.</longdesc>
                </local_schema>
                <local_schema locale="zh_HK" short_desc="記錄過濾器動作">
                        <longdesc>將過濾器動作記錄到指定的記錄檔案。</longdesc>
                </local_schema>
                <local_schema locale="uk" short_desc="Реєструвати дій фільтра">
                        <longdesc>Реєструвати дії фільтра у вказаний журнальний файл.</longdesc>
                </local_schema>
                <local_schema locale="te" short_desc="వడపోత చర్యలను లాగిన్‌చేయుము">
                        <longdesc>తెలుపబడినటువంటి లాగ్ దస్త్రములకు వడపోత చర్యలను లాగ్ చేయుము.</longdesc>
                </local_schema>
                <local_schema locale="ne" short_desc="लग फिल्टर कार्यहरू">
                        <longdesc>निर्दिष्ट गरिएको लग फाइलका लग फिल्टर कार्यहरू ।</longdesc>
                </local_schema>
                <local_schema locale="en_CA" short_desc="Log filter actions">
                        <longdesc>Log filter actions to the specified log file.</longdesc>
                </local_schema>
                <local_schema locale="bg" short_desc="Записване на дейността на филтрите в дневник">
                        <longdesc>Записване в дневник на дейността на филтрите в определен файл.</longdesc>
                </local_schema>
                <local_schema locale="he" short_desc="Log filter actions">
                        <longdesc>Log filter actions to the specified log file.</longdesc>
                </local_schema>
                <local_schema locale="zh_CN" short_desc="记录过滤动作">
                        <longdesc>将过滤动作记录到指定日志文件。</longdesc>
                </local_schema>
                <local_schema locale="be" short_desc="Рэгістраваць дзеяньні фільтра">
                        <longdesc>Регістраваць дзеяньні фільтра ў пазначаны файл часопісу.</longdesc>
                </local_schema>
                <local_schema locale="ta" short_desc="வடிகட்டி செயல்களை பதிப்பி">
                        <longdesc>குறிப்பிட்ட கோப்பில் வடிகட்டி செயல்களை பதிப்பி</longdesc>
                </local_schema>
                <local_schema locale="nb" short_desc="Loggfør filterhandlinger">
                        <longdesc>Logg filterhandlinger til oppgitt loggfil.</longdesc>
                </local_schema>
                <local_schema locale="C" short_desc="Log filter actions">
                        <default type="bool" value="false">
                        </default>
                        <longdesc>
          Log filter actions to the specified log file.
         </longdesc>
                </local_schema>
                <local_schema locale="pt_BR" short_desc="Registrar ações dos filtros">
                        <longdesc>Registrar ações dos filtros no arquivo de registro especificado.</longdesc>
                </local_schema>
                <local_schema locale="eu" short_desc="Iragazki-ekintzen egunkaria">
                        <longdesc>Erregistratu iragazki-ekintzak zehaztutako egunkari-fitxategian.</longdesc>
                </local_schema>
                <local_schema locale="pl" short_desc="Akcje filtra dziennika">
                        <longdesc>Akcje filtra dziennika na podanym pliku dziennika.</longdesc>
                </local_schema>
                <local_schema locale="et" short_desc="Filtrite tegevuste logimine">
                        <longdesc>Filtri tegevuste logimine määratud logifaili.</longdesc>
                </local_schema>
                <local_schema locale="es" short_desc="Registrar acciones de filtrado">
                        <longdesc>Registrar acciones de filtrado en el archivo de registro especificado.</longdesc>
                </local_schema>
                <local_schema locale="vi" short_desc="Ghi lưu các hành động lọc">
                        <longdesc>Ghi lưu các hành động lọc vào tập tin bản ghi đã ghi rõ.</longdesc>
                </local_schema>
                <local_schema locale="ru" short_desc="Регистрировать действия фильтра">
                        <longdesc>Регистрировать действия фильтра в указанном файле журнала.</longdesc>
                </local_schema>
                <local_schema locale="lv" short_desc="Reģistrēt filtra darbības">
                        <longdesc>Reģistrēt filtra darbības atbilstošajā log failā.</longdesc>
                </local_schema>
                <local_schema locale="id" short_desc="Aksi saringan log">
                        <longdesc>Aksi saringan log ke berkas log yang ditentukan.</longdesc>
                </local_schema>
                <local_schema locale="ko" short_desc="필터 동작 기록">
                        <longdesc>지정한 로그 파일에 대한 필터 동작을 기록합니다.</longdesc>
                </local_schema>
                <local_schema locale="lt" short_desc="Registruoti filtro veiksmus">
                        <longdesc>Registruoti filtrų veiksmus į nurodytą žurnalo failą.</longdesc>
                </local_schema>
                <local_schema locale="az" short_desc="Süzgəc gedişatlarını qeydə al">
                </local_schema>
                <local_schema locale="ca" short_desc="Registra les accions del filtre">
                        <longdesc>Registra les accions al fitxer de registre especificat.</longdesc>
                </local_schema>
                <local_schema locale="sv" short_desc="Logga filteråtgärder">
                        <longdesc>Logga filteråtgärder i den angivna loggfilen.</longdesc>
                </local_schema>
                <local_schema locale="el" short_desc="Καταγραφή ενεργειών φίλτρων">
                        <longdesc>Καταγραφή ενεργειών φίλτρων στο καθορισμένο αρχείο καταγραφής.</longdesc>
                </local_schema>
                <local_schema locale="fr" short_desc="Enregistrer les actions des filtres">
                        <longdesc>Enregistre les actions des filtres dans le fichier de journal spécifié.</longdesc>
                </local_schema>
                <local_schema locale="ro" short_desc="Loghează acţiunile de filtrare">
                        <longdesc>Loghează acţiunile de filtrare către fişierul specificat de log.</longdesc>
                </local_schema>
                <local_schema locale="de" short_desc="Filteraktionen protokollieren">
                        <longdesc>Filteraktionen in der angegebenen Protokolldatei protokollieren.</longdesc>
                </local_schema>
                <local_schema locale="sr@Latn" short_desc="Beleži radnje filtera">
                        <longdesc>Beleži radnje filtera u navedenu datoteku dnevnika.</longdesc>
                </local_schema>
                <local_schema locale="pa" short_desc="ਲਾੱਗ ਫਿਲਟਰ ਕਾਰਵਾਈ">
                        <longdesc>ਨਿਰਧਾਰਿਤ ਲਾੱਗ ਫਾਇਲ ਲਈ ਲਾੱਗ ਫਿਲਟਰ ਕਾਰਵਾਈ ਹੈ।</longdesc>
                </local_schema>
                <local_schema locale="be@latin" short_desc="Zapisvaj dziejańni filtraŭ">
                        <longdesc>Zapisvaj dziejańni filtraŭ u padadzienym fajle časopisu.</longdesc>
                </local_schema>
                <local_schema locale="gu" short_desc="ગાળકની ક્રિયાઓનો લોગ">
                        <longdesc>ગાળકની ક્રિયાઓનો લોગ કોઈ સ્પષ્ટ કરેલ લોગ ફાઈલમાં કરો.</longdesc>
                </local_schema>
                <local_schema locale="sr" short_desc="Бележи радње филтера">
                        <longdesc>Бележи радње филтера у наведену датотеку дневника.</longdesc>
                </local_schema>
                <local_schema locale="ja" short_desc="ログをフィルタリングするかどうか">
                        <longdesc>指定したログ・ファイルに対してログのフィルタリング処理を行うかどうかです。</longdesc>
                </local_schema>
                <local_schema locale="sq" short_desc="Veprimet e filtrimit të log">
                        <longdesc>Regjistron veprimet e filtrit tek file i specifikuar log.</longdesc>
                </local_schema>
                <local_schema locale="mr" short_desc="फिल्टर कृतीचे लॉग बनवा">
                        <longdesc>निश्चित लॉग फाइल करीता फिल्टर कृती लॉग बनवा.</longdesc>
                </local_schema>
                <local_schema locale="da" short_desc="Log filterhandlinger">
                        <longdesc>Log filterhandlinger til den angivne logfil.</longdesc>
                </local_schema>
                <local_schema locale="as" short_desc="ফিল্টাৰেৰ কৰ্ম লগ কৰবে">
                        <longdesc>ফিল্টাৰেৰ কৰ্ম লগ নিৰ্ধাৰিত লগ ফাইলে কৰবে।</longdesc>
                </local_schema>
                <local_schema locale="xh" short_desc="Izenzo zesihluzi sokungenisa irekhodi">
                        <longdesc>Izenzo zesihluzi sokungenisa irekhodi kwifayili yokungenisa irekhodi ekhankanyiweyo.</longdesc>
                </local_schema>
                <local_schema locale="ar" short_desc="سجّل إجراءات المرشِّح">
                        <longdesc>سجّل إجراءات المرشِّح على ملف السّجل المحدّد.</longdesc>
                </local_schema>
                <local_schema locale="zh_TW" short_desc="記錄過濾器動作">
                        <longdesc>將過濾器動作記錄到指定的記錄檔案。</longdesc>
                </local_schema>
                <local_schema locale="fi" short_desc="Kirjaa suodatintoimenpiteet">
                        <longdesc>Kirjaa suodattimien toimenpiteet määriteltyyn lokitiedostoon.</longdesc>
                </local_schema>
                <local_schema locale="hu" short_desc="Szűrő műveletek naplózása ">
                        <longdesc>Szűrő műveletek naplózása a megadott naplófájlba.</longdesc>
                </local_schema>
                <local_schema locale="tr" short_desc="Günlük filtre eylemleri">
                        <longdesc>Belirtilen günlük dosyasına için filtre eylemleri.</longdesc>
                </local_schema>
                <local_schema locale="sl" short_desc="Beleži dejanja filtra">
                        <longdesc>Beleži dejanja filtra v navedeno datoteko.</longdesc>
                </local_schema>
                <local_schema locale="en_GB" short_desc="Log filter actions">
                        <longdesc>Log filter actions to the specified log file.</longdesc>
                </local_schema>
                <local_schema locale="ml" short_desc="ഫില്‍റ്റര്‍ പ്രവര്‍ത്തനങ്ങള്‍ ലോഗ് ചെയ്യുക">
                        <longdesc>പറഞ്ഞിരിക്കുന്ന ലോഗ് ഫയലിലേക്ക് ഫില്‍റ്റര്‍ പ്രവര്‍ത്തനങ്ങള്‍ ലോഗ് ചെയ്യുക.</longdesc>
                </local_schema>
                <local_schema locale="mk" short_desc="Води запис за дејствата на филтрите">
                        <longdesc>Води запис за дејствата на филтрите во назначената лог датотека.</longdesc>
                </local_schema>
                <local_schema locale="cy" short_desc="Cofnodi gweithredoedd hidlo">
                        <longdesc>Logio gweithredoedd hidlo yn y ffeil benodol.</longdesc>
                </local_schema>
                <local_schema locale="gl" short_desc="Rexistrar accións de filtraxe">
                        <longdesc>Rexistrar accións de filtraxe no ficheiro de rexistro especificado.</longdesc>
                </local_schema>
                <local_schema locale="hr" short_desc="Logiranje akcija filtra">
                        <longdesc>Logiranje akcija filtra u navedenu log datoteku.</longdesc>
                </local_schema>
                <local_schema locale="bn_IN" short_desc="ফিল্টারের কর্ম লগ করবে">
                        <longdesc>ফিল্টারের কর্ম লগ নির্ধারিত লগ ফাইলে করবে।</longdesc>
                </local_schema>
                <local_schema locale="nn" short_desc="Loggfør filterhandlingar">
                        <longdesc>Loggfør filterhandlingar til den oppgjevne loggfila.</longdesc>
                </local_schema>
                <local_schema locale="it" short_desc="Azioni di filtraggio dei log">
                        <longdesc>Azioni di filtraggio sul file log specificato.</longdesc>
                </local_schema>
                <local_schema locale="nl" short_desc="Filter acties bijhouden">
                        <longdesc>Filter acties bijhouden in het gespecificeerde log bestand.</longdesc>
                </local_schema>
                <local_schema locale="bn" short_desc="ফিল্টারের কর্ম লগ করবে">
                        <longdesc>ফিল্টারের কর্ম লগ নির্ধারিত লগ ফাইলে করবে।</longdesc>
                </local_schema>
                <local_schema locale="fa" short_desc="ثبت اعمال صافی">
                        <longdesc>ثبت اعمال صافی در یک پرونده‌ی ثبت وقایع مشخص.</longdesc>
                </local_schema>
                <local_schema locale="dz" short_desc="དྲན་དེབ་ཚགས་ནིའི་བྱ་བ་ཚུ།">
                        <longdesc>གསལ་བཀོད་འབད་མི་ དྲན་དེབ་སྣོད་འཛིན་ལུ་ དྲན་དེབ་ཚགས་ནིའི་བྱ་བ་ཚུ།</longdesc>
                </local_schema>
                <local_schema locale="cs" short_desc="Zaznamenávat akce filtrů">
                        <longdesc>Zaznamenávat akce filtrů do určeného souboru záznamů.</longdesc>
                </local_schema>
                <local_schema locale="th" short_desc="บันทึกปูมการกรองข้อความ">
                        <longdesc>บันทึกปูมการกรองข้อความลงในแฟ้มปูม</longdesc>
                </local_schema>
        </entry>
</gconf>
