{
    "id": "rct2.footpath_item.benchstn",
    "authors": [
        "Chris Sawyer",
        "Simon Foster"
    ],
    "version": "1.0",
    "originalId": "0A188786|BENCHSTN|9408AFDE",
    "sourceGame": [
        "rct2",
        "rct1"
    ],
    "objectType": "footpath_item",
    "properties": {
        "isBench": true,
        "isBreakable": true,
        "renderAs": "bench",
        "cursor": "CURSOR_BENCH_DOWN",
        "price": 50,
        "sceneryGroup": "rct2.scenery_group.scgpathx"
    },
    "images": [
        "$RCT2:OBJDATA/BENCHSTN.DAT[0..8]"
    ],
    "strings": {
        "name": {
            "en-GB": "Stone Bench",
            "fr-FR": "Banc en pierre",
            "de-DE": "Steinbank",
            "es-ES": "Banco de piedra",
            "it-IT": "Panchina di pietra",
            "nl-NL": "Stenen bank",
            "sv-SE": "Stenbänk",
            "ko-KR": "석재 의자",
            "zh-CN": "石椅",
            "zh-TW": "石椅",
            "pt-BR": "Banco de Pedra",
            "cs-CZ": "Kamenná lavička",
            "ja-JP": "石のベンチ",
            "pl-PL": "Kamienna ławka",
            "ru-RU": "Скамейка",
            "ar-EG": "مقعد حجري",
            "eo-ZZ": "Ŝtona Benko",
            "ca-ES": "Banc de pedra",
            "fi-FI": "Kivipenkki"
        }
    }
}
