<?xml version="1.0" encoding="utf-8"?>
<mime-type xmlns="http://www.freedesktop.org/standards/shared-mime-info" type="text/directory">
<!--Created automatically by update-mime-database. DO NOT EDIT!-->
  <comment>Electronic Business Card</comment>
  <comment xml:lang="az">Elektronik Biznes Kartı</comment>
  <comment xml:lang="bg">Електронна визитна картичка</comment>
  <comment xml:lang="ca">targeta de visita electrònica</comment>
  <comment xml:lang="cs">Elektronická navštívenka</comment>
  <comment xml:lang="cy">Cerdyn Busnes Electronig</comment>
  <comment xml:lang="de">Elektronische Visitenkarte</comment>
  <comment xml:lang="en_GB">Electronic Business Card</comment>
  <comment xml:lang="es">tarjeta de visita electrónica</comment>
  <comment xml:lang="eu">Enpresako txartel elektronikoa</comment>
  <comment xml:lang="fi">sähköinen käyntikortti</comment>
  <comment xml:lang="fr">carte de visite électronique</comment>
  <comment xml:lang="hu">Elektronikus névjegykártya</comment>
  <comment xml:lang="it">Biglietto da visita elettronico</comment>
  <comment xml:lang="ko">전자 명함</comment>
  <comment xml:lang="lt">Electronic Business Card</comment>
  <comment xml:lang="nb">Elektronisk visittkort</comment>
  <comment xml:lang="nl">elektronisch visitekaartje</comment>
  <comment xml:lang="nn">Elektronisk visittkort</comment>
  <comment xml:lang="pl">Wizytówka elektroniczna</comment>
  <comment xml:lang="pt_BR">Cartão de Visitas Eletrônico</comment>
  <comment xml:lang="ru">электронная визитная карточка</comment>
  <comment xml:lang="sr">електронска бизнис картица</comment>
  <comment xml:lang="sv">Elektroniskt visitkort</comment>
  <comment xml:lang="uk">Електронна бізнес-картка</comment>
  <comment xml:lang="vi">Danh thiếp điện tử (EBC)</comment>
  <comment xml:lang="zh_TW">電子名片</comment>
  <alias type="text/x-vcard"/>
  <sub-class-of type="text/plain"/>
</mime-type>
