<?xml version="1.0" encoding="utf-8"?>
<mime-type xmlns="http://www.freedesktop.org/standards/shared-mime-info" type="text/vnd.sun.j2me.app-descriptor">
<!--Created automatically by update-mime-database. DO NOT EDIT!-->
  <comment>JAD document</comment>
  <comment xml:lang="bg">Документ — JAD</comment>
  <comment xml:lang="ca">document JAD</comment>
  <comment xml:lang="cs">Dokument JAD</comment>
  <comment xml:lang="es">documento JAD</comment>
  <comment xml:lang="eu">JAD dokumentua</comment>
  <comment xml:lang="fi">JAD-asiakirja</comment>
  <comment xml:lang="fr">document JAD</comment>
  <comment xml:lang="hu">JAD dokumentum</comment>
  <comment xml:lang="it">Documento JAD</comment>
  <comment xml:lang="ko">JAD 문서</comment>
  <comment xml:lang="lt">JAD dokumentas</comment>
  <comment xml:lang="nb">JAD-dokument</comment>
  <comment xml:lang="nl">JAD-document</comment>
  <comment xml:lang="sv">JAD-dokument</comment>
  <comment xml:lang="uk">Документ JAD</comment>
  <comment xml:lang="vi">Tài liệu JAD</comment>
  <acronym>JAD</acronym>
  <expanded-acronym>Java Application Descriptor</expanded-acronym>
</mime-type>
