<?xml version="1.0" encoding="utf-8"?>
<mime-type xmlns="http://www.freedesktop.org/standards/shared-mime-info" type="text/x-csharp">
<!--Created automatically by update-mime-database. DO NOT EDIT!-->
  <comment>C# source code</comment>
  <comment xml:lang="bg">Изходен код — C#</comment>
  <comment xml:lang="ca">codi font en C#</comment>
  <comment xml:lang="cs">Zdrojový kód v C#</comment>
  <comment xml:lang="da">C#-kildekode</comment>
  <comment xml:lang="de">C#-Quelltext</comment>
  <comment xml:lang="el">πηγαίος κώδικας C#</comment>
  <comment xml:lang="en_GB">C# source code</comment>
  <comment xml:lang="eo">C#-fontkodo</comment>
  <comment xml:lang="es">código fuente en C#</comment>
  <comment xml:lang="eu">C# iturburu-kodea</comment>
  <comment xml:lang="fi">C#-lähdekoodi</comment>
  <comment xml:lang="fr">code source C#</comment>
  <comment xml:lang="hu">C#-forráskód</comment>
  <comment xml:lang="it">Codice sorgente C#</comment>
  <comment xml:lang="ja">C# ソースコード</comment>
  <comment xml:lang="ko">C# 소스 코드</comment>
  <comment xml:lang="lt">C# pradinis kodas</comment>
  <comment xml:lang="ms">Kod sumber C#</comment>
  <comment xml:lang="nb">C#-kildekode</comment>
  <comment xml:lang="nl">C#-broncode</comment>
  <comment xml:lang="nn">C#-kjeldekode</comment>
  <comment xml:lang="pl">Kod źródłowy w C#</comment>
  <comment xml:lang="pt">código fonte C#</comment>
  <comment xml:lang="pt_BR">Código fonte C#</comment>
  <comment xml:lang="ru">программа на языке C#</comment>
  <comment xml:lang="sq">Kod burues C#</comment>
  <comment xml:lang="sr">C# изворни ко̂д</comment>
  <comment xml:lang="sv">C#-källkod</comment>
  <comment xml:lang="uk">Вихідний код на мові C#</comment>
  <comment xml:lang="vi">Mã nguồn C#</comment>
  <comment xml:lang="zh_CN">C# 源代码</comment>
  <comment xml:lang="zh_TW">C# 源代碼</comment>
  <sub-class-of type="text/x-csrc"/>
</mime-type>
