<?xml version="1.0" encoding="utf-8"?>
<mime-type xmlns="http://www.freedesktop.org/standards/shared-mime-info" type="text/x-dsl">
<!--Created automatically by update-mime-database. DO NOT EDIT!-->
  <comment>DSSSL document</comment>
  <comment xml:lang="az">DSSSL sənədi</comment>
  <comment xml:lang="bg">Документ — DSSSL</comment>
  <comment xml:lang="ca">document DSSSL</comment>
  <comment xml:lang="cs">Dokument DSSSL</comment>
  <comment xml:lang="cy">Dogfen DSSSL</comment>
  <comment xml:lang="da">DSSSL-dokument</comment>
  <comment xml:lang="de">DSSSL-Dokument</comment>
  <comment xml:lang="el">έγγραφο DSSSL</comment>
  <comment xml:lang="en_GB">DSSSL document</comment>
  <comment xml:lang="eo">DSSSL-dokumento</comment>
  <comment xml:lang="es">documento DSSSL</comment>
  <comment xml:lang="eu">DSSSL dokumentua</comment>
  <comment xml:lang="fi">DSSSL-asiakirja</comment>
  <comment xml:lang="fr">document DSSSL</comment>
  <comment xml:lang="hu">DSSSL-dokumentum</comment>
  <comment xml:lang="it">Documento DSSSL</comment>
  <comment xml:lang="ja">DSSSL ドキュメント</comment>
  <comment xml:lang="ko">DSSSL 문서</comment>
  <comment xml:lang="lt">DSSSL dokumentas</comment>
  <comment xml:lang="ms">Dokumen DSSSL</comment>
  <comment xml:lang="nb">DSSSL-dokument</comment>
  <comment xml:lang="nl">DSSSL-document</comment>
  <comment xml:lang="nn">DSSSL-dokument</comment>
  <comment xml:lang="pl">Dokument DSSSL</comment>
  <comment xml:lang="pt">documento DSSSL</comment>
  <comment xml:lang="pt_BR">Documento DSSSL</comment>
  <comment xml:lang="ru">документ DSSSL</comment>
  <comment xml:lang="sq">Dokument DSSSL</comment>
  <comment xml:lang="sr">DSSSL документ</comment>
  <comment xml:lang="sv">DSSSL-dokument</comment>
  <comment xml:lang="uk">Документ DSSSL</comment>
  <comment xml:lang="vi">Tài liệu DSSSL</comment>
  <comment xml:lang="zh_CN">DSSSL 文档</comment>
  <comment xml:lang="zh_TW">DSSSL 文件</comment>
  <acronym>DSSSL</acronym>
  <expanded-acronym>Document Style Semantics and Specification Language</expanded-acronym>
  <sub-class-of type="text/plain"/>
</mime-type>
