<?xml version="1.0" encoding="utf-8"?>
<mime-type xmlns="http://www.freedesktop.org/standards/shared-mime-info" type="text/x-dsrc">
<!--Created automatically by update-mime-database. DO NOT EDIT!-->
  <comment>D source code</comment>
  <comment xml:lang="bg">Изходен код — D</comment>
  <comment xml:lang="ca">codi font en D</comment>
  <comment xml:lang="cs">Zdrojový kód v D</comment>
  <comment xml:lang="de">D-Quelltext</comment>
  <comment xml:lang="en_GB">D source code</comment>
  <comment xml:lang="es">código fuente en D</comment>
  <comment xml:lang="eu">D iturburu-kodea</comment>
  <comment xml:lang="fi">D-lähdekoodi</comment>
  <comment xml:lang="fr">code source D</comment>
  <comment xml:lang="hu">D-forráskód</comment>
  <comment xml:lang="it">Codice sorgente D</comment>
  <comment xml:lang="ko">D 소스 코드</comment>
  <comment xml:lang="lt">D pradinis kodas</comment>
  <comment xml:lang="nb">D-kildekode</comment>
  <comment xml:lang="nl">D-broncode</comment>
  <comment xml:lang="nn">D-kjeldekode</comment>
  <comment xml:lang="pl">Kod źródłowy w D</comment>
  <comment xml:lang="pt_BR">Código fonte D</comment>
  <comment xml:lang="ru">программа на языке D</comment>
  <comment xml:lang="sr">D изворни ко̂д</comment>
  <comment xml:lang="sv">D-källkod</comment>
  <comment xml:lang="uk">Вихідний код на мові D</comment>
  <comment xml:lang="vi">Mã nguồn D</comment>
  <comment xml:lang="zh_TW">D 源代碼</comment>
  <sub-class-of type="text/plain"/>
</mime-type>
