<?xml version="1.0" encoding="utf-8"?>
<mime-type xmlns="http://www.freedesktop.org/standards/shared-mime-info" type="text/x-eiffel">
<!--Created automatically by update-mime-database. DO NOT EDIT!-->
  <comment>Eiffel source code</comment>
  <comment xml:lang="ca">codi font en Eiffel</comment>
  <comment xml:lang="cs">Zdrojový kód Eiffel</comment>
  <comment xml:lang="fi">Eiffel-lähdekoodi</comment>
  <comment xml:lang="fr">code source Eiffel</comment>
  <comment xml:lang="hu">Eiffel forráskód</comment>
  <comment xml:lang="it">Codice sorgente Eiffel</comment>
  <comment xml:lang="ko">Eiffel 소스 코드</comment>
  <comment xml:lang="nl">Eiffel-broncode</comment>
  <comment xml:lang="sv">Eiffel-källkod</comment>
  <comment xml:lang="vi">Mã nguồn Eiffel</comment>
  <sub-class-of type="text/plain"/>
</mime-type>
