<?xml version="1.0" encoding="utf-8"?>
<mime-type xmlns="http://www.freedesktop.org/standards/shared-mime-info" type="text/x-gtkrc">
<!--Created automatically by update-mime-database. DO NOT EDIT!-->
  <comment>GTK+ configuration</comment>
  <comment xml:lang="bg">Настройки — GTK+</comment>
  <comment xml:lang="ca">configuració de GTK+</comment>
  <comment xml:lang="cs">Nastavení GTK+</comment>
  <comment xml:lang="de">GTK+-Konfiguration</comment>
  <comment xml:lang="en_GB">GTK+ configuration</comment>
  <comment xml:lang="es">configuración de GTK+</comment>
  <comment xml:lang="eu">GTK+ konfigurazioa</comment>
  <comment xml:lang="fi">GTK+-asetukset</comment>
  <comment xml:lang="fr">configuration GTK+</comment>
  <comment xml:lang="hu">GTK+ konfiguráció</comment>
  <comment xml:lang="it">Configurazione GTK+</comment>
  <comment xml:lang="ko">GTK+ 설정</comment>
  <comment xml:lang="lt">GTK+ konfigūracija</comment>
  <comment xml:lang="nb">GTK+-konfigurasjon</comment>
  <comment xml:lang="nl">GTK+-configuratie</comment>
  <comment xml:lang="nn">GTK+-oppsett</comment>
  <comment xml:lang="pl">Konfiguracja GTK+</comment>
  <comment xml:lang="pt_BR">Configuração do GTK+</comment>
  <comment xml:lang="sv">GTK+-konfiguration</comment>
  <comment xml:lang="uk">Конфігурація GTK+</comment>
  <comment xml:lang="vi">Cấu hình GTK+</comment>
  <sub-class-of type="text/plain"/>
</mime-type>
