<?xml version="1.0" encoding="utf-8"?>
<mime-type xmlns="http://www.freedesktop.org/standards/shared-mime-info" type="text/x-lua">
<!--Created automatically by update-mime-database. DO NOT EDIT!-->
  <comment>Lua script</comment>
  <comment xml:lang="bg">Скрипт на Lua</comment>
  <comment xml:lang="ca">script Lua</comment>
  <comment xml:lang="cs">Skript Lua</comment>
  <comment xml:lang="de">Lua-Skript</comment>
  <comment xml:lang="es">script en Lua</comment>
  <comment xml:lang="eu">Lua script-a</comment>
  <comment xml:lang="fi">Lua-komentotiedosto</comment>
  <comment xml:lang="fr">script Lua</comment>
  <comment xml:lang="hu">Lua parancsfájl</comment>
  <comment xml:lang="it">Script Lua</comment>
  <comment xml:lang="ko">Lua 스크립트</comment>
  <comment xml:lang="lt">Lua scenarijus</comment>
  <comment xml:lang="nb">Lua-skript</comment>
  <comment xml:lang="nl">Lua-script</comment>
  <comment xml:lang="pl">Skrypt Lua</comment>
  <comment xml:lang="pt_BR">Script Lua</comment>
  <comment xml:lang="sv">Lua-skript</comment>
  <comment xml:lang="uk">Сценарій Lua</comment>
  <comment xml:lang="vi">Văn lệnh Lua</comment>
  <sub-class-of type="application/x-executable"/>
  <sub-class-of type="text/plain"/>
</mime-type>
