<?xml version="1.0" encoding="utf-8"?>
<mime-type xmlns="http://www.freedesktop.org/standards/shared-mime-info" type="text/x-ms-regedit">
<!--Created automatically by update-mime-database. DO NOT EDIT!-->
  <comment>Windows Registry extract</comment>
  <comment xml:lang="ca">extracte del registre de Windows</comment>
  <comment xml:lang="cs">Část registrů Windows</comment>
  <comment xml:lang="fi">Windows-rekisteritietue</comment>
  <comment xml:lang="fr">extrait de registre Windows</comment>
  <comment xml:lang="hu">Windows Registry kivonat</comment>
  <comment xml:lang="it">Estratto Windows Registry</comment>
  <comment xml:lang="ko">윈도우즈 레지스트리 파일</comment>
  <comment xml:lang="nl">Windows Registry-extract</comment>
  <comment xml:lang="sv">Windows Registry-utdrag</comment>
  <comment xml:lang="vi">Bản trích Registry Windows</comment>
  <sub-class-of type="text/plain"/>
</mime-type>
