<?xml version="1.0" encoding="utf-8"?>
<mime-type xmlns="http://www.freedesktop.org/standards/shared-mime-info" type="text/x-pascal">
<!--Created automatically by update-mime-database. DO NOT EDIT!-->
  <comment>Pascal source code</comment>
  <comment xml:lang="bg">Изходен код — Pascal</comment>
  <comment xml:lang="ca">codi font en Pascal</comment>
  <comment xml:lang="cs">Zdrojový kód v Pascalu</comment>
  <comment xml:lang="da">Pascal-kildekode</comment>
  <comment xml:lang="de">Pascal-Quelltext</comment>
  <comment xml:lang="el">πηγαίος κώδικας Pascal</comment>
  <comment xml:lang="en_GB">Pascal source code</comment>
  <comment xml:lang="eo">Pascal-fontkodo</comment>
  <comment xml:lang="es">código fuente en Pascal</comment>
  <comment xml:lang="eu">Pascal iturburu-kodea</comment>
  <comment xml:lang="fi">Pascal-lähdekoodi</comment>
  <comment xml:lang="fr">code source Pascal</comment>
  <comment xml:lang="hu">Pascal-forráskód</comment>
  <comment xml:lang="it">Codice sorgente Pascal</comment>
  <comment xml:lang="ja">Pascal ソースコード</comment>
  <comment xml:lang="ko">파스칼 소스 코드</comment>
  <comment xml:lang="lt">Pascal pradinis kodas</comment>
  <comment xml:lang="ms">Kod sumber Pascal</comment>
  <comment xml:lang="nb">Pascal-kildekode</comment>
  <comment xml:lang="nl">Pascal-broncode</comment>
  <comment xml:lang="nn">Pascal-kjeldekode</comment>
  <comment xml:lang="pl">Kod źródłowy w Pascalu</comment>
  <comment xml:lang="pt">código fonte Pascal</comment>
  <comment xml:lang="pt_BR">Código fonte Pascal</comment>
  <comment xml:lang="ru">исходный код на языке Pascal</comment>
  <comment xml:lang="sq">Kod burues Pascal</comment>
  <comment xml:lang="sr">Паскал изворни ко̂д</comment>
  <comment xml:lang="sv">Pascal-källkod</comment>
  <comment xml:lang="uk">Вихідний код на мові Pascal</comment>
  <comment xml:lang="vi">Mã nguồn Pascal</comment>
  <comment xml:lang="zh_CN">Pascal 源代码</comment>
  <comment xml:lang="zh_TW">Pascal 源代碼</comment>
  <sub-class-of type="text/plain"/>
</mime-type>
