<?xml version="1.0" encoding="utf-8"?>
<mime-type xmlns="http://www.freedesktop.org/standards/shared-mime-info" type="text/x-python">
<!--Created automatically by update-mime-database. DO NOT EDIT!-->
  <comment>Python script</comment>
  <comment xml:lang="bg">Скрипт — Python</comment>
  <comment xml:lang="ca">script Python</comment>
  <comment xml:lang="cs">Skript v Pythonu</comment>
  <comment xml:lang="da">Python-program</comment>
  <comment xml:lang="de">Python-Skript</comment>
  <comment xml:lang="el">πρόγραμμα εντολών Python</comment>
  <comment xml:lang="en_GB">Python script</comment>
  <comment xml:lang="eo">Python-skripto</comment>
  <comment xml:lang="es">script en Python</comment>
  <comment xml:lang="eu">Python script-a</comment>
  <comment xml:lang="fi">Python-komentotiedosto</comment>
  <comment xml:lang="fr">script Python</comment>
  <comment xml:lang="hu">Python-parancsfájl</comment>
  <comment xml:lang="it">Script Python</comment>
  <comment xml:lang="ja">Python スクリプト</comment>
  <comment xml:lang="ko">Python 스크립트</comment>
  <comment xml:lang="lt">Python scenarijus</comment>
  <comment xml:lang="ms">Skrip Python</comment>
  <comment xml:lang="nb">Python-skript</comment>
  <comment xml:lang="nl">Python-script</comment>
  <comment xml:lang="nn">Python-skript</comment>
  <comment xml:lang="pl">Skrypt Pythona</comment>
  <comment xml:lang="pt">'script' Python</comment>
  <comment xml:lang="pt_BR">Script Python</comment>
  <comment xml:lang="ru">скрипт Python</comment>
  <comment xml:lang="sq">Script Python</comment>
  <comment xml:lang="sr">Питон скрипта</comment>
  <comment xml:lang="sv">Pythonskript</comment>
  <comment xml:lang="uk">Сценарій на мові Python</comment>
  <comment xml:lang="vi">Văn lệnh Python</comment>
  <comment xml:lang="zh_CN">Python 脚本</comment>
  <comment xml:lang="zh_TW">Python 描述語言檔</comment>
  <sub-class-of type="application/x-executable"/>
  <sub-class-of type="text/plain"/>
</mime-type>
