<?xml version="1.0" encoding="utf-8"?>
<mime-type xmlns="http://www.freedesktop.org/standards/shared-mime-info" type="text/x-readme">
<!--Created automatically by update-mime-database. DO NOT EDIT!-->
  <comment>README document</comment>
  <comment xml:lang="az">README sənədi</comment>
  <comment xml:lang="bg">Документ — „Да се прочете“</comment>
  <comment xml:lang="ca">document README</comment>
  <comment xml:lang="cs">Dokument README</comment>
  <comment xml:lang="cy">Dogfen README</comment>
  <comment xml:lang="da">README-dokument</comment>
  <comment xml:lang="de">README-Dokument</comment>
  <comment xml:lang="el">έγγραφο README</comment>
  <comment xml:lang="en_GB">README document</comment>
  <comment xml:lang="eo">README-dokumento</comment>
  <comment xml:lang="es">documento README</comment>
  <comment xml:lang="eu">README dokumentua</comment>
  <comment xml:lang="fi">LUEMINUT-asiakirja</comment>
  <comment xml:lang="fr">document LISEZ-MOI</comment>
  <comment xml:lang="hu">README-dokumentum</comment>
  <comment xml:lang="it">Documento README</comment>
  <comment xml:lang="ja">README ドキュメント</comment>
  <comment xml:lang="ko">README 문서</comment>
  <comment xml:lang="lt">README dokumentas</comment>
  <comment xml:lang="ms">Dokumen README</comment>
  <comment xml:lang="nb">README-dokument</comment>
  <comment xml:lang="nl">LEESMIJ-document</comment>
  <comment xml:lang="nn">README-dokument</comment>
  <comment xml:lang="pl">Dokument README</comment>
  <comment xml:lang="pt">documento LEIA-ME</comment>
  <comment xml:lang="pt_BR">Documento README</comment>
  <comment xml:lang="sq">Dokument MËLEXO</comment>
  <comment xml:lang="sr">ПРОЧИТАЈМЕ документ</comment>
  <comment xml:lang="sv">README-dokument</comment>
  <comment xml:lang="uk">Документ README</comment>
  <comment xml:lang="vi">Tài liệu Đọc Đi (README)</comment>
  <comment xml:lang="zh_CN">README 文档</comment>
  <comment xml:lang="zh_TW">README 說明文件</comment>
  <sub-class-of type="text/plain"/>
</mime-type>
