<?xml version="1.0" encoding="utf-8"?>
<mime-type xmlns="http://www.freedesktop.org/standards/shared-mime-info" type="text/x-scheme">
<!--Created automatically by update-mime-database. DO NOT EDIT!-->
  <comment>Scheme source code</comment>
  <comment xml:lang="az">Sxem mənbə kodu</comment>
  <comment xml:lang="bg">Изходен код — Scheme</comment>
  <comment xml:lang="ca">codi font en Scheme</comment>
  <comment xml:lang="cs">Zdrojový kód Scheme</comment>
  <comment xml:lang="cy">Ffynhonnell Rhaglen Scheme</comment>
  <comment xml:lang="da">Scheme-kildekode</comment>
  <comment xml:lang="de">Scheme-Quelltext</comment>
  <comment xml:lang="el">πηγαίος κώδικας Scheme</comment>
  <comment xml:lang="en_GB">Scheme source code</comment>
  <comment xml:lang="eo">Scheme-fontkodo</comment>
  <comment xml:lang="es">código fuente en Scheme</comment>
  <comment xml:lang="eu">Scheme iturburu-kodea</comment>
  <comment xml:lang="fi">Scheme-lähdekoodi</comment>
  <comment xml:lang="fr">code source Scheme</comment>
  <comment xml:lang="hu">Scheme-forráskód</comment>
  <comment xml:lang="it">Codice sorgente Scheme</comment>
  <comment xml:lang="ja">Scheme ソースコード</comment>
  <comment xml:lang="ko">Scheme 소스 코드</comment>
  <comment xml:lang="lt">Scheme pradinis kodas</comment>
  <comment xml:lang="ms">Kod sumber Scheme</comment>
  <comment xml:lang="nb">Scheme-kildekode</comment>
  <comment xml:lang="nl">Scheme-broncode</comment>
  <comment xml:lang="nn">Scheme kjeldekode</comment>
  <comment xml:lang="pl">Kod źródłowy Scheme</comment>
  <comment xml:lang="pt">código fonte Scheme</comment>
  <comment xml:lang="pt_BR">Código fonte Scheme</comment>
  <comment xml:lang="sq">Kod burues Scheme</comment>
  <comment xml:lang="sr">Scheme изворни ко̂д</comment>
  <comment xml:lang="sv">Scheme-källkod</comment>
  <comment xml:lang="uk">Вихідний файл на мові Scheme</comment>
  <comment xml:lang="vi">Mã nguồn Scheme</comment>
  <comment xml:lang="zh_CN">Scheme 源代码</comment>
  <comment xml:lang="zh_TW">Scheme 源代碼</comment>
  <sub-class-of type="text/plain"/>
</mime-type>
