<?xml version="1.0"?>
<gconf>
        <entry name="remember_numlock_state" mtime="1157589609" schema="/schemas/desktop/gnome/peripherals/keyboard/remember_numlock_state"/>
        <entry name="bell_custom_file" mtime="1157589609" schema="/schemas/desktop/gnome/peripherals/keyboard/bell_custom_file"/>
        <entry name="bell_duration" mtime="1157589609" schema="/schemas/desktop/gnome/peripherals/keyboard/bell_duration"/>
        <entry name="bell_pitch" mtime="1157589609" schema="/schemas/desktop/gnome/peripherals/keyboard/bell_pitch"/>
        <entry name="bell_mode" mtime="1157589609" schema="/schemas/desktop/gnome/peripherals/keyboard/bell_mode"/>
        <entry name="click_volume" mtime="1157589609" schema="/schemas/desktop/gnome/peripherals/keyboard/click_volume"/>
        <entry name="delay" mtime="1157589609" schema="/schemas/desktop/gnome/peripherals/keyboard/delay"/>
        <entry name="rate" mtime="1157589609" schema="/schemas/desktop/gnome/peripherals/keyboard/rate"/>
        <entry name="click" mtime="1157589609" schema="/schemas/desktop/gnome/peripherals/keyboard/click"/>
        <entry name="repeat" mtime="1157589609" schema="/schemas/desktop/gnome/peripherals/keyboard/repeat"/>
</gconf>
