{
    "id": "official.scenery_wall.post_flipped",
    "authors": [
        "OpenRCT2 developers",
        "Simon Foster"
    ],
    "version": "1.0",
    "sourceGame": "official",
    "objectType": "scenery_wall",
    "properties": {
        "isBanner": true,
        "hasPrimaryColour": true,
        "height": 4,
        "price": 70
    },
    "images": [
        "$RCT2:OBJDATA/WALLPOST.DAT[6..7]",
        "",
        "",
        "",
        "",
        "$RCT2:OBJDATA/WALLPOST.DAT[0..1]"
    ],
    "strings": {
        "name": {
            "en-GB": "Post",
            "fr-FR": "Poteau",
            "de-DE": "Pfosten",
            "es-ES": "Poste",
            "it-IT": "Sostegno",
            "ko-KR": "기둥",
            "zh-CN": "柱子",
            "zh-TW": "柱子",
            "pt-BR": "Estaca",
            "cs-CZ": "Sloup",
            "ja-JP": "柱",
            "nl-NL": "Paal",
            "pl-PL": "Słupek",
            "ru-RU": "Пост",
            "eo-ZZ": "Fosto",
            "fi-FI": "Tolppa"
        }
    }
}
