<?xml version="1.0"?>
<gconf>
        <entry name="use_custom" mtime="1136303139" type="schema" stype="bool" owner="evolution-mail">
        <local_schema locale="pt" short_desc="Utilizar fontes personalizadas">
                <longdesc>Utilizar fontes personalizadas para apresentar as mensagens</longdesc>
        </local_schema>
        <local_schema locale="uk" short_desc="Використовувати інші шрифти">
                <longdesc>Використовувати інші шрифти для відображення пошти</longdesc>
        </local_schema>
        <local_schema locale="en_CA" short_desc="Use custom fonts">
                <longdesc>Use custom fonts for displaying mail</longdesc>
        </local_schema>
        <local_schema locale="ne" short_desc="अनुकूलन फण्टहरू प्रयोग गर्नुहोस्">
                <longdesc>पत्र देखाउनका लागि अनुकूलन फण्टहरू प्रयोग गर्नुहोस्</longdesc>
        </local_schema>
        <local_schema locale="bg" short_desc="Използване на лични шрифтове">
                <longdesc>Използване на лични шрифтове за показване на пощата</longdesc>
        </local_schema>
        <local_schema locale="zh_CN" short_desc="使用自定义字体">
                <longdesc>使用自定义字体显示邮件</longdesc>
        </local_schema>
        <local_schema locale="be" short_desc="Выкарыстоўваць свае шрыфты">
                <longdesc>Выкарыстоўваць свае шрыфты для адлюстраваньня пошты</longdesc>
        </local_schema>
        <local_schema locale="C" short_desc="Use custom fonts">
                <default type="bool" value="false">
                </default>
                <longdesc>
	 Use custom fonts for displaying mail
         </longdesc>
        </local_schema>
        <local_schema locale="nb" short_desc="Bruk egendefinerte skrifter">
                <longdesc>Bruk tilpassede skrifttyper for e-postvisning</longdesc>
        </local_schema>
        <local_schema locale="pt_BR" short_desc="Usar fontes personalizadas">
                <longdesc>Usar fontes personalizadas para exibir as mensagens</longdesc>
        </local_schema>
        <local_schema locale="pl" short_desc="Użycie własnych czcionek">
                <longdesc>Użycie własnych czcionek do wyświetlania listów</longdesc>
        </local_schema>
        <local_schema locale="et" short_desc="Kohandatud kirjatüüpide kasutamine">
                <longdesc>Kohandatud kirjatüüpide kasutamine sõnumi näitamisel</longdesc>
        </local_schema>
        <local_schema locale="es" short_desc="Usar tipografía personalizada">
                <longdesc>Usar tipografía personalizada para mostrar el correo</longdesc>
        </local_schema>
        <local_schema locale="vi" short_desc="Sử dụng phông chữ tự chọn">
                <longdesc>Sử dụng phông chữ tự chọn để hiển thị thư</longdesc>
        </local_schema>
        <local_schema locale="ru" short_desc="Использовать другие шрифты">
                <longdesc>Использовать другие шрифты для отображения почты</longdesc>
        </local_schema>
        <local_schema locale="id" short_desc="Gunakan jenis huruf sendiri">
                <longdesc>Gunakan jenis huruf sendiri saat menampilkan email</longdesc>
        </local_schema>
        <local_schema locale="ko" short_desc="사용자 설정 글꼴 사용">
                <longdesc>메일을 표시할 때 사용자가 설정한 글꼴을 사용합니다</longdesc>
        </local_schema>
        <local_schema locale="lt" short_desc="Naudoti savo šriftus">
                <longdesc>Naudoti specialius šriftus rodant laiškus</longdesc>
        </local_schema>
        <local_schema locale="az" short_desc="Xüsusi yazı növlərini işlət">
                <longdesc>Məktubların göstərilməsi üçün xüsusi yazı növlərini işlət</longdesc>
        </local_schema>
        <local_schema locale="ca" short_desc="Utilitza els tipus de lletra personalitzats">
                <longdesc>Utilitza el tipus de lletra personalitzat per visualitzar el correu</longdesc>
        </local_schema>
        <local_schema locale="sv" short_desc="Använd anpassade typsnitt">
                <longdesc>Använd anpassade typsnitt för visning av e-post</longdesc>
        </local_schema>
        <local_schema locale="el" short_desc="Χρήση προσαρμοσμένης γραμματοσειράς">
                <longdesc>Χρήση προσαρμοσμένης γραμματοσειράς για την εμφάνιση αλληλογραφίας</longdesc>
        </local_schema>
        <local_schema locale="fr" short_desc="Utiliser des polices personnalisées">
                <longdesc>Utiliser des polices personnalisées pour afficher le courriel</longdesc>
        </local_schema>
        <local_schema locale="ro" short_desc="Foloseşte fonturi personalizate">
                <longdesc>Foloseşte fonturi personalizate pentru afişarea mailurilor</longdesc>
        </local_schema>
        <local_schema locale="de" short_desc="Benutzerdefinierte Schriften verwenden">
                <longdesc>Benutzerdefinierte Schriften zum Anzeigen von E-Mails verwenden</longdesc>
        </local_schema>
        <local_schema locale="sr@Latn" short_desc="Koristi prilagođene fontove">
                <longdesc>Koristi prilagođene fontove za prikaz pošte</longdesc>
        </local_schema>
        <local_schema locale="pa" short_desc="ਪਸੰਦੀਦਾ ਫੋਂਟ ਵਰਤੋਂ">
                <longdesc>ਪੱਤਰ ਵੇਖਾਉਣ ਲ਼ਈ ਪਸੰਦੀਦਾ ਫੋਂਟ ਵਰਤੋਂ</longdesc>
        </local_schema>
        <local_schema locale="gu" short_desc="કસ્ટમ ફોન્ટ વાપરો">
                <longdesc>મેઈલ પ્રદર્શિત કરવા માટે કસ્ટમ ફોન્ટ વાપરો</longdesc>
        </local_schema>
        <local_schema locale="sr" short_desc="Користи прилагођене фонтове">
                <longdesc>Користи прилагођене фонтове за приказ поште</longdesc>
        </local_schema>
        <local_schema locale="ja" short_desc="カスタム・フォントを使用する">
                <longdesc>メールを表示するフォントにカスタム・フォントを使用します。</longdesc>
        </local_schema>
        <local_schema locale="sq" short_desc="Përdor gërma të personalizuara">
                <longdesc>Përdor gërma të personalizuara për të shfaqur mesazhet</longdesc>
        </local_schema>
        <local_schema locale="da" short_desc="Brug tilpassede skrifttyper">
                <longdesc>Benyt tilpassede skrifttyper til e-post-visning</longdesc>
        </local_schema>
        <local_schema locale="xh" short_desc="Sebenzisa iifonti zomthengi">
                <longdesc>Sebenzisa iifonti zomthengi ukubonisa i-imeyili kwiskrini</longdesc>
        </local_schema>
        <local_schema locale="ar" short_desc="إستعمال خطوط مخصّصة">
                <longdesc>إستعمال خطوط مخصّصة لعرض البريد</longdesc>
        </local_schema>
        <local_schema locale="zh_TW" short_desc="使用自訂字型">
                <longdesc>使用自訂字型來顯示郵件</longdesc>
        </local_schema>
        <local_schema locale="fi" short_desc="Käytä omia kirjasimia">
                <longdesc>Käytä omia kirjasimia viestien näyttöön</longdesc>
        </local_schema>
        <local_schema locale="hu" short_desc="Egyéni betűkészlet használata">
                <longdesc>Egyéni betűkészlet használata levelek megjelenítéséhez</longdesc>
        </local_schema>
        <local_schema locale="tr" short_desc="Özel yazıtipleri kullan">
                <longdesc>Mektup gösterilirken özel yazıtipleri kullan</longdesc>
        </local_schema>
        <local_schema locale="en_GB" short_desc="Use custom fonts">
                <longdesc>Use custom fonts for displaying mail</longdesc>
        </local_schema>
        <local_schema locale="cy" short_desc="Defnyddio ffontiau addasedig">
                <longdesc>Defnyddio ffontiau addasedig i ddangos e-bost</longdesc>
        </local_schema>
        <local_schema locale="gl" short_desc="Usar fontes personalizadas">
                <longdesc>Usar fontes personalizadas para amosar o correo</longdesc>
        </local_schema>
        <local_schema locale="hr" short_desc="Koristi prilagođena pisma">
                <longdesc>Koristi prilagođena pisma za prikaz pošte</longdesc>
        </local_schema>
        <local_schema locale="no" short_desc="Bruk egendefinerte skrifter">
                <longdesc>Bruk tilpassede skrifttyper for e-postvisning</longdesc>
        </local_schema>
        <local_schema locale="nn" short_desc="Bruk sjølvvalde skrifttypar">
                <longdesc>Bruk sjølvvalde skrifttypar til å visa e-post</longdesc>
        </local_schema>
        <local_schema locale="it" short_desc="Usa caratteri personalizzati">
                <longdesc>Usa caratteri personalizzati per mostrare la posta</longdesc>
        </local_schema>
        <local_schema locale="bn" short_desc="স্বনির্বাচিত ফন্ট ব্যবহার করুন">
                <longdesc>স্বনির্বাচিত ফন্ট ব্যবহার করে মেইল প্রদর্শন করা হবে</longdesc>
        </local_schema>
        <local_schema locale="fa" short_desc="استفاده از قلم‌های سفارشی">
                <longdesc>استفاده از قلم‌های سفارشی برای نمایش نامه</longdesc>
        </local_schema>
        <local_schema locale="nl" short_desc="Aangepaste lettertypen gebruiken">
                <longdesc>Aangepaste lettertypen gebruiken voor berichtweergave</longdesc>
        </local_schema>
        <local_schema locale="cs" short_desc="Používat vlastní písma">
                <longdesc>Používat pro zobrazování pošty vlastní písma</longdesc>
        </local_schema>
        </entry>
        <entry name="monospace" mtime="1136303139" type="schema" stype="string" owner="evolution-mail">
        <local_schema locale="pt" short_desc="Fonte de consola">
                <longdesc>A fonte de consola para apresentação de mensagens</longdesc>
        </local_schema>
        <local_schema locale="uk" short_desc="Термінальний шрифт">
                <longdesc>Шрифт терміналу (моноширинний) для відображення пошти</longdesc>
        </local_schema>
        <local_schema locale="en_CA" short_desc="Terminal font">
                <longdesc>The terminal font for mail display</longdesc>
        </local_schema>
        <local_schema locale="ne" short_desc="टर्मिनल फण्ट">
                <longdesc>पत्र प्रदर्शन गर्न टर्मिनल फण्ट</longdesc>
        </local_schema>
        <local_schema locale="bg" short_desc="Терминален шрифт">
                <longdesc>Терминалният шрифт за показване на пощата</longdesc>
        </local_schema>
        <local_schema locale="zh_CN" short_desc="终端字体">
                <longdesc>邮件显示用的终端字体</longdesc>
        </local_schema>
        <local_schema locale="be" short_desc="Тэрмінальны шрыфт">
                <longdesc>Шрыфт тэрміналу для адлюстраваньня пошты</longdesc>
        </local_schema>
        <local_schema locale="C" short_desc="Terminal font">
                <default type="string">
                        <stringvalue>Monospace 12</stringvalue>
                </default>
                <longdesc>
	 The terminal font for mail display 
         </longdesc>
        </local_schema>
        <local_schema locale="nb" short_desc="Terminalskrift">
                <longdesc>Terminalskrift for meldingsvisning</longdesc>
        </local_schema>
        <local_schema locale="pt_BR" short_desc="Fonte de terminal">
                <longdesc>A fonte de terminal para exibição de correio</longdesc>
        </local_schema>
        <local_schema locale="pl" short_desc="Czcionka terminalowa">
                <longdesc>Czcionka terminalowa do wyświetlania wiadomości</longdesc>
        </local_schema>
        <local_schema locale="et" short_desc="Terminali kirjatüüp">
                <longdesc>Terminali kirjatüüp sõnumikuvas</longdesc>
        </local_schema>
        <local_schema locale="es" short_desc="Tipografía del terminal">
                <longdesc>La tipografía de terminal para mostrar el correo</longdesc>
        </local_schema>
        <local_schema locale="vi" short_desc="Phông chữ thiết bị cuối">
                <longdesc>Phông chữ thiết bị cuối để hiển thị thư</longdesc>
        </local_schema>
        <local_schema locale="ru" short_desc="Шрифт терминала">
                <longdesc>Шрифт терминала для отображения почты</longdesc>
        </local_schema>
        <local_schema locale="id" short_desc="Huruf jenis Terminal">
        </local_schema>
        <local_schema locale="ko" short_desc="터미널 글꼴">
                <longdesc>메일을 표시할 터미널 글꼴</longdesc>
        </local_schema>
        <local_schema locale="lt" short_desc="Terminalo šriftas">
                <longdesc>Pašto išvedime naudojamas terminalo šriftas</longdesc>
        </local_schema>
        <local_schema locale="az" short_desc="Terminal yazı növü">
                <longdesc>Məktublarda göstərilməsi üçün terminal yazı növü</longdesc>
        </local_schema>
        <local_schema locale="ca" short_desc="Tipus de lletra de terminal">
                <longdesc>El tipus de lletra de terminal per visualitzar el correu</longdesc>
        </local_schema>
        <local_schema locale="sv" short_desc="Terminaltypsnitt">
                <longdesc>Terminaltypsnittet för e-postvisning</longdesc>
        </local_schema>
        <local_schema locale="el" short_desc="Γραμματοσειρά τερματικού">
                <longdesc>Η γραμματοσειρά τερματικού για για εμφάνιση αλληλογραφίας</longdesc>
        </local_schema>
        <local_schema locale="fr" short_desc="Police du terminal">
                <longdesc>Les polices de terminal pour l&apos;affichage des mails</longdesc>
        </local_schema>
        <local_schema locale="ro" short_desc="Fontul pentru terminal">
                <longdesc>Fontul de terminal pentru afişarea mailului</longdesc>
        </local_schema>
        <local_schema locale="de" short_desc="Terminal-Schrift">
                <longdesc>Die zum Anzeigen von E-Mails verwendete Terminal-Schrift</longdesc>
        </local_schema>
        <local_schema locale="sr@Latn" short_desc="Font terminala">
                <longdesc>Font terminala za prikaz pošte</longdesc>
        </local_schema>
        <local_schema locale="pa" short_desc="ਟਰਮੀਨਲ ਫੋਟ">
                <longdesc>ਪੱਤਰ ਵੇਖਾਉਣ ਲਈ ਟਰਮੀਨਲ ਫੋਂਟ</longdesc>
        </local_schema>
        <local_schema locale="gu" short_desc="ટર્મિનલ ફોન્ટ">
                <longdesc>મેઈલ પ્રદર્શિત કરવા માટેના ટર્મિનલ ફોન્ટ</longdesc>
        </local_schema>
        <local_schema locale="sr" short_desc="Фонт терминала">
                <longdesc>Фонт терминала за приказ поште</longdesc>
        </local_schema>
        <local_schema locale="ja" short_desc="端末のフォント">
                <longdesc>メールを表示するための端末フォントです。</longdesc>
        </local_schema>
        <local_schema locale="sq" short_desc="Gërmat e terminalit">
                <longdesc>Gërmat e terminalit për shfaqjen e mesazhit</longdesc>
        </local_schema>
        <local_schema locale="da" short_desc="Terminalskrifttype">
                <longdesc>Terminalskrifttypen for beskedvisning</longdesc>
        </local_schema>
        <local_schema locale="xh" short_desc="Ifonti yekhompyutha exhomekeke kwenye">
                <longdesc>Ifonti yekhompyutha exhomekeke kwenye neyenzelwe ukubonisa i-imeyili kwiskrini</longdesc>
        </local_schema>
        <local_schema locale="ar" short_desc="خط الشاشة الطرفيّة">
                <longdesc>خط الشاشة الطرفيّة لعرض البريد</longdesc>
        </local_schema>
        <local_schema locale="zh_TW" short_desc="終端機字型">
                <longdesc>用於郵件顯示的終端機字型</longdesc>
        </local_schema>
        <local_schema locale="fi" short_desc="Päätteen kirjasin">
                <longdesc>Päätekirjasin viestien näyttöön</longdesc>
        </local_schema>
        <local_schema locale="hu" short_desc="Terminál betűkészlete">
                <longdesc>A levelek megjelenítéséhez használt terminál-betűkészlet</longdesc>
        </local_schema>
        <local_schema locale="tr" short_desc="Uçbirim yazıtipi">
                <longdesc>Mektup gösterimi için uçbirim yazıtipi</longdesc>
        </local_schema>
        <local_schema locale="en_GB" short_desc="Terminal font">
                <longdesc>The terminal font for mail display</longdesc>
        </local_schema>
        <local_schema locale="cy" short_desc="Ffont terfynell">
                <longdesc>Y ffont terfynell er mwyn dangos e-bost</longdesc>
        </local_schema>
        <local_schema locale="gl" short_desc="Fonte da terminal">
                <longdesc>A fonte de terminal para amosar correo</longdesc>
        </local_schema>
        <local_schema locale="hr" short_desc="Pismo terminala">
                <longdesc>Pismo terminala za prikaz pošte</longdesc>
        </local_schema>
        <local_schema locale="no" short_desc="Terminalskrift">
                <longdesc>Terminalskrift for meldingsvisning</longdesc>
        </local_schema>
        <local_schema locale="nn" short_desc="Terminalskrifttype">
                <longdesc>Terminalskrifttypen brukt til å visa e-post</longdesc>
        </local_schema>
        <local_schema locale="it" short_desc="Carattere del terminale">
                <longdesc>Il carattere da terminale per la visualizzazione della posta</longdesc>
        </local_schema>
        <local_schema locale="bn" short_desc="টার্মিন্যালের ফন্ট">
                <longdesc>মেইল প্রদর্শনের জন্য টার্মিন্যালে যে ফন্ট ব্যবহার করা হবে</longdesc>
        </local_schema>
        <local_schema locale="fa" short_desc="قلم پایانه">
                <longdesc>قلم پایانه برای نمایش نامه</longdesc>
        </local_schema>
        <local_schema locale="nl" short_desc="Terminal-lettertype">
                <longdesc>Het terminal-lettertype voor de weergave van mail</longdesc>
        </local_schema>
        <local_schema locale="cs" short_desc="Písmo terminálu">
                <longdesc>Písmo terminálu pro zobrazování pošty</longdesc>
        </local_schema>
        </entry>
        <entry name="variable" mtime="1136303139" type="schema" stype="string" owner="evolution-mail">
        <local_schema locale="pt" short_desc="Fonte de largura variável">
                <longdesc>A fonte de largura variável para apresentação de mensagens</longdesc>
        </local_schema>
        <local_schema locale="uk" short_desc="Шрифт змінної ширини">
                <longdesc>Пропорційний шрифт для відображення пошти</longdesc>
        </local_schema>
        <local_schema locale="en_CA" short_desc="Variable width font">
                <longdesc>The variable width font for mail display</longdesc>
        </local_schema>
        <local_schema locale="ne" short_desc="चल चौडाई फण्ट">
                <longdesc>पत्र प्रदर्शनका लागि चल चौडाई फण्ट</longdesc>
        </local_schema>
        <local_schema locale="bg" short_desc="Шрифт с променлива ширина">
                <longdesc>Използваният за показване на писмата шрифт с променлива широчина</longdesc>
        </local_schema>
        <local_schema locale="zh_CN" short_desc="变宽字体">
                <longdesc>用于显示邮件的变宽字体</longdesc>
        </local_schema>
        <local_schema locale="be" short_desc="Шрыфт зьменнай шырыні">
                <longdesc>Прапарцаянальны шрыфт для адлюстраваньня пошты</longdesc>
        </local_schema>
        <local_schema locale="C" short_desc="Variable width font">
                <default type="string">
                        <stringvalue>Sans 12</stringvalue>
                </default>
                <longdesc>
	 The variable width font for mail display 
         </longdesc>
        </local_schema>
        <local_schema locale="nb" short_desc="Skrift for variabel bredde">
                <longdesc>Skrift med variabel bredde for meldingsvisning</longdesc>
        </local_schema>
        <local_schema locale="pt_BR" short_desc="Fonte de largura variável">
                <longdesc>A fonte de largura variável para exibição de correio</longdesc>
        </local_schema>
        <local_schema locale="pl" short_desc="Czcionka o zmiennej szerokości">
                <longdesc>Czcionka o zmiennej szerokości do wyświetlania wiadomości</longdesc>
        </local_schema>
        <local_schema locale="et" short_desc="Muutuva laiusega kirjatüüp">
                <longdesc>Muutuva laiusega kirjatüüp sõnumikuvas</longdesc>
        </local_schema>
        <local_schema locale="es" short_desc="Tipografía de anchura variable">
                <longdesc>La letra de anchura variable para mostrar el correo</longdesc>
        </local_schema>
        <local_schema locale="vi" short_desc="Phông chữ rộng biến">
                <longdesc>Phông chữ độ rộng thay đổi để hiển thị thư</longdesc>
        </local_schema>
        <local_schema locale="ru" short_desc="Шрифт переменной ширины">
                <longdesc>Пропорциональный шрифт для отображения почты</longdesc>
        </local_schema>
        <local_schema locale="id" short_desc="Huruf lebar bebas">
        </local_schema>
        <local_schema locale="ko" short_desc="가변폭 글꼴">
                <longdesc>메일을 표시할 가변폭 글꼴</longdesc>
        </local_schema>
        <local_schema locale="lt" short_desc="Kintamo pločio šriftas">
                <longdesc>Pašto išvedime naudojamas kintamo pločio šriftas</longdesc>
        </local_schema>
        <local_schema locale="az" short_desc="Dəyişən enli yazı növü:">
                <longdesc>Məktublarda göstərilməsi üçün dəyişən enli yazı növü</longdesc>
        </local_schema>
        <local_schema locale="ca" short_desc="Tipus de lletra de mida variable">
                <longdesc>El tipus de lletra de mida variable per visualitzar el correu</longdesc>
        </local_schema>
        <local_schema locale="sv" short_desc="Typsnitt med variabelt breddsteg">
                <longdesc>Det typsnitt med variabelt breddsteg som ska användas för e-postvisning</longdesc>
        </local_schema>
        <local_schema locale="el" short_desc="Γραμματοσειρά μεταβλητού πλάτους">
                <longdesc>Η γραμματοσειρά μεταβλητού πλάτους για εμφάνιση αλληλογραφίας</longdesc>
        </local_schema>
        <local_schema locale="fr" short_desc="Largeur de polices variable">
                <longdesc>Sélection d&apos;une police HTML à largeur variable pour l&apos;afficher des messages</longdesc>
        </local_schema>
        <local_schema locale="ro" short_desc="Font cu lăţime variabilă">
                <longdesc>Fontul de lăţime variabilă pentru afişarea mailului</longdesc>
        </local_schema>
        <local_schema locale="de" short_desc="Schrift variabler Breite">
                <longdesc>Die zum Anzeigen von E-Mails verwendete Schrift variabler Breite</longdesc>
        </local_schema>
        <local_schema locale="sr@Latn" short_desc="Font promenljive veličine">
                <longdesc>Font promenljive veličine za prikaz pošte</longdesc>
        </local_schema>
        <local_schema locale="pa" short_desc="ਅਸਥਿਰ ਚੌੜਾਈ ਫੋਂਟ">
                <longdesc>ਪੱਤਰ ਵੇਖਾਉਣ ਲਈ ਅਸਥਿਰ ਫੋਂਟ</longdesc>
        </local_schema>
        <local_schema locale="gu" short_desc="ચલિત પહોળાઈના ફોન્ટ">
                <longdesc>મેઈલ પ્રદર્શિત કરવા માટે ચલિત પહોળાઈના ફોન્ટ</longdesc>
        </local_schema>
        <local_schema locale="sr" short_desc="Фонт променљиве величине">
                <longdesc>Фонт променљиве величине за приказ поште</longdesc>
        </local_schema>
        <local_schema locale="ja" short_desc="可変幅フォント">
                <longdesc>メールを表示するための可変幅フォントです。</longdesc>
        </local_schema>
        <local_schema locale="sq" short_desc="Gjerësia e ndryshueshme e gërmave">
                <longdesc>Gjerësia e ndryshueshme e gërmave për shfaqjen e mesazheve</longdesc>
        </local_schema>
        <local_schema locale="da" short_desc="Skrifttype med variabel bredde">
                <longdesc>Skrifttypen med variabel bredde til visning af e-post</longdesc>
        </local_schema>
        <local_schema locale="xh" short_desc="Ububanzi befonti obuguquguqukayo">
                <longdesc>Ifonti yobubanzi obuguquguqukayo neyenzelwe ukubonisa i-imeyili kwiskrini</longdesc>
        </local_schema>
        <local_schema locale="ar" short_desc="خط متغير العرض">
                <longdesc>الخط المتغيّر العرض لعرض البريد</longdesc>
        </local_schema>
        <local_schema locale="zh_TW" short_desc="變動寬度字型">
                <longdesc>用於郵件顯示的變動寬度字型</longdesc>
        </local_schema>
        <local_schema locale="fi" short_desc="Vaihtuvanlevyinen kirjasin">
                <longdesc>Vaihtelevan levyinen kirjasin viestien näyttöön</longdesc>
        </local_schema>
        <local_schema locale="hu" short_desc="Változó szélességű betűkészlet">
                <longdesc>A levelek megjelenítéséhez használt változó szélességű betűkészlet</longdesc>
        </local_schema>
        <local_schema locale="tr" short_desc="Değişken genişlikli yazıtipi">
                <longdesc>Mektup gösterimi için değişken genişlikli yazıtipi</longdesc>
        </local_schema>
        <local_schema locale="en_GB" short_desc="Variable width font">
                <longdesc>The variable width font for mail display</longdesc>
        </local_schema>
        <local_schema locale="cy" short_desc="Ffont lled amrywiol">
                <longdesc>Y ffont lled newidiol er mwyn dangos e-bost</longdesc>
        </local_schema>
        <local_schema locale="gl" short_desc="Fonte de anchura variable">
                <longdesc>A letra de anchura variable para amosar correo</longdesc>
        </local_schema>
        <local_schema locale="hr" short_desc="Font promjenljive širine">
                <longdesc>Pismo varijabilne širine za prikaz pošte</longdesc>
        </local_schema>
        <local_schema locale="no" short_desc="Skrift for variabel bredde">
                <longdesc>Skrift med variabel bredde for meldingsvisning</longdesc>
        </local_schema>
        <local_schema locale="nn" short_desc="Skrifttype med variabel breidde">
                <longdesc>Skrifttype med variabel breidde brukt til å visa e-post</longdesc>
        </local_schema>
        <local_schema locale="it" short_desc="Carattere a larghezza variabile">
                <longdesc>Il carattere a larghezza variabile per la visualizzazione dei messaggi</longdesc>
        </local_schema>
        <local_schema locale="bn" short_desc="পরিবর্তনশীল-বিস্তারের ফন্ট">
                <longdesc>মেইল প্রদর্শন করার জন্য HTML-এর পরিবর্তনশীল বিস্তারের ফন্ট</longdesc>
        </local_schema>
        <local_schema locale="fa" short_desc="قلم با عرض متغیر">
                <longdesc>قلم با عرض متغیر برای نمایش نامه</longdesc>
        </local_schema>
        <local_schema locale="nl" short_desc="Lettertype met variabele breedte">
                <longdesc>Het lettertype met variabele breedte voor weergave van berichten</longdesc>
        </local_schema>
        <local_schema locale="cs" short_desc="Písmo s proměnlivou šířkou:">
                <longdesc>Písmo s proměnnou šířkou pro zobrazování pošty</longdesc>
        </local_schema>
        </entry>
</gconf>
