<?xml version="1.0" encoding="utf-8"?>
<mime-type xmlns="http://www.freedesktop.org/standards/shared-mime-info" type="inode/blockdevice">
<!--Created automatically by update-mime-database. DO NOT EDIT!-->
  <comment>block device</comment>
  <comment xml:lang="be@latin">blokavaja pryłada</comment>
  <comment xml:lang="bg">Блоково устройство</comment>
  <comment xml:lang="ca">dispositiu de blocs</comment>
  <comment xml:lang="cs">Blokové zařízení</comment>
  <comment xml:lang="da">blokenhed</comment>
  <comment xml:lang="de">Blockgerät</comment>
  <comment xml:lang="el">συσκευή block</comment>
  <comment xml:lang="en_GB">block device</comment>
  <comment xml:lang="eo">bloka disponaĵo</comment>
  <comment xml:lang="es">dispositivo de bloques</comment>
  <comment xml:lang="eu">bloke-gailua</comment>
  <comment xml:lang="fi">laitetiedosto</comment>
  <comment xml:lang="fr">périphérique de blocs</comment>
  <comment xml:lang="ga">gléas bloc</comment>
  <comment xml:lang="hu">blokkos eszköz</comment>
  <comment xml:lang="id">blok divais</comment>
  <comment xml:lang="it">Device a blocchi</comment>
  <comment xml:lang="ja">ブロックデバイス</comment>
  <comment xml:lang="ko">블럭 장치</comment>
  <comment xml:lang="lt">blokinis įrenginys</comment>
  <comment xml:lang="ms">Peranti blok</comment>
  <comment xml:lang="nb">blokkenhet</comment>
  <comment xml:lang="nl">blok-apparaat</comment>
  <comment xml:lang="nn">blokk-eining</comment>
  <comment xml:lang="pl">urządzenie blokowe</comment>
  <comment xml:lang="pt">dispositivo de bloco</comment>
  <comment xml:lang="pt_BR">Dispositivo de bloco</comment>
  <comment xml:lang="ru">блочное устройство</comment>
  <comment xml:lang="sq">dispozitiv me blloqe</comment>
  <comment xml:lang="sr">блок уређај</comment>
  <comment xml:lang="sv">blockenhet</comment>
  <comment xml:lang="uk">блочний пристрій</comment>
  <comment xml:lang="vi">thiết bị khối</comment>
  <comment xml:lang="zh_CN">块设备</comment>
  <comment xml:lang="zh_TW">區塊裝置</comment>
</mime-type>
