{
    "id": "rct2.scenery_wall.wfw1",
    "authors": [
        "Chris Sawyer",
        "Simon Foster"
    ],
    "version": "1.0",
    "originalId": "0A188083|WFW1    |D1026E02",
    "sourceGame": [
        "rct2",
        "rct1"
    ],
    "objectType": "scenery_wall",
    "properties": {
        "hasPrimaryColour": true,
        "isAllowedOnSlope": true,
        "height": 2,
        "price": 40
    },
    "images": [
        "$RCT2:OBJDATA/WFW1.DAT[0..5]"
    ],
    "strings": {
        "name": {
            "en-GB": "Wooden Fence",
            "fr-FR": "Clôture en bois",
            "de-DE": "Holzzaun",
            "es-ES": "Valla de madera",
            "it-IT": "Recinto di legno",
            "nl-NL": "Houten schutting",
            "sv-SE": "Trästaket",
            "ko-KR": "나무 울타리",
            "zh-CN": "木式栅栏",
            "zh-TW": "木式柵欄",
            "pt-BR": "Cerca de Madeira",
            "cs-CZ": "Dřevěný plot",
            "ja-JP": "木製のフェンス",
            "pl-PL": "Drewniany płot",
            "ru-RU": "Забор",
            "eo-ZZ": "Ligna Barilo",
            "ca-ES": "Tanca de fusta",
            "fi-FI": "Puinen aita"
        }
    }
}
