{
    "id": "rct2.scenery_wall.wallig24",
    "authors": [
        "Chris Sawyer",
        "Simon Foster"
    ],
    "version": "1.0",
    "originalId": "0A188083|WALLIG24|FFA037CA",
    "sourceGame": "rct2",
    "objectType": "scenery_wall",
    "properties": {
        "height": 3,
        "price": 80,
        "sceneryGroup": "rct2.scenery_group.scgwalls"
    },
    "images": [
        "$RCT2:OBJDATA/WALLIG24.DAT[0..1]"
    ],
    "strings": {
        "name": {
            "en-GB": "Igloo Wall",
            "fr-FR": "Mur d’igloo",
            "de-DE": "Igluwand",
            "es-ES": "Pared de iglú",
            "it-IT": "Parete dell’igloo",
            "nl-NL": "Iglomuur",
            "sv-SE": "Igloo-vägg",
            "ko-KR": "이글루 벽",
            "zh-CN": "圆顶墙",
            "zh-TW": "圓頂牆",
            "pt-BR": "Parede de Iglu",
            "cs-CZ": "Stěna iglú",
            "ja-JP": "イグルーの壁",
            "pl-PL": "Ściana igloo",
            "ru-RU": "Стена иглу",
            "eo-ZZ": "Muro de Iglo",
            "ca-ES": "Paret d’iglú",
            "fi-FI": "Iglun seinä"
        }
    }
}
