{
    "id": "rct2.scenery_wall.wwtwa",
    "authors": [
        "Chris Sawyer",
        "Simon Foster"
    ],
    "version": "1.0",
    "originalId": "0A188083|WWTWA   |94A393D0",
    "sourceGame": "rct2",
    "objectType": "scenery_wall",
    "properties": {
        "height": 4,
        "price": 60,
        "sceneryGroup": "rct2.scenery_group.scgwalls"
    },
    "images": [
        "$RCT2:OBJDATA/WWTWA.DAT[0..1]"
    ],
    "strings": {
        "name": {
            "en-GB": "Wooden Fence Wall",
            "fr-FR": "Mur en clôture de bois",
            "de-DE": "Holzzaunwand",
            "es-ES": "Valla de madera",
            "it-IT": "Muro a recinto di legno",
            "nl-NL": "Houten hek",
            "sv-SE": "Trästängsel",
            "ko-KR": "나무 울타리 벽",
            "zh-CN": "木式围墙",
            "zh-TW": "木式圍牆",
            "pt-BR": "Cerca de Madeira",
            "cs-CZ": "Stěna ze dřevěného plotu",
            "ja-JP": "木製のフェンスの壁",
            "pl-PL": "Ściana z desek",
            "ru-RU": "Деревянный забор",
            "eo-ZZ": "Ligna Barilo-Muro",
            "ca-ES": "Paret de fusta",
            "fi-FI": "Puinen aitaseinä"
        }
    }
}
