{
    "id": "rct2.scenery_wall.wallwdps",
    "authors": [
        "Chris Sawyer",
        "Simon Foster"
    ],
    "version": "1.0",
    "originalId": "0A188083|WALLWDPS|1E81D5B7",
    "sourceGame": "rct2",
    "objectType": "scenery_wall",
    "properties": {
        "hasPrimaryColour": true,
        "isOpaque": true,
        "isAllowedOnSlope": true,
        "height": 1,
        "price": 40,
        "sceneryGroup": "rct2.scenery_group.scgfence"
    },
    "images": [
        "$RCT2:OBJDATA/WALLWDPS.DAT[0..5]"
    ],
    "strings": {
        "name": {
            "en-GB": "Wooden Post Fence",
            "fr-FR": "Clôture avec poteaux de bois",
            "de-DE": "Holzpfostenzaun",
            "es-ES": "Poste de madera",
            "it-IT": "Recinto di sostegno in legno",
            "nl-NL": "Hek van houten palen",
            "sv-SE": "Stolpstaket",
            "ko-KR": "나무 울타리",
            "zh-CN": "木桩栅栏",
            "zh-TW": "木樁柵欄",
            "pt-BR": "Cerca de Poste de Madeira",
            "cs-CZ": "Dřevěný sloup v plotě",
            "ja-JP": "木製の柱の壁",
            "pl-PL": "Płotek drewniany",
            "ru-RU": "Забор",
            "eo-ZZ": "Barilo el Lignaj Fostoj",
            "ca-ES": "Tanca de pals de fusta",
            "fi-FI": "Puutolppa-aita"
        }
    }
}
