{
    "id": "rct2.scenery_wall.wallstwn",
    "authors": [
        "Chris Sawyer",
        "Simon Foster"
    ],
    "version": "1.0",
    "originalId": "0A188083|WALLSTWN|CE727918",
    "sourceGame": "rct2",
    "objectType": "scenery_wall",
    "properties": {
        "hasPrimaryColour": true,
        "height": 2,
        "price": 50,
        "sceneryGroup": "rct2.scenery_group.scgwalls"
    },
    "images": [
        "$RCT2:OBJDATA/WALLSTWN.DAT[0..1]"
    ],
    "strings": {
        "name": {
            "en-GB": "Steel Wall",
            "fr-FR": "Mur en tôle",
            "de-DE": "Stahlwand",
            "es-ES": "Pared de acero",
            "it-IT": "Muro d’acciaio",
            "nl-NL": "Stalen wand",
            "sv-SE": "Stålvägg",
            "ko-KR": "강철 벽",
            "zh-CN": "铁墙",
            "zh-TW": "鐵牆",
            "pt-BR": "Parede de Aço",
            "cs-CZ": "Ocelová stěna",
            "ja-JP": "スチール製の壁",
            "pl-PL": "Stalowa ściana",
            "ru-RU": "Стена",
            "eo-ZZ": "Ŝtala Muro",
            "ca-ES": "Paret d’acer",
            "fi-FI": "Teräksinen seinä"
        }
    }
}
