{
    "id": "rct2.scenery_wall.wmw",
    "authors": [
        "Chris Sawyer",
        "Simon Foster"
    ],
    "version": "1.0",
    "originalId": "0A188083|WMW     |7EEA8099",
    "sourceGame": [
        "rct2",
        "rct1"
    ],
    "objectType": "scenery_wall",
    "properties": {
        "isAllowedOnSlope": true,
        "height": 4,
        "price": 60,
        "sceneryGroup": "rct2.scenery_group.scgfence"
    },
    "images": [
        "$RCT2:OBJDATA/WMW.DAT[0..5]"
    ],
    "strings": {
        "name": {
            "en-GB": "Martian Wall",
            "fr-FR": "Mur martien",
            "de-DE": "Mars-Wand",
            "es-ES": "Pared marciana",
            "it-IT": "Muro marziano",
            "nl-NL": "Buitenaardse muur",
            "sv-SE": "Marsmur",
            "ko-KR": "화성식 벽",
            "zh-CN": "火星-墙",
            "zh-TW": "火星人的牆",
            "pt-BR": "Parede Marciana",
            "cs-CZ": "Marťanská zeď",
            "ja-JP": "火星人風の壁",
            "pl-PL": "Ściana marsjańska",
            "ru-RU": "Стена",
            "eo-ZZ": "Marsa Muro",
            "ca-ES": "Paret marciana",
            "fi-FI": "Marsilainen seinä"
        }
    }
}
