{
    "id": "rct2.scenery_wall.wc14",
    "authors": [
        "Chris Sawyer",
        "Simon Foster"
    ],
    "version": "1.0",
    "originalId": "0A188083|WC14    |AD58E567",
    "sourceGame": [
        "rct2",
        "rct1ll"
    ],
    "objectType": "scenery_wall",
    "properties": {
        "isAllowedOnSlope": true,
        "height": 3,
        "price": 50,
        "sceneryGroup": "rct2.scenery_group.scgfence"
    },
    "images": [
        "$RCT2:OBJDATA/WC14.DAT[0..5]"
    ],
    "strings": {
        "name": {
            "en-GB": "Wall",
            "fr-FR": "Mur",
            "de-DE": "Wand",
            "es-ES": "Pared",
            "it-IT": "Muro",
            "nl-NL": "Muur",
            "sv-SE": "Mur",
            "ko-KR": "벽",
            "zh-CN": "墙",
            "zh-TW": "牆",
            "pt-BR": "Parede",
            "cs-CZ": "Stěna",
            "ja-JP": "壁",
            "pl-PL": "Ściana",
            "ru-RU": "Блок",
            "eo-ZZ": "Muro",
            "ca-ES": "Paret",
            "fi-FI": "Seinä"
        }
    }
}
