{
    "id": "rct2.scenery_wall.wc17",
    "authors": [
        "Chris Sawyer",
        "Simon Foster"
    ],
    "version": "1.0",
    "originalId": "0A188083|WC17    |BD358821",
    "sourceGame": [
        "rct2",
        "rct1ll"
    ],
    "objectType": "scenery_wall",
    "properties": {
        "hasPrimaryColour": true,
        "isAllowedOnSlope": true,
        "height": 2,
        "price": 40,
        "sceneryGroup": "rct2.scenery_group.scgfence"
    },
    "images": [
        "$RCT2:OBJDATA/WC17.DAT[0..5]"
    ],
    "strings": {
        "name": {
            "en-GB": "Wooden Fence",
            "fr-FR": "Clôture en bois",
            "de-DE": "Holzwand",
            "es-ES": "Valla de madera",
            "it-IT": "Recinto di legno",
            "nl-NL": "Besneeuwde houten schutting",
            "sv-SE": "Trästaket",
            "ko-KR": "나무 울타리",
            "zh-CN": "木式栅栏",
            "zh-TW": "木式柵欄",
            "pt-BR": "Cerca de Madeira",
            "cs-CZ": "Dřevěný plot",
            "ja-JP": "木製のフェンス",
            "pl-PL": "Płot drewniany",
            "ru-RU": "Забор",
            "eo-ZZ": "Ligna Barilo",
            "ca-ES": "Tanca de fusta",
            "fi-FI": "Puinen aita"
        }
    }
}
