{
    "id": "rct2.scenery_wall.wallcfar",
    "authors": [
        "Chris Sawyer",
        "Simon Foster"
    ],
    "version": "1.0",
    "originalId": "0A188F83|WALLCFAR|02A53FF1",
    "sourceGame": "rct2",
    "objectType": "scenery_wall",
    "properties": {
        "hasPrimaryColour": true,
        "isOpaque": true,
        "height": 4,
        "price": 90
    },
    "images": [
        "$RCT2:OBJDATA/WALLCFAR.DAT[0..1]"
    ],
    "strings": {
        "name": {
            "en-GB": "Wall Arch",
            "fr-FR": "Voûte",
            "de-DE": "Wandbogen",
            "es-ES": "Arco de pared",
            "it-IT": "Muro",
            "nl-NL": "Muur met boog",
            "sv-SE": "Sköldbåge",
            "ko-KR": "벽 아치",
            "zh-CN": "拱门",
            "zh-TW": "拱門",
            "pt-BR": "Arco de Parede",
            "cs-CZ": "Stěna",
            "ja-JP": "壁のアーチ",
            "pl-PL": "Ściana łuk",
            "ru-RU": "Арка",
            "eo-ZZ": "Murarko",
            "ca-ES": "Paret amb arc",
            "fi-FI": "Seinäholvi"
        }
    }
}
