{
    "id": "rct2.scenery_wall.wwtw",
    "authors": [
        "Chris Sawyer",
        "Simon Foster"
    ],
    "version": "1.0",
    "originalId": "0A188083|WWTW    |280B4965",
    "sourceGame": [
        "rct2",
        "rct1aa"
    ],
    "objectType": "scenery_wall",
    "properties": {
        "isAllowedOnSlope": true,
        "height": 6,
        "price": 60,
        "sceneryGroup": "rct2.scenery_group.scgfence"
    },
    "images": [
        "$RCT2:OBJDATA/WWTW.DAT[0..5]"
    ],
    "strings": {
        "name": {
            "en-GB": "Tall Wooden Fence",
            "fr-FR": "Grande clôture en bois",
            "de-DE": "Hoher Holzzaun",
            "es-ES": "Valla alta de madera",
            "it-IT": "Alto recinto di legno",
            "nl-NL": "Hoog houten hek",
            "sv-SE": "Högt trästaket",
            "ko-KR": "키 큰 나무 울타리",
            "zh-CN": "高大的木式栅栏",
            "zh-TW": "高大的木式柵欄",
            "pt-BR": "Cerca Alta de Madeira",
            "cs-CZ": "Vysoký dřevěný plot",
            "ja-JP": "高い木製のフェンス",
            "pl-PL": "Wysoki drewniany płot",
            "ru-RU": "Высокий забор",
            "eo-ZZ": "Alta Ligna Barilo",
            "ca-ES": "Tanca de fusta alta",
            "fi-FI": "Korkea puinen aita"
        }
    }
}
