{
    "id": "rct2.scenery_wall.wc5",
    "authors": [
        "Chris Sawyer",
        "Simon Foster"
    ],
    "version": "1.0",
    "originalId": "0A188083|WC5     |6F558527",
    "sourceGame": [
        "rct2",
        "rct1ll"
    ],
    "objectType": "scenery_wall",
    "properties": {
        "isAllowedOnSlope": true,
        "height": 9,
        "price": 100,
        "sceneryGroup": "rct2.scenery_group.scgfence"
    },
    "images": [
        "$RCT2:OBJDATA/WC5.DAT[0..1]",
        { "gx": "$RCT2:OBJDATA/WC5.DAT[2]", "y": -83 },
        { "gx": "$RCT2:OBJDATA/WC5.DAT[3]", "y": -82 },
        { "gx": "$RCT2:OBJDATA/WC5.DAT[4]", "y": -69 },
        { "gx": "$RCT2:OBJDATA/WC5.DAT[5]", "y": -68 }
    ],
    "strings": {
        "name": {
            "en-GB": "Castle Wall",
            "fr-FR": "Mur de château",
            "de-DE": "Burgmauer",
            "es-ES": "Muralla",
            "it-IT": "Mura del castello",
            "nl-NL": "Kasteelmuur",
            "sv-SE": "Slottsmur",
            "ko-KR": "성벽",
            "zh-CN": "城堡-墙",
            "zh-TW": "城堡牆",
            "pt-BR": "Muro de Castelo",
            "cs-CZ": "Hradní stěna",
            "ja-JP": "城の壁",
            "pl-PL": "Mur zamkowy",
            "ru-RU": "Стена замка",
            "eo-ZZ": "Muro de Kastelo",
            "ca-ES": "Muralla de castell",
            "fi-FI": "Linnan seinä"
        }
    }
}
