{
    "id": "rct2.scenery_wall.walltxgt",
    "authors": [
        "Chris Sawyer",
        "Simon Foster"
    ],
    "version": "1.0",
    "originalId": "0A188083|WALLTXGT|7F83D331",
    "sourceGame": "rct2",
    "objectType": "scenery_wall",
    "properties": {
        "isBanner": true,
        "isOpaque": true,
        "height": 4,
        "price": 100
    },
    "images": [
        "$RCT2:OBJDATA/WALLTXGT.DAT[0..7]"
    ],
    "strings": {
        "name": {
            "en-GB": "‘Texas Giant’ Sign",
            "fr-FR": "Panneau « Texas Giant »",
            "de-DE": "„Texas Giant“-Schild",
            "es-ES": "Señal de Texas Giant",
            "it-IT": "Insegna “Texas Giant”",
            "nl-NL": "‘Texas Giant’-bord",
            "sv-SE": "’Texas Giant’-skylt",
            "ko-KR": "‘텍사스 자이언트’ 팻말",
            "zh-CN": "德州巨大招牌",
            "zh-TW": "德州巨大招牌",
            "pt-BR": "Placa ‘Texas Giant’",
            "cs-CZ": "‘Texas Giant’ cedule",
            "ja-JP": "「テキサスジャイアント」看板",
            "pl-PL": "Olbrzymi napis „Teksas”",
            "ru-RU": "Знак ‘Техас’",
            "eo-ZZ": "‘Texas Giant’ Afiŝo",
            "ca-ES": "Senyal «Texas Giant»",
            "fi-FI": "”Texas Giant”-kyltti",
            "tr-TR": "‘Texas Giant’ Sign"
        }
    }
}
