{
    "id": "rct2.scenery_wall.wc16",
    "authors": [
        "Chris Sawyer",
        "Simon Foster"
    ],
    "version": "1.0",
    "originalId": "0A188083|WC16    |6B892532",
    "sourceGame": [
        "rct2",
        "rct1ll"
    ],
    "objectType": "scenery_wall",
    "properties": {
        "isOpaque": true,
        "isAllowedOnSlope": true,
        "height": 2,
        "price": 40,
        "sceneryGroup": "rct2.scenery_group.scgfence"
    },
    "images": [
        "$RCT2:OBJDATA/WC16.DAT[0..5]"
    ],
    "strings": {
        "name": {
            "en-GB": "Fence",
            "fr-FR": "Clôture",
            "de-DE": "Zaun",
            "es-ES": "Valla",
            "it-IT": "Recinto",
            "nl-NL": "Besneeuwd hek",
            "sv-SE": "Staket",
            "ko-KR": "울타리",
            "zh-CN": "栅栏",
            "zh-TW": "柵欄",
            "pt-BR": "Cerca",
            "cs-CZ": "Fence",
            "ja-JP": "フェンス",
            "pl-PL": "Płot",
            "ru-RU": "Забор",
            "eo-ZZ": "Barilo",
            "ca-ES": "Tanca",
            "fi-FI": "Aita"
        }
    }
}
