{
    "id": "rct2.scenery_wall.wgw2",
    "authors": [
        "Chris Sawyer",
        "Simon Foster"
    ],
    "version": "1.0",
    "originalId": "0A188083|WGW2    |FC548B09",
    "sourceGame": [
        "rct2",
        "rct1aa"
    ],
    "objectType": "scenery_wall",
    "properties": {
        "hasPrimaryColour": true,
        "hasSecondaryColour": true,
        "hasGlass": true,
        "isOpaque": true,
        "isAllowedOnSlope": true,
        "height": 2,
        "price": 90,
        "sceneryGroup": "rct2.scenery_group.scgfence"
    },
    "images": [
        "$RCT2:OBJDATA/WGW2.DAT[0..11]"
    ],
    "strings": {
        "name": {
            "en-GB": "Glass Wall",
            "fr-FR": "Façade vitrée",
            "de-DE": "Glaswand",
            "es-ES": "Pared de cristal",
            "it-IT": "Muro di vetro",
            "nl-NL": "Glaswand",
            "sv-SE": "Glasvägg",
            "ko-KR": "유리 벽",
            "zh-CN": "玻璃墙",
            "zh-TW": "玻璃牆",
            "pt-BR": "Parede de Vidro",
            "cs-CZ": "Skleněná stěna",
            "ja-JP": "ガラスの壁",
            "pl-PL": "Szklana ściana",
            "ru-RU": "Стена",
            "eo-ZZ": "Vitra Muro",
            "ca-ES": "Paret de vidre",
            "fi-FI": "Lasiseinä"
        }
    }
}
