{
    "id": "rct2.scenery_wall.wallco16",
    "authors": [
        "Chris Sawyer",
        "Simon Foster"
    ],
    "version": "1.0",
    "originalId": "0A188F83|WALLCO16|DDA31F29",
    "sourceGame": "rct2",
    "objectType": "scenery_wall",
    "properties": {
        "isBanner": true,
        "hasPrimaryColour": true,
        "height": 2,
        "price": 50
    },
    "images": [
        "$RCT2:OBJDATA/WALLCO16.DAT[0..7]"
    ],
    "strings": {
        "name": {
            "en-GB": "Corrugated Steel Wall",
            "fr-FR": "Mur en tôle ondulée",
            "de-DE": "Wellblechwand",
            "es-ES": "Pared de acero corrugado",
            "it-IT": "Muro d’acciaio ondulato",
            "nl-NL": "Geplooide stalen muur",
            "sv-SE": "Korrugerad stålvägg",
            "ko-KR": "물결 무늬 강철 벽",
            "zh-CN": "金属-波纹墙",
            "zh-TW": "波紋鐵牆",
            "pt-BR": "Parede de Aço Ondulado",
            "cs-CZ": "Ocelová stěna",
            "ja-JP": "スチール製の波形の壁",
            "pl-PL": "Ściana z blachy falistej",
            "ru-RU": "Рифлёная стена",
            "eo-ZZ": "Onda Ŝtala Muro",
            "ca-ES": "Paret d’acer corrugat",
            "fi-FI": "Poimulevyseinä"
        }
    }
}
