{
    "id": "rct2.scenery_wall.wallcfdr",
    "authors": [
        "Chris Sawyer",
        "Simon Foster"
    ],
    "version": "1.0",
    "originalId": "0A188F83|WALLCFDR|6BF8363B",
    "sourceGame": "rct2",
    "objectType": "scenery_wall",
    "properties": {
        "isDoor": true,
        "hasPrimaryColour": true,
        "hasSecondaryColour": true,
        "hasTertiaryColour": true,
        "doorSound": 1,
        "height": 4,
        "price": 250
    },
    "images": [
        "$RCT2:OBJDATA/WALLCFDR.DAT[0..35]"
    ],
    "strings": {
        "name": {
            "en-GB": "Doorway",
            "fr-FR": "Porte",
            "de-DE": "Eingang",
            "es-ES": "Portal",
            "it-IT": "Portale",
            "nl-NL": "Deur",
            "sv-SE": "Dörröppning",
            "ko-KR": "출입구",
            "zh-CN": "门口",
            "zh-TW": "門口",
            "pt-BR": "Portal",
            "cs-CZ": "Brána",
            "ja-JP": "戸口",
            "pl-PL": "Drzwi",
            "ru-RU": "Дверь",
            "eo-ZZ": "Pordaperturo",
            "ca-ES": "Portal",
            "fi-FI": "Oviaukko"
        }
    }
}
