{
    "id": "rct2.scenery_wall.wmf",
    "authors": [
        "Chris Sawyer",
        "Simon Foster"
    ],
    "version": "1.0",
    "originalId": "0A188083|WMF     |56D68C75",
    "sourceGame": [
        "rct2",
        "rct1"
    ],
    "objectType": "scenery_wall",
    "properties": {
        "isOpaque": true,
        "isAllowedOnSlope": true,
        "height": 2,
        "price": 40
    },
    "images": [
        "$RCT2:OBJDATA/WMF.DAT[0..5]"
    ],
    "strings": {
        "name": {
            "en-GB": "Mesh Fence",
            "fr-FR": "Grillage",
            "de-DE": "Maschendrahtzaun",
            "es-ES": "Cerca de malla",
            "it-IT": "Recinto a rete",
            "nl-NL": "Gaashek",
            "sv-SE": "Nätstaket",
            "ko-KR": "그물 철책",
            "zh-CN": "网状栅栏",
            "zh-TW": "網狀柵欄",
            "pt-BR": "Cerca de Tela",
            "cs-CZ": "Drátěný plot",
            "ja-JP": "メッシュのフェンス",
            "pl-PL": "Płot z siatki",
            "ru-RU": "Изгородь",
            "eo-ZZ": "Maŝa Barilo",
            "ca-ES": "Tanca de malla",
            "fi-FI": "Verkkoaita"
        }
    }
}
