{
    "id": "rct2.scenery_wall.walllt32",
    "authors": [
        "Chris Sawyer",
        "Simon Foster"
    ],
    "version": "1.0",
    "originalId": "0A188083|WALLLT32|29EB1232",
    "sourceGame": "rct2",
    "objectType": "scenery_wall",
    "properties": {
        "hasPrimaryColour": true,
        "isOpaque": true,
        "height": 4,
        "price": 90
    },
    "images": [
        "$RCT2:OBJDATA/WALLLT32.DAT[0..1]"
    ],
    "strings": {
        "name": {
            "en-GB": "Steel Latticework",
            "fr-FR": "Acier camouflage",
            "de-DE": "Stahlgitterwerk",
            "es-ES": "Celosía de acero",
            "it-IT": "Traliccio d’acciaio",
            "nl-NL": "Stalen traliewerk",
            "sv-SE": "Stålgaller",
            "ko-KR": "강철 격자",
            "zh-CN": "铁格子",
            "zh-TW": "鐵格子",
            "pt-BR": "Treliça de Aço",
            "cs-CZ": "Ocelová konstrukce",
            "ja-JP": "スチール製の格子",
            "pl-PL": "Kratownica stalowa",
            "ru-RU": "Фигурная решётка",
            "eo-ZZ": "Ŝtala Kradaĵo",
            "ca-ES": "Gelosia d’acer",
            "fi-FI": "Teräsristikko"
        }
    }
}
