{
    "id": "rct2.scenery_wall.wallcy32",
    "authors": [
        "Chris Sawyer",
        "Simon Foster"
    ],
    "version": "1.0",
    "originalId": "0A188F83|WALLCY32|F937396C",
    "sourceGame": "rct2",
    "objectType": "scenery_wall",
    "properties": {
        "height": 4,
        "price": 80,
        "sceneryGroup": "rct2.scenery_group.scgwalls"
    },
    "images": [
        "$RCT2:OBJDATA/WALLCY32.DAT[0..1]"
    ],
    "strings": {
        "name": {
            "en-GB": "Wall",
            "fr-FR": "Mur",
            "de-DE": "Wand",
            "es-ES": "Pared",
            "it-IT": "Muro",
            "nl-NL": "Muur",
            "sv-SE": "Mur",
            "ko-KR": "벽",
            "zh-CN": "墙",
            "zh-TW": "牆",
            "pt-BR": "Parede",
            "cs-CZ": "Stěna",
            "ja-JP": "壁",
            "pl-PL": "Ściana",
            "ru-RU": "Блок",
            "eo-ZZ": "Muro",
            "ca-ES": "Paret",
            "fi-FI": "Seinä"
        }
    }
}
