<?xml version="1.0" encoding="utf-8"?>
<mime-type xmlns="http://www.freedesktop.org/standards/shared-mime-info" type="application/mbox">
<!--Created automatically by update-mime-database. DO NOT EDIT!-->
  <comment>mailbox file</comment>
  <comment xml:lang="bg">Файл — Mailbox</comment>
  <comment xml:lang="ca">fitxer mailbox</comment>
  <comment xml:lang="cs">Soubor mailbox</comment>
  <comment xml:lang="es">archivo de buzón de correo</comment>
  <comment xml:lang="eu">mailbox fitxategia</comment>
  <comment xml:lang="fi">mailbox-tiedosto</comment>
  <comment xml:lang="fr">fichier boîte aux lettres</comment>
  <comment xml:lang="hu">mailbox fájl</comment>
  <comment xml:lang="it">File mailbox</comment>
  <comment xml:lang="ko">메일함 파일</comment>
  <comment xml:lang="lt">pašto dėžutės failas</comment>
  <comment xml:lang="nb">postboksfil</comment>
  <comment xml:lang="nl">mailbox-bestand</comment>
  <comment xml:lang="sv">brevlådefil</comment>
  <comment xml:lang="vi">tập tin hộp thư</comment>
  <sub-class-of type="text/plain"/>
</mime-type>
