<?xml version="1.0" encoding="utf-8"?>
<mime-type xmlns="http://www.freedesktop.org/standards/shared-mime-info" type="application/msword-template">
<!--Created automatically by update-mime-database. DO NOT EDIT!-->
  <comment>Word template</comment>
  <comment xml:lang="ca">plantilla de Word</comment>
  <comment xml:lang="cs">Šablona Word</comment>
  <comment xml:lang="fi">Word-malli</comment>
  <comment xml:lang="fr">modèle Word</comment>
  <comment xml:lang="hu">Word sablon</comment>
  <comment xml:lang="it">Modello Word</comment>
  <comment xml:lang="ko">Word 문서 틀</comment>
  <comment xml:lang="nl">Word-sjabloon</comment>
  <comment xml:lang="sv">Word-mall</comment>
  <comment xml:lang="vi">Mẫu Word</comment>
  <sub-class-of type="application/msword"/>
</mime-type>
