<?xml version="1.0" encoding="utf-8"?>
<mime-type xmlns="http://www.freedesktop.org/standards/shared-mime-info" type="application/msword">
<!--Created automatically by update-mime-database. DO NOT EDIT!-->
  <comment>Word document</comment>
  <comment xml:lang="bg">Документ — Word</comment>
  <comment xml:lang="ca">document Word</comment>
  <comment xml:lang="cs">Dokument Word</comment>
  <comment xml:lang="de">Word-Dokument</comment>
  <comment xml:lang="en_GB">Word document</comment>
  <comment xml:lang="es">documento de Word</comment>
  <comment xml:lang="eu">Word dokumentua</comment>
  <comment xml:lang="fi">Word-asiakirja</comment>
  <comment xml:lang="fr">document Word</comment>
  <comment xml:lang="hu">Word dokumentum</comment>
  <comment xml:lang="it">Documento Word</comment>
  <comment xml:lang="ko">Word 문서</comment>
  <comment xml:lang="lt">Word dokumentas</comment>
  <comment xml:lang="nb">Word-dokument</comment>
  <comment xml:lang="nl">Word-document</comment>
  <comment xml:lang="nn">Word-dokument</comment>
  <comment xml:lang="pl">Dokument Word</comment>
  <comment xml:lang="pt_BR">Documento do Word</comment>
  <comment xml:lang="sv">Word-dokument</comment>
  <comment xml:lang="uk">Документ Word</comment>
  <comment xml:lang="vi">Tài liệu Word</comment>
  <sub-class-of type="application/x-ole-storage"/>
  <alias type="application/vnd.ms-word"/>
  <alias type="application/x-msword"/>
</mime-type>
