<?xml version="1.0" encoding="utf-8"?>
<mime-type xmlns="http://www.freedesktop.org/standards/shared-mime-info" type="application/pgp-signature">
<!--Created automatically by update-mime-database. DO NOT EDIT!-->
  <comment>detached OpenPGP signature</comment>
  <comment xml:lang="bg">Отделен подпис — OpenPGP</comment>
  <comment xml:lang="ca">signatura OpenPGP separada</comment>
  <comment xml:lang="cs">Oddělený podpis OpenPGP</comment>
  <comment xml:lang="da">frigjort OpenPGP-signatur</comment>
  <comment xml:lang="de">isolierte OpenPGP-Signatur</comment>
  <comment xml:lang="el">αποκομμένη υπογραφή OpenPGP</comment>
  <comment xml:lang="en_GB">detached OpenPGP signature</comment>
  <comment xml:lang="eo">dekroĉa OpenPGP-subskribo</comment>
  <comment xml:lang="es">firma OpenPGP separada</comment>
  <comment xml:lang="eu">desuzturtako OpenPGP sinadura</comment>
  <comment xml:lang="fi">erillinen OpenPGP-allekirjoitus</comment>
  <comment xml:lang="fr">signature OpenPGP détachée</comment>
  <comment xml:lang="hu">leválasztott OpenPGP-aláírás</comment>
  <comment xml:lang="it">Firma staccata OpenPGP</comment>
  <comment xml:lang="ja">分離 OpenPGP 署名</comment>
  <comment xml:lang="ko">떼어진 OpenPGP 서명</comment>
  <comment xml:lang="lt">neprisegtas OpenPGP parašas</comment>
  <comment xml:lang="ms">Tandatangan OpenPGP terlerai</comment>
  <comment xml:lang="nb">frakoblet OpenPGP-signatur</comment>
  <comment xml:lang="nl">losse OpenPGP-ondertekening</comment>
  <comment xml:lang="nn">fråkopla OpenPGP-signatur</comment>
  <comment xml:lang="pl">oddzielony podpis OpenPGP</comment>
  <comment xml:lang="pt">assinatura OpenPGP solta</comment>
  <comment xml:lang="pt_BR">assinatura OpenPGP destacada</comment>
  <comment xml:lang="ru">отсоединенная подпись OpenPGP</comment>
  <comment xml:lang="sq">firmë e palidhur OpenPGP</comment>
  <comment xml:lang="sr">одвојени ОпенПГП потпис</comment>
  <comment xml:lang="sv">frikopplad OpenPGP-signatur</comment>
  <comment xml:lang="uk">відокремлений OpenPGP підпис</comment>
  <comment xml:lang="vi">chữ ký OpenPGP tách rời</comment>
  <comment xml:lang="zh_CN">分离的 OpenPGP 签名</comment>
  <sub-class-of type="text/plain"/>
</mime-type>
