<?xml version="1.0" encoding="utf-8"?>
<mime-type xmlns="http://www.freedesktop.org/standards/shared-mime-info" type="application/sieve">
<!--Created automatically by update-mime-database. DO NOT EDIT!-->
  <comment>Sieve mail filter script</comment>
  <comment xml:lang="bg">Скрипт-филтър за пресяване на поща</comment>
  <comment xml:lang="ca">script de filtre de correu Sieve</comment>
  <comment xml:lang="cs">Skript poštovního filtru Sieve</comment>
  <comment xml:lang="de">Sieve-E-Mail-Filterskript</comment>
  <comment xml:lang="es">script de filtro de correo Sieve</comment>
  <comment xml:lang="eu">Sieve posta-iragazki script-a</comment>
  <comment xml:lang="fi">Sieve-postinsuodatusskripti</comment>
  <comment xml:lang="fr">script de filtrage de courriel Sieve</comment>
  <comment xml:lang="hu">Sieve levélszűrő parancsfájl</comment>
  <comment xml:lang="it">Script filtro posta Sieve</comment>
  <comment xml:lang="ko">Sieve 메일 거르개 스크립트</comment>
  <comment xml:lang="lt">Sieve pašto filtro scenarijus</comment>
  <comment xml:lang="nb">Sieve e-postfilter skript</comment>
  <comment xml:lang="nl">Sieve mailfilter-script</comment>
  <comment xml:lang="pl">Skrypt filtra poczty Sieve</comment>
  <comment xml:lang="pt_BR">Script de filtro de mensagens do Sieve</comment>
  <comment xml:lang="sv">Sieve-epostfilterskript</comment>
  <comment xml:lang="uk">Сценарій поштового фільтру Sieve</comment>
  <comment xml:lang="vi">Văn lệnh lọc thư Sieve</comment>
  <sub-class-of type="application/xml"/>
</mime-type>
