<?xml version="1.0" encoding="utf-8"?>
<mime-type xmlns="http://www.freedesktop.org/standards/shared-mime-info" type="application/vnd.oasis.opendocument.image">
<!--Created automatically by update-mime-database. DO NOT EDIT!-->
  <comment>ODI image</comment>
  <comment xml:lang="bg">Изображение — ODI</comment>
  <comment xml:lang="ca">imatge ODI</comment>
  <comment xml:lang="cs">Obrázek ODI</comment>
  <comment xml:lang="de">ODI-Bild</comment>
  <comment xml:lang="en_GB">ODI image</comment>
  <comment xml:lang="es">imagen ODI</comment>
  <comment xml:lang="eu">ODI irudia</comment>
  <comment xml:lang="fi">ODI-kuva</comment>
  <comment xml:lang="fr">image ODI</comment>
  <comment xml:lang="hu">ODI kép</comment>
  <comment xml:lang="it">Immagine ODI</comment>
  <comment xml:lang="ko">ODI 그림</comment>
  <comment xml:lang="lt">ODI paveikslėlis</comment>
  <comment xml:lang="nb">ODI-bilde</comment>
  <comment xml:lang="nl">ODI-afbeelding</comment>
  <comment xml:lang="nn">ODI-bilete</comment>
  <comment xml:lang="pl">Obraz ODI</comment>
  <comment xml:lang="pt_BR">Imagem ODI</comment>
  <comment xml:lang="sv">ODI-bild</comment>
  <comment xml:lang="uk">Зображення ODI</comment>
  <comment xml:lang="vi">Ảnh ODI</comment>
  <acronym>ODI</acronym>
  <expanded-acronym>OpenDocument Image</expanded-acronym>
  <sub-class-of type="application/zip"/>
</mime-type>
