<?xml version="1.0" encoding="utf-8"?>
<mime-type xmlns="http://www.freedesktop.org/standards/shared-mime-info" type="application/vnd.oasis.opendocument.graphics-template">
<!--Created automatically by update-mime-database. DO NOT EDIT!-->
  <comment>ODG template</comment>
  <comment xml:lang="bg">Шаблон — ODG</comment>
  <comment xml:lang="ca">plantilla ODG</comment>
  <comment xml:lang="cs">Šablona ODG</comment>
  <comment xml:lang="de">ODG-Vorlage</comment>
  <comment xml:lang="en_GB">ODG template</comment>
  <comment xml:lang="es">plantilla ODG</comment>
  <comment xml:lang="eu">ODG txantiloia</comment>
  <comment xml:lang="fi">ODG-malli</comment>
  <comment xml:lang="fr">modèle ODG</comment>
  <comment xml:lang="hu">ODG sablon</comment>
  <comment xml:lang="it">Modello ODG</comment>
  <comment xml:lang="ko">ODG 문서 틀</comment>
  <comment xml:lang="lt">ODG šablonas</comment>
  <comment xml:lang="nb">ODG-mal</comment>
  <comment xml:lang="nl">ODG-sjabloon</comment>
  <comment xml:lang="nn">ODG-mal</comment>
  <comment xml:lang="pl">Szablon ODG</comment>
  <comment xml:lang="pt_BR">Modelo ODG</comment>
  <comment xml:lang="sv">ODG-mall</comment>
  <comment xml:lang="uk">Шаблон ODG</comment>
  <comment xml:lang="vi">Mẫu ODG</comment>
  <acronym>OTG</acronym>
  <expanded-acronym>OpenDocument Drawing Template</expanded-acronym>
  <sub-class-of type="application/zip"/>
</mime-type>
