<?xml version="1.0" encoding="utf-8"?>
<mime-type xmlns="http://www.freedesktop.org/standards/shared-mime-info" type="application/vnd.stardivision.writer">
<!--Created automatically by update-mime-database. DO NOT EDIT!-->
  <comment>StarWriter document</comment>
  <comment xml:lang="az">StarWriter sənədi</comment>
  <comment xml:lang="bg">Документ — StarWriter</comment>
  <comment xml:lang="ca">document de StarWriter</comment>
  <comment xml:lang="cs">Dokument StarWriter</comment>
  <comment xml:lang="cy">Dogfen StarWriter</comment>
  <comment xml:lang="da">StarWriter-dokument</comment>
  <comment xml:lang="de">StarWriter-Dokument</comment>
  <comment xml:lang="el">έγγραφο StarWriter</comment>
  <comment xml:lang="en_GB">StarWriter document</comment>
  <comment xml:lang="eo">StarWriter-dokumento</comment>
  <comment xml:lang="es">documento de StarWriter</comment>
  <comment xml:lang="eu">StarWriter dokumentua</comment>
  <comment xml:lang="fi">StarWriter-asiakirja</comment>
  <comment xml:lang="fr">document StarWriter</comment>
  <comment xml:lang="hu">StarWriter-dokumentum</comment>
  <comment xml:lang="it">Documento StrarWriter</comment>
  <comment xml:lang="ja">StarWriter ドキュメント</comment>
  <comment xml:lang="ko">StarWriter 문서</comment>
  <comment xml:lang="lt">StarWriter dokumentas</comment>
  <comment xml:lang="ms">Dokumen StarWriter</comment>
  <comment xml:lang="nb">StarWriter-dokument</comment>
  <comment xml:lang="nl">StarWriter-document</comment>
  <comment xml:lang="nn">StarWriter document</comment>
  <comment xml:lang="pl">Dokument StarWriter</comment>
  <comment xml:lang="pt">documento do StarWriter</comment>
  <comment xml:lang="pt_BR">Documento do StarWriter</comment>
  <comment xml:lang="sq">Dokument StarWriter</comment>
  <comment xml:lang="sr">StarWriter документ</comment>
  <comment xml:lang="sv">StarWriter-dokument</comment>
  <comment xml:lang="uk">Документ StarWriter</comment>
  <comment xml:lang="vi">Tài liệu StarWriter</comment>
  <comment xml:lang="zh_CN">StarWriter 文档</comment>
  <comment xml:lang="zh_TW">StarWriter 文件</comment>
</mime-type>
