<?xml version="1.0" encoding="utf-8"?>
<mime-type xmlns="http://www.freedesktop.org/standards/shared-mime-info" type="application/vnd.corel-draw">
<!--Created automatically by update-mime-database. DO NOT EDIT!-->
  <comment>Corel Draw drawing</comment>
  <comment xml:lang="az">Corel Draw çəkimi</comment>
  <comment xml:lang="bg">Чертеж — Corel Draw</comment>
  <comment xml:lang="ca">dibuix de Corel Draw</comment>
  <comment xml:lang="cs">Kresba Corel Draw</comment>
  <comment xml:lang="cy">Darlun Corel Draw</comment>
  <comment xml:lang="da">Corel Draw-tegning</comment>
  <comment xml:lang="de">Corel Draw-Zeichnung</comment>
  <comment xml:lang="el">σχέδιο Corel Draw </comment>
  <comment xml:lang="en_GB">Corel Draw drawing</comment>
  <comment xml:lang="eo">grafikaĵo de Corel Draw</comment>
  <comment xml:lang="es">dibujo de Corel Draw</comment>
  <comment xml:lang="eu">Corel Draw-eko marrazkia</comment>
  <comment xml:lang="fi">Corel Draw -piirros</comment>
  <comment xml:lang="fr">dessin Corel Draw</comment>
  <comment xml:lang="hu">Corel Draw-rajz</comment>
  <comment xml:lang="it">Disegno Corel Draw</comment>
  <comment xml:lang="ja">Corel Draw 絵</comment>
  <comment xml:lang="ko">코렐 드로우 드로잉</comment>
  <comment xml:lang="lt">Corel Draw piešinys</comment>
  <comment xml:lang="ms">Lukisan Corel Draw</comment>
  <comment xml:lang="nb">Corel Draw-tegning</comment>
  <comment xml:lang="nl">Corel Draw-tekening</comment>
  <comment xml:lang="nn">Corel Draw-teikning</comment>
  <comment xml:lang="pl">Rysunek Corel Draw</comment>
  <comment xml:lang="pt">desenho Corel Draw</comment>
  <comment xml:lang="pt_BR">Desenho do Corel Draw</comment>
  <comment xml:lang="ru">изображение Corel Draw</comment>
  <comment xml:lang="sq">Vizatim Corel Draw</comment>
  <comment xml:lang="sr">Corel Draw цртеж</comment>
  <comment xml:lang="sv">Corel Draw-teckning</comment>
  <comment xml:lang="uk">Малюнок Corel Draw</comment>
  <comment xml:lang="vi">Bản vẽ Corel Draw</comment>
  <comment xml:lang="zh_CN">Corel Draw 绘图</comment>
  <comment xml:lang="zh_TW">Corel Draw 繪圖</comment>
  <alias type="application/cdr"/>
  <alias type="application/coreldraw"/>
  <alias type="application/x-cdr"/>
  <alias type="application/x-coreldraw"/>
  <alias type="image/cdr"/>
  <alias type="image/x-cdr"/>
  <alias type="zz-application/zz-winassoc-cdr"/>
</mime-type>
