<?xml version="1.0" encoding="utf-8"?>
<mime-type xmlns="http://www.freedesktop.org/standards/shared-mime-info" type="application/x-amipro">
<!--Created automatically by update-mime-database. DO NOT EDIT!-->
  <comment>Lotus AmiPro document</comment>
  <comment xml:lang="az">Lotus AmiPro sənədi</comment>
  <comment xml:lang="bg">Документ — Lotus AmiPro</comment>
  <comment xml:lang="ca">document de Lotus AmiPro</comment>
  <comment xml:lang="cs">Dokument Lotus AmiPro</comment>
  <comment xml:lang="cy">Dogfen Lotus AmiPro</comment>
  <comment xml:lang="da">Lotus AmiPro-dokument</comment>
  <comment xml:lang="de">Lotus AmiPro-Dokument</comment>
  <comment xml:lang="el">έγγραφο Lotus AmiPro</comment>
  <comment xml:lang="en_GB">Lotus AmiPro document</comment>
  <comment xml:lang="eo">dokumento de Lotus AmiPro</comment>
  <comment xml:lang="es">documento de Lotus AmiPro</comment>
  <comment xml:lang="eu">Lotus AmiPro dokumentua</comment>
  <comment xml:lang="fi">Lotus AmiPro -asiakirja</comment>
  <comment xml:lang="fr">document Lotus AmiPro</comment>
  <comment xml:lang="hu">Lotus AmiPro-dokumentum</comment>
  <comment xml:lang="it">Documento Lotus AmiPro</comment>
  <comment xml:lang="ja">Lotus AmiPro ドキュメント</comment>
  <comment xml:lang="ko">Lotus AmiPro 문서</comment>
  <comment xml:lang="lt">Lotus AmiPro dokumentas</comment>
  <comment xml:lang="ms">Dokumen Lotus AmiPro</comment>
  <comment xml:lang="nb">Lotus AmiPro-dokument</comment>
  <comment xml:lang="nl">Lotus AmiPro-document</comment>
  <comment xml:lang="nn">Lotus AmiPro-dokument</comment>
  <comment xml:lang="pl">Dokument Lotus AmiPro</comment>
  <comment xml:lang="pt">documento Lotus AmiPro</comment>
  <comment xml:lang="pt_BR">Documento do Lotus AmiPro</comment>
  <comment xml:lang="ru">документ Lotus AmiPro</comment>
  <comment xml:lang="sq">Dokument Lotus AmiPro</comment>
  <comment xml:lang="sr">Лотус АмиПро документ</comment>
  <comment xml:lang="sv">Lotus AmiPro-dokument</comment>
  <comment xml:lang="uk">Документ Lotus AmiPro</comment>
  <comment xml:lang="vi">Tài liệu Lotus AmiPro</comment>
  <comment xml:lang="zh_CN">Lotus AmiPro 文档</comment>
  <comment xml:lang="zh_TW">Lotus AmiPro 文件</comment>
</mime-type>
