<?xml version="1.0" encoding="utf-8"?>
<mime-type xmlns="http://www.freedesktop.org/standards/shared-mime-info" type="application/x-blender">
<!--Created automatically by update-mime-database. DO NOT EDIT!-->
  <comment>Blender scene</comment>
  <comment xml:lang="bg">Сцена — Blender</comment>
  <comment xml:lang="ca">escena Blender</comment>
  <comment xml:lang="cs">Scéna Blender</comment>
  <comment xml:lang="da">Blender-scene</comment>
  <comment xml:lang="de">Blender-Szene</comment>
  <comment xml:lang="el">σκηνή Blender</comment>
  <comment xml:lang="en_GB">Blender scene</comment>
  <comment xml:lang="eo">Blender-sceno</comment>
  <comment xml:lang="es">escena de Blender</comment>
  <comment xml:lang="eu">Blender-eko fitxategia</comment>
  <comment xml:lang="fi">Blender-näkymä</comment>
  <comment xml:lang="fr">scène Blender</comment>
  <comment xml:lang="hu">Blender-jelenet</comment>
  <comment xml:lang="it">Scena Blender</comment>
  <comment xml:lang="ja">Blender シーン</comment>
  <comment xml:lang="ko">Blender 장면</comment>
  <comment xml:lang="lt">Blender scena</comment>
  <comment xml:lang="ms">Babak Blender</comment>
  <comment xml:lang="nb">Blender-scene</comment>
  <comment xml:lang="nl">Blender-scène</comment>
  <comment xml:lang="nn">Blender-scene</comment>
  <comment xml:lang="pl">Scena programu Blender</comment>
  <comment xml:lang="pt">cenário Blender</comment>
  <comment xml:lang="pt_BR">Cena do Blender</comment>
  <comment xml:lang="ru">сцена Blender</comment>
  <comment xml:lang="sq">Skenë Blender</comment>
  <comment xml:lang="sr">Блендер сцена</comment>
  <comment xml:lang="sv">Blender-scen</comment>
  <comment xml:lang="uk">Сцена Blender</comment>
  <comment xml:lang="vi">Cảnh Blender</comment>
</mime-type>
