<?xml version="1.0" encoding="utf-8"?>
<mime-type xmlns="http://www.freedesktop.org/standards/shared-mime-info" type="application/x-compressed-tar">
<!--Created automatically by update-mime-database. DO NOT EDIT!-->
  <comment>Tar archive (gzip-compressed)</comment>
  <comment xml:lang="bg">Архив — tar, компресиран с gzip</comment>
  <comment xml:lang="ca">arxiu tar (comprimit amb gzip)</comment>
  <comment xml:lang="cs">Archiv tar (komprimovaný pomocí gzip)</comment>
  <comment xml:lang="es">archivador Tar (comprimido con gzip)</comment>
  <comment xml:lang="eu">Tar artxiboa (gzip-ekin konprimitua)</comment>
  <comment xml:lang="fi">Tar-arkisto (gzip-pakattu)</comment>
  <comment xml:lang="fr">archive tar (compressée gzip)</comment>
  <comment xml:lang="hu">Tar archívum (gzip-pel tömörítve)</comment>
  <comment xml:lang="it">Archivio tar (compresso con gzip)</comment>
  <comment xml:lang="ko">(gzip으로 압축된) Tar 묶음파일</comment>
  <comment xml:lang="lt">Tar archyvas (suglaudintas su gzip)</comment>
  <comment xml:lang="nb">Tar-arkiv (gzip-komprimert)</comment>
  <comment xml:lang="nl">Tar-archief (ingepakt met gzip)</comment>
  <comment xml:lang="sv">Tar-arkiv (gzip-komprimerat)</comment>
  <comment xml:lang="vi">Kho nén tar (đã nén gzip)</comment>
</mime-type>
