<?xml version="1.0" encoding="utf-8"?>
<mime-type xmlns="http://www.freedesktop.org/standards/shared-mime-info" type="application/x-csh">
<!--Created automatically by update-mime-database. DO NOT EDIT!-->
  <comment>C shell script</comment>
  <comment xml:lang="az">C qabıq skripti</comment>
  <comment xml:lang="bg">Скрипт — обвивка C</comment>
  <comment xml:lang="ca">script en C</comment>
  <comment xml:lang="cs">Skript shellu C</comment>
  <comment xml:lang="cy">Sgript plisgyn C</comment>
  <comment xml:lang="da">C-skalprogram</comment>
  <comment xml:lang="de">C-Shell-Skript</comment>
  <comment xml:lang="el">πρόγραμμα εντολών φλοιού C</comment>
  <comment xml:lang="en_GB">C shell script</comment>
  <comment xml:lang="eo">skripto de C-ŝelo</comment>
  <comment xml:lang="es">script en C shell</comment>
  <comment xml:lang="eu">C shell script-a</comment>
  <comment xml:lang="fi">Csh-komentotiedosto</comment>
  <comment xml:lang="fr">script C shell</comment>
  <comment xml:lang="hu">C héj-parancsfájl</comment>
  <comment xml:lang="it">Script C shell</comment>
  <comment xml:lang="ja">C シェルスクリプト</comment>
  <comment xml:lang="ko">C쉘 스크립트</comment>
  <comment xml:lang="lt">C shell scenarijus</comment>
  <comment xml:lang="ms">Skrip shell C</comment>
  <comment xml:lang="nb">C-skallskript</comment>
  <comment xml:lang="nl">C-shellscript</comment>
  <comment xml:lang="nn">C-skalskript</comment>
  <comment xml:lang="pl">Skrypt powłoki csh</comment>
  <comment xml:lang="pt">'script' de consola C</comment>
  <comment xml:lang="pt_BR">Script de shell C</comment>
  <comment xml:lang="ru">C shell скрипт</comment>
  <comment xml:lang="sq">Script shell C</comment>
  <comment xml:lang="sr">C скрипта окружења</comment>
  <comment xml:lang="sv">Skalskript (csh)</comment>
  <comment xml:lang="uk">Сценарій C shell</comment>
  <comment xml:lang="vi">Văn lệnh trình bao C</comment>
  <comment xml:lang="zh_CN">C shell 脚本</comment>
  <comment xml:lang="zh_TW">C shell 描述語言檔</comment>
  <sub-class-of type="application/x-shellscript"/>
  <sub-class-of type="text/plain"/>
</mime-type>
