<?xml version="1.0" encoding="utf-8"?>
<mime-type xmlns="http://www.freedesktop.org/standards/shared-mime-info" type="application/x-font-type1">
<!--Created automatically by update-mime-database. DO NOT EDIT!-->
  <comment>Postscript type-1 font</comment>
  <comment xml:lang="bg">Шрифт — Postscript Type 1</comment>
  <comment xml:lang="ca">tipus de lletra Postscript type-1</comment>
  <comment xml:lang="cs">Písmo Postscript type-1</comment>
  <comment xml:lang="es">Tipografía PostScript tipo-1</comment>
  <comment xml:lang="eu">PostScript type-1 letra-tipoa</comment>
  <comment xml:lang="fi">PostScript tyyppi-1 -asiakirja</comment>
  <comment xml:lang="fr">police Postscript Type 1</comment>
  <comment xml:lang="hu">Postscript type-1 betűkészlet</comment>
  <comment xml:lang="it">Tipo carattere Postscript type-1</comment>
  <comment xml:lang="ko">Postscript Type-1 글꼴</comment>
  <comment xml:lang="lt">Postscript type-1 šriftas</comment>
  <comment xml:lang="nb">Postscript type-1 skrift</comment>
  <comment xml:lang="nl">PostScript type-1-lettertype</comment>
  <comment xml:lang="sv">Postscript type-1-typsnitt</comment>
  <comment xml:lang="vi">Phông kiểu 1 PostScript</comment>
  <sub-class-of type="application/postscript"/>
</mime-type>
