<?xml version="1.0" encoding="utf-8"?>
<mime-type xmlns="http://www.freedesktop.org/standards/shared-mime-info" type="application/x-font-ttf">
<!--Created automatically by update-mime-database. DO NOT EDIT!-->
  <comment>TrueType font</comment>
  <comment xml:lang="bg">Шрифт — TrueType</comment>
  <comment xml:lang="ca">tipus de lletra TrueType</comment>
  <comment xml:lang="cs">Písmo TrueType</comment>
  <comment xml:lang="da">TrueType-skrifttype</comment>
  <comment xml:lang="de">TrueType-Schrift</comment>
  <comment xml:lang="el">γραμματοσειρά TrueType</comment>
  <comment xml:lang="en_GB">TrueType font</comment>
  <comment xml:lang="eo">TrueType-tiparo</comment>
  <comment xml:lang="es">tipografía TrueType</comment>
  <comment xml:lang="eu">TrueType letra-tipoa</comment>
  <comment xml:lang="fi">TrueType-kirjasin</comment>
  <comment xml:lang="fr">police Truetype</comment>
  <comment xml:lang="hu">TrueType-betűkészlet</comment>
  <comment xml:lang="it">Tipo carattere TrueType</comment>
  <comment xml:lang="ja">TrueType フォント</comment>
  <comment xml:lang="ko">트루타입 글꼴</comment>
  <comment xml:lang="lt">TrueType šriftas</comment>
  <comment xml:lang="ms">Font TrueType</comment>
  <comment xml:lang="nb">TrueType-skrift</comment>
  <comment xml:lang="nl">TrueType-lettertype</comment>
  <comment xml:lang="nn">TrueType-skrifttype</comment>
  <comment xml:lang="pl">Czcionka TrueType</comment>
  <comment xml:lang="pt">tipo de letra TrueType</comment>
  <comment xml:lang="pt_BR">Fonte TrueType</comment>
  <comment xml:lang="ru">шрифт TrueType</comment>
  <comment xml:lang="sq">Gërma TrueType</comment>
  <comment xml:lang="sr">Трутајп фонт</comment>
  <comment xml:lang="sv">Truetype-typsnitt</comment>
  <comment xml:lang="uk">Шрифт TrueType</comment>
  <comment xml:lang="vi">Phông chữ TrueType</comment>
  <comment xml:lang="zh_CN">TrueType 字体</comment>
  <comment xml:lang="zh_TW">TrueType 字型檔</comment>
</mime-type>
