<?xml version="1.0" encoding="utf-8"?>
<mime-type xmlns="http://www.freedesktop.org/standards/shared-mime-info" type="application/x-font-otf">
<!--Created automatically by update-mime-database. DO NOT EDIT!-->
  <comment>OpenType font</comment>
  <comment xml:lang="az">OpenType yazı növü</comment>
  <comment xml:lang="bg">Шрифт — OpenType</comment>
  <comment xml:lang="ca">tipus de lletra OpenType</comment>
  <comment xml:lang="cs">Písmo OpenType</comment>
  <comment xml:lang="cy">Ffont OpenType</comment>
  <comment xml:lang="da">OpenType-skrifttype</comment>
  <comment xml:lang="de">OpenType-Schrift</comment>
  <comment xml:lang="el">γραμματοσειρά OpenType </comment>
  <comment xml:lang="en_GB">OpenType font</comment>
  <comment xml:lang="eo">OpenType-tiparo</comment>
  <comment xml:lang="es">tipografía de OpenType</comment>
  <comment xml:lang="eu">OpenType letra-tipoa</comment>
  <comment xml:lang="fi">OpenType-kirjasin</comment>
  <comment xml:lang="fr">police OpenType</comment>
  <comment xml:lang="hu">OpenType-betűkészlet</comment>
  <comment xml:lang="it">Tipo carattere OpenType</comment>
  <comment xml:lang="ja">OpenType フォント</comment>
  <comment xml:lang="ko">오픈타입 글꼴</comment>
  <comment xml:lang="lt">OpenType šriftas</comment>
  <comment xml:lang="ms">Font OpenType</comment>
  <comment xml:lang="nb">OpenType-skrifttype</comment>
  <comment xml:lang="nl">OpenType-lettertype</comment>
  <comment xml:lang="nn">OpenType-skrifttype</comment>
  <comment xml:lang="pl">Czcionka OpenType</comment>
  <comment xml:lang="pt">tipo de letra OpenType</comment>
  <comment xml:lang="pt_BR">Fonte OpenType</comment>
  <comment xml:lang="ru">шрифт OpenType</comment>
  <comment xml:lang="sq">Gërma OpenType</comment>
  <comment xml:lang="sr">OpenType фонт</comment>
  <comment xml:lang="sv">OpenType-typsnitt</comment>
  <comment xml:lang="uk">Шрифт OpenType</comment>
  <comment xml:lang="vi">Phông chữ OpenType</comment>
  <comment xml:lang="zh_CN">OpenType 字体</comment>
  <comment xml:lang="zh_TW">OpenType 字型檔</comment>
</mime-type>
