<?xml version="1.0" encoding="utf-8"?>
<mime-type xmlns="http://www.freedesktop.org/standards/shared-mime-info" type="application/x-gdbm">
<!--Created automatically by update-mime-database. DO NOT EDIT!-->
  <comment>GDBM database</comment>
  <comment xml:lang="bg">База от данни — GDBM</comment>
  <comment xml:lang="ca">base de dades GDBM</comment>
  <comment xml:lang="cs">Databáze GDBM</comment>
  <comment xml:lang="de">GDBM-Datenbank</comment>
  <comment xml:lang="es">base de datos GDBM</comment>
  <comment xml:lang="eu">GDBM datu-basea</comment>
  <comment xml:lang="fi">GDBM-tietokanta</comment>
  <comment xml:lang="fr">base de données GDBM</comment>
  <comment xml:lang="hu">GDBM adatbázis</comment>
  <comment xml:lang="it">Database GDBM</comment>
  <comment xml:lang="ko">GDBM 데이터베이스</comment>
  <comment xml:lang="lt">GDBM duomenų bazė</comment>
  <comment xml:lang="nb">GDBM-database</comment>
  <comment xml:lang="nl">GDBM-gegevensbank</comment>
  <comment xml:lang="pl">Baza danych GDBM</comment>
  <comment xml:lang="pt_BR">Banco de dados GDBM</comment>
  <comment xml:lang="sv">GDBM-databas</comment>
  <comment xml:lang="uk">База даних GDBM</comment>
  <comment xml:lang="vi">Cơ sở dữ liệu GDBM</comment>
  <acronym>GDBM</acronym>
  <expanded-acronym>GNU Database Manager</expanded-acronym>
</mime-type>
