<?xml version="1.0" encoding="utf-8"?>
<mime-type xmlns="http://www.freedesktop.org/standards/shared-mime-info" type="application/x-gtktalog">
<!--Created automatically by update-mime-database. DO NOT EDIT!-->
  <comment>GTKtalog catalog</comment>
  <comment xml:lang="bg">Каталог — Gtktalog</comment>
  <comment xml:lang="ca">catàleg de GTKtalog</comment>
  <comment xml:lang="cs">Katalog GTKtalog</comment>
  <comment xml:lang="da">GTKtalog-katalog</comment>
  <comment xml:lang="de">GTKtalog-Katalog</comment>
  <comment xml:lang="el">Κατάλογος GTKtalog</comment>
  <comment xml:lang="en_GB">GTKtalog catalogue</comment>
  <comment xml:lang="eo">katalogo de GTKtalog</comment>
  <comment xml:lang="es">catálogo de GTKtalog</comment>
  <comment xml:lang="eu">Gtktalog katalogoa</comment>
  <comment xml:lang="fi">GTKtalog-luettelo</comment>
  <comment xml:lang="fr">catalogue Gtktalog</comment>
  <comment xml:lang="hu">GTKtalog-katalógus</comment>
  <comment xml:lang="it">Catalogo GTKtalog</comment>
  <comment xml:lang="ja">GTKtalog カタログ</comment>
  <comment xml:lang="ko">GTKtalog 카탈로그</comment>
  <comment xml:lang="lt">GTKtalog katalogas</comment>
  <comment xml:lang="ms">Katalog GTKtalog</comment>
  <comment xml:lang="nb">GTKtalog-katalog</comment>
  <comment xml:lang="nl">GTKtalog-catalogus</comment>
  <comment xml:lang="nn">GTKtalog-katalog</comment>
  <comment xml:lang="pl">Katalog programu GTKtalog</comment>
  <comment xml:lang="pt">catálogo GTKtalog</comment>
  <comment xml:lang="pt_BR">Catálogo GTKtalog</comment>
  <comment xml:lang="sq">Katallog GTKtalog</comment>
  <comment xml:lang="sr">Гткталог каталог</comment>
  <comment xml:lang="sv">GTKtalog-katalog</comment>
  <comment xml:lang="uk">Каталог GTKtalog</comment>
  <comment xml:lang="vi">Phân loại GTKtalog</comment>
  <comment xml:lang="zh_CN">GTKtalog 目录</comment>
  <comment xml:lang="zh_TW">GTKtalog 光碟目錄</comment>
</mime-type>
