<?xml version="1.0" encoding="utf-8"?>
<mime-type xmlns="http://www.freedesktop.org/standards/shared-mime-info" type="application/x-killustrator">
<!--Created automatically by update-mime-database. DO NOT EDIT!-->
  <comment>KIllustrator drawing</comment>
  <comment xml:lang="bg">Чертеж — KIllustrator</comment>
  <comment xml:lang="ca">dibuix de KIllustrator</comment>
  <comment xml:lang="cs">Kresba KIllustrator</comment>
  <comment xml:lang="da">KIllustrator-tegning</comment>
  <comment xml:lang="de">KIllustrator-Zeichnung</comment>
  <comment xml:lang="el">σχέδιο KIllustrator</comment>
  <comment xml:lang="en_GB">KIllustrator drawing</comment>
  <comment xml:lang="eo">KIllustrator-grafikaĵo</comment>
  <comment xml:lang="es">dibujo de KIllustrator</comment>
  <comment xml:lang="eu">KIllustrator marrazkia</comment>
  <comment xml:lang="fi">KIllustrator-piirros</comment>
  <comment xml:lang="fr">dessin KIllustrator</comment>
  <comment xml:lang="hu">KIllustrator-rajz</comment>
  <comment xml:lang="it">Disegno KIllustrator</comment>
  <comment xml:lang="ja">KIllustrator 絵画</comment>
  <comment xml:lang="ko">KIllustrator 그림</comment>
  <comment xml:lang="lt">KIllustrator piešinys</comment>
  <comment xml:lang="ms">Lukisan KIllustrator</comment>
  <comment xml:lang="nb">KIllustrator-tegning</comment>
  <comment xml:lang="nl">KIllustrator-tekening</comment>
  <comment xml:lang="nn">KIllustrator-teikning</comment>
  <comment xml:lang="pl">Rysunek KIllustratora</comment>
  <comment xml:lang="pt">desenho KIllustrator</comment>
  <comment xml:lang="pt_BR">Desenho do KIllustrator</comment>
  <comment xml:lang="ru">изображение KIllustrator</comment>
  <comment xml:lang="sq">Vizatim KIllustrator</comment>
  <comment xml:lang="sr">KIllustrator цртеж</comment>
  <comment xml:lang="sv">KIllustrator-teckning</comment>
  <comment xml:lang="uk">Малюнок KIllustrator</comment>
  <comment xml:lang="vi">Bản vẽ KIllustrator</comment>
  <comment xml:lang="zh_CN">KIllustrator 绘图</comment>
  <comment xml:lang="zh_TW">KIllustrator 繪圖</comment>
</mime-type>
