<?xml version="1.0" encoding="utf-8"?>
<mime-type xmlns="http://www.freedesktop.org/standards/shared-mime-info" type="application/x-kspread">
<!--Created automatically by update-mime-database. DO NOT EDIT!-->
  <comment>KSpread spreadsheet</comment>
  <comment xml:lang="bg">Таблица — KSpread</comment>
  <comment xml:lang="ca">full de càlcul de KSpread</comment>
  <comment xml:lang="cs">Sešit KSpread</comment>
  <comment xml:lang="da">KSpread-regneark</comment>
  <comment xml:lang="de">KSpread-Tabelle</comment>
  <comment xml:lang="el">λογιστικό φύλλο KSpread</comment>
  <comment xml:lang="en_GB">KSpread spreadsheet</comment>
  <comment xml:lang="eo">KSpread-sterntabelo</comment>
  <comment xml:lang="es">hoja de cálculo de KSpread</comment>
  <comment xml:lang="eu">KSpread kalkulu-orria</comment>
  <comment xml:lang="fi">KSpread-taulukko</comment>
  <comment xml:lang="fr">feuille de calcul KSpread</comment>
  <comment xml:lang="hu">KSpread-munkafüzet</comment>
  <comment xml:lang="it">Foglio di calcolo KSpread</comment>
  <comment xml:lang="ja">KSpread スプレッドシート</comment>
  <comment xml:lang="ko">KSpread 스프레드시트</comment>
  <comment xml:lang="lt">KSpread skaičialentė</comment>
  <comment xml:lang="ms">Hamparan KSpread</comment>
  <comment xml:lang="nb">KSpread-regneark</comment>
  <comment xml:lang="nl">KSpread-rekenblad</comment>
  <comment xml:lang="nn">KSpread-rekneark</comment>
  <comment xml:lang="pl">Arkusz KSpread</comment>
  <comment xml:lang="pt">folha de cálculo KSpread</comment>
  <comment xml:lang="pt_BR">Planilha do KSpread</comment>
  <comment xml:lang="ru">электронная таблица KSpread</comment>
  <comment xml:lang="sq">Fletë llogaritëse KSpread</comment>
  <comment xml:lang="sr">KSpread табеларни прорачун</comment>
  <comment xml:lang="sv">KSpread-kalkylblad</comment>
  <comment xml:lang="uk">Ел.таблиця KSpread</comment>
  <comment xml:lang="vi">Bảng tính KSpread</comment>
  <comment xml:lang="zh_CN">KSpread 工作簿</comment>
  <comment xml:lang="zh_TW">KSpread 試算表</comment>
</mime-type>
