<?xml version="1.0" encoding="utf-8"?>
<mime-type xmlns="http://www.freedesktop.org/standards/shared-mime-info" type="application/x-lzma-compressed-tar">
<!--Created automatically by update-mime-database. DO NOT EDIT!-->
  <comment>Tar archive (LZMA-compressed)</comment>
  <comment xml:lang="ca">arxiu tar (comprimit amb LZMA)</comment>
  <comment xml:lang="cs">Archiv tar (komprimovaný pomocí LZMA)</comment>
  <comment xml:lang="fi">Tar-arkisto (LZMA-pakattu)</comment>
  <comment xml:lang="hu">Tar archívum (LZMA-val tömörítve)</comment>
  <comment xml:lang="it">Archivio tar (compresso con LZMA)</comment>
  <comment xml:lang="nl">Tar-archief (ingepakt met LZMA)</comment>
  <comment xml:lang="vi">Kho nén tar (đã nén LZMA)</comment>
</mime-type>
