<?xml version="1.0" encoding="utf-8"?>
<mime-type xmlns="http://www.freedesktop.org/standards/shared-mime-info" type="application/x-m4">
<!--Created automatically by update-mime-database. DO NOT EDIT!-->
  <comment>M4 macro</comment>
  <comment xml:lang="bg">Макроси — M4</comment>
  <comment xml:lang="ca">macro M4</comment>
  <comment xml:lang="cs">Makro M4</comment>
  <comment xml:lang="de">M4-Makro</comment>
  <comment xml:lang="en_GB">M4 macro</comment>
  <comment xml:lang="es">macro M4</comment>
  <comment xml:lang="eu">M4 makroa</comment>
  <comment xml:lang="fi">M4-makro</comment>
  <comment xml:lang="fr">macro M4</comment>
  <comment xml:lang="hu">M4 makró</comment>
  <comment xml:lang="it">Macro M4</comment>
  <comment xml:lang="ko">M4 매크로</comment>
  <comment xml:lang="lt">M4 macro</comment>
  <comment xml:lang="nb">M4-makro</comment>
  <comment xml:lang="nl">M4-macro</comment>
  <comment xml:lang="nn">M4-makro</comment>
  <comment xml:lang="pl">Makro M4</comment>
  <comment xml:lang="pt_BR">Macro M4</comment>
  <comment xml:lang="sv">M4-makro</comment>
  <comment xml:lang="uk">Макрос M4</comment>
  <comment xml:lang="vi">Vĩ lệnh M4</comment>
  <sub-class-of type="text/plain"/>
</mime-type>
