<?xml version="1.0" encoding="utf-8"?>
<mime-type xmlns="http://www.freedesktop.org/standards/shared-mime-info" type="application/x-nautilus-link">
<!--Created automatically by update-mime-database. DO NOT EDIT!-->
  <comment>Nautilus link</comment>
  <comment xml:lang="az">Nautilus körpüsü</comment>
  <comment xml:lang="bg">Връзка — Nautilus</comment>
  <comment xml:lang="ca">enllaç de Nautilus</comment>
  <comment xml:lang="cs">Odkaz Nautilus</comment>
  <comment xml:lang="cy">Cyswllt Nautilus</comment>
  <comment xml:lang="da">Nautilus-henvisning</comment>
  <comment xml:lang="de">Nautilus-Link</comment>
  <comment xml:lang="el">σύνδεσμος Nautilus</comment>
  <comment xml:lang="en_GB">Nautilus link</comment>
  <comment xml:lang="eo">Nautilus-ligilo</comment>
  <comment xml:lang="es">enlace de Nautilus</comment>
  <comment xml:lang="eu">Nautilus esteka</comment>
  <comment xml:lang="fi">Nautilus-linkki</comment>
  <comment xml:lang="fr">lien Nautilus</comment>
  <comment xml:lang="hu">Nautilus-link</comment>
  <comment xml:lang="it">Collegamento Nautilus</comment>
  <comment xml:lang="ja">Nautilus リンク</comment>
  <comment xml:lang="ko">노틸러스 링크</comment>
  <comment xml:lang="lt">Nautilus nuoroda</comment>
  <comment xml:lang="ms">Pautan Nautilus</comment>
  <comment xml:lang="nb">Nautilus-lenke</comment>
  <comment xml:lang="nl">Nautilus-verwijzing</comment>
  <comment xml:lang="nn">Nautilus-lenke</comment>
  <comment xml:lang="pl">Odnośnik Nautilusa</comment>
  <comment xml:lang="pt">atalho Nautilus</comment>
  <comment xml:lang="pt_BR">Link do Nautilus</comment>
  <comment xml:lang="sq">Lidhje Nautilus</comment>
  <comment xml:lang="sr">Наутилус веза</comment>
  <comment xml:lang="sv">Nautiluslänk</comment>
  <comment xml:lang="uk">Посилання Nautilus</comment>
  <comment xml:lang="vi">Liên kết Nautilus</comment>
  <comment xml:lang="zh_CN">Nautilus 链接</comment>
  <comment xml:lang="zh_TW">Nautilus 鏈結</comment>
  <sub-class-of type="text/plain"/>
</mime-type>
