<?xml version="1.0" encoding="utf-8"?>
<mime-type xmlns="http://www.freedesktop.org/standards/shared-mime-info" type="application/x-netshow-channel">
<!--Created automatically by update-mime-database. DO NOT EDIT!-->
  <comment>Windows Media Station file</comment>
  <comment xml:lang="bg">Файл — Windows Media Station</comment>
  <comment xml:lang="ca">fitxer Windows Media Station</comment>
  <comment xml:lang="cs">Soubor Windows Media Station</comment>
  <comment xml:lang="es">Archivo de emisora de Windows Media</comment>
  <comment xml:lang="eu">Windows Media Station fitxategia</comment>
  <comment xml:lang="fi">Windows Media Station-tiedosto</comment>
  <comment xml:lang="fr">fichier Windows Media Station</comment>
  <comment xml:lang="hu">Windows Media Station fájl</comment>
  <comment xml:lang="it">File Windows Media Station</comment>
  <comment xml:lang="ko">Windows Media 방송국 파일</comment>
  <comment xml:lang="lt">Windows Media Station rinkmena</comment>
  <comment xml:lang="nb">Windows Media Station-fil</comment>
  <comment xml:lang="nl">Windows Media Station-bestand</comment>
  <comment xml:lang="sv">Windows Media Station-fil</comment>
  <comment xml:lang="vi">Tập tin Windows Media Station</comment>
  <sub-class-of type="video/x-ms-asf"/>
</mime-type>
