<?xml version="1.0" encoding="utf-8"?>
<mime-type xmlns="http://www.freedesktop.org/standards/shared-mime-info" type="application/x-ole-storage">
<!--Created automatically by update-mime-database. DO NOT EDIT!-->
  <comment>OLE2 compound document storage</comment>
  <comment xml:lang="bg">Съставен документ-хранилище — OLE2</comment>
  <comment xml:lang="ca">emmagatzematge de documents composats OLE2</comment>
  <comment xml:lang="cs">Úložiště složeného dokumentu OLE2</comment>
  <comment xml:lang="da">OLE2-sammensat dokument-lager</comment>
  <comment xml:lang="de">OLE2-Verbunddokumentenspeicher</comment>
  <comment xml:lang="el">αρχείο συμπαγούς αποθήκευσης εγγράφων OLE2</comment>
  <comment xml:lang="en_GB">OLE2 compound document storage</comment>
  <comment xml:lang="eo">OLE2-deponejo de parentezaj dokumentoj</comment>
  <comment xml:lang="es">almacenamiento de documentos compuestos OLE2</comment>
  <comment xml:lang="eu">OLE2 konposatutako dokumentu-bilduma</comment>
  <comment xml:lang="fi">OLE2-yhdisteasiakirjatallenne</comment>
  <comment xml:lang="fr">document de stockage composé OLE2</comment>
  <comment xml:lang="hu">OLE2 összetett dokumentumtároló</comment>
  <comment xml:lang="it">Memorizzazione documento composto OLE2</comment>
  <comment xml:lang="ja">OLE2 複合ドキュメントストレージ</comment>
  <comment xml:lang="ko">OLE2 복합 문서</comment>
  <comment xml:lang="lt">OLE2 sudėtinių dokumentų laikmena</comment>
  <comment xml:lang="ms">Storan dokumen halaman OLE2</comment>
  <comment xml:lang="nb">OLE-lager for sammensatte dokumenter</comment>
  <comment xml:lang="nl">OLE2-samengestelde documentopslag</comment>
  <comment xml:lang="nn">OLE2 lager for samansett dokument</comment>
  <comment xml:lang="pl">Magazyn dokumentu złożonego OLE2</comment>
  <comment xml:lang="pt">armazenamento de documento composto OLE2</comment>
  <comment xml:lang="pt_BR">Armazenamento de documento composto OLE2</comment>
  <comment xml:lang="sq">Arkiv dokumenti i përbërë OLE2</comment>
  <comment xml:lang="sr">ОЛЕ2 сједињени документ</comment>
  <comment xml:lang="sv">Sammansatt OLE2-dokumentlager</comment>
  <comment xml:lang="uk">Сховище складних документів OLE2</comment>
  <comment xml:lang="vi">Kho lưu tài liệu ghép OLE2</comment>
  <comment xml:lang="zh_CN">OLE2 组合文档存储</comment>
</mime-type>
