<?xml version="1.0" encoding="utf-8"?>
<mime-type xmlns="http://www.freedesktop.org/standards/shared-mime-info" type="application/x-palm-database">
<!--Created automatically by update-mime-database. DO NOT EDIT!-->
  <comment>Palm OS database</comment>
  <comment xml:lang="az">Palm OS mə'lumat bazası</comment>
  <comment xml:lang="bg">База от данни — Palm OS</comment>
  <comment xml:lang="ca">base de dades Palm OS</comment>
  <comment xml:lang="cs">Databáze Palm OS</comment>
  <comment xml:lang="cy">Cronfa Ddata Palm OS</comment>
  <comment xml:lang="da">Palm OS-database</comment>
  <comment xml:lang="de">Palm OS-Datenbank</comment>
  <comment xml:lang="el">βάση δεδομένων Palm OS</comment>
  <comment xml:lang="en_GB">Palm OS database</comment>
  <comment xml:lang="eo">datumbazo de Palm OS</comment>
  <comment xml:lang="es">base de datos de Palm OS</comment>
  <comment xml:lang="eu">Palm OS datubasea</comment>
  <comment xml:lang="fi">Palm OS -tietokanta</comment>
  <comment xml:lang="fr">base de données Palm OS</comment>
  <comment xml:lang="hu">Palm OS-adatbázis</comment>
  <comment xml:lang="it">Database Palm OS</comment>
  <comment xml:lang="ja">Palm OS データベース</comment>
  <comment xml:lang="ko">팜OS 데이터베이스</comment>
  <comment xml:lang="lt">Palm OS duomenų bazė</comment>
  <comment xml:lang="ms">Pangkalandata PalmOS</comment>
  <comment xml:lang="nb">Palm OS-database</comment>
  <comment xml:lang="nl">Palm OS-gegevensbank</comment>
  <comment xml:lang="nn">Palm OS-database</comment>
  <comment xml:lang="pl">Baza danych Palm OS</comment>
  <comment xml:lang="pt">base de dados do Palm OS</comment>
  <comment xml:lang="pt_BR">Banco de dados do Palm OS</comment>
  <comment xml:lang="ru">база данных Palm OS</comment>
  <comment xml:lang="sq">Bankë të dhënash Palm OS</comment>
  <comment xml:lang="sr">Palm OS база података</comment>
  <comment xml:lang="sv">Palm OS-databas</comment>
  <comment xml:lang="uk">База даних Palm OS</comment>
  <comment xml:lang="vi">Cơ sở dữ liệu PalmOS</comment>
  <comment xml:lang="zh_CN">Palm OS 数据库</comment>
  <comment xml:lang="zh_TW">Palm OS 資料庫</comment>
  <alias type="application/vnd.palm"/>
</mime-type>
