<?xml version="1.0" encoding="utf-8"?>
<mime-type xmlns="http://www.freedesktop.org/standards/shared-mime-info" type="application/x-perl">
<!--Created automatically by update-mime-database. DO NOT EDIT!-->
  <comment>Perl script</comment>
  <comment xml:lang="bg">Скрипт — Perl</comment>
  <comment xml:lang="ca">script Perl</comment>
  <comment xml:lang="cs">Skript v Perlu</comment>
  <comment xml:lang="da">Perl-program</comment>
  <comment xml:lang="de">Perl-Skript</comment>
  <comment xml:lang="el">πρόγραμμα εντολών Perl</comment>
  <comment xml:lang="en_GB">Perl script</comment>
  <comment xml:lang="eo">Perl-skripto</comment>
  <comment xml:lang="es">script en Perl</comment>
  <comment xml:lang="eu">Perl script-a</comment>
  <comment xml:lang="fi">Perl-komentotiedosto</comment>
  <comment xml:lang="fr">script Perl</comment>
  <comment xml:lang="hu">Perl-parancsfájl</comment>
  <comment xml:lang="it">Script Perl</comment>
  <comment xml:lang="ja">Perl スクリプト</comment>
  <comment xml:lang="ko">펄 스크립트</comment>
  <comment xml:lang="lt">Perl scenarijus</comment>
  <comment xml:lang="ms">Skrip Perl</comment>
  <comment xml:lang="nb">Perl skript</comment>
  <comment xml:lang="nl">Perl-script</comment>
  <comment xml:lang="nn">Perl-skript</comment>
  <comment xml:lang="pl">Skrypt w Perlu</comment>
  <comment xml:lang="pt">'script' Perl</comment>
  <comment xml:lang="pt_BR">Script Perl</comment>
  <comment xml:lang="ru">скрипт Perl</comment>
  <comment xml:lang="sq">Script Perl</comment>
  <comment xml:lang="sr">Перл скрипта</comment>
  <comment xml:lang="sv">Perlskript</comment>
  <comment xml:lang="uk">Сценарій на Perl</comment>
  <comment xml:lang="vi">Văn lệnh Perl</comment>
  <comment xml:lang="zh_CN">Perl 脚本</comment>
  <comment xml:lang="zh_TW">Perl 描述語言檔</comment>
  <sub-class-of type="application/x-executable"/>
  <sub-class-of type="text/plain"/>
</mime-type>
