<?xml version="1.0" encoding="utf-8"?>
<mime-type xmlns="http://www.freedesktop.org/standards/shared-mime-info" type="application/x-ruby">
<!--Created automatically by update-mime-database. DO NOT EDIT!-->
  <comment>Ruby script</comment>
  <comment xml:lang="bg">Скрипт — Ruby</comment>
  <comment xml:lang="ca">script Ruby</comment>
  <comment xml:lang="cs">Skript v Ruby</comment>
  <comment xml:lang="da">Ruby-program</comment>
  <comment xml:lang="de">Ruby-Skript</comment>
  <comment xml:lang="el">πρόγραμμα εντολών Ruby</comment>
  <comment xml:lang="en_GB">Ruby script</comment>
  <comment xml:lang="eo">Ruby-skripto</comment>
  <comment xml:lang="es">script en Ruby</comment>
  <comment xml:lang="eu">Ruby script-a</comment>
  <comment xml:lang="fi">Ruby-komentotiedosto</comment>
  <comment xml:lang="fr">script Ruby</comment>
  <comment xml:lang="hu">Ruby-parancsfájl</comment>
  <comment xml:lang="it">Script Ruby</comment>
  <comment xml:lang="ja">Ruby スクリプト</comment>
  <comment xml:lang="ko">Ruby 스크립트</comment>
  <comment xml:lang="lt">Ruby scenarijus</comment>
  <comment xml:lang="ms">Skrip Ruby</comment>
  <comment xml:lang="nb">Ruby-skript</comment>
  <comment xml:lang="nl">Ruby-script</comment>
  <comment xml:lang="nn">Ruby-skript</comment>
  <comment xml:lang="pl">Skrypt Ruby</comment>
  <comment xml:lang="pt">'script' Ruby</comment>
  <comment xml:lang="pt_BR">Script Ruby</comment>
  <comment xml:lang="ru">скрипт Ruby</comment>
  <comment xml:lang="sq">Script Ruby</comment>
  <comment xml:lang="sr">Руби скрипта</comment>
  <comment xml:lang="sv">Ruby-skript</comment>
  <comment xml:lang="uk">Сценарій Ruby</comment>
  <comment xml:lang="vi">Văn lệnh Ruby</comment>
  <comment xml:lang="zh_CN">Ruby 脚本</comment>
  <comment xml:lang="zh_TW">Ruby 描述語言檔</comment>
  <sub-class-of type="application/x-executable"/>
  <sub-class-of type="text/plain"/>
</mime-type>
