<?xml version="1.0" encoding="utf-8"?>
<mime-type xmlns="http://www.freedesktop.org/standards/shared-mime-info" type="application/x-sc">
<!--Created automatically by update-mime-database. DO NOT EDIT!-->
  <comment>SC/Xspread spreadsheet</comment>
  <comment xml:lang="bg">Таблица — SC/Xspread</comment>
  <comment xml:lang="ca">full de càlcul de SC/Xspread</comment>
  <comment xml:lang="cs">Sešit SC/Xspread</comment>
  <comment xml:lang="de">SX/Xspread-Tabelle</comment>
  <comment xml:lang="en_GB">SC/Xspread spreadsheet</comment>
  <comment xml:lang="es">hoja de cálculo SC/Xspread</comment>
  <comment xml:lang="eu">SC/Xspread kalkulu-orria</comment>
  <comment xml:lang="fi">SC/Xspread-taulukko</comment>
  <comment xml:lang="fr">feuille de calcul SC/Xspread</comment>
  <comment xml:lang="hu">SC/Xspread táblázat</comment>
  <comment xml:lang="it">Foglio di calcolo SC/Xspread</comment>
  <comment xml:lang="ko">SC/Xspread 스프레드시트</comment>
  <comment xml:lang="lt">SC/Xspread skaičialentė</comment>
  <comment xml:lang="nb">SC/Xspread-regneark</comment>
  <comment xml:lang="nl">SC/Xspread-rekenblad</comment>
  <comment xml:lang="nn">SC/Xspread-rekneark</comment>
  <comment xml:lang="pl">Arkusz SC/Xspread</comment>
  <comment xml:lang="pt_BR">Planilha do SC/Xspread</comment>
  <comment xml:lang="sv">SC/Xspread-kalkylblad</comment>
  <comment xml:lang="uk">Ел.таблиця SC/Xspread</comment>
  <comment xml:lang="vi">Bảng tính SC/Xspread</comment>
</mime-type>
