<?xml version="1.0" encoding="utf-8"?>
<mime-type xmlns="http://www.freedesktop.org/standards/shared-mime-info" type="application/x-shar">
<!--Created automatically by update-mime-database. DO NOT EDIT!-->
  <comment>shell archive</comment>
  <comment xml:lang="az">qabıq arxivi</comment>
  <comment xml:lang="bg">Архив на обвивката</comment>
  <comment xml:lang="ca">arxiu d'intèrpret d'ordres</comment>
  <comment xml:lang="cs">Archiv shellu</comment>
  <comment xml:lang="cy">archif plisgyn</comment>
  <comment xml:lang="da">skalarkiv</comment>
  <comment xml:lang="de">Shell-Archiv</comment>
  <comment xml:lang="el">αρχείο φλοιού (SHAR)</comment>
  <comment xml:lang="en_GB">shell archive</comment>
  <comment xml:lang="eo">ŝel-arkivo</comment>
  <comment xml:lang="es">archivador shell</comment>
  <comment xml:lang="eu">shell artxiboa</comment>
  <comment xml:lang="fi">komentotulkkiarkisto</comment>
  <comment xml:lang="fr">archive shell</comment>
  <comment xml:lang="hu">héjarchívum</comment>
  <comment xml:lang="it">Archivio shell</comment>
  <comment xml:lang="ja">シェルアーカイブ</comment>
  <comment xml:lang="ko">쉘 묶음파일</comment>
  <comment xml:lang="lt">shell archyvas</comment>
  <comment xml:lang="ms">Arkib shell</comment>
  <comment xml:lang="nb">skallarkiv</comment>
  <comment xml:lang="nl">shell-archief</comment>
  <comment xml:lang="nn">skal-arkiv</comment>
  <comment xml:lang="pl">archiwum powłoki</comment>
  <comment xml:lang="pt">arquivo de consola</comment>
  <comment xml:lang="pt_BR">Pacote shell</comment>
  <comment xml:lang="sq">arkiv shell</comment>
  <comment xml:lang="sr">Архива љуске (SHAR)</comment>
  <comment xml:lang="sv">skalarkiv</comment>
  <comment xml:lang="uk">архів оболонки</comment>
  <comment xml:lang="vi">kho trình bao</comment>
  <comment xml:lang="zh_CN">shell 压缩包</comment>
</mime-type>
