<?xml version="1.0" encoding="utf-8"?>
<mime-type xmlns="http://www.freedesktop.org/standards/shared-mime-info" type="application/x-siag">
<!--Created automatically by update-mime-database. DO NOT EDIT!-->
  <comment>Siag spreadsheet</comment>
  <comment xml:lang="bg">Таблица — Siag</comment>
  <comment xml:lang="ca">full de càlcul Siag</comment>
  <comment xml:lang="cs">Sešit Siag</comment>
  <comment xml:lang="da">Siag-regneark</comment>
  <comment xml:lang="de">Slag-Tabelle</comment>
  <comment xml:lang="el">λογιστικό φύλλο Siag</comment>
  <comment xml:lang="en_GB">Siag spreadsheet</comment>
  <comment xml:lang="eo">Siag-sterntabelo</comment>
  <comment xml:lang="es">hoja de cálculo de Siag</comment>
  <comment xml:lang="eu">Siag kalkulu-orria</comment>
  <comment xml:lang="fi">Siag-taulukko</comment>
  <comment xml:lang="fr">feuille de calcul Siag</comment>
  <comment xml:lang="hu">Siag-munkafüzet</comment>
  <comment xml:lang="it">Foglio di calcolo Siag</comment>
  <comment xml:lang="ja">Siag スプレッドシート</comment>
  <comment xml:lang="ko">Siag 스프레드시트</comment>
  <comment xml:lang="lt">Siag skaičialentė</comment>
  <comment xml:lang="ms">Hamparan Siag</comment>
  <comment xml:lang="nb">Siag-regneark</comment>
  <comment xml:lang="nl">Siag-rekenblad</comment>
  <comment xml:lang="nn">Siag-rekneark</comment>
  <comment xml:lang="pl">Arkusz Siag</comment>
  <comment xml:lang="pt">folha de cálculo Siag</comment>
  <comment xml:lang="pt_BR">Planilha do Siag</comment>
  <comment xml:lang="sq">Fletë llogaritëse Siag</comment>
  <comment xml:lang="sr">Siag табеларни прорачун</comment>
  <comment xml:lang="sv">Siag-kalkylblad</comment>
  <comment xml:lang="uk">Ел.таблиця Siag</comment>
  <comment xml:lang="vi">Bảng tính Slag</comment>
  <comment xml:lang="zh_CN">Siag 工作簿</comment>
  <comment xml:lang="zh_TW">Siag 試算表</comment>
</mime-type>
