<?xml version="1.0" encoding="utf-8"?>
<mime-type xmlns="http://www.freedesktop.org/standards/shared-mime-info" type="application/x-wpg">
<!--Created automatically by update-mime-database. DO NOT EDIT!-->
  <comment>WordPerfect/Drawperfect image</comment>
  <comment xml:lang="bg">Изображение — WordPerfect/Drawperfect</comment>
  <comment xml:lang="ca">imatge de WordPerfect/Drawperfect</comment>
  <comment xml:lang="cs">Obrázek WordPerfect/Drawperfect</comment>
  <comment xml:lang="da">WordPerfect/Drawperfect-billede</comment>
  <comment xml:lang="de">WordPerfect/DrawPerfect-Bild</comment>
  <comment xml:lang="el">εικόνα WordPerfect/Drawperfect</comment>
  <comment xml:lang="en_GB">WordPerfect/Drawperfect image</comment>
  <comment xml:lang="eo">WordPerfect/Drawperfect-bildo</comment>
  <comment xml:lang="es">imagen de WordPerfect/Drawperfect</comment>
  <comment xml:lang="eu">WordPerfect/Drawperfect irudia</comment>
  <comment xml:lang="fi">WordPerfect/Drawperfect-kuva</comment>
  <comment xml:lang="fr">image WordPerfect/DrawPerfect</comment>
  <comment xml:lang="hu">WordPerfect/Drawperfect-kép</comment>
  <comment xml:lang="it">Immagine WordPerfect/Drawperfect</comment>
  <comment xml:lang="ja">WordPerfect/Drawperfect 画像</comment>
  <comment xml:lang="ko">WordPerfect/Drawperfect 그림</comment>
  <comment xml:lang="lt">WordPerfect/Drawperfect paveikslėlis</comment>
  <comment xml:lang="ms">Imej WordPerfect/Drawperfect</comment>
  <comment xml:lang="nb">WordPerfect-/Drawperfect-bilde</comment>
  <comment xml:lang="nl">WordPerfect/Drawperfect-afbeelding</comment>
  <comment xml:lang="nn">WordPerfect/DrawPerfect-bilete</comment>
  <comment xml:lang="pl">Obraz WordPerfect/DrawPerfect</comment>
  <comment xml:lang="pt">imagem do WordPerfect/Drawperfect</comment>
  <comment xml:lang="pt_BR">Imagem do WordPerfect/Drawperfect</comment>
  <comment xml:lang="sq">Figurë WordPerfect/Drawperfect</comment>
  <comment xml:lang="sr">WordPerfect/Drawperfect слика</comment>
  <comment xml:lang="sv">WordPerfect/Drawperfect-bild</comment>
  <comment xml:lang="uk">Зображення WordPerfect/Drawperfect</comment>
  <comment xml:lang="vi">Ảnh WordPerfect/Drawperfect</comment>
  <comment xml:lang="zh_CN">WordPerfect/Drawperfect 图像</comment>
  <comment xml:lang="zh_TW">WordPerfect/Drawperfect 圖片</comment>
</mime-type>
