{
    "id": "rct1.scenery_wall.wooden_fence_brown_gate",
    "authors": [
        "Chris Sawyer",
        "Simon Foster"
    ],
    "version": "1.0",
    "sourceGame": "rct1",
    "isCompatibilityObject": true,
    "objectType": "scenery_wall",
    "properties": {
        "hasPrimaryColour": true,
        "height": 2,
        "price": 40,
        "sceneryGroup": "rct2.scenery_group.scgfence"
    },
    "images": [
        "$CSG[63155..63156]"
    ],
    "noCsgImages": [
        "$RCT2:OBJDATA/WPW1.DAT[0..1]"
    ],
    "strings": {
        "name": {
            "en-GB": "Wooden Fence",
            "fr-FR": "Clôture en bois",
            "de-DE": "Holzzaun",
            "es-ES": "Valla de madera",
            "it-IT": "Recinto di legno",
            "nl-NL": "Houten schutting",
            "sv-SE": "Trästaket",
            "ko-KR": "나무 울타리",
            "zh-CN": "木式栅栏",
            "zh-TW": "木式柵欄",
            "pt-BR": "Cerca de Madeira",
            "cs-CZ": "Dřevěný plot",
            "ja-JP": "木製のフェンス",
            "pl-PL": "Drewniany płot",
            "ru-RU": "Забор",
            "ar-EG": "سياج خشبي",
            "eo-ZZ": "Ligna Barilo",
            "ca-ES": "Tanca de fusta"
        }
    }
}
