<?xml version="1.0"?>
<gconf>
        <entry name="open_many" mtime="1136303139" type="schema" stype="bool" owner="evolution-mail">
        <local_schema locale="pt" short_desc="Questionar quando o utilizador tentar abrir 10 ou mais mensagens de uma vez">
                <longdesc>Se um utilizador tentar abrir 10 ou mais mensagens de uma vez, perguntar se ele o deseja mesmo fazer.</longdesc>
        </local_schema>
        <local_schema locale="uk" short_desc="Попереджати при спробі відкрити 10 чи більше повідомлень одночасно">
                <longdesc>Якщо користувач спробує відкрити 10 чи більше повідомлень одночасно, виводити діалог запиту, чи дійсно користувач бажає це зробити.</longdesc>
        </local_schema>
        <local_schema locale="en_CA" short_desc="Prompt when user tries to open 10 or more messages at once">
                <longdesc>If a user tries to open 10 or more messages at one time, ask the user if they really want to do it.</longdesc>
        </local_schema>
        <local_schema locale="ne" short_desc="प्रोम्पट गर जब प्रयोगकर्ताले १० वा धेरै सन्देशहरू एक पटकमा खोल्ने प्रयास गर्छभर्छ">
                <longdesc>यदि प्रयोगकर्ताले एक पटकमा १० वा बढी सन्देशहरू खोल्ने प्रयास गर्छ बने प्रयोगकर्तालाई सोध्नुहोस् कि तिनीहरू साँच्चै नै यसो गर्न चाहन्छन्।</longdesc>
        </local_schema>
        <local_schema locale="bg" short_desc="Предупреждаване когато потребител се опита да отвори 10 или повече писма едновременно">
                <longdesc>Ако потребител се опита да отвори 10 или повече писма едновременно, да бъде питан дали наистина иска да направи това.</longdesc>
        </local_schema>
        <local_schema locale="zh_CN" short_desc="当用户试图一次打开超过十封信时提示">
                <longdesc>如果用户试图一次打开的信件大于等于十封，将会询问用户是否真的要这么做。</longdesc>
        </local_schema>
        <local_schema locale="be" short_desc="Пытацца аб спробе адкрыцьця 10 ці болей новых паведамлеьняў адначасова">
                <longdesc>Калі карыстальнік спрабуе адкрыць 10 ці болей паведамленьняў адначасова, паказваць дыялёг запыту, ці сапраўды карыстальнік жадае гэтага.</longdesc>
        </local_schema>
        <local_schema locale="C" short_desc="Prompt when user tries to open 10 or more messages at once">
                <default type="bool" value="true">
                </default>
                <longdesc>
	  If a user tries to open 10 or more messages at one time, ask the user
	  if they really want to do it.
         </longdesc>
        </local_schema>
        <local_schema locale="nb" short_desc="Spør når bruker prøver å åpne 10 eller flere meldinger samtidig">
                <longdesc>Spør brukeren om han virkelig vil gjøre det hvis han prøver å åpne 10 eller flere e-poster på en gang.</longdesc>
        </local_schema>
        <local_schema locale="pt_BR" short_desc="Perguntar quando o usuário tentar abrir 10 ou mais mensagens de uma vez">
                <longdesc>Se um usuário tentar abrir 10 ou mais mensagens ao mesmo tempo, perguntar ao usuário se ele realmente deseja fazê-lo.</longdesc>
        </local_schema>
        <local_schema locale="et" short_desc="Kinnituse küsimine, kui korraga püütakse saata kümmet või enamat sõnumit">
                <longdesc>Kui kasutaja üritab avada rohkem kui 10 sõnumit ühel ajal, küsi temalt kas ta tõesti soovib seda teha.</longdesc>
        </local_schema>
        <local_schema locale="pl" short_desc="Potwierdzanie przy próbie otwarcia 10 i więcej listów za jednym razem">
                <longdesc>Pytanie w przypadku, gdy użytkownik chce otworzyć w tym samym czasie 10 i więcej listów.</longdesc>
        </local_schema>
        <local_schema locale="es" short_desc="Preguntar cuando el usuario intente abrir diez o más mensajes a la vez">
                <longdesc>Si el usuario intenta abrir diez o más mensajes al mismo tiempo, preguntar al usuario si quiere realmente hacerlo.</longdesc>
        </local_schema>
        <local_schema locale="vi" short_desc="Nhắc khi người dùng cố mở hơn 9 thư cùng lúc">
                <longdesc>Nếu người dùng cố mở hơn 9 thư cùng lúc thì hỏi nếu họ thật muốn làm như thế.</longdesc>
        </local_schema>
        <local_schema locale="ru" short_desc="Выводить запрос при попытке пользователя открыть 10 или более сообщений одновременно">
                <longdesc>Если пользователь пытается открыть 10 или более сообщений одновременно, выводить диалог запроса, действительно ли пользователь хочет это сделать.</longdesc>
        </local_schema>
        <local_schema locale="ko" short_desc="10개 이상의 메세지를 열려고 할 때 물어봅니다">
                <longdesc>사용자가 10개 이상의 메세지를 한번에 열면, 정말로 열 지 물어봅니다.</longdesc>
        </local_schema>
        <local_schema locale="lt" short_desc="Paklausti patvirtinimo, kai bandoma išsiųsti 10 ar daugiau laiškų vienu metu">
                <longdesc>Jeigu naudotojas bando tuo pačiu metu atverti 10 ar daugiau laiškų, paklausti jo ar jis tikrai nori tai padaryti.</longdesc>
        </local_schema>
        <local_schema locale="ca" short_desc="Pregunta quan l&apos;usuari intenti obrir deu o més missatges a la vegada">
                <longdesc>Pregunta a l&apos;usuari si de debò vol obrir deu o més missatges a la vegada.</longdesc>
        </local_schema>
        <local_schema locale="sv" short_desc="Fråga då användaren försöker att öppna tio eller fler meddelanden på samma gång">
                <longdesc>Om en användare försöker att öppna 10 eller fler meddelanden på samma gång, fråga om användaren verkligen vill göra det.</longdesc>
        </local_schema>
        <local_schema locale="el" short_desc="Ειδοποίηση όταν ο χρήστης προσπαθεί να ανοίξει 10 ή περισσότερα μηνύματα ταυτόχρονα">
                <longdesc>Αν ένας χρήστης προσπαθεί να ανοίξει 10 ή περισσότερα μηνύματα μαζί, να γίνεται ερώτηση αν στα αλήθεια το θέλει.</longdesc>
        </local_schema>
        <local_schema locale="fr" short_desc="Demander lorsqu&apos;un utilisateur essaye d&apos;ouvrir 10 messages ou plus en une fois.">
                <longdesc>Si un utilisateur essaye d&apos;ouvrir 10 message ou plus en une seule fois, lui demander si c&apos;est réellement ce qu&apos;il désire.</longdesc>
        </local_schema>
        <local_schema locale="ro" short_desc="Atenţionează când utilizatorul încearcă să deschidă 10 sau mai multe mesaje în acelaşi timp">
                <longdesc>Dacă un utilizator încearcă să deschidă 10 sau mai multe mesaje în acelaşi timp, întreabă utilizatorul dacă doreşte într-adevăr acest lucru.</longdesc>
        </local_schema>
        <local_schema locale="de" short_desc="Vor gleichzeitigem Öffnen von 10 oder mehr Nachrichten einen Hinweis anzeigen">
                <longdesc>Wenn ein Benutzer versucht, 10 oder mehr Nachrichten auf einmal zu öffnen, wird er gefragt, ob er es wirklich tun will.</longdesc>
        </local_schema>
        <local_schema locale="sr@Latn" short_desc="Pita korisnika kada pokuša da otvori 10 ili više poruka odjednom">
                <longdesc>Ukoliko korisnik pokuša da otvori 10 ili više poruka odjednom, pita ga da li zaista želi to da uradi.</longdesc>
        </local_schema>
        <local_schema locale="pa" short_desc="ਜਦੋਂ ਉਪਭੋਗਤਾ ਇੱਕੋ ਸਮੇਂ 10 ਸੁਨੇਹੇ ਖੋਲਣ ਦੀ ਕੋਸ਼ਿਸ ਕਰੇ ਤਾਂ ਪੁੱਛੋ">
                <longdesc>ਜੇਕਰ ਉਪਭੋਗਤਾ ਨੇ 10 ਜਾਂ ਵਧੇਰੇ ਸੁਨੇਹੇ ਇੱਕੋ ਸਮੇਂ ਖੋਲਣ ਦੀ ਕੋਸ਼ਿਸ ਕੀਤੀ ਤਾਂ, ਉਪਭੋਗਤਾ ਨੂੰ ਪੁੱਛੋ ਕਿ ਕੀ ਉਹ ਇਸਤਰਾਂ ਕਰਨਾ ਚਾਹੁੰਦਾ ਹੈ।</longdesc>
        </local_schema>
        <local_schema locale="gu" short_desc="જ્યારે વપરાશકર્તા એક જ સમયે ૧૦ અથવા વધુ સંદેશાઓ ખોલવાનો પ્રયત્ન કરે ત્યારે પૂછો">
                <longdesc>જો વપરાશકર્તા ૧૦ અથવા વધુ સંદેશાઓ એક જ સમયે ખોલવાનો પ્રયત્ન કરે, તો જો વપરાશકર્તા ખરેખર ઈચ્છા ધરાવતો હોય તો તેને પૂછો.</longdesc>
        </local_schema>
        <local_schema locale="sr" short_desc="Пита корисника када покуша да отвори 10 или више порука одједном">
                <longdesc>Уколико корисник покуша да отвори 10 или више порука одједном, пита га да ли заиста жели то да уради.</longdesc>
        </local_schema>
        <local_schema locale="ja" short_desc="ユーザが 10 通以上のメッセージを一度に開こうとする時に確認する">
                <longdesc>一度に 10 以上のメッセージを開こうとした場合、本当に全て開くかどうか問い合わせを行います。</longdesc>
        </local_schema>
        <local_schema locale="sq" short_desc="Paralajmëro kur përdoruesi kërkon të hapë 10 apo më shumë mesazhe njëkohësisht">
                <longdesc>Nëse një përdorues përpiqet të hapë 10 apo më shumë mesazhe njëkohësisht, pyet përdoruesin nëse me të vërtetë dëshiron një gjë të tillë.</longdesc>
        </local_schema>
        <local_schema locale="da" short_desc="Spørg når brugeren forsøger at åbne 10 eller flere beskeder på en gang">
                <longdesc>Hvis en bruger forsøger at åbne 10 eller flere beskeder på en gang, så spørg om brugeren virkelig ønsker det.</longdesc>
        </local_schema>
        <local_schema locale="zh_TW" short_desc="當使用者嘗試一次開啟 10 個或更多郵件時提示使用者。">
                <longdesc>如果使用者嘗試一次開啟 10 或更多的郵件，詢問使用者是否確定要這麼做。</longdesc>
        </local_schema>
        <local_schema locale="fi" short_desc="Kysy kun käyttäjä yrittää avata kymmenen tai useampia kerralla">
                <longdesc>Jos yrität avata 10 tai useampia viestejä kerralla, kysytään haluatkotodella tehdä sen.</longdesc>
        </local_schema>
        <local_schema locale="hu" short_desc="Megerősítés kérése, ha a felhasználó 10 vagy több üzenetet próbál egyszerre megnyitni">
                <longdesc>Megerősítés kérése, ha a felhasználó 10 vagy több üzenetet próbál egyszerre megnyitni.</longdesc>
        </local_schema>
        <local_schema locale="tr" short_desc="Kullanıcı 10 ya da daha fazla iletiyi aynı anda açmaya çalıştığında sor">
                <longdesc>Eğer kullanıcı 10 ya da daha fazla iletiyi bir kere açmayı denerse, kullanıcıya bunu gerçekten yapmak isteyip istemediğini sor.</longdesc>
        </local_schema>
        <local_schema locale="en_GB" short_desc="Prompt when user tries to open 10 or more messages at once">
                <longdesc>If a user tries to open 10 or more messages at one time, ask the user if they really want to do it.</longdesc>
        </local_schema>
        <local_schema locale="cy" short_desc="Promptio pan mae&apos;r defnyddiwr yn ceisio agor 10 neges neu fwy ar unwaith">
                <longdesc>Os ydy&apos;r defnyddiwr yn ceisio agor 10 neges neu fwy ar yr un pryd, gofyn iddyn nhw a ydyn nhw wir am wneud hynny.</longdesc>
        </local_schema>
        <local_schema locale="gl" short_desc="Preguntar cando o usuario tente abrir dez ou máis mensaxes á vez">
                <longdesc>Se o usuario tenta abrir 10 ou máis mensaxes ao mesmo tempo, preguntar ao usuario se quere realmente facelo.</longdesc>
        </local_schema>
        <local_schema locale="no" short_desc="Spør når bruker prøver å åpne 10 eller flere meldinger samtidig">
                <longdesc>Spør brukeren om han virkelig vil gjøre det hvis han prøver å åpne 10 eller flere e-poster på en gang.</longdesc>
        </local_schema>
        <local_schema locale="nn" short_desc="Spør når brukaren prøver å opne ti eller fleire meldingar på ein gong">
                <longdesc>Dersom brukaren prøver å opna 10 eller fleire meldingar, spør om han/ho verkeleg vil gjera det.</longdesc>
        </local_schema>
        <local_schema locale="it" short_desc="Avverte l&apos;utente quando cerca di aprire 10 o più messaggi insieme">
                <longdesc>Se un&apos;utente cerca di aprire 10 o più messaggi allo stesso tempo chiedere se si è sicuri di ciò che si sta facendo.</longdesc>
        </local_schema>
        <local_schema locale="bn" short_desc="এক সময়ে ১০ অথবা অধিক সংখ্যক বার্তা পড়ার প্রচেষ্টা করা হলে সতর্কবার্তা প্রদর্শন করা হবে">
                <longdesc>ব্যবহারকারীর দ্বারা এক সময়ে ১০ অথবা অধিক সংখ্যক বার্তা পড়ার প্রচেষ্টা করা হলে ব্যবহারকারীকে সত্রক করে সম্মতি নেওয়া হবে।</longdesc>
        </local_schema>
        <local_schema locale="fa" short_desc="کسب تکلیف هنگامی که کاربر سعی می‌کند ۱۰ پیغام یا بیشتر را یک دفعه باز کند.">
                <longdesc>اگر کاربری تلاش کرد ۱۰ پیغام یا بیشتر را در آن واحد باز کند، از کاربر سؤال شود آیا واقعاً مایل به انجام این کار است.</longdesc>
        </local_schema>
        <local_schema locale="nl" short_desc="Waarschuwen wanneer de gebruiker 10 of meer berichten tegelijkertijd probeert te openen.">
                <longdesc>Als een gebruiker 10 of meer berichten tegelijkertijd probeert te openen, vraag de gebruiker dan of hij dat werkelijk wilt doen.</longdesc>
        </local_schema>
        <local_schema locale="cs" short_desc="Upozorňovat, když se uživatel pokusí otevřít najednou 10 nebo více zpráv">
                <longdesc>Pokud se uživatel pokusí otevřít 10 nebo více zpráv najednou, zeptat se uživatele, jestli to opravdu chce udělat.</longdesc>
        </local_schema>
        </entry>
        <entry name="unwanted_html" mtime="1136303139" type="schema" stype="bool" owner="evolution-mail">
        <local_schema locale="pt" short_desc="Questionar o utilizador quando este tentar enviar HTML indesejado">
                <longdesc>Questionar o utilizador quando este tentar enviar mensagens em HTML para destinatários que poderão não desejar receber mensagens em HTML.</longdesc>
        </local_schema>
        <local_schema locale="uk" short_desc="Попереджувати, коли користувач намагається надіслати небажаний HTML ">
                <longdesc>Попереджати, якщо користувач намагається надіслати HTML повідомлення отримувачам, які цього не бажають</longdesc>
        </local_schema>
        <local_schema locale="en_CA" short_desc="Prompt when user tries to send unwanted HTML">
                <longdesc>Prompt when user tries to send HTML mail to recipients that may not want to receive HTML mail.</longdesc>
        </local_schema>
        <local_schema locale="ne" short_desc="प्रोम्पट गर जब प्रयोगकर्ताले नचाहिएको एचटिएमएल पठाउने प्रयास गर्छ">
                <longdesc>प्रोम्पट गर जब प्रयोगकर्ताले एचटिएमएल पत्र प्राप्त गर्न नचाहने प्रापकहरूलाई एचटिएमएल पत्र पठाउने प्रयास गर्छ।</longdesc>
        </local_schema>
        <local_schema locale="bg" short_desc="Предупреждаване на потребителя, когато се опита да изпрати нежелан HTML">
                <longdesc>Предупреждаване на потребителя при изпращане на писма в HTML формат до получатели, които може да не искат да получават такава поща.</longdesc>
        </local_schema>
        <local_schema locale="zh_CN" short_desc="当用户是否发送意外的 HTML 时提示">
                <longdesc>当用户试图给不想接收 HTML 的联系人发送 HTML 邮件时提示。</longdesc>
        </local_schema>
        <local_schema locale="be" short_desc="Папярэджваць аб спробе дасланьня непажаданага HTML">
                <longdesc>Папярэджваць аб дасланьні паведамленьняў у фармаце HTML тым,
хто не жадае гэтага.</longdesc>
        </local_schema>
        <local_schema locale="C" short_desc="Prompt when user tries to send unwanted HTML">
                <default type="bool" value="true">
                </default>
                <longdesc>
          Prompt when user tries to send HTML mail to recipients that
          may not want to receive HTML mail.
         </longdesc>
        </local_schema>
        <local_schema locale="nb" short_desc="Spør når bruker prøver å sende uønsket HTML">
                <longdesc>Spør når bruker prøver å sende HTML-meldinger til mottakere som ikke ønsker å motta HTML-meldinger.</longdesc>
        </local_schema>
        <local_schema locale="pt_BR" short_desc="Perguntar quando o usuário tenta enviar HTML indesejado">
                <longdesc>Perguntar quando o usuário tenta enviar mensagem HTML para contatos que não as desejam.</longdesc>
        </local_schema>
        <local_schema locale="pl" short_desc="Potwierdzenie przy próbie wysłania niepożądanego formatu HTML">
                <longdesc>Potwierdzanie przy wysyłaniu listów w formacie HTML do osób, które ich nie chcą.</longdesc>
        </local_schema>
        <local_schema locale="et" short_desc="Kinnituse küsimine soovimatu HTML saatmise korral">
                <longdesc>Täpsustus, kui püütakse saata HTML sõnumit isikule, kes ei soovi HTML sisuga sõnumeid vastu võtta.</longdesc>
        </local_schema>
        <local_schema locale="es" short_desc="Preguntar cuando el usuario intente enviar HTML no deseado">
                <longdesc>Preguntar al enviar mensajes en HTML a contactos quizá no los quieran.</longdesc>
        </local_schema>
        <local_schema locale="vi" short_desc="Nhắc khi người dùng cố gửi thư dạng HTML không phải được muốn">
                <longdesc>Nhắc khi người dùng cố gửi thư HTML cho liên lạc không muốn nhận HTML.</longdesc>
        </local_schema>
        <local_schema locale="ru" short_desc="Предупреждать, когда пользователь пытается отправить нежелательный HTML">
                <longdesc>Предупреждать при отправке сообщений в формате HTML тем, кто не желает этого.</longdesc>
        </local_schema>
        <local_schema locale="id" short_desc="Konfirmasi saat user mengirim email HTML yang tidak diinginkan.">
                <longdesc>Konfirmasi saat user hendak mengirim email dalam HTML padahal alamat tujuan tidak mau menerima email dalam HTML.</longdesc>
        </local_schema>
        <local_schema locale="ko" short_desc="원하지 않는 HTML을 보내려 할 때 물어봅니다">
                <longdesc>HTML 메세지를 원하지 않는 사람한테 HTML 메일을 보내려 할 때 물어봅니다.</longdesc>
        </local_schema>
        <local_schema locale="lt" short_desc="Užklausti patvirtinimo, kai bandoma siųsti HTML laišką to nenorintiems adresatams">
                <longdesc>Paklausti, kai siunčiamas HTML laiškas adresatams, kurie gali nenorėti gauti HTML formato laiškų.</longdesc>
        </local_schema>
        <local_schema locale="az" short_desc="İstənməyən HTML göndərildiyində təsdiq istə">
                <longdesc>HTML məktublarını bu tərz məktub istəməyən əlaqələrə göndərdiyimdə təsdiq istə.</longdesc>
        </local_schema>
        <local_schema locale="ca" short_desc="Pregunta quan l&apos;usuari intenti enviar correu HTML no desitjat">
                <longdesc>Pregunta quan l&apos;usuari intenti enviar correu HTML a destinataris que no volen rebre correu HTML.</longdesc>
        </local_schema>
        <local_schema locale="sv" short_desc="Fråga då användaren försöker skicka oönskad HTML">
                <longdesc>Fråga då användaren försöker skicka HTML-brev till mottagare som kanske inte vill ha HTML-brev.</longdesc>
        </local_schema>
        <local_schema locale="el" short_desc="Ειδοποίηση όταν ο χρήστης προσπαθεί να στείλει ανεπιθύμητο HTML">
                <longdesc>Ειδοποίηση όταν ο χρήστης προσπαθεί να στείλει HTML σε επαφές που δεν επιθυμούν αλληλογραφία σε HTML.</longdesc>
        </local_schema>
        <local_schema locale="fr" short_desc="Demander lorsque l&apos;utilisateur essaye d&apos;envoyer des message HTML non désirés">
                <longdesc>Demander lors de l&apos;envoi de messages HTML à des contacts qui n&apos;en veulent pas.</longdesc>
        </local_schema>
        <local_schema locale="ro" short_desc="Atenţionează când utilizatorul încearcă să trimită HTML fără intenţie">
                <longdesc>Atenţionează când utilizatorul încearcă să trimită mailuri în format HTML către destinatari ce s-ar putea să nu dorească să primească mailuri HTML.</longdesc>
        </local_schema>
        <local_schema locale="de" short_desc="Rückfragen, falls der Benutzer versucht, nicht erwünschtes HTML zu verschicken">
                <longdesc>Beim Verschicken von HTML-Nachrichten an Kontakte, die keine wollen, rückfragen.</longdesc>
        </local_schema>
        <local_schema locale="sr@Latn" short_desc="Pita kada korisnik pokuša da pošalje neželjeni HTML">
                <longdesc>Pita kada korisnik pokuša da pošalje HTML poruku primaocima koji možda ne žele da primaju HTML poštu.</longdesc>
        </local_schema>
        <local_schema locale="pa" short_desc="ਜਦੋਂ ਉਪਭੋਗਤਾ ਨਾ-ਚਾਹਿਆਂ HTML ਸੁਨੇਹੇ ਭੇਜਣ ਦੀ ਕੋਸ਼ਿਸ ਕਰੇ ਤਾਂ ਪੁੱਛੋ">
                <longdesc>ਜਦੋਂ ਉਪਭੋਗਤਾ HTML ਸੁਨੇਹੇ, ਉਹਨਾਂ ਉਪਭੋਗਤਾ ਨੂੰ ਭੇਜਣ ਦੀ ਕੋਸ਼ਿਸ ਕਰੇ, ਜੋ ਕਿ ਇਹ ਪ੍ਰਾਪਤ ਹੀ ਨਹੀਂ ਕਰਨਾ ਚਾਹੁੰਦੇ ਹਨ, ਤਾਂ ਪੁੱਛੋ।</longdesc>
        </local_schema>
        <local_schema locale="gu" short_desc="જ્યારે વપરાશકર્તા બિનજરુરી HTML મોકલવાનો પ્રયત્ન કરે છે ત્યારે તે વપરાશકર્તાને પૂછે છે">
                <longdesc>જ્યારે વપરાશકર્તા HTML મેઈલ મેળવનારાઓને મોકલે છે કે જેઓ HTML મેઈલ મેળવવા માંગતા ના હોય ત્યારે વપરાશકર્તાને પૂછે છે.</longdesc>
        </local_schema>
        <local_schema locale="sr" short_desc="Пита када корисник покуша да пошаље нежељени HTML">
                <longdesc>Пита када корисник покуша да пошаље HTML поруку примаоцима који можда не желе да примају HTML пошту.</longdesc>
        </local_schema>
        <local_schema locale="ja" short_desc="希望しない HTML をユーザが送信する前に警告する">
                <longdesc>HTML 形式を希望しない連絡先へ HTML メールを送信する前に確認します。</longdesc>
        </local_schema>
        <local_schema locale="sq" short_desc="Paralajmërim kur përdoruesi kërkon të dërgojë HTML të padëshiruar">
                <longdesc>Paralajmëro kur përdoruesi kërkon t&apos;u dërgojë mesazhe HTML marrësve që nuk dëshirojnë të marrin mesazhe në HTML.</longdesc>
        </local_schema>
        <local_schema locale="da" short_desc="Spørg når brugeren prøver at sende uønsket HTML">
                <longdesc>Spørg når beskeder der benytter HTML sendes til modtagere der måske ikke vil have dem.</longdesc>
        </local_schema>
        <local_schema locale="xh" short_desc="Uphawu olukhumbuza ngelixa umsebenzisi ezama ukuthumela i-HTML engafunekiyo">
                <longdesc>Phawula ngelixa umsebenzisi ezama ukuthumela i-imeyili ye-HMTL kumamkeli osenokungafuni ukufumana i-imeyili ye-HTML.</longdesc>
        </local_schema>
        <local_schema locale="ar" short_desc="المسائلة حين يحاول المستخدم إرسال HTML غير مرغوبٍ فيه">
                <longdesc>المسائلة حين يحاول المستخدم إرسال بريد HTML إلى مستلمين قد لا يرغبون باستلام بريد HTML.</longdesc>
        </local_schema>
        <local_schema locale="zh_TW" short_desc="當使用者嘗試傳送不想要的 HTML 時提示">
                <longdesc>當使用者嘗試傳送 HTML 郵件到不想接收 HTML 郵件的收件者時，顯示提示。</longdesc>
        </local_schema>
        <local_schema locale="fi" short_desc="Kysy vahvistus, jos yritetään lähteä ei-toivottua HTML-postia">
                <longdesc>Kysy vahvistus, kun ollaan lähettämässä HTML-viestiä vastaanottajille, jotka eivät sellaista halua vastaanottaa.</longdesc>
        </local_schema>
        <local_schema locale="hu" short_desc="Kérdez, ha kéretlenül próbál HTML levelet küldeni">
                <longdesc>Kérdez, ha HTML levelet próbál küldeni olyan címre, aki nem akar ilyet kapni.</longdesc>
        </local_schema>
        <local_schema locale="tr" short_desc="Kullanıcı istenmeyen HTML göndermeye çalıştığında sor">
                <longdesc>Kullanıcı HTML mektup almak istemeyen alıcılara HTML mektup göndermeye çalıştığında sor.</longdesc>
        </local_schema>
        <local_schema locale="en_GB" short_desc="Prompt when user tries to send unwanted HTML">
                <longdesc>Prompt when user tries to send HTML mail to recipients that may not want to receive HTML mail.</longdesc>
        </local_schema>
        <local_schema locale="cy" short_desc="Promptio pan mae&apos;r defnyddiwr yn ceisio anfon HTML diofyn amdano">
                <longdesc>Promptio pan mae&apos;r defnyddiwr yn ceisio anfon e-bost HTML at dderbynwyr nad ydynt o reidrwydd am dderbyn e-bost HTML.</longdesc>
        </local_schema>
        <local_schema locale="gl" short_desc="Preguntar cando o usuario tente enviar HTML non desexado">
                <longdesc>Preguntar ao enviar mensaxes en HTML a contactos que non os queiran.</longdesc>
        </local_schema>
        <local_schema locale="hr" short_desc="Upitaj kada korisnik pokuša poslati neželjeni HTML">
                <longdesc>Upitaj kada korisnik pokuša poslati HTML poštu primateljima koji možda ne žele primati HTML poštu.</longdesc>
        </local_schema>
        <local_schema locale="no" short_desc="Spør når bruker prøver å sende uønsket HTML">
                <longdesc>Spør når bruker prøver å sende HTML-meldinger til mottakere som ikke ønsker å motta HTML-meldinger.</longdesc>
        </local_schema>
        <local_schema locale="nn" short_desc="Spør når brukaren prøver å senda uønskt HTML-e-post">
                <longdesc>Spør ved sending av HTML-meldingar til kontaktar som ikkje vil ha slikt.</longdesc>
        </local_schema>
        <local_schema locale="it" short_desc="Avverte quando l&apos;utente tenta di inviare HTML non desiderato">
                <longdesc>Avverte quando l&apos;utente tenta di inviare messaggi HTML a destinatare che potrebbero non desiderare ricevere posta in HTML.</longdesc>
        </local_schema>
        <local_schema locale="bn" short_desc="ব্যবহারকারী অবাঞ্ছিত HTML প্রেরণ করতে চেষ্টা করলে সতর্কবাণী প্রদর্শন করবে">
                <longdesc>HTML বার্তা গ্রহণে অনিচ্ছুক প্রাপকদের ব্অবহারকারী HTML বার্তা প্রেরণ করার চেষ্টা করলে সতর্কবাণী প্রদর্শন করবে।</longdesc>
        </local_schema>
        <local_schema locale="fa" short_desc="کسب تکلیف هنگامی که کاربر سعی می‌کند HTML ناخواسته ارسال کند">
                <longdesc>کسب تکلیف هنگامی که کاربر سعی می‌کند یک نامه‌ی HTML را برای کاربرانی ارسال کند که شاید نخواهند نامه‌ی HTML دریافت کنند.</longdesc>
        </local_schema>
        <local_schema locale="nl" short_desc="Waarschuw als de gebruiker ongewenste HTML probeert te versturen">
                <longdesc>Waarschuwen wanneer HTML berichten verstuurd worden naar contacten die dat niet willen.</longdesc>
        </local_schema>
        <local_schema locale="cs" short_desc="Upozorňovat, když se uživatel pokusí odeslat nechtěné HTML">
                <longdesc>Upozorňovat, když se uživatel pokusí poslat zprávu v HTML příjemcům, kteří možná nechtějí přijímat poštu v HTML.</longdesc>
        </local_schema>
        </entry>
        <entry name="only_bcc" mtime="1136303139" type="schema" stype="bool" owner="evolution-mail">
        <local_schema locale="pt" short_desc="Questionar quando o utilizador apenas preencher o Bcc">
                <longdesc>Questionar o utilizador quando este tentar enviar uma mensagem sem indicar destinatários em Para ou Cc.</longdesc>
        </local_schema>
        <local_schema locale="uk" short_desc="Попереджати, якщо користувач вказав лише отримувачів прихованої копії">
                <longdesc>Попереджати, коли користувач намагається надіслати повідомлення без вказування отримувача у полях &quot;Кому:&quot; та &quot;Копія:&quot;</longdesc>
        </local_schema>
        <local_schema locale="en_CA" short_desc="Prompt when user only fills Bcc">
                <longdesc>Prompt when user tries to send a message with no To or Cc recipients.</longdesc>
        </local_schema>
        <local_schema locale="ne" short_desc="प्रोम्पट गर जब प्रयोगकर्ताले बिसिसि मात्र भर्छ">
                <longdesc>प्रोम्पट गर जब प्रयोगकर्ताले प्रापक वा कार्बन कपि पाउने बिना एक सन्देश पठाउने प्रयास गर्छ।</longdesc>
        </local_schema>
        <local_schema locale="bg" short_desc="Предупреждаване, когато потребителя попълни само „Скрито копие до“">
                <longdesc>Предупреждаване на потребителя при изпращане на писма без адрес в полетата „До“ или „Копие до“.</longdesc>
        </local_schema>
        <local_schema locale="zh_CN" short_desc="用户只填入 Bcc 时提示">
                <longdesc>当用户试图发送没有 To 或 Cc 收件人的邮件时提示。</longdesc>
        </local_schema>
        <local_schema locale="be" short_desc="Папярэджваць, калі карыстальнік запоўніў толькі поле &quot;Схаваная копія&quot; (Bcc)">
                <longdesc>Папярэджваць аб спробе дасланьня паведамленьняў з пустымі палямі &quot;Каму&quot; і &quot;Схаваная копія&quot; (Cc).</longdesc>
        </local_schema>
        <local_schema locale="C" short_desc="Prompt when user only fills Bcc">
                <default type="bool" value="true">
                </default>
                <longdesc>
          Prompt when user tries to send a message with no To or Cc recipients.
         </longdesc>
        </local_schema>
        <local_schema locale="nb" short_desc="Stopp og spør når bare «Bcc» er utfylt">
                <longdesc>Spør når bruker prøver å sende en melding uten Til- eller Cc-mottakere.</longdesc>
        </local_schema>
        <local_schema locale="pt_BR" short_desc="Perguntar quando o usuário preenche apenas o Bcc">
                <longdesc>Perguntar quando o usuário tenta enviar uma mensagem sem destinatários Para ou Cc.</longdesc>
        </local_schema>
        <local_schema locale="pl" short_desc="Potwierdzenie jeżeli użytkownik wypełnił tylko pole ukrytego adresata (Bcc)">
                <longdesc>Potwierdzanie przy wysyłaniu listu bez adresatów w polach Do lub Cc</longdesc>
        </local_schema>
        <local_schema locale="et" short_desc="Kinnituse küsimine, kui kasutaja määrab ainult pimekoopia">
                <longdesc>Kinnituse küsimine, kui püütakse saata sõnumit, millel pole tavalist saajat ega pimekoopa saajat määratud.</longdesc>
        </local_schema>
        <local_schema locale="es" short_desc="Preguntar cuando el usuario sólo rellene el campo Cco">
                <longdesc>Preguntar cuando el usuario intente enviar un mensaje sin destinatarios Para o Cc.</longdesc>
        </local_schema>
        <local_schema locale="vi" short_desc="Nhắc khi người dùng chỉ nhập Bcc">
                <longdesc>Nhắc khi người dùng cố gửi thư mà không có người nhận Cho (To) hay Chép Cho (CC).</longdesc>
        </local_schema>
        <local_schema locale="ru" short_desc="Предупреждать, если пользователь заполнил только поле Bcc">
                <longdesc>Предупреждать при попытке отправить сообщение с пустыми полями To и Cc.</longdesc>
        </local_schema>
        <local_schema locale="id" short_desc="Konfirmasi saat user hanya mengisi kolom Bcc saja">
                <longdesc>Konfirmasi saat user hendak mengirim email tanpa mengisi To atau Cc.</longdesc>
        </local_schema>
        <local_schema locale="ko" short_desc="Bcc만 사용했을 때 물어봅니다">
                <longdesc>To나 Cc로 받는 사람이 없는 상태로 메세지를 보내려 할 때 물어봅니다.</longdesc>
        </local_schema>
        <local_schema locale="lt" short_desc="Paklausti patvirtinimo, kai užpildomi tik bcc gavėjų laukai">
                <longdesc>Paklausti prieš siunčiant laiškus vien tik su _Bcc gavėjais.</longdesc>
        </local_schema>
        <local_schema locale="az" short_desc="Təkcə Bcc doldurulduğunda təsdiq istə">
                <longdesc>Alıcı və Cc alıcıları bildirilməyən ismarış yollamağa çalışdığında təsdiq istə</longdesc>
        </local_schema>
        <local_schema locale="ca" short_desc="Pregunta quan l&apos;usuari només empleni Bcc">
                <longdesc>Pregunta quan l&apos;usuari intenti enviar un missatge sense destinataris a Per a o Cc.</longdesc>
        </local_schema>
        <local_schema locale="sv" short_desc="Fråga då användaren endast fyller i blindkopia">
                <longdesc>Fråga då användaren försöker skicka ett meddelande utan till- eller kopiemottagare.</longdesc>
        </local_schema>
        <local_schema locale="el" short_desc="Ειδοποίηση όταν ο χρήστης συμπληρώνει μόνο το πεδίο Κρυφ.Κοιν">
                <longdesc>Ειδοποίηση όταν ο χρήστης προσπαθεί να στείλει ένα μήνυμα χωρίς παραλήπτες στο Πρός ή στο Κοινοποίηση.</longdesc>
        </local_schema>
        <local_schema locale="fr" short_desc="Demander si l&apos;utilisateur remplit uniquement Cci">
                <longdesc>Demander lors de l&apos;envoi de messages où seuls des destinataires sans To ou Cc définis.</longdesc>
        </local_schema>
        <local_schema locale="ro" short_desc="Atenţionează când utilizatorul completează doar Bcc">
                <longdesc>Atenţionează când utilizatorul încearcă să trimită un mesaj fără destinatari în câmpurile Către sau CC.</longdesc>
        </local_schema>
        <local_schema locale="de" short_desc="Rückfragen, falls der Benutzer nur das Blindkopie-Feld ausfüllt">
                <longdesc>Beim Verschicken von Nachrichten ohne An- und Kopie-Feld rückfragen.</longdesc>
        </local_schema>
        <local_schema locale="sr@Latn" short_desc="Pita kada korisnik unese samo nevidljivu kopiju (Bcc)">
                <longdesc>Pita korisnika kada pokuša da pošalje poruku bez primalaca.</longdesc>
        </local_schema>
        <local_schema locale="pa" short_desc="ਜੇਕਰ ਸਿਰਫ Bcc ਖੇਤਰ ਹੀ ਭਰਿਆ ਹੋਵੇ ਤਾਂ ਪੁੱਛੋ">
                <longdesc>ਜਦੋਂ ਉਪਭੋਗਤਾ ਬਿਨਾਂ ਵੱਲ ਜਾਂ Cc ਪ੍ਰਾਪਤਕਰਤਾ ਦੇ ਸੁਨੇਹੇ ਭੇਜਣ ਦੀ ਕੋਸ਼ਿਸ ਕਰੇ ਤਾਂ ਪੁੱਛੋ।</longdesc>
        </local_schema>
        <local_schema locale="gu" short_desc="જ્યારે વપરાશકર્તા માત્ર આને પણ ખબર વિના મોકલો ભરે છે ત્યારે પૂછે છે">
                <longdesc>જ્યારે વપરાશકર્તા સંદેશો પ્રતિ અને આને પણ ભર્યા વગર મોકલવાનો પ્રયત્ન કરે છે ત્યારે વપરાશકર્તાને પૂછે છે.</longdesc>
        </local_schema>
        <local_schema locale="sr" short_desc="Пита када корисник унесе само невидљиву копију (Bcc)">
                <longdesc>Пита корисника када покуша да пошаље поруку без прималаца.</longdesc>
        </local_schema>
        <local_schema locale="ja" short_desc="ユーザが Bcc のみ入力したら警告する">
                <longdesc>ユーザが To/Cc 先を付けずに送信しようとする時に確認します。</longdesc>
        </local_schema>
        <local_schema locale="sq" short_desc="Paralajmërim nëse përdoruesi plotëson vetëm Bcc">
                <longdesc>Paralajmëro kur përdoruesi kërkon të dërgojë një mesazh pa përmbajtje tek &quot;Për&quot; apo &quot;Cc&quot;.</longdesc>
        </local_schema>
        <local_schema locale="da" short_desc="Spørg når brugeren kun udfylder Bcc-feltet">
                <longdesc>Spørg når der sendes beskeder uden modtagere i Til- eller Cc-felterne.</longdesc>
        </local_schema>
        <local_schema locale="xh" short_desc="Uphawu olukhumbuza ngelixa umsebenzisi ezalisa ukukopela ngokufihliweyo kuphela">
                <longdesc>Phawula ngelixa umsebenzisi ezama ukuthumela umyalezo engenaye u-Iya okanye u-Kopela kumamkeli.</longdesc>
        </local_schema>
        <local_schema locale="ar" short_desc="المسائلة حين لا يملأ المستخدم سوى حقل النّسخة الكربونيّة المخفيّة">
                <longdesc>المسائلة حين يحاول المستخدم إرسال رسالةٍ دون مستلمي &quot;إلى&quot; أو &quot;نسخة كربونيّة&quot;.</longdesc>
        </local_schema>
        <local_schema locale="zh_TW" short_desc="當使用者只填寫密件副本時提示">
                <longdesc>當使用者傳送不含收件者或副本收件者的郵件時，提示使用者。</longdesc>
        </local_schema>
        <local_schema locale="fi" short_desc="Kysy vahvistus, jos käyttäjä syöttää ainoastaan Bcc-kentän">
                <longdesc>Varmista, kun käyttäjä yrittää lähettää viestiä ilman Vastaanottaja tai Cc-kenttiä</longdesc>
        </local_schema>
        <local_schema locale="hu" short_desc="Kérdez, ha csak a Bcc van kitöltve">
                <longdesc>Kérdez, ha Címzett vagy Másolat címzett nélküli levelet próbál küldeni.</longdesc>
        </local_schema>
        <local_schema locale="tr" short_desc="Kullanıcı sadece Gizli Bilgi doldurduğunda sor">
                <longdesc>Kullanıcı Alıcı ya da Bilgi kullanmadan ileti göndermeye çalıştığında sor.</longdesc>
        </local_schema>
        <local_schema locale="en_GB" short_desc="Prompt when user only fills Bcc">
                <longdesc>Prompt when user tries to send a message with no To or Cc recipients.</longdesc>
        </local_schema>
        <local_schema locale="cy" short_desc="Promptio pan mae&apos;r defnyddiwr yn llenwi Bcc yn unig">
                <longdesc>Promptio pan mae&apos;r defnyddiwr yn ceisio anfon neges heb dderbynwyr I: na Cc:</longdesc>
        </local_schema>
        <local_schema locale="gl" short_desc="Preguntar cando o usuario só enche o campo Bcc">
                <longdesc>Preguntar cando o usuario tente enviar unha mensaxe sen destinatarios Para ou CC.</longdesc>
        </local_schema>
        <local_schema locale="hr" short_desc="Upitaj kada korisnik popuni samo Bcc">
                <longdesc>Upitaj kada korisnik pokuša poslati poruku bez To ili Cc primatelja.</longdesc>
        </local_schema>
        <local_schema locale="no" short_desc="Stopp og spør når bare «Bcc» er utfylt">
                <longdesc>Spør når bruker prøver å sende en melding uten Til- eller Cc-mottakere.</longdesc>
        </local_schema>
        <local_schema locale="nn" short_desc="Spør når brukaren berre sender til Bcc">
                <longdesc>Spør når brukaren sender ei melding som ikkje har mottakarar i To:- eller Cc:-felta.</longdesc>
        </local_schema>
        <local_schema locale="it" short_desc="Avverte l&apos;utente quando si compila solo il campo Bcc">
                <longdesc>Avverte quando l&apos;utente tenta di inviare un messaggio senza destinatari A: o CC:</longdesc>
        </local_schema>
        <local_schema locale="bn" short_desc="ব্যবহারকারী শুধুমাত্র অপ্রকাশিত অনুলীপিপ্রাপকের নাম লিখলে সতর্কবাণী প্রদর্শন করবে">
                <longdesc>ব্যবহারকারী যদি বার্তায় কোনো প্রাপক অথবা অনুলিপী প্রাপকদের নাম না লিখে বার্তা প্রেরণ করার চেষ্টা করলে সতর্কবাণী প্রদর্শন করবে।</longdesc>
        </local_schema>
        <local_schema locale="fa" short_desc="کسب تکلیف هنگامی که کاربر فقط رونوشت محرمانه را پر می‌کند">
                <longdesc>کسب تکلیف هنگامی که کاربر سعی می‌کند پیغامی را بدون گیرنده یا رونوشت ارسال کند.</longdesc>
        </local_schema>
        <local_schema locale="nl" short_desc="Waarschuw als de gebruiker enkel Bcc invuld">
                <longdesc>Waarschuwen wanneer berichten worden verstuurd zonder Aan of Cc-ontvangers</longdesc>
        </local_schema>
        <local_schema locale="cs" short_desc="Upozorňovat, když uživatel vyplní jen Bcc">
                <longdesc>Upozorňovat, když se uživatel pokusí odeslat zprávu bez příjemců Komu a Kopie.</longdesc>
        </local_schema>
        </entry>
        <entry name="expunge" mtime="1136303139" type="schema" stype="bool" owner="evolution-mail">
        <local_schema locale="pt" short_desc="Questionar quando o utilizador expurgar">
                <longdesc>Questionar o utilizador quando este tentar expurgar uma pasta.</longdesc>
        </local_schema>
        <local_schema locale="uk" short_desc="Попереджати при очищенні смітника">
                <longdesc>Запитувати підтвердження у користувача при очищенні теки.</longdesc>
        </local_schema>
        <local_schema locale="en_CA" short_desc="Prompt when user expunges">
                <longdesc>Prompt the user when he or she tries to expunge a folder.</longdesc>
        </local_schema>
        <local_schema locale="ne" short_desc="प्रोम्पट गर जब प्रयोगकर्ताले मेटाउँछ">
                <longdesc>प्रयोग कर्ता प्रोम्पट गर जब उ/उनी एउटा फोल्डरलाई मेटाउने प्रायास गर्छन्।</longdesc>
        </local_schema>
        <local_schema locale="bg" short_desc="Предупреждаване при изтриване">
                <longdesc>Предупреждаване на потребителя, когато иска да изтрие папка.</longdesc>
        </local_schema>
        <local_schema locale="zh_CN" short_desc="用户销毁时提示">
                <longdesc>用户视图销毁文件夹时提示。</longdesc>
        </local_schema>
        <local_schema locale="be" short_desc="Папярэджваць, калі карыстальнік выкрэсьлівае паведамленьне">
                <longdesc>Папярэджваць, калі карыстальнік спрабуе выкрэсьліць выдаленыя паведамлеьні ў тэчцы.</longdesc>
        </local_schema>
        <local_schema locale="C" short_desc="Prompt when user expunges">
                <default type="bool" value="true">
                </default>
                <longdesc>
          Prompt the user when he or she tries to expunge a folder.
         </longdesc>
        </local_schema>
        <local_schema locale="nb" short_desc="Stopp og spør før tømming">
                <longdesc>Stopp og spør før en mappe blir tømt.</longdesc>
        </local_schema>
        <local_schema locale="pt_BR" short_desc="Perguntar quando o usuário exclui permanentemente">
                <longdesc>Perguntar ao usuário quando ele tenta excluir permanentemente uma pasta.</longdesc>
        </local_schema>
        <local_schema locale="pl" short_desc="Potwierdzenie podczas opróżniania folderu przez użytkownika">
                <longdesc>Potwierdzenie przy opróźnianiu folderu.</longdesc>
        </local_schema>
        <local_schema locale="et" short_desc="Kinnituse küsimine puhastamise korral">
                <longdesc>Viipa kasutajale, kui ta proovib kausta puhastada.</longdesc>
        </local_schema>
        <local_schema locale="es" short_desc="Preguntar cuando el usuario compacte">
                <longdesc>Preguntar al usuario cuando intente compactar una carpeta.</longdesc>
        </local_schema>
        <local_schema locale="vi" short_desc="Nhắc khi người dùng xóa hẳn">
                <longdesc>Nhắc người dùng khi họ cố xóa hẳn thư mục.</longdesc>
        </local_schema>
        <local_schema locale="ru" short_desc="Предупреждать при очистке пользователем">
                <longdesc>Предупреждать, если пользователь пытается очистить удаленные сообщения в папке.</longdesc>
        </local_schema>
        <local_schema locale="id" short_desc="Konfirmasi saat user menghapus">
                <longdesc>Konfirmasi pada saat user hendak menghapus folder</longdesc>
        </local_schema>
        <local_schema locale="ko" short_desc="사용자가 지운 메세지를 비우려 할 때 물어봅니다">
                <longdesc>사용자가 폴더의 지운 메세지를 비우려 할 때 물어봅니다.</longdesc>
        </local_schema>
        <local_schema locale="lt" short_desc="Įspėti vartotoją išvalymo metu">
                <longdesc>Užklausti patvirtinimo, kai bandoma išvalyti aplanką.</longdesc>
        </local_schema>
        <local_schema locale="az" short_desc="Silmək istənildiyində təsdiq istə">
                <longdesc>İstifadəçi qovluğu silmək istədiyində təsdiq istə</longdesc>
        </local_schema>
        <local_schema locale="ca" short_desc="Pregunta quan l&apos;usuari esborri">
                <longdesc>Pregunta l&apos;usuari quan intenti buidar una contrasenya.</longdesc>
        </local_schema>
        <local_schema locale="sv" short_desc="Fråga då användaren tömmer">
                <longdesc>Fråga användaren då han eller hon försöker att tömma en mapp.</longdesc>
        </local_schema>
        <local_schema locale="el" short_desc="Ειδοποίηση όταν ο χρήστης κάνει εκκαθάριση">
                <longdesc>Ειδοποίηση όταν ο χρήστης προσπαθεί να κάνει εκκαθάριση ενός φακέλου.</longdesc>
        </local_schema>
        <local_schema locale="fr" short_desc="Demander si l&apos;utilisateur purge">
                <longdesc>Demander à l&apos;utilisateur quant qu&apos;il ou elle essaie de purger un dossier.</longdesc>
        </local_schema>
        <local_schema locale="ro" short_desc="Atenţionează când utilizatorul încearcă să şteargă fizic mailuri">
                <longdesc>Atenţionează utilizatorul când acesta încearcă să şteargă definitiv mesajele dintr-un dosar.</longdesc>
        </local_schema>
        <local_schema locale="de" short_desc="Beim Säubern rückfragen">
                <longdesc>Rückfragen, falls ein Benutzer versucht, einen Ordner zu säubern.</longdesc>
        </local_schema>
        <local_schema locale="sr@Latn" short_desc="Pita pri pražnjenju">
                <longdesc>Pita korisnika kada pokuša da isprazni fasciklu.</longdesc>
        </local_schema>
        <local_schema locale="pa" short_desc="ਜਦੋਂ ਉਪਭੋਗਤਾ ਹਟਾਏ ਤਾਂ ਪੁੱਛੋ">
                <longdesc>ਜਦੋਂ ਉਪਭੋਗਤਾ ਫੋਲਡਰ ਨੂੰ ਹਟਾਉਣ ਜਾ ਰਿਹਾ ਹੋਵੇ ਪੁੱਛੋ।</longdesc>
        </local_schema>
        <local_schema locale="gu" short_desc="જ્યારે વપરાશકર્તા સંપૂર્ણપણે દૂર કરે છે ત્યારે પૂછે છે">
                <longdesc>જ્યારે તે અથવા તેણી ફોલ્ડરને સંપૂર્ણ રીતે દૂર કરવા માંગો ત્યારે વપરાશકર્તાને પૂછે છે.</longdesc>
        </local_schema>
        <local_schema locale="sr" short_desc="Пита при пражњењу">
                <longdesc>Пита корисника када покуша да испразни фасциклу.</longdesc>
        </local_schema>
        <local_schema locale="ja" short_desc="ユーザが完全削除する際に警告する">
                <longdesc>フォルダを完全に抹消する前にユーザに警告します。</longdesc>
        </local_schema>
        <local_schema locale="sq" short_desc="Paralajmërim kur përdoruesi fshin">
                <longdesc>Paralajmëro përdoruesin nëse ai apo ajo përpiqen të fshijnë një kartelë.</longdesc>
        </local_schema>
        <local_schema locale="da" short_desc="Spørg når brugeren tømmer">
                <longdesc>Spørg brugeren når han eller hun prøver at tømme en folder.</longdesc>
        </local_schema>
        <local_schema locale="xh" short_desc="Uphawu olukhumbuza ngelixa umsebenzisi ecima">
                <longdesc>Uphawu olukhumbuza umsebenzisi ngelixa ezama ukucima isiqulathi seefayili.</longdesc>
        </local_schema>
        <local_schema locale="ar" short_desc="المسائلة حين يقوم المستخدم بالمحو">
                <longdesc>مسائلة المستخدم عندما يحاول محو مجلّد.</longdesc>
        </local_schema>
        <local_schema locale="zh_TW" short_desc="使用者清空時提示">
                <longdesc>當使用者嘗試清空資料夾時，提示使用者。</longdesc>
        </local_schema>
        <local_schema locale="fi" short_desc="Kysy vahvistus, kun käyttäjä siivoaa poistettuja">
                <longdesc>Kysy vahvistus, kun kansioista siivotaan pysyvästi poistettuja viestejä.</longdesc>
        </local_schema>
        <local_schema locale="hu" short_desc="Kérdez törléskor">
                <longdesc>Kérdez mappatörléskor.</longdesc>
        </local_schema>
        <local_schema locale="tr" short_desc="Kullanıcı temizlediğinde sor">
                <longdesc>Bir klasör temizlenmeye çalışıldığında kullanıcıya sor.</longdesc>
        </local_schema>
        <local_schema locale="en_GB" short_desc="Prompt when user expunges">
                <longdesc>Prompt the user when he or she tries to expunge a folder.</longdesc>
        </local_schema>
        <local_schema locale="cy" short_desc="Promptio pan mae&apos;r defnyddiwr yn chwynnu">
                <longdesc>Promptio&apos;r defnyddiwr pan mae&apos;n ceisio chwynnu plygell.</longdesc>
        </local_schema>
        <local_schema locale="gl" short_desc="Preguntar cando o usuario compacta">
                <longdesc>Preguntar ao usuario cando tente compactar un cartafol.</longdesc>
        </local_schema>
        <local_schema locale="hr" short_desc="Upitaj korisnika prilikom brisanja">
                <longdesc>Upitaj korisnika kada pokuša obrisati mapu.</longdesc>
        </local_schema>
        <local_schema locale="no" short_desc="Stopp og spør før tømming">
                <longdesc>Stopp og spør før en mappe blir tømt.</longdesc>
        </local_schema>
        <local_schema locale="nn" short_desc="Spør når brukaren fjernar sletta meldingar">
                <longdesc>Sei ifrå når brukaren tømmer ei av mappe.</longdesc>
        </local_schema>
        <local_schema locale="it" short_desc="Avverte l&apos;utente quando elimina qualcosa">
                <longdesc>Avverte l&apos;utente quando si cerca di ripulire una cartella.</longdesc>
        </local_schema>
        <local_schema locale="bn" short_desc="ব্যবহারকারী এক্সপাঞ্জ করলে সতর্কবাণী প্রদর্শন করবে">
                <longdesc>কোনো ফোল্ডার এক্সপাঞ্জ করার চেষ্টা করলে ব্যবহারকারীকে সতর্কবাণী প্রদর্শন করবে।</longdesc>
        </local_schema>
        <local_schema locale="fa" short_desc="سئوال وقتی کاربر پاک‌سازی می‌کند">
                <longdesc>سؤال از کاربر زمانی که می‌خواهد پوشه‌ای را حذف کند.</longdesc>
        </local_schema>
        <local_schema locale="nl" short_desc="Waarschuw als de gebruiker opruimt">
                <longdesc>Waarschuw de gebruiker wanneer hij of zij een map probeert op te ruimen.</longdesc>
        </local_schema>
        <local_schema locale="cs" short_desc="Upozorňovat, když uživatel čistí">
                <longdesc>Upozorňovat uživatele, když se pokusí vyčistit složku</longdesc>
        </local_schema>
        </entry>
        <entry name="empty_subject" mtime="1136303139" type="schema" stype="bool" owner="evolution-mail">
        <local_schema locale="pt" short_desc="Questionar quando o assunto for vazio">
                <longdesc>Questionar o utilizador quando este tentar enviar uma mensagem sem Assunto.</longdesc>
        </local_schema>
        <local_schema locale="uk" short_desc="Попереджати при порожній темі">
                <longdesc>Запитувати підтвердження у користувача коли він намагається надіслати повідомлення без теми.</longdesc>
        </local_schema>
        <local_schema locale="en_CA" short_desc="Prompt on empty subject">
                <longdesc>Prompt the user when he or she tries to send a message without a Subject.</longdesc>
        </local_schema>
        <local_schema locale="ne" short_desc="खालि बिषयमा प्रोम्ट गर">
                <longdesc>प्रयोग कर्ता प्रोम्पट गर जब उ/उनी एउटा बिषय बिनाको सन्देश पठाउनेमेटाउने प्रायास गर्छन्।</longdesc>
        </local_schema>
        <local_schema locale="bg" short_desc="Запитване при непопълнено поле „Тема“">
                <longdesc>Запитване до потребителя, когато се опита да прати писмо без тема.</longdesc>
        </local_schema>
        <local_schema locale="he" short_desc="התרע על נושא ריק">
        </local_schema>
        <local_schema locale="zh_CN" short_desc="空主题时提示">
                <longdesc>用户视图发送没有主题的邮件时提示。</longdesc>
        </local_schema>
        <local_schema locale="be" short_desc="Папярэджваць, калі пустая тэма">
                <longdesc>Папярэджваць, калі карыстальнік спрабуе даслаць паведамленьне з пустым полем &quot;Тэма&quot; (Subject).</longdesc>
        </local_schema>
        <local_schema locale="C" short_desc="Prompt on empty subject">
                <default type="bool" value="true">
                </default>
                <longdesc>
          Prompt the user when he or she tries to send a message
          without a Subject.
         </longdesc>
        </local_schema>
        <local_schema locale="nb" short_desc="Stopp og spør ved tomt emne">
                <longdesc>Stopp og spør når en en e-post uten emne skal bli sendt.</longdesc>
        </local_schema>
        <local_schema locale="pt_BR" short_desc="Perguntar em caso de assunto vazio">
                <longdesc>Perguntar ao usuário quando ele tenta enviar uma mensagem com assunto vazio.</longdesc>
        </local_schema>
        <local_schema locale="pl" short_desc="Potwierdzenie przy pustym temacie">
                <longdesc>Potwierdzenie podczas próby wysłania listu bez tematu.</longdesc>
        </local_schema>
        <local_schema locale="et" short_desc="Tühja teema korral küsi kinnitust">
                <longdesc>Viipa kasutajale, kui ta proovib saata sõnumit ilma Teemata.</longdesc>
        </local_schema>
        <local_schema locale="es" short_desc="Preguntar si el asunto está en blanco">
                <longdesc>Preguntar al usuario cuando intente enviar un mensaje sin un asunto.</longdesc>
        </local_schema>
        <local_schema locale="vi" short_desc="Nhắc khi chủ đề rỗng">
                <longdesc>Nhắc người dùng khi họ cố gửi thư chưa có Chủ đề.</longdesc>
        </local_schema>
        <local_schema locale="ru" short_desc="Предупреждать, если тема пустая">
                <longdesc>Предупреждать, если пользователь пытается отправить сообщение с пустым полем Subject.</longdesc>
        </local_schema>
        <local_schema locale="id" short_desc="Konfirmasi pada email dengan judul kosong">
                <longdesc>Konfirmasi user saat mengirim email dengan judul kosong</longdesc>
        </local_schema>
        <local_schema locale="ko" short_desc="제목이 없으면 물어보기">
                <longdesc>제목 없는 메세지를 보내려 할 때 물어봅니다.</longdesc>
        </local_schema>
        <local_schema locale="lt" short_desc="Užklausti, kai tema nenurodyta">
                <longdesc>Užklausti patvirtinimo, kai bandoma siųsti laišką nenurodžius temos.</longdesc>
        </local_schema>
        <local_schema locale="az" short_desc="Mövzu boş buraxılanda təsdiq istə">
                <longdesc>İstifadəçi məktubu mövzusuz göndərmək istədiyində təsdiq istə</longdesc>
        </local_schema>
        <local_schema locale="ca" short_desc="Pregunta quan l&apos;assumpte és buit">
                <longdesc>Pregunta quan l&apos;usuari intenti enviar un missatge sense assumpte.</longdesc>
        </local_schema>
        <local_schema locale="sv" short_desc="Fråga vid tom ämnesrad">
                <longdesc>Fråga användaren då han eller hon försöker att skicka ett meddelande utan en ämnesrad.</longdesc>
        </local_schema>
        <local_schema locale="el" short_desc="Ειδοποίηση σε κενό θέμα">
                <longdesc>Ειδοποίηση όταν ο χρήστης προσπαθεί να στείλει ένα μήνυμα χωρίς θέμα.</longdesc>
        </local_schema>
        <local_schema locale="fr" short_desc="Demander pour les sujets vides">
                <longdesc>Demander confirmation à l&apos;utilisateur quand il ou elle envoie des message sans sujet.</longdesc>
        </local_schema>
        <local_schema locale="ro" short_desc="Atenţionează la subiect gol">
                <longdesc>Atenţionează utilizatorul la încercarea de a trimite un mesaj fără subiect.</longdesc>
        </local_schema>
        <local_schema locale="de" short_desc="Bei leerem Betreff rückfragen">
                <longdesc>Rückfragen, falls ein Benutzer versucht, eine Nachricht ohne Betreff zu verschicken.</longdesc>
        </local_schema>
        <local_schema locale="sr@Latn" short_desc="Pita kada je naslov prazan">
                <longdesc>Pita korisnika kada pokuša da pošalje poruku bez naslova.</longdesc>
        </local_schema>
        <local_schema locale="pa" short_desc="ਖਾਲੀ ਵਿਸ਼ੇ ਤੇ ਪੁੱਛੋ">
                <longdesc>ਜਦੋਂ ਉਪਭੋਗਤਾ ਬਿਨਾਂ ਵਿਸ਼ੇ ਤੋਂ ਸੁਨੇਹਾ ਭੇਜਣ ਜਾ ਰਿਹਾ ਹੋਵੇ ਤਾਂ ਪੁੱਛੋ।</longdesc>
        </local_schema>
        <local_schema locale="gu" short_desc="ખાલી વિષય પર પ્રોમ્પ્ટ">
                <longdesc>જ્યારે તે અથવા તેણી વિષય વગર સંદેશો મોકલવાનો પ્રયત્ન કરે છે ત્યારે વપરાશકર્તાને પૂછે છે.</longdesc>
        </local_schema>
        <local_schema locale="sr" short_desc="Пита када је наслов празан">
                <longdesc>Пита корисника када покуша да пошаље поруку без наслова.</longdesc>
        </local_schema>
        <local_schema locale="ja" short_desc="件名が空の場合に警告する">
                <longdesc>送信するメールの件名が空の場合、送信する前に警告します。</longdesc>
        </local_schema>
        <local_schema locale="sq" short_desc="Tërhiq vëmendjen kur subjekti është bosh">
                <longdesc>Paralajmëro përdoruesin nëse ai apo ajo përpiqen të dërgojnë një mesazh pa subjekt.</longdesc>
        </local_schema>
        <local_schema locale="da" short_desc="Spørg ved tomt emne">
                <longdesc>Spørg når brugeren når han eller hun forsøger at sende beskeder med et tomt emne.</longdesc>
        </local_schema>
        <local_schema locale="xh" short_desc="Uphawu olukhumbuza ngesihloko esingenanto">
                <longdesc>Uphawu olukhumbuza umsebenzisi ngelixa ezama ukuthumela umyalezo ongenaSihloko.</longdesc>
        </local_schema>
        <local_schema locale="ar" short_desc="المسائلة عن موضوع خالي">
                <longdesc>مسائلة المستخدم عندما يحاول إرسال رسالةٍ دون موضوع.</longdesc>
        </local_schema>
        <local_schema locale="zh_TW" short_desc="沒有主旨時提示">
                <longdesc>當使用者傳送沒有主旨的郵件時，提示使用者。</longdesc>
        </local_schema>
        <local_schema locale="fi" short_desc="Kysy vahvistus, jos viestin aihe on tyhjä">
                <longdesc>Kysy vahvistus, jos yritetään lähettää viestiä tyhjällä aihe-otsakkeella.</longdesc>
        </local_schema>
        <local_schema locale="hu" short_desc="Kérdez, ha üres a tárgy">
                <longdesc>Kérdez, ha tárgy nélküli levelet próbál küldeni.</longdesc>
        </local_schema>
        <local_schema locale="tr" short_desc="Boş konu için sor">
                <longdesc>Kullanıcı Konu olmadan ileti göndermeye çalıştığında sor.</longdesc>
        </local_schema>
        <local_schema locale="en_GB" short_desc="Prompt on empty subject">
                <longdesc>Prompt the user when he or she tries to send a message without a Subject.</longdesc>
        </local_schema>
        <local_schema locale="cy" short_desc="Rhybuddio am bwnc gwag">
                <longdesc>Promptio&apos;r defnyddiwr pan mae&apos;n ceisio anfon neges heb bwnc.</longdesc>
        </local_schema>
        <local_schema locale="gl" short_desc="Preguntar se o asunto está en branco">
                <longdesc>Preguntar ao usuario cando tente enviar unha mensaxe sen un asunto.</longdesc>
        </local_schema>
        <local_schema locale="hr" short_desc="Iskoči u slučaju praznog naslova">
                <longdesc>Upitaj korisnika kada pokuša poslati poruku bez naslova.</longdesc>
        </local_schema>
        <local_schema locale="no" short_desc="Stopp og spør ved tomt emne">
                <longdesc>Stopp og spør når en en e-post uten emne skal bli sendt.</longdesc>
        </local_schema>
        <local_schema locale="nn" short_desc="Sei ifrå når emnefeltet er tomt">
                <longdesc>Spør brukaren når han prøver å senda ei melding utan emne.</longdesc>
        </local_schema>
        <local_schema locale="it" short_desc="Segnala se l&apos;oggetto è vuoto">
                <longdesc>Avverte l&apos;utente quando si cerca di spedire un messaggio sprovvisto di oggetto.</longdesc>
        </local_schema>
        <local_schema locale="bn" short_desc="কোনো বিষয় না উল্লিখিত না হলে সতর্কবাণী প্রদর্শন করবে">
                <longdesc>বিষয়হীন বার্তা প্রেরণ করার চেষ্টা করলে ব্যবহারকারীকে সতর্কবাণী প্রদর্শন করবে।</longdesc>
        </local_schema>
        <local_schema locale="fa" short_desc="کسب تکلیف درباره‌ی موضوع خالی">
                <longdesc>کسب تکلیف از کاربر هنگامی که می‌خواهد پیغامی بدون موضوع ارسال کند.</longdesc>
        </local_schema>
        <local_schema locale="nl" short_desc="Bericht bij een leeg onderwerp">
                <longdesc>Waarschuw de gebruiker als hij of zij probeert om een bericht zonder onderwerp te versturen.</longdesc>
        </local_schema>
        <local_schema locale="cs" short_desc="Upozorňovat při prázdném předmětu">
                <longdesc>Upozorňovat uživatele, když se pokusí odeslat zprávu bez předmětu.</longdesc>
        </local_schema>
        </entry>
</gconf>
