<?xml version="1.0"?>
<gconf>
        <entry name="message_display_style" mtime="1212488842" type="schema" stype="int" owner="evolution-mail">
                <local_schema locale="pt" short_desc="Estilo de apresentação de mensagem (&quot;normal&quot;, &quot;full headers&quot;, &quot;source&quot;)">
                </local_schema>
                <local_schema locale="hi" short_desc="संदेश-प्रदर्शन शैली (&quot;सामान्य&quot;, &quot;पूर्ण शीर्ष&quot;, &quot;श्रोत&quot;)">
                </local_schema>
                <local_schema locale="zh_HK" short_desc="訊息顯示樣式 (「一般」、「完整檔頭」、「來源」)">
                </local_schema>
                <local_schema locale="uk" short_desc="Стиль відображення повідомлення (&quot;normal&quot; - звичайний, &quot;full headers&quot; -  з повними заголовками, &quot;source&quot; - джерело)">
                </local_schema>
                <local_schema locale="te" short_desc="సందేశ-ప్రదర్శన శైలి (&quot;సాదారణ&quot;, &quot;పూర్తి పీఠికలు&quot;, &quot;మూలం&quot;)">
                </local_schema>
                <local_schema locale="ne" short_desc="सन्देश-प्रदर्शन शैली (&quot;सामान्य&quot;, &quot;पूर्ण हेडर&quot;, &quot;स्रोत&quot;)">
                </local_schema>
                <local_schema locale="en_CA" short_desc="Message-display style (&quot;normal&quot;, &quot;full headers&quot;, &quot;source&quot;)">
                </local_schema>
                <local_schema locale="bg" short_desc="Начин на показване на писмата („обикновен“, „всички заглавни части“, „изходен код“)">
                </local_schema>
                <local_schema locale="he" short_desc="Message-display style (&quot;normal&quot;, &quot;full headers&quot;, &quot;source&quot;)">
                </local_schema>
                <local_schema locale="zh_CN" short_desc="信件显示风格(普通、全部邮件头、源代码)">
                </local_schema>
                <local_schema locale="ta" short_desc="செய்தி தோன்றும் தோற்றம் (&quot;இயல்பான&quot;, &quot;முழு தலைப்புகளை&quot;, &quot;மூலம்&quot;)">
                </local_schema>
                <local_schema locale="nb" short_desc="Stil på e-postvisning («normal», «fulle overskrifter», «kilde»)">
                </local_schema>
                <local_schema locale="C" short_desc="Message-display style (&quot;normal&quot;, &quot;full headers&quot;, &quot;source&quot;)">
                        <default type="int" value="0">
                        </default>
                        <longdesc>
          
         </longdesc>
                </local_schema>
                <local_schema locale="pt_BR" short_desc="Estilo de exibição de mensagem (&quot;normal&quot;, &quot;todos os cabeçalhos&quot;, &quot;fonte&quot;)">
                </local_schema>
                <local_schema locale="eu" short_desc="Mezuak bistaratzeko estiloa (&quot;normala&quot;, &quot;goiburu osoak&quot;, &quot;iturburua&quot;)">
                </local_schema>
                <local_schema locale="pl" short_desc="Styl wyświetlania wiadomości (&quot;zwykły&quot;, &quot;pełne nagłówki&quot;,&quot; źródło&quot;)">
                </local_schema>
                <local_schema locale="et" short_desc="Sõnumi kuvamise laad (&quot;tavaline&quot;, &quot;kõik päised&quot;, &quot;lähtekood&quot;)">
                </local_schema>
                <local_schema locale="es" short_desc="Estilo de visualización del mensaje (&quot;normal&quot;, &quot;full headers&quot; (cabeceras completas), &quot;source&quot; (fuente))">
                </local_schema>
                <local_schema locale="vi" short_desc="Kiểu dáng hiển thị thư (chuẩn, dòng đầu đây đủ, mã nguồn)">
                </local_schema>
                <local_schema locale="ru" short_desc="Тип отображения сообщения (&quot;normal&quot;, &quot;full headers&quot;, &quot;source&quot;)">
                </local_schema>
                <local_schema locale="id" short_desc="Gaya penampilan-pesan (&quot;normal&quot;, &quot;judul penuh&quot;, &quot;sumber&quot;)">
                </local_schema>
                <local_schema locale="lv" short_desc="Vēstules attēlošanas stils (&quot;standarts&quot;pilni virsraksti&quot;, &quot;neko nemainīt&quot;)">
                </local_schema>
                <local_schema locale="ko" short_desc="메세지-표시 모양새 (&quot;normal&quot;, &quot;full headers&quot;, &quot;source&quot;)">
                </local_schema>
                <local_schema locale="lt" short_desc="Laiško rodymo stilius („normal“, „full headers“, „source“)">
                </local_schema>
                <local_schema locale="ca" short_desc="Estil de visualització de missatges a normal («normal»), capçaleres senceres («full headers»), font («source»)">
                </local_schema>
                <local_schema locale="sv" short_desc="Stil på meddelandevisning (normal, &quot;full headers&quot; (fullständiga rubriker), &quot;source&quot; (källkod))">
                </local_schema>
                <local_schema locale="el" short_desc="Στυλ εμφάνισης μηνύματος (&quot;κανονικό&quot;, &quot;πλήρεις κεφαλίδες&quot;, &quot;πηγαίος κώδικας&quot;)">
                </local_schema>
                <local_schema locale="fr" short_desc="Style d&apos;affichage des messages (« normal », « en-têtes complets », « source »)">
                </local_schema>
                <local_schema locale="ro" short_desc="Stilul de afişare al mesajului („normal”, „full headers”, „source”)">
                </local_schema>
                <local_schema locale="de" short_desc="Stil der Nachrichtenanzeige. Zulässige Werte: »normal« (normal), »full headers« (alle Kopfzeilen), »source« (Quelltext)">
                </local_schema>
                <local_schema locale="sr@Latn" short_desc="Stil prikaza poruke ( „normalan“, „sva zaglavlja“, „izvor“)">
                </local_schema>
                <local_schema locale="pa" short_desc="ਸੁਨੇਹਾ-ਝਲਕ ਸਟਾਇਲ (&quot;ਸਧਾਰਨ&quot;, &quot;ਪੂਰਾ ਹੈੱਡਰ&quot;, &quot;ਸਰੋਤ&quot;)">
                </local_schema>
                <local_schema locale="be@latin" short_desc="Styl demanstracyi lista (&quot;zvyčajny&quot;, &quot;poŭnyja zahałoŭki&quot;,&quot; krynica&quot;)">
                </local_schema>
                <local_schema locale="gu" short_desc="સંદેશા-પ્રદર્શન શૈલી (&quot;સામાન્ય&quot;, &quot;આખી હેડરો&quot;, &quot;સ્રોત&quot;)">
                </local_schema>
                <local_schema locale="sr" short_desc="Стил приказа поруке ( „нормалан“, „сва заглавља“, „извор“)">
                </local_schema>
                <local_schema locale="ja" short_desc="メッセージの表示スタイル (&quot;normal&quot;、&quot;full headers&quot;、&quot;source&quot;)">
                </local_schema>
                <local_schema locale="sq" short_desc="Stili i shfaqjes së mesazhit (&quot;normal&quot;, &quot;me gjithë tituj&quot;, &quot;burimi&quot;)">
                </local_schema>
                <local_schema locale="mr" short_desc="संदेश-दृश्य शैली (&quot;normal&quot;, &quot;full headers&quot;, &quot;source&quot;)">
                </local_schema>
                <local_schema locale="da" short_desc="Stil for brevvisning (&quot;normal&quot;, &quot;full headers&quot;, &quot;source&quot;)">
                </local_schema>
                <local_schema locale="as" short_desc="বাৰ্তা-প্ৰদৰ্শনেৰ ধৰন (&quot;normal(স্বাভাবিক)&quot;, &quot;full headers(সম্পূৰ্ণ হেডাৰসহ)&quot;, &quot;source(উত্স)&quot;)">
                </local_schema>
                <local_schema locale="ar" short_desc="أسلوب عرض الرسائل (&quot;عادي&quot;, &quot;ترويسات كاملة&quot;, &quot;المصدر&quot;)">
                </local_schema>
                <local_schema locale="zh_TW" short_desc="訊息顯示樣式 (「一般」、「完整檔頭」、「來源」)">
                </local_schema>
                <local_schema locale="fi" short_desc="Viestin näyttötyyli (&quot;normal&quot;, &quot;full headers&quot; tai &quot;source&quot;)">
                </local_schema>
                <local_schema locale="hu" short_desc="Üzenet megjelenítési stílusa („normal” (normál), „full headers” (teljes fejléc), „source” (forrás))">
                </local_schema>
                <local_schema locale="tr" short_desc="İleti gösterme biçemi (&quot;normal&quot;, &quot;full headers&quot;, &quot;source&quot;)">
                </local_schema>
                <local_schema locale="sl" short_desc="Slog prikaza sporočil (&quot;običajno&quot;, &quot;celotne glave&quot;, &quot;vir&quot;)">
                </local_schema>
                <local_schema locale="en_GB" short_desc="Message-display style (&quot;normal&quot;, &quot;full headers&quot;, &quot;source&quot;)">
                </local_schema>
                <local_schema locale="ml" short_desc="സന്ദേശം പ്രദര്‍ശിപ്പിക്കേണ്ട ശൈലി (&quot;സാധാരണ&quot;, &quot;മുഴുവന്‍ തലക്കെട്ടുകളും&quot;, &quot;ഉറവിടം&quot;)">
                </local_schema>
                <local_schema locale="mk" short_desc="Вид на приказ на поракта („нормален“, „цело заглавие“, „извор“)">
                </local_schema>
                <local_schema locale="cy" short_desc="Arddull dangos-neges (&quot;arferol&quot;, &quot;penawdau llawn&quot;, &quot;ffynhonnell&quot;)">
                </local_schema>
                <local_schema locale="gl" short_desc="Estilo de visualización de mensaxe (&quot;normal&quot;, &quot;cabeceiras completas&quot;, &quot;orixe&quot;)">
                </local_schema>
                <local_schema locale="bn_IN" short_desc="বার্তা-প্রদর্শনের ধরন (&quot;normal(স্বাভাবিক)&quot;, &quot;full headers(সম্পূর্ণ হেডারসহ)&quot;, &quot;source(উত্স)&quot;)">
                </local_schema>
                <local_schema locale="nn" short_desc="Korleis meldingar vert viste («normal», «full headers», «source»)">
                </local_schema>
                <local_schema locale="it" short_desc="Stile di visualizzazione messaggio (&quot;normal&quot;, &quot;full headers&quot;, &quot;source&quot;)">
                </local_schema>
                <local_schema locale="nl" short_desc="Berichtweergave (&quot;normal&quot;, &quot;full headers&quot;, &quot;source&quot;)">
                </local_schema>
                <local_schema locale="bn" short_desc="বার্তা-প্রদর্শনের ধরন (&quot;normal(স্বাভাবিক)&quot;, &quot;full headers(সম্পূর্ণ হেডারসহ)&quot;, &quot;source(উত্স)&quot;)">
                </local_schema>
                <local_schema locale="fa" short_desc="سبک نمایش پیغام («عادی»، «سرنامه‌های کامل»، «مبدأ»)">
                </local_schema>
                <local_schema locale="dz" short_desc="འཕྲིན་དོན་བཀྲམ་སྟོན་གྱི་བཟོ་རྣམ།(&quot;normal&quot;, &quot;full headers&quot;, &quot;source&quot;)">
                </local_schema>
                <local_schema locale="cs" short_desc="Styl zobrazování zprávy (&quot;normal&quot;, &quot;full headers&quot;, &quot;source&quot;)">
                </local_schema>
                <local_schema locale="th" short_desc="รูปแบบการแสดงข้อความ (&quot;normal&quot;, &quot;full headers&quot;, &quot;source&quot;)">
                </local_schema>
        </entry>
        <entry name="reply_style" mtime="1212488842" type="schema" stype="int" owner="evolution-mail">
                <local_schema locale="pt" short_desc="Estilo por omissão de resposta">
                </local_schema>
                <local_schema locale="hi" short_desc="मूलभूत जबाव शैली">
                </local_schema>
                <local_schema locale="zh_HK" short_desc="預設回覆樣式">
                </local_schema>
                <local_schema locale="uk" short_desc="Типовий стиль відповіді">
                </local_schema>
                <local_schema locale="te" short_desc="అప్రమేయ ప్రత్యుత్తరము శైలి">
                </local_schema>
                <local_schema locale="ne" short_desc="पूर्वनिर्धारित जवाफ शैली">
                </local_schema>
                <local_schema locale="en_CA" short_desc="Default reply style">
                </local_schema>
                <local_schema locale="bg" short_desc="Стандартен стил на отговор">
                </local_schema>
                <local_schema locale="he" short_desc="Default reply style">
                </local_schema>
                <local_schema locale="zh_CN" short_desc="默认回复样式">
                </local_schema>
                <local_schema locale="be" short_desc="Прадвызначаны стыль адказу">
                </local_schema>
                <local_schema locale="ta" short_desc="இயல்பான பதிலளிக்கும் பாங்கு">
                </local_schema>
                <local_schema locale="nb" short_desc="Forvalgt svarstil">
                </local_schema>
                <local_schema locale="C" short_desc="Default reply style">
                        <default type="int" value="0">
                        </default>
                        <longdesc>
          
         </longdesc>
                </local_schema>
                <local_schema locale="pt_BR" short_desc="Estilo de resposta padrão">
                </local_schema>
                <local_schema locale="eu" short_desc="Erantzuteko estilo lehenetsia">
                </local_schema>
                <local_schema locale="pl" short_desc="Domyślny styl odpowiedzi">
                </local_schema>
                <local_schema locale="et" short_desc="Vastamise vaikimisi laad">
                </local_schema>
                <local_schema locale="es" short_desc="Estilo de respuesta predeterminado">
                </local_schema>
                <local_schema locale="vi" short_desc="Kiểu trả lời mặc định">
                </local_schema>
                <local_schema locale="ru" short_desc="Стиль ответа по умолчанию">
                </local_schema>
                <local_schema locale="lv" short_desc="Noklusētais atbildes stils">
                </local_schema>
                <local_schema locale="id" short_desc="Gaya utama yang digunakan untuk membalas email">
                </local_schema>
                <local_schema locale="ko" short_desc="기본 회신 모양새">
                </local_schema>
                <local_schema locale="lt" short_desc="Numatytasis atsakymų stilius">
                </local_schema>
                <local_schema locale="az" short_desc="Ön qurğulu cavab tərzi">
                </local_schema>
                <local_schema locale="ca" short_desc="Estil de resposta predeterminat">
                </local_schema>
                <local_schema locale="sv" short_desc="Standardstil för svar">
                </local_schema>
                <local_schema locale="el" short_desc="Προεπιλεγμένο στυλ απάντησης">
                </local_schema>
                <local_schema locale="fr" short_desc="Style de réponse par défaut">
                </local_schema>
                <local_schema locale="ro" short_desc="Stilul implicit pentru răspuns">
                </local_schema>
                <local_schema locale="de" short_desc="Vorgabe-Antwortstil">
                </local_schema>
                <local_schema locale="sr@Latn" short_desc="Podrazumevani stil odgovora">
                </local_schema>
                <local_schema locale="pa" short_desc="ਮੂਲ ਜਵਾਬ ਸਟਾਇਲ">
                </local_schema>
                <local_schema locale="be@latin" short_desc="Zmoŭčany styl adkazu">
                </local_schema>
                <local_schema locale="gu" short_desc="વળતા જવાબની મૂળભુત શૈલી">
                </local_schema>
                <local_schema locale="sr" short_desc="Подразумевани стил одговора">
                </local_schema>
                <local_schema locale="ja" short_desc="デフォルトの返信スタイル">
                </local_schema>
                <local_schema locale="sq" short_desc="Stili i prezgjedhur i përgjigjes">
                </local_schema>
                <local_schema locale="mr" short_desc="मुलभूत प्रतिउत्तर शैली">
                </local_schema>
                <local_schema locale="da" short_desc="Standardstil for svar">
                </local_schema>
                <local_schema locale="as" short_desc="উত্তৰ লেখাৰ ডিফল্ট বিন্যাস">
                </local_schema>
                <local_schema locale="xh" short_desc="Misela isimbo sokuphendula">
                </local_schema>
                <local_schema locale="ar" short_desc="أسلوب الرّد الإفتراضي">
                </local_schema>
                <local_schema locale="zh_TW" short_desc="預設回覆樣式">
                </local_schema>
                <local_schema locale="fi" short_desc="Vastauksen oletustyyli">
                </local_schema>
                <local_schema locale="hu" short_desc="Alapértelmezett válasz stílusa">
                </local_schema>
                <local_schema locale="tr" short_desc="Öntanımlı cevap biçemi">
                </local_schema>
                <local_schema locale="sl" short_desc="Privzet način odgovarjanja: ">
                </local_schema>
                <local_schema locale="en_GB" short_desc="Default reply style">
                </local_schema>
                <local_schema locale="ml" short_desc="മറുപടി അയയ്ക്കുന്നതിനുളള ഡീഫോള്‍ട്ടായി ശൈലി">
                </local_schema>
                <local_schema locale="mk" short_desc="Стандарден стил на реплицирање">
                </local_schema>
                <local_schema locale="cy" short_desc="Arddull ateb rhagosod">
                </local_schema>
                <local_schema locale="gl" short_desc="Estilo de resposta predeterminado">
                </local_schema>
                <local_schema locale="hr" short_desc="Uobičajeni način odgovaranja">
                </local_schema>
                <local_schema locale="bn_IN" short_desc="উত্তর লেখার ডিফল্ট বিন্যাস">
                </local_schema>
                <local_schema locale="nn" short_desc="Standard svarstil">
                </local_schema>
                <local_schema locale="it" short_desc="Stile della risposta predefinito">
                </local_schema>
                <local_schema locale="nl" short_desc="Standaard manier van antwoorden">
                </local_schema>
                <local_schema locale="bn" short_desc="উত্তর লেখার ডিফল্ট বিন্যাস">
                </local_schema>
                <local_schema locale="fa" short_desc="سبک پاسخ دادن پیش‌فرض">
                </local_schema>
                <local_schema locale="dz" short_desc="ལན་གསལ་བཟོ་རྣམ་ སྔོན་སྒྲིག་འབད།">
                </local_schema>
                <local_schema locale="cs" short_desc="Implicitní styl odpovědí">
                </local_schema>
                <local_schema locale="th" short_desc="รูปแบบปริยายของการตอบจดหมาย">
                </local_schema>
        </entry>
        <entry name="forward_style" mtime="1212488842" type="schema" stype="int" owner="evolution-mail">
                <local_schema locale="pt" short_desc="Estilo de reencaminhamento por omissão">
                </local_schema>
                <local_schema locale="hi" short_desc="मूलभूत अग्रसारण शैली">
                </local_schema>
                <local_schema locale="zh_HK" short_desc="預設轉遞樣式">
                </local_schema>
                <local_schema locale="uk" short_desc="Типовий стиль пересилання">
                </local_schema>
                <local_schema locale="te" short_desc="ముందుకుపంపుటకు అప్రమేయ శైలి">
                </local_schema>
                <local_schema locale="ne" short_desc="पूर्वनिर्धारित फवार्ड शैली">
                </local_schema>
                <local_schema locale="en_CA" short_desc="Default forward style">
                </local_schema>
                <local_schema locale="bg" short_desc="Стандартен стил на препращане">
                </local_schema>
                <local_schema locale="he" short_desc="Default forward style">
                </local_schema>
                <local_schema locale="zh_CN" short_desc="默认转发方式">
                </local_schema>
                <local_schema locale="be" short_desc="Прадвызначаны стыль перасылкі">
                </local_schema>
                <local_schema locale="ta" short_desc="இயல்பான முன்னனுப்பும் பாணி">
                </local_schema>
                <local_schema locale="nb" short_desc="Forvalgt videresendingsstil">
                </local_schema>
                <local_schema locale="C" short_desc="Default forward style">
                        <default type="int" value="0">
                        </default>
                        <longdesc>
          
         </longdesc>
                </local_schema>
                <local_schema locale="pt_BR" short_desc="Estilo de encaminhamento padrão">
                </local_schema>
                <local_schema locale="eu" short_desc="Birbidaltzeko estilo lehenetsia">
                </local_schema>
                <local_schema locale="pl" short_desc="Domyślny styl przesyłania">
                </local_schema>
                <local_schema locale="et" short_desc="Vaikimisi edastamisstiil">
                </local_schema>
                <local_schema locale="es" short_desc="Estilo de reenvío predeterminado">
                </local_schema>
                <local_schema locale="vi" short_desc="Kiểu chuyển tiếp mặc định">
                </local_schema>
                <local_schema locale="ru" short_desc="Стиль пересылки по умолчанию">
                </local_schema>
                <local_schema locale="lv" short_desc="Noklusētais pārsūtīšanas stils">
                </local_schema>
                <local_schema locale="id" short_desc="Gaya penerusan email utama">
                </local_schema>
                <local_schema locale="ko" short_desc="기본 전달 모양새">
                </local_schema>
                <local_schema locale="lt" short_desc="Numatytasis persiuntimo stilius">
                </local_schema>
                <local_schema locale="az" short_desc="Ön qurğulu ötürmə tərzi">
                </local_schema>
                <local_schema locale="ca" short_desc="Estil de reenviament predeterminat">
                </local_schema>
                <local_schema locale="sv" short_desc="Standardstil för vidarebefordran">
                </local_schema>
                <local_schema locale="el" short_desc="Προεπιλεγμένο στυλ προώθησης">
                </local_schema>
                <local_schema locale="fr" short_desc="Style de transfert par défaut">
                </local_schema>
                <local_schema locale="ro" short_desc="Stilul implicit pentru înaintare">
                </local_schema>
                <local_schema locale="de" short_desc="Vorgabe-Weiterleitungsstil">
                </local_schema>
                <local_schema locale="sr@Latn" short_desc="Podrazumevani stil prosleđivanja">
                </local_schema>
                <local_schema locale="pa" short_desc="ਮੂਲ ਅੱਗੇ ਭੇਜਣ ਦੀ ਸਟਾਇਲ">
                </local_schema>
                <local_schema locale="be@latin" short_desc="Zmoŭčany styl pierasyłańnia">
                </local_schema>
                <local_schema locale="gu" short_desc="મૂળભુત આગળ ધપાવવાની શૈલી">
                </local_schema>
                <local_schema locale="sr" short_desc="Подразумевани стил прослеђивања">
                </local_schema>
                <local_schema locale="ja" short_desc="デフォルトの転送スタイル">
                </local_schema>
                <local_schema locale="sq" short_desc="Stili i prezgjedhur i përcjelljes">
                </local_schema>
                <local_schema locale="mr" short_desc="मूळ अग्रेषित शैली">
                </local_schema>
                <local_schema locale="da" short_desc="Standardstil for videresending">
                </local_schema>
                <local_schema locale="as" short_desc="ফৰওয়াৰ্ডেৰ ডিফল্ট বিন্যাস">
                </local_schema>
                <local_schema locale="xh" short_desc="Misela isimbo esiya phambili">
                </local_schema>
                <local_schema locale="ar" short_desc="أسلوب التمرير الإفتراضي">
                </local_schema>
                <local_schema locale="zh_TW" short_desc="預設轉遞樣式">
                </local_schema>
                <local_schema locale="fi" short_desc="Välityksen oletustyyli">
                </local_schema>
                <local_schema locale="hu" short_desc="Alapértelmezett továbbítási stílus">
                </local_schema>
                <local_schema locale="tr" short_desc="Öntanımlı yönlendirme biçemi">
                </local_schema>
                <local_schema locale="sl" short_desc="Privzet način posredovanja">
                </local_schema>
                <local_schema locale="en_GB" short_desc="Default forward style">
                </local_schema>
                <local_schema locale="mk" short_desc="Стандарден стил на препраќање">
                </local_schema>
                <local_schema locale="cy" short_desc="Arddull ragosodedig gyrru ymlaen">
                </local_schema>
                <local_schema locale="gl" short_desc="Estilo de reenvío predeterminado">
                </local_schema>
                <local_schema locale="hr" short_desc="Uobičajeni način proslijeđivanja">
                </local_schema>
                <local_schema locale="bn_IN" short_desc="ফরওয়ার্ডের ডিফল্ট বিন্যাস">
                </local_schema>
                <local_schema locale="nn" short_desc="Standard vidaresendingsstil">
                </local_schema>
                <local_schema locale="it" short_desc="Stile di inoltro predefinito">
                </local_schema>
                <local_schema locale="nl" short_desc="Standaard manier van doorsturen">
                </local_schema>
                <local_schema locale="bn" short_desc="ফরওয়ার্ডের ডিফল্ট বিন্যাস">
                </local_schema>
                <local_schema locale="fa" short_desc="سبک ارجاع پیش‌فرض">
                </local_schema>
                <local_schema locale="dz" short_desc="གདོང་བསྐྱོད་བཟོ་རྣམ་ སྔོན་སྒྲིག་འབད།">
                </local_schema>
                <local_schema locale="cs" short_desc="Implicitní styl přeposílání">
                </local_schema>
                <local_schema locale="th" short_desc="รูปแบบปริยายของการส่งต่อข้อความ">
                </local_schema>
        </entry>
</gconf>
