<?xml version="1.0"?>
<gconf>
        <entry name="custom_header" mtime="1212488843" schema="/schemas/apps/evolution/mail/junk/custom_header"/>
        <entry name="check_custom_header" mtime="1212488843" schema="/schemas/apps/evolution/mail/junk/check_custom_header"/>
        <entry name="lookup_addressbook" mtime="1212488843" schema="/schemas/apps/evolution/mail/junk/lookup_addressbook"/>
        <entry name="default_plugin" mtime="1212488843" schema="/schemas/apps/evolution/mail/junk/default_plugin"/>
        <entry name="empty_date" mtime="1212488843" schema="/schemas/apps/evolution/mail/junk/empty_date"/>
        <entry name="empty_on_exit_days" mtime="1212488843" schema="/schemas/apps/evolution/mail/junk/empty_on_exit_days"/>
        <entry name="empty_on_exit" mtime="1212488843" schema="/schemas/apps/evolution/mail/junk/empty_on_exit"/>
        <entry name="check_incoming" mtime="1212488843" schema="/schemas/apps/evolution/mail/junk/check_incoming"/>
</gconf>
