<?xml version="1.0"?>
<gconf>
        <entry name="remember_numlock_state" mtime="1157589609" type="schema" stype="bool" owner="gnome">
                <local_schema locale="pt" short_desc="Recordar o estado d NumLock">
                        <longdesc>Quando definido como verdadeiro, o GNOME irá recordar o estado da luz de NumLock entre as sessões.</longdesc>
                </local_schema>
                <local_schema locale="hi" short_desc="NumLock स्थिति याद रखें">
                        <longdesc>जब सही पर सेट किया जाये, GNOME NumLock LED की स्थिति को सत्रों के बीच याद रखेगा.</longdesc>
                </local_schema>
                <local_schema locale="zh_HK" short_desc="記憶 NumLock 狀態">
                        <longdesc>如設定為“true”，GNOME 會在下次進入桌面時回復上次的 NumLock 鍵狀態。</longdesc>
                </local_schema>
                <local_schema locale="uk" short_desc="Запам&apos;ятовувати статус NumLock">
                        <longdesc>Якщо має значення true, GNOME буде зберігати стан NumLock між сеансами.</longdesc>
                </local_schema>
                <local_schema locale="en_CA" short_desc="Remember NumLock state">
                        <longdesc>When set to true, GNOME will remember the state of the NumLock LED between sessions.</longdesc>
                </local_schema>
                <local_schema locale="ne" short_desc="NumLock अवास्थालाई सम्झनुहोस्">
                        <longdesc>जब सेटलाई सत्य गरिन्छ, GNOME ले सेसनहरू बीचको NumLock LED को अवास्थालाई सम्झनेछ ।</longdesc>
                </local_schema>
                <local_schema locale="bg" short_desc="Запомняне на състоянието на NumLock">
                        <longdesc>Когато тази настройка е зададена, GNOME ще запомня състоянието на NumLock в края на една сесия и ще го възстановява в началото на следващата.</longdesc>
                </local_schema>
                <local_schema locale="he" short_desc="Remember NumLock state">
                        <longdesc>When set to true, GNOME will remember the state of the NumLock LED between sessions.</longdesc>
                </local_schema>
                <local_schema locale="zh_CN" short_desc="记住 NumLock 状态">
                        <longdesc>设定为 true 时，GNOME 将在不同会话间记住 NumLock 灯的状态。</longdesc>
                </local_schema>
                <local_schema locale="be" short_desc="Помніць стан NumLock">
                        <longdesc>Калі &quot;ІСЬЦІНА&quot;, GNOME запамінае стан NumLock паміж сэансамі.</longdesc>
                </local_schema>
                <local_schema locale="ta" short_desc="எழுத்து பூட்டு நிலையை நினைவு கொள்">
                        <longdesc>உண்மை என்று அமைக்கப்பட்டால், GNOME அமர்வுகளுக்கிடையே எண் பூட்டின் LED நிலையை அறியும்.</longdesc>
                </local_schema>
                <local_schema locale="C" short_desc="Remember NumLock state">
                        <default type="bool" value="true">
                        </default>
                        <longdesc>When set to true, GNOME will remember the state of the NumLock LED between sessions.</longdesc>
                </local_schema>
                <local_schema locale="nb" short_desc="Husk tilstand for NumLock">
                        <longdesc>GNOME vil huske tilstand for NumLock mellom sesjoner hvis denne settes til «true».</longdesc>
                </local_schema>
                <local_schema locale="pt_BR" short_desc="Lembrar estado NumLock">
                        <longdesc>Se verdadeiro, o GNOME irá lembrar o estado do LED NumLock entre sessões.</longdesc>
                </local_schema>
                <local_schema locale="eu" short_desc="Gogoratu blok.zenb.-ren egoera">
                        <longdesc>Egia balioarekin ezartzean GNOMEk blokeo numerikoaren LED argiaren egoera saioen artean gogoratuko du.</longdesc>
                </local_schema>
                <local_schema locale="pl" short_desc="Zapamiętanie stanu NumLock">
                        <longdesc>Jeżeli ustawione, GNOME zapamięta stan NumLock pomiędzy sesjami.</longdesc>
                </local_schema>
                <local_schema locale="es" short_desc="Recordar el estado de BloqNum">
                        <longdesc>Cuando está establecido a verdadero, GNOME recordará el estado del LED de bloque numérico entre las sesiones.</longdesc>
                </local_schema>
                <local_schema locale="vi" short_desc="Nhớ tính trạng NumLock">
                        <longdesc>Khi đặt là « true » (đúng), Gnome sẽ nhớ tính trạng của LED NumLock (Khóa Số) giữa hai phiên chạy.</longdesc>
                </local_schema>
                <local_schema locale="ru" short_desc="Запоминать состояние NumLock">
                        <longdesc>Если этот параметр установлен, GNOME будет сохранять состояние NumLock между сеансами.</longdesc>
                </local_schema>
                <local_schema locale="id" short_desc="Ingat posisi NumLock">
                        <longdesc>Ketika ditetapkan sebagai benar, GNOME akan mengingat keadaan LED NumLock diantara setiap sesi.</longdesc>
                </local_schema>
                <local_schema locale="lv" short_desc="Atcerēties NumLock stāvokli">
                        <longdesc>Ja šis ir atzīmēts, GNOME starp sesijām atcerēsies NumLock stāvokli.</longdesc>
                </local_schema>
                <local_schema locale="ko" short_desc="NumLock 상태 기억">
                        <longdesc>참이면, 그놈에서 세션의 NumLock LED 상태를 기억합니다.</longdesc>
                </local_schema>
                <local_schema locale="lt" short_desc="Atsiminti NumLock būseną">
                        <longdesc>Kai reikšmė teigiama, GNOME atsimins tarp sesijų NumLock LED būseną.</longdesc>
                </local_schema>
                <local_schema locale="ca" short_desc="Recorda l&apos;estat del BloqNúm">
                        <longdesc>Quan s&apos;estableix a cert, el GNOME recordarà l&apos;estat del LED BloqNúm entre sessions.</longdesc>
                </local_schema>
                <local_schema locale="sv" short_desc="Kom ihåg NumLock-status">
                        <longdesc>När inställd till true kommer GNOME att komma ihåg status för NumLock-lampan mellan sessioner.</longdesc>
                </local_schema>
                <local_schema locale="el" short_desc="Απομνημόνευση κατάστασης NumLock">
                        <longdesc>Αν ορισθεί σε true, το GNOME θα απομνημονεύει την κατάσταση του NumLock ανάμεσα σε συνεδρίες.</longdesc>
                </local_schema>
                <local_schema locale="fr" short_desc="Se souvenir de l&apos;état du verrou numérique">
                        <longdesc>Si positionné à vrai, GNOME se souviendra de l&apos;état de la DEL verrou numérique d&apos;une session à l&apos;autre.</longdesc>
                </local_schema>
                <local_schema locale="ro" short_desc="Reţine starea tastei „NumLock”">
                        <longdesc>La activare, GNOME va reţine de la o sesiune la alta starea tastei „NumLock”.</longdesc>
                </local_schema>
                <local_schema locale="de" short_desc="Status von NumLock speichern">
                        <longdesc>Falls auf TRUE (wahr) gesetzt, speichert GNOME den Status der NumLock-LED zwischen zwei Sitzungen.</longdesc>
                </local_schema>
                <local_schema locale="sr@Latn" short_desc="Zapamti stanje numeričke tastature">
                        <longdesc>Kada je uključeno, Gnom će zapamtiti stanje lampice numeričke tastature između sesija.</longdesc>
                </local_schema>
                <local_schema locale="pa" short_desc="ਨਮ-ਲਾਕ (NumLock) ਹਾਲਤ ਯਾਦ ਰੱਖੋ">
                        <longdesc>ਜਦੋਂ ਸਹੀਂ ਦਿੱਤਾ ਗਿਆ ਤਾਂ ਗਨੋਮ ਨਮ-ਲਾਕ LED ਦੀ ਹਾਲਤ ਅਜਲਾਸ ਦੌਰਾਨ ਯਾਦ ਰੱਖੇਗਾ।</longdesc>
                </local_schema>
                <local_schema locale="gu" short_desc="NumLock સ્થિતિ યાદ રાખો">
                        <longdesc>જ્યારે સાચું સુયોજિત હોય, ત્યારે જીનોમ સત્રો વચ્ચે NumLock LED ની સ્થિતિ યાદ રાખશે.</longdesc>
                </local_schema>
                <local_schema locale="sr" short_desc="Запамти стање нумеричке тастатуре">
                        <longdesc>Када је укључено, Гном ће запамтити стање лампице нумеричке тастатуре између сесија.</longdesc>
                </local_schema>
                <local_schema locale="ja" short_desc="NumLock キーの状態を保存する">
                        <longdesc>TRUE にすると、GNOME ライブラリで NumLock キーの LED の状態をセッション毎に記憶します。</longdesc>
                </local_schema>
                <local_schema locale="sq" short_desc="Kujto gjëndjen e NumLock">
                        <longdesc>Nëse vendoset në &apos;true&apos;, GNOME do të memorizojë gjëndjen e LED të NumLock midis seancave.</longdesc>
                </local_schema>
                <local_schema locale="da" short_desc="Husk NumLock-tilstand">
                        <longdesc>Hvis sand vil Gnome huske tilstanden af NumLock-lyset mellem sessioner.</longdesc>
                </local_schema>
                <local_schema locale="zh_TW" short_desc="記憶 NumLock 狀態">
                        <longdesc>如設定為“true”，GNOME 會在下次進入桌面時回復上次的 NumLock 鍵狀態。</longdesc>
                </local_schema>
                <local_schema locale="fi" short_desc="Muista NumLock-näppäimen tila">
                        <longdesc>Jos arvo on tosi, Gnomemuistaa NumLock-näppäimen ja valon tilan istuntojen välillä.</longdesc>
                </local_schema>
                <local_schema locale="hu" short_desc="A NumLock állapotának megjegyzése">
                        <longdesc>Ha be van állítva, a GNOME megjegyzi a NumLock LED állapotát a munkamenetek között.</longdesc>
                </local_schema>
                <local_schema locale="tr" short_desc="NumLock durumunu hatırla">
                        <longdesc>Eğer seçiliyse, GNOME oturumlar arasında, NumLock LED durumunu hatırlayacak.</longdesc>
                </local_schema>
                <local_schema locale="sl" short_desc="Zapomni si stanje NumLock">
                        <longdesc>Ko je možnost izbrana, si bo GNOME zapomnil stanje NumLock med sejami.</longdesc>
                </local_schema>
                <local_schema locale="ka" short_desc="NumLock სტატუსის დამახსოვრება">
                        <longdesc>თუ მითითებული &apos;ჭეშმარიტი&apos;, GNOME დაიმახსოვრებს NumLock სტატუსს სეანსებს შორის.</longdesc>
                </local_schema>
                <local_schema locale="sk" short_desc="Zapamätať stav Numlock">
                        <longdesc>Ak je nastavené na true, GNOME si zapamätá stav NumLock LED medzi sedeniami.</longdesc>
                </local_schema>
                <local_schema locale="ml" short_desc="NumLock-ന്‍റെ അവസ്ഥ ഓര്‍മ്മിക്കുക">
                </local_schema>
                <local_schema locale="cy" short_desc="Cofio cyflwr NumLock">
                        <longdesc>Os wedi&apos;i osod yn wir, bydd GNOME yn cofio cyflwr yr LED NumLock o un sesiwn i&apos;r llall.</longdesc>
                </local_schema>
                <local_schema locale="gl" short_desc="Recordar o estado de BloqNum">
                        <longdesc>Cando está establecido a verdadeiro, Gnome recordará o estado do LED de BloqNum entre as sesións.</longdesc>
                </local_schema>
                <local_schema locale="mk" short_desc="Запамти состојба на NumLock">
                        <longdesc>Кога е штиклирано, Гном ќе ја памти состојбата на NumLock диодата помеѓу сесии.</longdesc>
                </local_schema>
                <local_schema locale="bn_IN" short_desc="নাম-লক কি&apos;র সর্বশেষ অবস্থা মনে রাখা হবে">
                        <longdesc>মান true (সত্য) হলে, GNOME&apos;র দ্বারা বিভিন্ন সেশানে NumLock LED&apos;র সর্বশেষ অবস্থা সংরক্ষিত হবে।</longdesc>
                </local_schema>
                <local_schema locale="nn" short_desc="Hugs NumLock-tilstand">
                        <longdesc>Når sann, vil GNOME hugsa tilstanden til NumLock mellom økter.</longdesc>
                </local_schema>
                <local_schema locale="it" short_desc="Ricorda lo stato di BlocNum">
                        <longdesc>Quando impostato a &quot;true&quot;, GNOME ricorderà lo stato del LED BlockNum da una sessione all&apos;altra.</longdesc>
                </local_schema>
                <local_schema locale="or" short_desc="ନ୍ଯୁମଲକ ଚାବିର ଅବସ୍ଥା ମନେ ରଖମ୍ତୁ">
                        <longdesc>ସତ ବିନ୍ଯାସ କରାଯାଇଥିଲେ, ନୋମ ବିଭିନ୍ନ ଅଧିବେଶନ ମଧ୍ଯରେ ନ୍ଯୁମଲକ ଚାବିର ଅବସ୍ଥା ମନେ ରଖିବ</longdesc>
                </local_schema>
                <local_schema locale="bn" short_desc="নাম-লক কি&apos;র সর্বশেষ অবস্থা মনে রাখো">
                        <longdesc>মান সত্য হলে, গনোমের দ্বারা বিভিন্ন সেশনে NumLock LED&apos;র সর্বশেষ অবস্থা সংরক্ষিত হবে।</longdesc>
                </local_schema>
                <local_schema locale="nl" short_desc="NumLock-status onthouden">
                        <longdesc>Als ingesteld op waar, dan zal GNOME de status van de NumLock LED onthouden van de ene sessie op de andere.</longdesc>
                </local_schema>
                <local_schema locale="cs" short_desc="Pamatovat si stav NumLock">
                        <longdesc>Je-li nastaveno na true, GNOME si bude mezi sezeními pamatovat stav LED NumLock.</longdesc>
                </local_schema>
                <local_schema locale="th" short_desc="จำสถานะ NumLock">
                        <longdesc>ถ้าเป็นจริง GNOME จะจำสถานะของไฟ NumLock ขณะจบวาระเพื่อใช้ในวาระถัดไป</longdesc>
                </local_schema>
        </entry>
        <entry name="bell_custom_file" mtime="1157589609" type="schema" stype="string" owner="gnome">
                <local_schema locale="pt" short_desc="Nome de Ficheiro de Campainha de Teclado Personalizada">
                        <longdesc>Nome do ficheiro do som de campainha a ser reproduzido</longdesc>
                </local_schema>
                <local_schema locale="hi" short_desc="कुंजीपटल घंटी अनुकूलित फ़ाइलनाम">
                        <longdesc>बजाई जाने वाली घंटी ध्वनि का फ़ाइल नाम</longdesc>
                </local_schema>
                <local_schema locale="zh_HK" short_desc="鍵盤響聲音效檔">
                        <longdesc>應播放的響聲音效檔名稱</longdesc>
                </local_schema>
                <local_schema locale="uk" short_desc="Назва файла клавіатурного гудка">
                        <longdesc>Назва файла звуку гудка</longdesc>
                </local_schema>
                <local_schema locale="ne" short_desc="कुञ्जीपाटी घण्टी अनुकूलन फाइल नाम">
                        <longdesc>प्ले गरिनु पर्ने ध्वनि घण्टिको फाइल नाम</longdesc>
                </local_schema>
                <local_schema locale="en_CA" short_desc="Keyboard Bell Custom Filename">
                        <longdesc>File name of the bell sound to be played</longdesc>
                </local_schema>
                <local_schema locale="bg" short_desc="Име на файла за специален клавиатурен звънец">
                        <longdesc>Име на файла, който да замени звънеца</longdesc>
                </local_schema>
                <local_schema locale="he" short_desc="Keyboard Bell Custom Filename">
                        <longdesc>File name of the bell sound to be played</longdesc>
                </local_schema>
                <local_schema locale="zh_CN" short_desc="自定义键盘铃声文件名">
                        <longdesc>要播放的响铃声音的文件名</longdesc>
                </local_schema>
                <local_schema locale="be" short_desc="Назва файлу сыгналу клявіятуры">
                        <longdesc>Назва файлу гуку які будзе выкарыстоўвацца у якасьці сыгналу</longdesc>
                </local_schema>
                <local_schema locale="ta" short_desc="விசைப்பலகை மணி இயல்பான கோப்பு பெயர்">
                        <longdesc>விளையாட வேண்டிய மணி ஓசையின் கோப்புப் பெயர்</longdesc>
                </local_schema>
                <local_schema locale="nb" short_desc="Filnavn for egendefinert tastaturpip">
                        <longdesc>Filnavn for lyd for tastaturpip som skal spilles</longdesc>
                </local_schema>
                <local_schema locale="C" short_desc="Keyboard Bell Custom Filename">
                        <longdesc>File name of the bell sound to be played</longdesc>
                </local_schema>
                <local_schema locale="pt_BR" short_desc="Nome do Arquivo Personalizado da Campainha do Teclado">
                        <longdesc>Nome do arquivo do som de campainha que será tocado</longdesc>
                </local_schema>
                <local_schema locale="eu" short_desc="Teklatuaren kanpaiaren fitxategi-izen pertsonalizatua">
                        <longdesc>Erreproduzitu beharreko kanpai-hotsaren fitxategi-izena</longdesc>
                </local_schema>
                <local_schema locale="pl" short_desc="Nazwa pliku z dźwiękiem dzwonka klawiatury">
                        <longdesc>Nazwa pliku z dźwiękiem odtwarzanego dzwonka</longdesc>
                </local_schema>
                <local_schema locale="et">
                        <longdesc>Kellahelina helifaili nimi</longdesc>
                </local_schema>
                <local_schema locale="es" short_desc="Archivo personalizado de la campana del teclado">
                        <longdesc>Nombre del archivo de sonido de la campana para reproducir</longdesc>
                </local_schema>
                <local_schema locale="vi" short_desc="Tên tập tin chuông tự chọn của bàn phím">
                        <longdesc>Tên tập tin của tiếng bíp cần phát.</longdesc>
                </local_schema>
                <local_schema locale="ru" short_desc="Имя файла клавиатурного гудка">
                        <longdesc>Имя файла для звука гудка</longdesc>
                </local_schema>
                <local_schema locale="lv" short_desc="Tastatūras Zvana Pašizvēles Faila nosaukums">
                        <longdesc>Faila nosaukums zvana skaņai, ko atskaņot</longdesc>
                </local_schema>
                <local_schema locale="id" short_desc="Nama file suara pilihan sendiri untuk keyboard">
                        <longdesc>Nama file yang digunakan untuk suara bell</longdesc>
                </local_schema>
                <local_schema locale="ko" short_desc="사용자 키보드 벨 파일이름">
                        <longdesc>연주할 벨소리의 파일 이름</longdesc>
                </local_schema>
                <local_schema locale="lt" short_desc="Speciali klaviatūros varpelio rinkmena">
                        <longdesc>Sisteminio garso signalo rinkmenos vardas.</longdesc>
                </local_schema>
                <local_schema locale="az" short_desc="Klaviatura Zınqırovu Özəl Fayl adı">
                        <longdesc>Çalinacaq səsin fayl adı</longdesc>
                </local_schema>
                <local_schema locale="ca" short_desc="Fitxer personalitzat de campana de teclat">
                        <longdesc>El nom del fitxer del so de campana a reproduir</longdesc>
                </local_schema>
                <local_schema locale="sv" short_desc="Anpassat filnamn för tangentbordssignal">
                        <longdesc>Filnamn på signalen som ska spelas</longdesc>
                </local_schema>
                <local_schema locale="el" short_desc="Όνομα αρχείου προσαρμοσμένου ήχου πληκτρολογίου">
                        <longdesc>Όνομα αρχείου του ήχου καμπάνας που θα αναπαράγεται</longdesc>
                </local_schema>
                <local_schema locale="fr" short_desc="Nom du fichier du bip de clavier personnalisé">
                        <longdesc>Nom du fichier du son de cloche à jouer</longdesc>
                </local_schema>
                <local_schema locale="sr@ije" short_desc="Избор датотеке за звук звона тастатуре">
                        <longdesc>Име датотеке у којој се налази звук звона који треба пустити</longdesc>
                </local_schema>
                <local_schema locale="ro" short_desc="Fişier personalizat pentru clopoţelul tastaturii">
                        <longdesc>Numele fişierului cu sunetul clopoţelului</longdesc>
                </local_schema>
                <local_schema locale="de" short_desc="Benutzerdefinierter Dateiname für Tastaturglocke">
                        <longdesc>Dateiname des wiederzugebenden Glockenklangs</longdesc>
                </local_schema>
                <local_schema locale="sr@Latn" short_desc="Izbor datoteke za zvuk zvona tastature">
                        <longdesc>Ime datoteke u kojoj se nalazi zvuk zvona koji treba pustiti</longdesc>
                </local_schema>
                <local_schema locale="pa" short_desc="ਕੀ-ਬੋਰਡ ਦੀ ਘੰਟੀ ਲਈ ਪਸੰਦੀਦਾ ਫਾਇਲ ਨਾਂ">
                        <longdesc>ਘੰਟੀ ਦੀ ਅਵਾਜ਼ ਚਲਾਉਣ ਲਈ ਫਾਇਲ ਦਾ ਨਾਂ</longdesc>
                </local_schema>
                <local_schema locale="gu" short_desc="કીબોર્ડ ઘંટડી કસ્ટમ ફાઈલ નામ">
                        <longdesc>ઘંટડી ધ્વનિ વગાડવા માટેની ફાઈલનું નામ</longdesc>
                </local_schema>
                <local_schema locale="sr" short_desc="Избор датотеке за звук звона тастатуре">
                        <longdesc>Име датотеке у којој се налази звук звона који треба пустити</longdesc>
                </local_schema>
                <local_schema locale="ms" short_desc="Namafail Loceng tersendiri Papankekunci">
                        <longdesc>Nama fail bagi bunyi loceng untuk dimainkan</longdesc>
                </local_schema>
                <local_schema locale="ja" short_desc="キーボードのベル音のカスタム・ファイル名">
                        <longdesc>ベル音として再生するファイル名です。</longdesc>
                </local_schema>
                <local_schema locale="sq" short_desc="Emri i file të personalizuar të ziles së tastierës">
                        <longdesc>Emri file i tingullit të këmbanës që duhet riprodhuar</longdesc>
                </local_schema>
                <local_schema locale="da" short_desc="Brugerdefineret filnavn til tastaturklokke">
                        <longdesc>Filnavn for den klokkelyd der skal afspilles</longdesc>
                </local_schema>
                <local_schema locale="xh" short_desc="Igama leFayili iKeyboard Bell Custom">
                        <longdesc>Igama lefayili yesandi sentsimbi iza kudlalwa</longdesc>
                </local_schema>
                <local_schema locale="ar" short_desc="اسم ملف رنة لوحة المفاتيح المخصّص">
                        <longdesc>اسم ملف صوت الرنة للعزف</longdesc>
                </local_schema>
                <local_schema locale="zh_TW" short_desc="鍵盤響聲音效檔">
                        <longdesc>應播放的響聲音效檔名稱</longdesc>
                </local_schema>
                <local_schema locale="wa">
                        <longdesc>No d&apos; fitchî pol son d&apos; xhuflet a djouwer</longdesc>
                </local_schema>
                <local_schema locale="mn" short_desc="Гарны товчлуурын хонхны дууны файлын нэр">
                        <longdesc>Хонхны дууны файлын нэр</longdesc>
                </local_schema>
                <local_schema locale="fi" short_desc="Näppäimistöpiippauksen tiedostonimi">
                        <longdesc>Piippauksena soivan äänen tiedostonimi</longdesc>
                </local_schema>
                <local_schema locale="hu" short_desc="Billentyűzetcsengő egyéni fájlneve">
                        <longdesc>A lejátszandó hangjelzés fájlneve</longdesc>
                </local_schema>
                <local_schema locale="tr" short_desc="Klavye Zili Özel Dosya adı">
                        <longdesc>Çalınacak zil sesinin dosya adı</longdesc>
                </local_schema>
                <local_schema locale="sl" short_desc="Ime datoteke prikrojenega zvonca tipkovnice">
                        <longdesc>Ime datoteke zvonca, ki naj bo predvajan</longdesc>
                </local_schema>
                <local_schema locale="ka" short_desc="ხმოვანი ზარის საკუთარი ფაილის სახელი">
                        <longdesc>ხმოვანი ზარის ფაილის სახელი</longdesc>
                </local_schema>
                <local_schema locale="en_GB" short_desc="Keyboard Bell Custom Filename">
                        <longdesc>File name of the bell sound to be played</longdesc>
                </local_schema>
                <local_schema locale="sk" short_desc="Názov súboru používateľského zvukového návestia klávesnice">
                        <longdesc>Názov súboru zvukového návestia, ktorý má byť prehratý</longdesc>
                </local_schema>
                <local_schema locale="ml" short_desc="കീബോര്‍ഡ് ബെല്‍ കസ്റ്റം ഫയല്‍നെയിം">
                </local_schema>
                <local_schema locale="mk" short_desc="Име на датотеката со сопствено ѕвонче за тастатурата">
                        <longdesc>Име на датотеката со звук на ѕвонче за свирење</longdesc>
                </local_schema>
                <local_schema locale="cy" short_desc="Enw Ffeil Sain Cloch Addasedig">
                        <longdesc>Enw ffeil y sain gloch i&apos;w chwarae</longdesc>
                </local_schema>
                <local_schema locale="gl" short_desc="Ficheiro personalizado da campá do teclado">
                        <longdesc>Nome do ficheiro de son da campá que se reproducirá</longdesc>
                </local_schema>
                <local_schema locale="hr" short_desc="Prilagođena datoteka zvukova tipkovnice">
                        <longdesc>Ime datoteke zvuka koji treba biti reproduciran</longdesc>
                </local_schema>
                <local_schema locale="bs" short_desc="Ime datoteke vlastitog zvona tastature">
                        <longdesc>Ime datoteke zvuka zvona koji će se svirati</longdesc>
                </local_schema>
                <local_schema locale="bn_IN" short_desc="কি-বোর্ড বেল রূপে ব্যবহৃত স্বনির্বাচিত ফাইলের নাম">
                        <longdesc>ঘন্টাধ্বনির জন্য ব্যবহৃত ফাইলের নাম</longdesc>
                </local_schema>
                <local_schema locale="nn" short_desc="Lydfil med eigendefinert bjøllelyd">
                        <longdesc>Filnamn på bjøllelyden som skal spelast</longdesc>
                </local_schema>
                <local_schema locale="it" short_desc="Nome del file personalizzato della campanella da tastiera">
                        <longdesc>Nome del file del suono della campanella da riprodurre</longdesc>
                </local_schema>
                <local_schema locale="or" short_desc="ଚାବି ପଟି ଘଣ୍ଟିର ଇଚ୍ଛାରୂପ ଫାଇଲର ନାମ">
                        <longdesc>ଘଣ୍ଟି ଶବ୍ଦ ରୂପେ ବ୍ଯବହାର କରାଯିବା ଫାଇଲର ନାମ</longdesc>
                </local_schema>
                <local_schema locale="nl" short_desc="Aangepaste bestandsnaam toetsenbordbeltoon">
                        <longdesc>Bestandsnaam van af te spelen geluid als beltoon</longdesc>
                </local_schema>
                <local_schema locale="bn" short_desc="কি-বোর্ড ঘন্টা ধ্বনি কাস্টম ফাইলের নাম">
                        <longdesc>ঘন্টা ধ্বনি বেজে ওঠা ফাইলের নাম</longdesc>
                </local_schema>
                <local_schema locale="fa" short_desc="نام پرونده‌ی ‌زنگ سفارشی صفحه‌کلید">
                        <longdesc>نام پرونده‌ی صدای زنگ که باید پخش شود</longdesc>
                </local_schema>
                <local_schema locale="is" short_desc="Skráarnafn fyrir sérvalda lyklaborðsbjöllu">
                        <longdesc>Skráarnafn þess bjölluhljóðs sem nota á við afspilun</longdesc>
                </local_schema>
                <local_schema locale="cs" short_desc="Vlastní jméno souboru klávesového zvonku">
                        <longdesc>Jméno souboru se zvukem zvonku, který přehrávat</longdesc>
                </local_schema>
                <local_schema locale="th" short_desc="ชื่อแฟ้มเสียงระฆังแป้มพิมพ์ที่กำหนด">
                        <longdesc>ชื่อแฟ้มเสียงระฆังที่จะเล่น</longdesc>
                </local_schema>
        </entry>
        <entry name="bell_duration" mtime="1157589609" type="schema" stype="int" owner="gnome">
                <local_schema locale="C" short_desc="">
                        <default type="int" value="100">
                        </default>
                        <longdesc></longdesc>
                </local_schema>
        </entry>
        <entry name="bell_pitch" mtime="1157589609" type="schema" stype="int" owner="gnome">
                <local_schema locale="C" short_desc="">
                        <default type="int" value="400">
                        </default>
                        <longdesc></longdesc>
                </local_schema>
        </entry>
        <entry name="bell_mode" mtime="1157589609" type="schema" stype="string" owner="gnome">
                <local_schema locale="pt">
                        <longdesc>valores possíveis são &quot;on&quot;, &quot;off&quot;, and &quot;custom&quot;.</longdesc>
                </local_schema>
                <local_schema locale="hi">
                        <longdesc>संभावित मूल्य हैं &quot;चालू&quot;, &quot;बन्द&quot;, तथा &quot;अनुकूलित&quot;.</longdesc>
                </local_schema>
                <local_schema locale="zh_HK">
                        <longdesc>可使用的值為“on”、“off”及“custom”。</longdesc>
                </local_schema>
                <local_schema locale="uk">
                        <longdesc>можливими значеннями є &quot;on&quot;, &quot;off&quot; та &quot;custom&quot;</longdesc>
                </local_schema>
                <local_schema locale="ne">
                        <longdesc>संभावित मानहरू &quot;खुल्ला&quot;, &quot;बन्द&quot;, र &quot;अनुकुलन&quot; हुन् ।</longdesc>
                </local_schema>
                <local_schema locale="en_CA">
                        <longdesc>possible values are &quot;on&quot;, &quot;off&quot;, and &quot;custom&quot;.</longdesc>
                </local_schema>
                <local_schema locale="bg">
                        <longdesc>възможни стойности са „on“, „off“, и „custom“.</longdesc>
                </local_schema>
                <local_schema locale="he">
                        <longdesc>possible values are &quot;on&quot;, &quot;off&quot;, and &quot;custom&quot;.</longdesc>
                </local_schema>
                <local_schema locale="zh_CN">
                        <longdesc>可用的值是“on”，“off”和“custom”。</longdesc>
                </local_schema>
                <local_schema locale="be">
                        <longdesc>магчымыя значэньні: &quot;on&quot;, &quot;off&quot; ці &quot;custom&quot;.</longdesc>
                </local_schema>
                <local_schema locale="ta">
                        <longdesc>செயல்படக்கூடிய மதிப்புகள் &quot;இயக்கு&quot;,&quot;நீக்கு&quot;, மற்றும் &quot;தனிப்பயன்&quot;</longdesc>
                </local_schema>
                <local_schema locale="nb">
                        <longdesc>mulige verdier er «on», «off» og «custom».</longdesc>
                </local_schema>
                <local_schema locale="C" short_desc="">
                        <default type="string">
                                <stringvalue>on</stringvalue>
                        </default>
                        <longdesc>possible values are &quot;on&quot;, &quot;off&quot;, and &quot;custom&quot;.</longdesc>
                </local_schema>
                <local_schema locale="pt_BR">
                        <longdesc>valores possíveis são &quot;ligado&quot;, &quot;desligado&quot; e &quot;personalizado&quot;.</longdesc>
                </local_schema>
                <local_schema locale="eu">
                        <longdesc>hauek dira balio posibleak: &quot;on&quot;, &quot;off&quot;, eta &quot;custom&quot;.</longdesc>
                </local_schema>
                <local_schema locale="pl">
                        <longdesc>dopuszczalnymi wartościami są &quot;on&quot;, &quot;off&quot; oraz &quot;custom&quot;.</longdesc>
                </local_schema>
                <local_schema locale="et">
                        <longdesc>võimalikud väärtused on &quot;on&quot; (sees), &quot;off&quot; (väljas) ja &quot;custom&quot; (kohandatud).</longdesc>
                </local_schema>
                <local_schema locale="es">
                        <longdesc>los valores posibles son «on», «off» y «custom».</longdesc>
                </local_schema>
                <local_schema locale="vi">
                        <longdesc>giá trị hợp lệ là:
 • on — bật,
 • off — tắt,
 • custom — tự chọn.</longdesc>
                </local_schema>
                <local_schema locale="ru">
                        <longdesc>возможные значения: &quot;on&quot;, &quot;off&quot; и &quot;custom&quot;</longdesc>
                </local_schema>
                <local_schema locale="lv">
                        <longdesc>iespējamās vērtības ir &quot;on&quot;, &quot;off&quot;, un &quot;custom&quot;.</longdesc>
                </local_schema>
                <local_schema locale="id">
                        <longdesc>Pilihannya adalah: &quot;on&quot;, &quot;off&quot;, dan &quot;custom&quot;.</longdesc>
                </local_schema>
                <local_schema locale="ko">
                        <longdesc>가능할 값들은 &quot;on&quot;, &quot;off&quot; 그리고 &quot;custom&quot;입니다.</longdesc>
                </local_schema>
                <local_schema locale="lt">
                        <longdesc>galimos reikšmės yra „on“, „off“ ir „custom“.</longdesc>
                </local_schema>
                <local_schema locale="az">
                        <longdesc>mümkün qiymətlər &quot;fəal&quot;, &quot;qeyri-fəal&quot; və &quot;xüsusi&quot;.</longdesc>
                </local_schema>
                <local_schema locale="ca">
                        <longdesc>els valors possibles són «on», «off» i «custom».</longdesc>
                </local_schema>
                <local_schema locale="sv">
                        <longdesc>möjliga värden är &quot;on&quot;, &quot;off&quot; och &quot;custom&quot;.</longdesc>
                </local_schema>
                <local_schema locale="el">
                        <longdesc>πιθανές τιμές είναι &quot;ενεργό&quot;, &quot;ανενεργό&quot; και &quot;προσαρμοσμένο&quot;.</longdesc>
                </local_schema>
                <local_schema locale="fr">
                        <longdesc>les valeurs possibles sont « on », « off », et « custom ».</longdesc>
                </local_schema>
                <local_schema locale="sr@ije">
                        <longdesc>дозвољене вриједности су „on“, „off“ и „custom“.</longdesc>
                </local_schema>
                <local_schema locale="ro">
                        <longdesc>valorile posibile sunt „on”, „off”, şi „custom”.</longdesc>
                </local_schema>
                <local_schema locale="de">
                        <longdesc>Zulässige Werte: »on« (aktivieren), »off« (deaktivieren) sowie »custom« (benutzerdefiniert).</longdesc>
                </local_schema>
                <local_schema locale="sr@Latn">
                        <longdesc>dozvoljene vrednosti su „on“, „off“ i „custom“.</longdesc>
                </local_schema>
                <local_schema locale="pa">
                        <longdesc>ਸੰਭਵ ਮੁੱਲ ਹਨ &quot;ਚਾਲੂ&quot;, &quot;ਬੰਦ&quot; ਅਤੇ &quot;ਪਸੰਦੀਦਾ&quot;।</longdesc>
                </local_schema>
                <local_schema locale="gu">
                        <longdesc>શક્ય કિંમતો છે &quot;ચાલુ&quot;, &quot;બંધ&quot;, અને &quot;કસ્ટમ&quot;.</longdesc>
                </local_schema>
                <local_schema locale="sr">
                        <longdesc>дозвољене вредности су „on“, „off“ и „custom“.</longdesc>
                </local_schema>
                <local_schema locale="ms">
                        <longdesc>nilai yang boleh adalah &quot;on&quot;, &quot;off&quot; dan &quot;custom&quot;.</longdesc>
                </local_schema>
                <local_schema locale="ja">
                        <longdesc>ベル音のモードです。設定可能な値: &quot;on&quot;, &quot;off&quot;, &quot;custom&quot;</longdesc>
                </local_schema>
                <local_schema locale="sq">
                        <longdesc>Vlerat e mundëshme janë &quot;on&quot;, &quot;off&quot;, dhe &quot;custom&quot;.</longdesc>
                </local_schema>
                <local_schema locale="da">
                        <longdesc>mulige værdier er &apos;on&apos;, &apos;off&apos; og &apos;custom&apos;.</longdesc>
                </local_schema>
                <local_schema locale="xh">
                        <longdesc>uncedo olunokubakho &quot;on&quot;, &quot;off&quot;, and &quot;custom&quot;.</longdesc>
                </local_schema>
                <local_schema locale="ar">
                        <longdesc>القيم الممكنة هي &quot;يعمل&quot;، &quot;لا يعمل&quot;، و خاص.</longdesc>
                </local_schema>
                <local_schema locale="zh_TW">
                        <longdesc>可使用的值為“on”、“off”及“custom”。</longdesc>
                </local_schema>
                <local_schema locale="mn">
                        <longdesc>Боломжит утгууд нь »on« (асаах), »off« (салгах) мөн»custom« (хэрэглэгчийн тохиргоогоор)</longdesc>
                </local_schema>
                <local_schema locale="fi">
                        <longdesc>mahdollisia arvoja ovat &quot;on&quot; (päällä), &quot;off&quot; (pois) ja &quot;custom&quot; (muu).</longdesc>
                </local_schema>
                <local_schema locale="hu">
                        <longdesc>lehetséges értékek: &quot;on&quot; (be), &quot;off&quot; (ki), és &quot;custom&quot; (egyéni).</longdesc>
                </local_schema>
                <local_schema locale="tr">
                        <longdesc>geçerli değerler &quot;on&quot;, &quot;off&quot;, ve &quot;custom&quot;dır.</longdesc>
                </local_schema>
                <local_schema locale="sl">
                        <longdesc>možne vrednosti so &quot;on&quot;, &quot;off&quot; in &quot;custom&quot;</longdesc>
                </local_schema>
                <local_schema locale="ka">
                        <longdesc>შესაძლო მნიშვნელობებია &quot;ჩართვა&quot;, &quot;ამორთვა&quot;, და &quot;საკუთარი&quot;.</longdesc>
                </local_schema>
                <local_schema locale="en_GB">
                        <longdesc>possible values are &quot;on&quot;, &quot;off&quot;, and &quot;custom&quot;.</longdesc>
                </local_schema>
                <local_schema locale="sk">
                        <longdesc>možné hodnoty sú: &quot;on&quot;, &quot;off&quot; a &quot;custom&quot;.</longdesc>
                </local_schema>
                <local_schema locale="ml">
                        <longdesc>സാധ്യമുളള മൂല്ല്യങ്ങള്‍ ആണ് -  &quot;on&quot;, &quot;off&quot;, &quot;custom&quot;.</longdesc>
                </local_schema>
                <local_schema locale="mk">
                        <longdesc>можни вредности се &quot;вклучи&quot;, &quot;исклучи&quot; и &quot;сопствено&quot;.</longdesc>
                </local_schema>
                <local_schema locale="cy">
                        <longdesc>gwerthoedd caniataol: &quot;on&quot;, &quot;off&quot;, &quot;custom&quot;.</longdesc>
                </local_schema>
                <local_schema locale="gl">
                        <longdesc>os posibles valores son &quot;on&quot;, &quot;off&quot;, e &quot;custom&quot;.</longdesc>
                </local_schema>
                <local_schema locale="hr">
                        <longdesc>moguće vrijednosti su &quot;uključeno&quot;, &quot;isključeno&quot;, i &quot;vlastito&quot;.</longdesc>
                </local_schema>
                <local_schema locale="bs">
                        <longdesc>moguće vrijednosti su &quot;on&quot;, &quot;off&quot; i &quot;custom&quot;.</longdesc>
                </local_schema>
                <local_schema locale="bn_IN">
                        <longdesc>সম্ভাব্য মান হল &quot;on (চালু)&quot;, &quot;off (বন্ধ)&quot; ও &quot;custom (স্বনির্বাচিত)&quot;।</longdesc>
                </local_schema>
                <local_schema locale="nn">
                        <longdesc>moglege verdiar er «on», «off» og «custom».</longdesc>
                </local_schema>
                <local_schema locale="it">
                        <longdesc>Valori ammessi sono &quot;on&quot; &quot;off&quot; e &quot;custom&quot;.</longdesc>
                </local_schema>
                <local_schema locale="or">
                        <longdesc>ସମ୍ଭାବ୍ଯ ମୂଲ୍ଯଗୁଡ଼ିକ ହେଲା &quot;on&quot;, &quot;off&quot;, and &quot;custom&quot;</longdesc>
                </local_schema>
                <local_schema locale="nl">
                        <longdesc>mogelijke waarden zijn &quot;on&quot;, &quot;off&quot;, en &quot;custom&quot; (aangepast).</longdesc>
                </local_schema>
                <local_schema locale="bn">
                        <longdesc>সম্ভাব্য মানগুলো &quot;চালু&quot;, &quot;বন্ধ&quot; এবং &quot;বিবিধ&quot;।</longdesc>
                </local_schema>
                <local_schema locale="fa">
                        <longdesc>مقادیر ممکن عبارتند از «روشن»، «خاموش» و «سفارشی».</longdesc>
                </local_schema>
                <local_schema locale="is">
                        <longdesc>möguleg gildi eru &quot;á&quot;, &quot;af&quot; og &quot;sérsniðið&quot;.</longdesc>
                </local_schema>
                <local_schema locale="cs">
                        <longdesc>možné hodnoty jsou &quot;on&quot;, &quot;off&quot; a &quot;custom&quot;.</longdesc>
                </local_schema>
                <local_schema locale="th">
                        <longdesc>สามารถตั้งเป็น &quot;on&quot;, &quot;off&quot; หรือ &quot;custom&quot;</longdesc>
                </local_schema>
        </entry>
        <entry name="click_volume" mtime="1157589609" type="schema" stype="int" owner="gnome">
                <local_schema locale="C" short_desc="">
                        <default type="int" value="0">
                        </default>
                        <longdesc></longdesc>
                </local_schema>
        </entry>
        <entry name="delay" mtime="1157589609" type="schema" stype="int" owner="gnome">
                <local_schema locale="C" short_desc="">
                        <default type="int" value="500">
                        </default>
                        <longdesc></longdesc>
                </local_schema>
        </entry>
        <entry name="rate" mtime="1157589609" type="schema" stype="int" owner="gnome">
                <local_schema locale="C" short_desc="">
                        <default type="int" value="30">
                        </default>
                        <longdesc></longdesc>
                </local_schema>
        </entry>
        <entry name="click" mtime="1157589609" type="schema" stype="bool" owner="gnome">
                <local_schema locale="C" short_desc="">
                        <default type="bool" value="true">
                        </default>
                        <longdesc></longdesc>
                </local_schema>
        </entry>
        <entry name="repeat" mtime="1157589609" type="schema" stype="bool" owner="gnome">
                <local_schema locale="C" short_desc="">
                        <default type="bool" value="true">
                        </default>
                        <longdesc></longdesc>
                </local_schema>
        </entry>
</gconf>
