<?xml version="1.0"?>
<gconf>
        <entry name="use_custom" mtime="1231173759" type="schema" stype="bool" owner="evolution-mail">
                <local_schema locale="pt" short_desc="Utilizar fontes personalizadas">
                        <longdesc>Utilizar fontes personalizadas para apresentar as mensagens.</longdesc>
                </local_schema>
                <local_schema locale="hi" short_desc="कस्टम फंट का उपयोग करें">
                        <longdesc>डाक दिखाने के लिये कस्टम फंट का उपयोग करें</longdesc>
                </local_schema>
                <local_schema locale="zh_HK" short_desc="使用自選字型">
                        <longdesc>使用自選字型來顯示郵件。</longdesc>
                </local_schema>
                <local_schema locale="ps" short_desc="دوديزې ليکبڼې کارول">
                        <longdesc>.د ليک ښودلو لپاره دوديزې ليکبڼې کارول</longdesc>
                </local_schema>
                <local_schema locale="uk" short_desc="Використовувати інші шрифти">
                        <longdesc>Використовувати інші шрифти для відображення пошти.</longdesc>
                </local_schema>
                <local_schema locale="te" short_desc="మలుచుకున్న ఫాంటులను ఉపయోగించు">
                        <longdesc>మెయిల్‌ను ప్రదర్శించుటకు మలుచుకున్న ఫాంటులను వుపయోగించు.</longdesc>
                </local_schema>
                <local_schema locale="ga" short_desc="Úsáid clónna saincheaptha">
                </local_schema>
                <local_schema locale="ne" short_desc="अनुकूल फन्टहरू प्रयोग गर्नुहोस्">
                </local_schema>
                <local_schema locale="en_CA" short_desc="Use custom fonts">
                </local_schema>
                <local_schema locale="bg" short_desc="Използване на лични шрифтове">
                        <longdesc>Използване на лични шрифтове за показване на пощата.</longdesc>
                </local_schema>
                <local_schema locale="sr@latin" short_desc="Koristi sopstveni slovni lik">
                        <longdesc>Koristi prilagođeni font za prikaz pošte.</longdesc>
                </local_schema>
                <local_schema locale="he" short_desc="Use custom fonts">
                        <longdesc>Use custom fonts for displaying mail.</longdesc>
                </local_schema>
                <local_schema locale="ast" short_desc="Usar tipografía personalizada">
                        <longdesc>Usar tipografía personalizada p&apos;amosar el corréu</longdesc>
                </local_schema>
                <local_schema locale="zh_CN" short_desc="使用自定义字体">
                        <longdesc>使用自定义字体显示邮件。</longdesc>
                </local_schema>
                <local_schema locale="be" short_desc="Выкарыстоўваць свае шрыфты">
                </local_schema>
                <local_schema locale="ta" short_desc="தனிப்பயன் எழுதுருவை பயன்படுத்து">
                        <longdesc>மின்னஞ்சலை காட்ட தனிப்பயன் எழுத்துருவை பயன்படுத்து</longdesc>
                </local_schema>
                <local_schema locale="nb" short_desc="Bruk egendefinerte skrifter">
                        <longdesc>Bruk tilpassede skrifttyper for e-postvisning.</longdesc>
                </local_schema>
                <local_schema locale="C" short_desc="Use custom fonts">
                        <default type="bool" value="false">
                        </default>
                        <longdesc>
	 Use custom fonts for displaying mail.
         </longdesc>
                </local_schema>
                <local_schema locale="pt_BR" short_desc="Usar fontes personalizadas">
                        <longdesc>Usa fontes personalizadas para exibir as mensagens.</longdesc>
                </local_schema>
                <local_schema locale="eu" short_desc="Erabili letra-tipo pertsonalizatuak">
                        <longdesc>Erabili letra-tipo pertsonalizatuak mezuak bistaratzeko.</longdesc>
                </local_schema>
                <local_schema locale="pl" short_desc="Użycie własnych czcionek">
                        <longdesc>Użycie własnych czcionek do wyświetlania wiadomości.</longdesc>
                </local_schema>
                <local_schema locale="et" short_desc="Kohandatud kirjatüüpide kasutamine">
                        <longdesc>Kohandatud kirjatüüpide kasutamine sõnumite näitamisel.</longdesc>
                </local_schema>
                <local_schema locale="es" short_desc="Usar tipografía personalizada">
                        <longdesc>Usar tipografía personalizada para mostrar el correo.</longdesc>
                </local_schema>
                <local_schema locale="vi" short_desc="Dùng phông chữ tự chọn">
                        <longdesc>Dùng phông chữ tự chọn để hiển thị thư.</longdesc>
                </local_schema>
                <local_schema locale="ru" short_desc="Использовать другие шрифты">
                        <longdesc>Использовать другие шрифты для отображения почты.</longdesc>
                </local_schema>
                <local_schema locale="oc" short_desc="Utilizar de poliças personalizadas">
                </local_schema>
                <local_schema locale="lv" short_desc="Lietot izvēlētos fontus">
                </local_schema>
                <local_schema locale="id" short_desc="Gunakan jenis huruf sendiri">
                </local_schema>
                <local_schema locale="ko" short_desc="사용자 설정 글꼴 사용">
                        <longdesc>메일을 표시할 때 사용자 지정 글꼴을 사용합니다.</longdesc>
                </local_schema>
                <local_schema locale="lt" short_desc="Naudoti savo šriftus">
                        <longdesc>Laiško rodymui naudoti pasirinktinius šriftus.</longdesc>
                </local_schema>
                <local_schema locale="kn" short_desc="ಕಸ್ಟಮ್ ಅಕ್ಷರಶೈಲಿಗಳನ್ನು ಬಳಸು">
                        <longdesc>ಮೈಲ್ ಅನ್ನು ತೋರಿಸಲು ಕಸ್ಟಮ್ ಅಕ್ಷರಶೈಲಿಗಳನ್ನು ಬಳಸು.</longdesc>
                </local_schema>
                <local_schema locale="az" short_desc="Xüsusi yazı növlərini işlət">
                </local_schema>
                <local_schema locale="ca" short_desc="Utilitza tipus de lletra personalitzats">
                        <longdesc>Utilitza tipus de lletra personalitzats per a visualitzar el correu.</longdesc>
                </local_schema>
                <local_schema locale="sv" short_desc="Använd anpassade typsnitt">
                        <longdesc>Använd anpassade typsnitt för visning av e-post.</longdesc>
                </local_schema>
                <local_schema locale="el" short_desc="Χρήση προσαρμοσμένης γραμματοσειράς">
                        <longdesc>Χρήση προσαρμοσμένης γραμματοσειράς για την εμφάνιση αλληλογραφίας</longdesc>
                </local_schema>
                <local_schema locale="fr" short_desc="Utiliser des polices personnalisées">
                        <longdesc>Utiliser des polices personnalisées pour afficher le courriel.</longdesc>
                </local_schema>
                <local_schema locale="ro" short_desc="Foloseşte fonturi personalizate">
                </local_schema>
                <local_schema locale="de" short_desc="Benutzerdefinierte Schriften verwenden">
                        <longdesc>Benutzerdefinierte Schriften zum Anzeigen von E-Mails verwenden.</longdesc>
                </local_schema>
                <local_schema locale="pa" short_desc="ਪਸੰਦੀਦਾ ਫੋਂਟ ਵਰਤੋਂ">
                        <longdesc>ਮੇਲ ਵੇਖਾਉਣ ਲਈ ਕਸਟਮ ਫੋਂਟ ਵਰਤੋਂ ਜੀ।</longdesc>
                </local_schema>
                <local_schema locale="be@latin" short_desc="Užyvaj ułasnyja šryfty">
                        <longdesc>Užyvaj ułasnyja šryfty dziela pakazu listoŭ.</longdesc>
                </local_schema>
                <local_schema locale="gu" short_desc="કસ્ટમ ફોન્ટ વાપરો">
                        <longdesc>મેઈલ પ્રદર્શિત કરવા માટે વૈવિધ્યપૂર્ણ ફોન્ટ વાપરો.</longdesc>
                </local_schema>
                <local_schema locale="sr" short_desc="Користи сопствени словни лик">
                        <longdesc>Користи прилагођени фонт за приказ поште.</longdesc>
                </local_schema>
                <local_schema locale="ja" short_desc="カスタム・フォントを使用するかどうか">
                        <longdesc>メールを表示する際に独自のフォントを使用するかどうかです。</longdesc>
                </local_schema>
                <local_schema locale="sq" short_desc="Përdor gërma të personalizuara">
                </local_schema>
                <local_schema locale="mr" short_desc="इच्छिक फॉन्ट वापरा">
                        <longdesc>मेल दर्शविण्याकरीता इच्छिक फॉन्ट वापरा.</longdesc>
                </local_schema>
                <local_schema locale="da" short_desc="Brug tilpassede skrifttyper">
                        <longdesc>Benyt tilpassede skrifttyper til e-post-visning.</longdesc>
                </local_schema>
                <local_schema locale="as" short_desc="স্বনিৰ্বাচিত ফন্ট ব্যৱহাৰ কৰক">
                </local_schema>
                <local_schema locale="xh" short_desc="Sebenzisa iifonti zomthengi">
                </local_schema>
                <local_schema locale="ar" short_desc="استخدم خطوط مخصّصة">
                        <longdesc>استعمل خطوطا مخصّصة لعرض البريد.</longdesc>
                </local_schema>
                <local_schema locale="zh_TW" short_desc="使用自訂字型">
                        <longdesc>使用自訂字型來顯示郵件。</longdesc>
                </local_schema>
                <local_schema locale="fi" short_desc="Käytä omia kirjasimia">
                        <longdesc>Käytä omia kirjasimia näytettäessä viestejä.</longdesc>
                </local_schema>
                <local_schema locale="hu" short_desc="Egyéni betűkészlet használata">
                        <longdesc>Egyéni betűkészlet használata levelek megjelenítéséhez.</longdesc>
                </local_schema>
                <local_schema locale="tr" short_desc="Özel yazıtipleri kullan">
                        <longdesc>Mektup gösterilirken özel yazıtipleri kullan.</longdesc>
                </local_schema>
                <local_schema locale="sl" short_desc="Uporabi poljubne pisave">
                        <longdesc>Uporabi pisave po meri za prikaz pošte.</longdesc>
                </local_schema>
                <local_schema locale="en_GB" short_desc="Use custom fonts">
                        <longdesc>Use custom fonts for displaying mail.</longdesc>
                </local_schema>
                <local_schema locale="ml" short_desc="ലിപികള്‍ ഇഷ്ടമുളള രീതിയില്‍ ആക്കുന്ന ഉപാധി തിരഞ്ഞെടുക്കുക">
                </local_schema>
                <local_schema locale="mk" short_desc="Користи прилагодени фонтови">
                        <longdesc>Користи сопствени фонтови за приказ на пошта.</longdesc>
                </local_schema>
                <local_schema locale="cy" short_desc="Defnyddio ffontiau addasedig">
                </local_schema>
                <local_schema locale="gl" short_desc="Usar tipos de letra personalizados">
                        <longdesc>Usar tipos de letra personalizados para mostrar o correo.</longdesc>
                </local_schema>
                <local_schema locale="hr" short_desc="Koristi prilagođena pisma">
                </local_schema>
                <local_schema locale="si" short_desc="Use custom fonts">
                </local_schema>
                <local_schema locale="bn_IN" short_desc="স্বনির্বাচিত ফন্ট ব্যবহার করুন">
                        <longdesc>স্বনির্বাচিত ফন্ট ব্যবহার করে মেইল প্রদর্শন করা হবে।</longdesc>
                </local_schema>
                <local_schema locale="nn" short_desc="Bruk sjølvvalde skrifttypar">
                        <longdesc>Bruk sjølvvalde skrifttypar til å visa e-post.</longdesc>
                </local_schema>
                <local_schema locale="it" short_desc="Usa caratteri personalizzati">
                        <longdesc>Usa caratteri personalizzati per mostrare la posta.</longdesc>
                </local_schema>
                <local_schema locale="nl" short_desc="Zelfgekozen lettertypes gebruiken">
                        <longdesc>Zelfgekozen lettertypes gebruiken voor de berichtinhoud.</longdesc>
                </local_schema>
                <local_schema locale="bn" short_desc="স্বনির্বাচিত ফন্ট ব্যবহার করুন">
                </local_schema>
                <local_schema locale="fa" short_desc="استفاده از قلم‌های سفارشی">
                </local_schema>
                <local_schema locale="dz" short_desc="སྲོལ་སྒྲིག་ཡིག་གཟུགས་ ལག་ལེན་འཐབ།">
                        <longdesc>ཡིག་འཕྲིན་ བཀྲམ་སྟོན་འབད་ནིའི་དོན་ལུ་ སྲོལ་སྒྲིག་ཡིག་གཟུགས་ཚུ་  ལག་ལེན་འཐབ།</longdesc>
                </local_schema>
                <local_schema locale="cs" short_desc="Používat vlastní písma">
                        <longdesc>Používat pro zobrazování pošty vlastní písma.</longdesc>
                </local_schema>
                <local_schema locale="th" short_desc="ใช้แบบอักษรกำหนดเอง">
                        <longdesc>ใช้แบบอักษรกำหนดเองสำหรับแสดงผลเมล</longdesc>
                </local_schema>
        </entry>
        <entry name="monospace" mtime="1231173759" type="schema" stype="string" owner="evolution-mail">
                <local_schema locale="pt" short_desc="Fonte de consola">
                        <longdesc>A fonte de largura fixa para apresentação de mensagens.</longdesc>
                </local_schema>
                <local_schema locale="hi" short_desc="टर्मिनल फंट">
                        <longdesc>डाक प्रदर्शन के लिये टर्मिनल फंट</longdesc>
                </local_schema>
                <local_schema locale="zh_HK" short_desc="終端機字型">
                        <longdesc>用於顯示郵件的終端機字型。</longdesc>
                </local_schema>
                <local_schema locale="ps" short_desc="پايالي ليکبڼه">
                </local_schema>
                <local_schema locale="uk" short_desc="Термінальний шрифт">
                        <longdesc>Шрифт терміналу для відображення пошти.</longdesc>
                </local_schema>
                <local_schema locale="te" short_desc="టెర్మినల్ ఫాంటు">
                        <longdesc>మెయిల్ ప్రదర్శన కొరకు టెర్మినల్ ఫాంటు.</longdesc>
                </local_schema>
                <local_schema locale="ga" short_desc="Cló teirminéil">
                </local_schema>
                <local_schema locale="ne" short_desc="टर्मिनल फन्ट">
                </local_schema>
                <local_schema locale="en_CA" short_desc="Terminal font">
                </local_schema>
                <local_schema locale="bg" short_desc="Терминален шрифт">
                        <longdesc>Терминалният шрифт за показване на пощата.</longdesc>
                </local_schema>
                <local_schema locale="sr@latin" short_desc="Slovni lik terminala">
                        <longdesc>Font terminala za prikaz pošte.</longdesc>
                </local_schema>
                <local_schema locale="he" short_desc="Terminal font">
                        <longdesc>The terminal font for mail display.</longdesc>
                </local_schema>
                <local_schema locale="ast" short_desc="Tipografía del terminal">
                        <longdesc>La tipografía de terminal p&apos;amosar el corréu.</longdesc>
                </local_schema>
                <local_schema locale="zh_CN" short_desc="终端字体">
                        <longdesc>邮件显示用的终端字体。</longdesc>
                </local_schema>
                <local_schema locale="be" short_desc="Тэрмінальны шрыфт">
                </local_schema>
                <local_schema locale="ta" short_desc="முனைய எழுத்துரு">
                        <longdesc>மின்னஞ்சல் காட்டுவதற்கான முனைய எழுத்துரு</longdesc>
                </local_schema>
                <local_schema locale="nb" short_desc="Terminalskrift">
                        <longdesc>Terminalskrift for meldingsvisning.</longdesc>
                </local_schema>
                <local_schema locale="C" short_desc="Terminal font">
                        <default type="string">
                                <stringvalue>Monospace 12</stringvalue>
                        </default>
                        <longdesc>
	 The terminal font for mail display.
         </longdesc>
                </local_schema>
                <local_schema locale="pt_BR" short_desc="Fonte de terminal">
                        <longdesc>A fonte de terminal para exibição de correio.</longdesc>
                </local_schema>
                <local_schema locale="eu" short_desc="Terminaleko letra-tipoa">
                        <longdesc>Mezuak bistaratzeko erabiliko den terminaleko letra-tipoa.</longdesc>
                </local_schema>
                <local_schema locale="pl" short_desc="Czcionka terminalowa">
                        <longdesc>Czcionka terminalowa do wyświetlania wiadomości.</longdesc>
                </local_schema>
                <local_schema locale="et" short_desc="Terminali kirjatüüp">
                        <longdesc>Terminali kirjatüüp sõnumikuvas.</longdesc>
                </local_schema>
                <local_schema locale="es" short_desc="Tipografía del terminal">
                        <longdesc>La tipografía de terminal para mostrar el correo.</longdesc>
                </local_schema>
                <local_schema locale="vi" short_desc="Phông chữ thiết bị cuối">
                        <longdesc>Phông chữ thiết bị cuối để hiển thị thư.</longdesc>
                </local_schema>
                <local_schema locale="ru" short_desc="Шрифт терминала">
                        <longdesc>Шрифт терминала для отображения почты.</longdesc>
                </local_schema>
                <local_schema locale="lv" short_desc="Beigu fonts">
                </local_schema>
                <local_schema locale="id" short_desc="Huruf jenis Terminal">
                </local_schema>
                <local_schema locale="ko" short_desc="터미널 글꼴">
                        <longdesc>메일을 표시할 때 사용할 터미널 글꼴.</longdesc>
                </local_schema>
                <local_schema locale="lt" short_desc="Terminalo šriftas">
                        <longdesc>Pašto rodymui naudojamas terminalo šriftas.</longdesc>
                </local_schema>
                <local_schema locale="kn" short_desc="ಟರ್ಮಿನಲ್ ಅಕ್ಷರಶೈಲಿ">
                        <longdesc>ಮೈಲ್ ತೋರಿಸಲು ಟರ್ಮಿನಲ್ ಅಕ್ಷರಶೈಲಿ.</longdesc>
                </local_schema>
                <local_schema locale="az" short_desc="Terminal yazı növü">
                </local_schema>
                <local_schema locale="ca" short_desc="Tipus de lletra de terminal">
                        <longdesc>El tipus de lletra de terminal per a visualitzar el correu.</longdesc>
                </local_schema>
                <local_schema locale="sv" short_desc="Terminaltypsnitt">
                        <longdesc>Terminaltypsnittet för e-postvisning.</longdesc>
                </local_schema>
                <local_schema locale="el" short_desc="Γραμματοσειρά τερματικού">
                        <longdesc>Η γραμματοσειρά τερματικού για για εμφάνιση αλληλογραφίας.</longdesc>
                </local_schema>
                <local_schema locale="fr" short_desc="Police du terminal">
                        <longdesc>La police de terminal pour l&apos;affichage des messages.</longdesc>
                </local_schema>
                <local_schema locale="ro" short_desc="Fontul pentru terminal">
                </local_schema>
                <local_schema locale="de" short_desc="Terminal-Schrift">
                        <longdesc>Die zum Anzeigen von E-Mails verwendete Terminal-Schrift.</longdesc>
                </local_schema>
                <local_schema locale="pa" short_desc="ਟਰਮੀਨਲ ਫੋਟ">
                        <longdesc>ਮੇਲ ਵੇਖਾਉਣ ਲਈ ਟਰਮੀਨਲ ਫੋਂਟ ਹਨ।</longdesc>
                </local_schema>
                <local_schema locale="be@latin" short_desc="Šryft terminału">
                        <longdesc>Terminalny šryft, kab pakazvać listy.</longdesc>
                </local_schema>
                <local_schema locale="gu" short_desc="ટર્મિનલ ફોન્ટ">
                        <longdesc>મેઈલ દર્શાવવા માટેના ટર્મિનલ ફોન્ટ.</longdesc>
                </local_schema>
                <local_schema locale="sr" short_desc="Словни лик терминала">
                        <longdesc>Фонт терминала за приказ поште.</longdesc>
                </local_schema>
                <local_schema locale="ja" short_desc="端末のフォント">
                        <longdesc>メールを表示する際の固定幅フォントです。</longdesc>
                </local_schema>
                <local_schema locale="sq" short_desc="Gërmat e terminalit">
                </local_schema>
                <local_schema locale="mr" short_desc="टर्मिनल फॉन्ट">
                        <longdesc>मेल दर्शविण्याकरीता टर्मिनल फॉन्ट.</longdesc>
                </local_schema>
                <local_schema locale="da" short_desc="Terminalskrifttype">
                        <longdesc>Terminalskrifttypen ved visning af brev.</longdesc>
                </local_schema>
                <local_schema locale="as" short_desc="টাৰ্মিন্যালেৰ ফন্ট">
                </local_schema>
                <local_schema locale="xh" short_desc="Ifonti yekhompyutha exhomekeke kwenye">
                </local_schema>
                <local_schema locale="ar" short_desc="خط الشاشة الطرفيّة">
                        <longdesc>خط الشاشة الطرفيّة لعرض البريد.</longdesc>
                </local_schema>
                <local_schema locale="zh_TW" short_desc="終端機字型">
                        <longdesc>用於顯示郵件的終端機字型。</longdesc>
                </local_schema>
                <local_schema locale="fi" short_desc="Päätteen kirjasin">
                        <longdesc>Päätekirjasin viestejä näytettäessä.</longdesc>
                </local_schema>
                <local_schema locale="hu" short_desc="Terminál betűkészlete">
                        <longdesc>A levelek megjelenítéséhez használt terminál-betűkészlet.</longdesc>
                </local_schema>
                <local_schema locale="tr" short_desc="Uçbirim yazıtipi">
                        <longdesc>Mektup görünümü için uçbirim yazıtipi.</longdesc>
                </local_schema>
                <local_schema locale="sl" short_desc="Pisava terminala">
                        <longdesc>Pisava terminala za prikaz pošte.</longdesc>
                </local_schema>
                <local_schema locale="en_GB" short_desc="Terminal font">
                        <longdesc>The terminal font for mail display.</longdesc>
                </local_schema>
                <local_schema locale="ml" short_desc="ടെര്‍മിനലിന്‍റെ ലിപി">
                </local_schema>
                <local_schema locale="mk" short_desc="Терминал фонт">
                        <longdesc>Терминал фонтот за приказ на пошта.</longdesc>
                </local_schema>
                <local_schema locale="cy" short_desc="Ffont terfynell">
                </local_schema>
                <local_schema locale="gl" short_desc="Tipo de letra do terminal">
                        <longdesc>O tipo de letra do terminal para mostrar o correo.</longdesc>
                </local_schema>
                <local_schema locale="hr" short_desc="Pismo terminala">
                </local_schema>
                <local_schema locale="si" short_desc="Terminal font">
                </local_schema>
                <local_schema locale="bn_IN" short_desc="টার্মিন্যালের ফন্ট">
                        <longdesc>মেইল প্রদর্শনের জন্য টার্মিন্যালে যে ফন্ট ব্যবহার করা হবে।</longdesc>
                </local_schema>
                <local_schema locale="nn" short_desc="Terminalskrifttype">
                        <longdesc>Terminalskrifttypen brukt til å visa e-post.</longdesc>
                </local_schema>
                <local_schema locale="it" short_desc="Carattere del terminale">
                        <longdesc>Il carattere da terminale per la visualizzazione della posta.</longdesc>
                </local_schema>
                <local_schema locale="nl" short_desc="Terminal-lettertype">
                        <longdesc>Het terminal-lettertype voor de tekstinhoud van e-mail.</longdesc>
                </local_schema>
                <local_schema locale="bn" short_desc="টার্মিন্যালের ফন্ট">
                </local_schema>
                <local_schema locale="fa" short_desc="قلم پایانه">
                </local_schema>
                <local_schema locale="dz" short_desc="ཊར་མི་ནཱལ་ ཡིག་གཟུགས།">
                        <longdesc>ཡིག་འཕྲིན་ བཀྲམ་སྟོན་གྱི་དོན་ལས་ ཊར་མི་ནཱལ་ཡིག་གཟུགས།</longdesc>
                </local_schema>
                <local_schema locale="cs" short_desc="Písmo terminálu">
                        <longdesc>Písmo terminálu pro zobrazování pošty.</longdesc>
                </local_schema>
                <local_schema locale="th" short_desc="แบบอักษรเทอร์มินัล">
                        <longdesc>แบบอักษรเทอร์มินัลสำหรับแสดงข้อความเมล</longdesc>
                </local_schema>
        </entry>
        <entry name="variable" mtime="1231173759" type="schema" stype="string" owner="evolution-mail">
                <local_schema locale="pt" short_desc="Fonte de largura variável">
                        <longdesc>A fonte de largura variável para apresentação de mensagens.</longdesc>
                </local_schema>
                <local_schema locale="hi" short_desc="चर चौड़ाई फंट">
                        <longdesc>डाक प्रदर्शन के लिये चर चौड़ाई फंट.</longdesc>
                </local_schema>
                <local_schema locale="zh_HK" short_desc="變動闊度字型">
                        <longdesc>用於顯示郵件的變動闊度字型。</longdesc>
                </local_schema>
                <local_schema locale="uk" short_desc="Шрифт змінної ширини">
                        <longdesc>Пропорційний шрифт для основного дисплею.</longdesc>
                </local_schema>
                <local_schema locale="te" short_desc="వేరియబుల్ వెడల్పు ఫాంటు">
                        <longdesc>మెయిల్ ప్రదర్శన కొరకు వేరియబుల్ వెడల్పు ఫాంటు.</longdesc>
                </local_schema>
                <local_schema locale="ne" short_desc="चल चौडाइ फन्ट">
                </local_schema>
                <local_schema locale="en_CA" short_desc="Variable width font">
                </local_schema>
                <local_schema locale="bg" short_desc="Пропорционален шрифт">
                        <longdesc>Използваният за показване на писмата пропорционален шрифт.</longdesc>
                </local_schema>
                <local_schema locale="sr@latin" short_desc="Slovni lik promenljive veličine">
                        <longdesc>Font promenljive veličine za prikaz pošte.</longdesc>
                </local_schema>
                <local_schema locale="he" short_desc="Variable width font">
                        <longdesc>The variable width font for mail display.</longdesc>
                </local_schema>
                <local_schema locale="ast" short_desc="Tipografía de anchor cimbrable">
                        <longdesc>La tipografía d&apos;achor cimbrable p&apos;amosar el corréu.</longdesc>
                </local_schema>
                <local_schema locale="zh_CN" short_desc="变宽字体">
                        <longdesc>用于显示邮件的变宽字体。</longdesc>
                </local_schema>
                <local_schema locale="be" short_desc="Шрыфт зьменнай шырыні">
                </local_schema>
                <local_schema locale="ta" short_desc="மாறி அகல எழுத்துரு">
                        <longdesc>மின்னஞ்சலை காட்ட மாற்ற அகல எழுத்துரு</longdesc>
                </local_schema>
                <local_schema locale="nb" short_desc="Skrift for variabel bredde">
                        <longdesc>Skrift med variabel bredde for meldingsvisning.</longdesc>
                </local_schema>
                <local_schema locale="C" short_desc="Variable width font">
                        <default type="string">
                                <stringvalue>Sans 12</stringvalue>
                        </default>
                        <longdesc>
	 The variable width font for mail display.
         </longdesc>
                </local_schema>
                <local_schema locale="pt_BR" short_desc="Fonte de largura variável">
                        <longdesc>A fonte de largura variável para exibição de correio.</longdesc>
                </local_schema>
                <local_schema locale="eu" short_desc="Zabalera aldakorreko letra-tipoa">
                        <longdesc>Mezuak bistaratzeko erabiliko den zabalera aldakorreko letra-tipoa.</longdesc>
                </local_schema>
                <local_schema locale="pl" short_desc="Czcionka o zmiennej szerokości">
                        <longdesc>Czcionka o zmiennej szerokości do wyświetlania wiadomości.</longdesc>
                </local_schema>
                <local_schema locale="et" short_desc="Muutuva laiusega kirjatüüp">
                        <longdesc>Muutuva laiusega kirjatüüp sõnumikuvas.</longdesc>
                </local_schema>
                <local_schema locale="es" short_desc="Tipografía de anchura variable">
                        <longdesc>La tipografía de anchura variable para mostrar el correo.</longdesc>
                </local_schema>
                <local_schema locale="vi" short_desc="Phông chữ rộng biến">
                        <longdesc>Phông chữ độ rộng biến đổi để hiển thị thư.</longdesc>
                </local_schema>
                <local_schema locale="ru" short_desc="Шрифт переменной ширины">
                        <longdesc>Пропорциональный шрифт для основного дисплея.</longdesc>
                </local_schema>
                <local_schema locale="lv" short_desc="Fontu platums">
                </local_schema>
                <local_schema locale="id" short_desc="Huruf lebar bebas">
                </local_schema>
                <local_schema locale="ko" short_desc="가변폭 글꼴">
                        <longdesc>메일을 표시할 때 사용할 가변폭 글꼴.</longdesc>
                </local_schema>
                <local_schema locale="lt" short_desc="Kintamo pločio šriftas">
                        <longdesc>Pašto rodymui naudojamas kintamo pločio šriftas.</longdesc>
                </local_schema>
                <local_schema locale="kn" short_desc="ವೇರಿಯೇಬಲ್ ಅಗಲದ ಅಕ್ಷರಶೈಲಿ">
                        <longdesc>ಮೈಲ್ ತೋರಿಸಲು ವೇರಿಯೇಬಲ್ ಅಗಲದ ಅಕ್ಷರಶೈಲಿ.</longdesc>
                </local_schema>
                <local_schema locale="az" short_desc="Dəyişən enli yazı növü:">
                </local_schema>
                <local_schema locale="ca" short_desc="Tipus de lletra de mida variable">
                        <longdesc>El tipus de lletra de mida variable per a visualitzar el correu.</longdesc>
                </local_schema>
                <local_schema locale="sv" short_desc="Typsnitt med variabelt breddsteg">
                        <longdesc>Det typsnitt med variabelt breddsteg som ska användas för e-postvisning.</longdesc>
                </local_schema>
                <local_schema locale="el" short_desc="Γραμματοσειρά μεταβλητού πλάτους">
                        <longdesc>Η γραμματοσειρά μεταβλητού πλάτους για εμφάνιση αλληλογραφίας.</longdesc>
                </local_schema>
                <local_schema locale="fr" short_desc="Largeur de polices variable">
                        <longdesc>La police à largeur variable pour l&apos;affichage des messages.</longdesc>
                </local_schema>
                <local_schema locale="ro" short_desc="Font cu lăţime variabilă">
                </local_schema>
                <local_schema locale="de" short_desc="Schrift variabler Breite">
                        <longdesc>Die zum Anzeigen von E-Mails verwendete Schrift variabler Breite.</longdesc>
                </local_schema>
                <local_schema locale="pa" short_desc="ਅਸਥਿਰ ਚੌੜਾਈ ਫੋਂਟ">
                        <longdesc>ਮੇਲ ਵੇਖਾਉਣ ਲਈ ਵੇਰੀਬਲ ਚੌੜੇ ਫੋਂਟ ਹਨ।</longdesc>
                </local_schema>
                <local_schema locale="be@latin" short_desc="Šryft źmiennaj šyryni">
                        <longdesc>Šryft źmiennaj šyryni, kab pakazvać listy.</longdesc>
                </local_schema>
                <local_schema locale="gu" short_desc="ચલિત પહોળાઈના ફોન્ટ">
                        <longdesc>મેઈલ દર્શાવવા માટે ચલ પહોળાઈ ફોન્ટ.</longdesc>
                </local_schema>
                <local_schema locale="sr" short_desc="Словни лик променљиве величине">
                        <longdesc>Фонт променљиве величине за приказ поште.</longdesc>
                </local_schema>
                <local_schema locale="ja" short_desc="可変幅フォント">
                        <longdesc>メールを表示する際の可変幅フォントです。</longdesc>
                </local_schema>
                <local_schema locale="sq" short_desc="Gjerësia e ndryshueshme e gërmave">
                </local_schema>
                <local_schema locale="mr" short_desc="गतिक रूंदीचे फॉन्ट">
                        <longdesc>मेल दर्शविण्याकरीता गतिक रूंदीचे फॉन्ट.</longdesc>
                </local_schema>
                <local_schema locale="da" short_desc="Skrifttype med variabel bredde">
                        <longdesc>Skrifttypen med variabel bredde til visning af e-post.</longdesc>
                </local_schema>
                <local_schema locale="as" short_desc="পৰিবৰ্তনশীল-বিস্তাৰেৰ ফন্ট">
                </local_schema>
                <local_schema locale="xh" short_desc="Ububanzi befonti obuguquguqukayo">
                </local_schema>
                <local_schema locale="ar" short_desc="خط متغير العرض">
                        <longdesc>الخط المتغيّر العرض لعرض البريد.</longdesc>
                </local_schema>
                <local_schema locale="zh_TW" short_desc="變動寬度字型">
                        <longdesc>用於顯示郵件的變動寬度字型。</longdesc>
                </local_schema>
                <local_schema locale="fi" short_desc="Vaihtuvanlevyinen kirjasin">
                        <longdesc>Vaihtelevan levyinen kirjasin viestejä näytettäessä.</longdesc>
                </local_schema>
                <local_schema locale="hu" short_desc="Változó szélességű betűkészlet">
                        <longdesc>A levelek megjelenítéséhez használt változó szélességű betűkészlet.</longdesc>
                </local_schema>
                <local_schema locale="tr" short_desc="Değişken genişlikli yazıtipi">
                        <longdesc>Mektup görünümü için değişken genişlikli yazıtipi.</longdesc>
                </local_schema>
                <local_schema locale="sl" short_desc="Pisava spremenljive širine">
                        <longdesc>Pisava spremenljive širine za prikaz pošte.</longdesc>
                </local_schema>
                <local_schema locale="en_GB" short_desc="Variable width font">
                        <longdesc>The variable width font for mail display.</longdesc>
                </local_schema>
                <local_schema locale="mk" short_desc="Променлива ширина на фонт">
                        <longdesc>Променлива ширина на фонт за приказ на пошта.</longdesc>
                </local_schema>
                <local_schema locale="cy" short_desc="Ffont lled amrywiol">
                </local_schema>
                <local_schema locale="gl" short_desc="Tipo de letra de largura variable">
                        <longdesc>O tipo de letra de largura variable para mostrar o correo.</longdesc>
                </local_schema>
                <local_schema locale="hr" short_desc="Font promjenljive širine">
                </local_schema>
                <local_schema locale="si" short_desc="Variable width font">
                </local_schema>
                <local_schema locale="bn_IN" short_desc="পরিবর্তনশীল-বিস্তারের ফন্ট">
                        <longdesc>মেইল প্রদর্শন করার জন্য পরিবর্তনশীল বিস্তারের ফন্ট।</longdesc>
                </local_schema>
                <local_schema locale="nn" short_desc="Skrifttype med variabel breidde">
                        <longdesc>Skrifttype med variabel breidde brukt til å visa e-post.</longdesc>
                </local_schema>
                <local_schema locale="it" short_desc="Carattere a larghezza variabile">
                        <longdesc>Il carattere a larghezza variabile per la visualizzazione dei messaggi.</longdesc>
                </local_schema>
                <local_schema locale="nl" short_desc="Lettertype met variabele breedte">
                        <longdesc>Het lettertype met variabele breedte voor de tekstinhoud van e-mail.</longdesc>
                </local_schema>
                <local_schema locale="bn" short_desc="পরিবর্তনশীল-বিস্তারের ফন্ট">
                </local_schema>
                <local_schema locale="fa" short_desc="قلم با عرض متغیر">
                </local_schema>
                <local_schema locale="dz" short_desc="འགྱུར་བའི་ཡིག་གཟུགས་ཀྱི་རྒྱ་ཚད།">
                        <longdesc>ཡིག་འཕྲིན་བཀྲམ་སྟོན་གྱི་དོན་ལས་ འགྱུར་ཅན་ཡིག་གཟུགས་ཀྱི་རྒྱ་ཚད། </longdesc>
                </local_schema>
                <local_schema locale="cs" short_desc="Písmo s proměnlivou šířkou:">
                        <longdesc>Písmo s proměnnou šířkou pro zobrazování pošty.</longdesc>
                </local_schema>
                <local_schema locale="th" short_desc="แบบอักษรความกว้างไม่คงที่">
                        <longdesc>แบบอักษรความกว้างไม่คงที่สำหรับแสดงข้อความเมล</longdesc>
                </local_schema>
        </entry>
</gconf>
