<?xml version="1.0"?>
<gconf>
        <entry name="message_display_style" mtime="1138677982" type="schema" stype="int" owner="evolution-mail">
        <local_schema locale="nb" short_desc="Stil på e-postvisning («normal», «fulle overskrifter», «kilde»)">
        </local_schema>
        <local_schema locale="lt" short_desc="Laiško rodymo stilius („normal“, „full headers“, „source“)">
        </local_schema>
        <local_schema locale="gu" short_desc="સંદેશા-પ્રદર્શન શૈલી (&quot;સામાન્ય&quot;, &quot;આખી હેડરો&quot;, &quot;સ્રોત&quot;)">
        </local_schema>
        <local_schema locale="nl" short_desc="Berichtweergave (&quot;normal&quot;, &quot;full headers&quot;, &quot;source&quot;)">
        </local_schema>
        <local_schema locale="sr@Latn" short_desc="Stil prikaza poruke ( „normalan“, „sva zaglavlja“, „izvor“)">
        </local_schema>
        <local_schema locale="ko" short_desc="메세지-표시 모양새 (&quot;normal&quot;, &quot;full headers&quot;, &quot;source&quot;)">
        </local_schema>
        <local_schema locale="ja" short_desc="メッセージの表示スタイル (&quot;標準&quot;、&quot;全てのヘッダ&quot;、&quot;ソース&quot;)">
        </local_schema>
        <local_schema locale="bg" short_desc="Начин на показване на писмата („обикновен“, „всички заглавни части“, „изходен код“)">
        </local_schema>
        <local_schema locale="sr" short_desc="Стил приказа поруке ( „нормалан“, „сва заглавља“, „извор“)">
        </local_schema>
        <local_schema locale="el" short_desc="Στυλ εμφάνισης μηνύματος (&quot;κανονικό&quot;, &quot;πλήρεις κεφαλίδες&quot;, &quot;πηγαίος κώδικας&quot;)">
        </local_schema>
        <local_schema locale="zh_CN" short_desc="信件显示风格(普通、全部邮件头、源代码)">
        </local_schema>
        <local_schema locale="en_CA" short_desc="Message-display style (&quot;normal&quot;, &quot;full headers&quot;, &quot;source&quot;)">
        </local_schema>
        <local_schema locale="zh_HK" short_desc="訊息顯示樣式 (「一般」、「完整標頭」、「來源」)">
        </local_schema>
        <local_schema locale="vi" short_desc="Kiểu dáng hiển thị thư (chuẩn, dòng đầu đây đủ, mã nguồn)">
        </local_schema>
        <local_schema locale="no" short_desc="Stil på e-postvisning («normal», «fulle overskrifter», «kilde»)">
        </local_schema>
        <local_schema locale="gl" short_desc="Estilo de visualización mensaxe (&quot;normal&quot;, &quot;cabeceiras completas&quot;, &quot;fonte&quot;)">
        </local_schema>
        <local_schema locale="es" short_desc="Estilo de visualización del mensaje (&quot;normal&quot;, &quot;full headers&quot;, &quot;source&quot;)">
        </local_schema>
        <local_schema locale="C" short_desc="Message-display style (&quot;normal&quot;, &quot;full headers&quot;, &quot;source&quot;)">
                <default type="int" value="0">
                </default>
                <longdesc>
          
         </longdesc>
        </local_schema>
        <local_schema locale="zh_TW" short_desc="訊息顯示樣式 (「一般」、「完整標頭」、「來源」)">
        </local_schema>
        <local_schema locale="nn" short_desc="Korleis meldingar vert viste («normal», «full headers», «source»)">
        </local_schema>
        <local_schema locale="fi" short_desc="Viestin näyttötyyli (&quot;normal&quot;, &quot;full headers&quot; tai &quot;source&quot;)">
        </local_schema>
        </entry>
        <entry name="reply_style" mtime="1138677982" type="schema" stype="int" owner="evolution-mail">
        <local_schema locale="pt" short_desc="Estilo por omissão de resposta">
        </local_schema>
        <local_schema locale="zh_HK" short_desc="預設回覆樣式">
        </local_schema>
        <local_schema locale="uk" short_desc="Типовий стиль відповіді">
        </local_schema>
        <local_schema locale="en_CA" short_desc="Default reply style">
        </local_schema>
        <local_schema locale="ne" short_desc="पूर्वनिर्धारित जवाफ शैली">
        </local_schema>
        <local_schema locale="bg" short_desc="Стандартен стил на отговор">
        </local_schema>
        <local_schema locale="zh_CN" short_desc="默认回复样式">
        </local_schema>
        <local_schema locale="be" short_desc="Прадвызначаны стыль адказу">
        </local_schema>
        <local_schema locale="C" short_desc="Default reply style">
                <default type="int" value="0">
                </default>
                <longdesc>
          
         </longdesc>
        </local_schema>
        <local_schema locale="nb" short_desc="Forvalgt svarstil">
        </local_schema>
        <local_schema locale="pt_BR" short_desc="Estilo de resposta padrão">
        </local_schema>
        <local_schema locale="pl" short_desc="Domyślny styl odpowiedzi">
        </local_schema>
        <local_schema locale="et" short_desc="Vaikimisi vastamise laad">
        </local_schema>
        <local_schema locale="es" short_desc="Estilo de respuesta predeterminado">
        </local_schema>
        <local_schema locale="vi" short_desc="Kiểu trả lời mặc định">
        </local_schema>
        <local_schema locale="ru" short_desc="Стиль ответа по умолчанию">
        </local_schema>
        <local_schema locale="id" short_desc="Gaya utama yang digunakan untuk membalas email">
        </local_schema>
        <local_schema locale="ko" short_desc="기본 회신 모양새">
        </local_schema>
        <local_schema locale="lt" short_desc="Numatytasis atsakymų stilius">
        </local_schema>
        <local_schema locale="az" short_desc="Ön qurğulu cavab tərzi">
        </local_schema>
        <local_schema locale="ca" short_desc="Estil de resposta predeterminat">
        </local_schema>
        <local_schema locale="sv" short_desc="Standardstil för svar">
        </local_schema>
        <local_schema locale="el" short_desc="Προεπιλεγμένο στυλ απάντησης">
        </local_schema>
        <local_schema locale="fr" short_desc="Style de réponse par défaut">
        </local_schema>
        <local_schema locale="ro" short_desc="Stilul implicit pentru răspuns">
        </local_schema>
        <local_schema locale="de" short_desc="Vorgabe-Antwortstil">
        </local_schema>
        <local_schema locale="sr@Latn" short_desc="Podrazumevani stil odgovora">
        </local_schema>
        <local_schema locale="pa" short_desc="ਮੂਲ ਜਵਾਬ ਸ਼ੈਲੀ">
        </local_schema>
        <local_schema locale="gu" short_desc="વળતા જવાબની મૂળભુત શૈલી">
        </local_schema>
        <local_schema locale="sr" short_desc="Подразумевани стил одговора">
        </local_schema>
        <local_schema locale="ja" short_desc="デフォルトの返信スタイル">
        </local_schema>
        <local_schema locale="sq" short_desc="Stili i prezgjedhur i përgjigjes">
        </local_schema>
        <local_schema locale="da" short_desc="Standardstil for svar">
        </local_schema>
        <local_schema locale="xh" short_desc="Misela isimbo sokuphendula">
        </local_schema>
        <local_schema locale="ar" short_desc="أسلوب الرّد الإفتراضي">
        </local_schema>
        <local_schema locale="zh_TW" short_desc="預設回覆樣式">
        </local_schema>
        <local_schema locale="fi" short_desc="Vastauksen oletustyyli">
        </local_schema>
        <local_schema locale="hu" short_desc="Alapértelmezett válasz stílusa">
        </local_schema>
        <local_schema locale="tr" short_desc="Öntanımlı cevap biçemi">
        </local_schema>
        <local_schema locale="en_GB" short_desc="Default reply style">
        </local_schema>
        <local_schema locale="cy" short_desc="Arddull ateb rhagosod">
        </local_schema>
        <local_schema locale="gl" short_desc="Estilo de resposta predeterminado">
        </local_schema>
        <local_schema locale="hr" short_desc="Uobičajeni način odgovaranja">
        </local_schema>
        <local_schema locale="no" short_desc="Forvalgt svarstil">
        </local_schema>
        <local_schema locale="nn" short_desc="Standard svarstil">
        </local_schema>
        <local_schema locale="it" short_desc="Stile della risposta predefinito">
        </local_schema>
        <local_schema locale="bn" short_desc="উত্তর লেখার ডিফল্ট বিন্যাস">
        </local_schema>
        <local_schema locale="fa" short_desc="سبک پاسخ دادن پیش‌فرض">
        </local_schema>
        <local_schema locale="nl" short_desc="Standaard antwoordstijl">
        </local_schema>
        <local_schema locale="cs" short_desc="Implicitní styl odpovědí">
        </local_schema>
        </entry>
        <entry name="forward_style" mtime="1138677982" type="schema" stype="int" owner="evolution-mail">
        <local_schema locale="pt" short_desc="Estilo de reencaminhamento por omissão">
        </local_schema>
        <local_schema locale="zh_HK" short_desc="預設轉遞樣式">
        </local_schema>
        <local_schema locale="uk" short_desc="Типовий стиль пересилання">
        </local_schema>
        <local_schema locale="en_CA" short_desc="Default forward style">
        </local_schema>
        <local_schema locale="ne" short_desc="पूर्वनिर्धारित फर्वार्ड शैली">
        </local_schema>
        <local_schema locale="bg" short_desc="Стандартен стил на препращане">
        </local_schema>
        <local_schema locale="zh_CN" short_desc="默认转发方式">
        </local_schema>
        <local_schema locale="be" short_desc="Прадвызначаны стыль перасылкі">
        </local_schema>
        <local_schema locale="C" short_desc="Default forward style">
                <default type="int" value="0">
                </default>
                <longdesc>
          
         </longdesc>
        </local_schema>
        <local_schema locale="nb" short_desc="Forvalgt videresendingsstil">
        </local_schema>
        <local_schema locale="pt_BR" short_desc="Estilo de encaminhamento padrão">
        </local_schema>
        <local_schema locale="pl" short_desc="Domyślny styl przesyłania">
        </local_schema>
        <local_schema locale="et" short_desc="Vaikimisi edastamisstiil">
        </local_schema>
        <local_schema locale="es" short_desc="Estilo de reenvío predeterminado">
        </local_schema>
        <local_schema locale="vi" short_desc="Kiểu chuyển tiếp mặc định">
        </local_schema>
        <local_schema locale="ru" short_desc="Стиль пересылки по умолчанию">
        </local_schema>
        <local_schema locale="id" short_desc="Gaya penerusan email utama">
        </local_schema>
        <local_schema locale="ko" short_desc="기본 전달 모양새">
        </local_schema>
        <local_schema locale="lt" short_desc="Numatytasis persiuntimo stilius">
        </local_schema>
        <local_schema locale="az" short_desc="Ön qurğulu ötürmə tərzi">
        </local_schema>
        <local_schema locale="ca" short_desc="Estil de reenviament predeterminat">
        </local_schema>
        <local_schema locale="sv" short_desc="Standardstil för vidarebefordran">
        </local_schema>
        <local_schema locale="el" short_desc="Προεπιλεγμένο στυλ προώθησης">
        </local_schema>
        <local_schema locale="fr" short_desc="Style de transfert par défaut">
        </local_schema>
        <local_schema locale="ro" short_desc="Stilul implicit pentru înaintare">
        </local_schema>
        <local_schema locale="de" short_desc="Vorgabe-Weiterleitungsstil">
        </local_schema>
        <local_schema locale="sr@Latn" short_desc="Podrazumevani stil prosleđivanja">
        </local_schema>
        <local_schema locale="pa" short_desc="ਮੂਲ ਅੱਗੇ ਭੇਜਣ ਦੀ ਸ਼ੈਲੀ">
        </local_schema>
        <local_schema locale="gu" short_desc="મૂળભુત આગળ ધપાવવાની શૈલી">
        </local_schema>
        <local_schema locale="sr" short_desc="Подразумевани стил прослеђивања">
        </local_schema>
        <local_schema locale="ja" short_desc="デフォルトの転送スタイル">
        </local_schema>
        <local_schema locale="sq" short_desc="Stili i prezgjedhur i përcjelljes">
        </local_schema>
        <local_schema locale="da" short_desc="Standardstil for videresending">
        </local_schema>
        <local_schema locale="xh" short_desc="Misela isimbo esiya phambili">
        </local_schema>
        <local_schema locale="ar" short_desc="أسلوب التمرير الإفتراضي">
        </local_schema>
        <local_schema locale="zh_TW" short_desc="預設轉遞樣式">
        </local_schema>
        <local_schema locale="fi" short_desc="Välityksen oletustyyli">
        </local_schema>
        <local_schema locale="hu" short_desc="Alapértelmezett továbbítási stílus">
        </local_schema>
        <local_schema locale="tr" short_desc="Öntanımlı yönlendirme biçemi">
        </local_schema>
        <local_schema locale="en_GB" short_desc="Default forward style">
        </local_schema>
        <local_schema locale="cy" short_desc="Arddull ragosodedig gyrru ymlaen">
        </local_schema>
        <local_schema locale="gl" short_desc="Estilo de reenvío predeterminado">
        </local_schema>
        <local_schema locale="hr" short_desc="Uobičajeni način proslijeđivanja">
        </local_schema>
        <local_schema locale="no" short_desc="Forvalgt videresendingsstil">
        </local_schema>
        <local_schema locale="nn" short_desc="Standard vidaresendingsstil">
        </local_schema>
        <local_schema locale="it" short_desc="Stile di inoltro predefinito">
        </local_schema>
        <local_schema locale="bn" short_desc="ফরওয়ার্ডের ডিফল্ট বিন্যাস">
        </local_schema>
        <local_schema locale="fa" short_desc="سبک ارجاع پیش‌فرض">
        </local_schema>
        <local_schema locale="nl" short_desc="Standaard doorstuurstijl">
        </local_schema>
        <local_schema locale="cs" short_desc="Implicitní styl přeposílání">
        </local_schema>
        </entry>
</gconf>
