<?xml version="1.0"?>
<mime-type xmlns="http://www.freedesktop.org/standards/shared-mime-info" type="message/delivery-status"><!--Created automatically by update-mime-database. DO NOT EDIT!--><sub-class-of type="text/plain"/><comment>mail delivery report</comment><comment xml:lang="az">po&#xE7;t yollama raportu</comment><comment xml:lang="bg">&#x41E;&#x442;&#x447;&#x435;&#x442; &#x437;&#x430; &#x43F;&#x440;&#x438;&#x441;&#x442;&#x438;&#x433;&#x43D;&#x430;&#x43B;&#x430;&#x442;&#x430; &#x43F;&#x43E;&#x449;&#x430;</comment><comment xml:lang="cs">Zpr&#xE1;va o doru&#x10D;en&#xED; po&#x161;ty</comment><comment xml:lang="cy">Adroddiad trosgludo post</comment><comment xml:lang="de">E-Mail-Zustellungsbericht</comment><comment xml:lang="el">&#x3B1;&#x3BD;&#x3B1;&#x3C6;&#x3BF;&#x3C1;&#x3AC; &#x3C0;&#x3B1;&#x3C1;&#x3AC;&#x3B4;&#x3BF;&#x3C3;&#x3B7;&#x3C2; &#x3BC;&#x3B7;&#x3BD;&#x3CD;&#x3BC;&#x3B1;&#x3C4;&#x3BF;&#x3C2;</comment><comment xml:lang="eo">raporto pri transdono de retpo&#x15D;to</comment><comment xml:lang="es">informe de entrega de correo</comment><comment xml:lang="eu">posta banaketako txostena</comment><comment xml:lang="fi">viestin jakeluilmoitus</comment><comment xml:lang="fr">rapport de livraison de courriels</comment><comment xml:lang="hu">jelent&#xE9;s lev&#xE9;lk&#xE9;zbes&#xED;t&#xE9;sr&#x151;l</comment><comment xml:lang="it">rapporto di consegna posta</comment><comment xml:lang="ja">&#x30E1;&#x30FC;&#x30EB;&#x914D;&#x9001;&#x30DD;&#x30FC;&#x30C8;</comment><comment xml:lang="ko">&#xBA54;&#xC77C; &#xBC30;&#xB2EC; &#xBCF4;&#xACE0;&#xC11C;</comment><comment xml:lang="ms">Laporan penghantaran mel</comment><comment xml:lang="nb">e-postleveranserapport</comment><comment xml:lang="nl">e-mail bezorgingsbericht</comment><comment xml:lang="nn">e-post-leveringsrapport</comment><comment xml:lang="no">e-postleveranserapport</comment><comment xml:lang="pl">raport z dostarczenia poczty</comment><comment xml:lang="pt">relat&#xF3;rio de entrega de e-mail</comment><comment xml:lang="pt_BR">Relat&#xF3;rio de entrega de correspond&#xEA;ncia</comment><comment xml:lang="ru">&#x43E;&#x442;&#x447;&#x435;&#x442; &#x43E; &#x434;&#x43E;&#x441;&#x442;&#x430;&#x432;&#x43A;&#x435; &#x441;&#x43E;&#x43E;&#x431;&#x449;&#x435;&#x43D;&#x438;&#x44F;</comment><comment xml:lang="sq">raport mbi dorzimin e mesazhit</comment><comment xml:lang="sr">&#x438;&#x437;&#x432;&#x435;&#x448;&#x442;&#x430;&#x458; &#x434;&#x43E;&#x441;&#x442;&#x430;&#x432;&#x435; &#x43F;&#x43E;&#x440;&#x443;&#x43A;&#x435;</comment><comment xml:lang="sv">e-postleveransrapport</comment><comment xml:lang="uk">&#x437;&#x432;&#x456;&#x442; &#x43F;&#x440;&#x43E; &#x434;&#x43E;&#x441;&#x442;&#x430;&#x432;&#x43A;&#x443; &#x43F;&#x43E;&#x448;&#x442;&#x438;</comment><comment xml:lang="zh_CN">&#x90AE;&#x4EF6;&#x6295;&#x9012;&#x62A5;&#x544A;</comment></mime-type>
