<?xml version="1.0"?>
<mime-type xmlns="http://www.freedesktop.org/standards/shared-mime-info" type="message/disposition-notification"><!--Created automatically by update-mime-database. DO NOT EDIT!--><comment>mail disposition report</comment><comment xml:lang="az">po&#xE7;t qay&#x131;tma raportu</comment><comment xml:lang="bg">&#x41E;&#x442;&#x447;&#x435;&#x442; &#x437;&#x430; &#x441;&#x44A;&#x441;&#x442;&#x43E;&#x44F;&#x43D;&#x438;&#x435;&#x442;&#x43E; &#x43D;&#x430; &#x43F;&#x43E;&#x449;&#x430;&#x442;&#x430;</comment><comment xml:lang="cs">Zpr&#xE1;va o p&#x159;ed&#xE1;n&#xED; po&#x161;ty</comment><comment xml:lang="cy">adroddiad ffurf post</comment><comment xml:lang="de">E-Mail-&#xDC;bertragungsbericht</comment><comment xml:lang="el">&#x3B1;&#x3BD;&#x3B1;&#x3C6;&#x3BF;&#x3C1;&#x3AC; &#x3B4;&#x3B9;&#x3AC;&#x3B8;&#x3B5;&#x3C3;&#x3B7;&#x3C2; &#x3BC;&#x3B7;&#x3BD;&#x3CD;&#x3BC;&#x3B1;&#x3C4;&#x3BF;&#x3C2;</comment><comment xml:lang="eo">raporto pri dispono de retpo&#x15D;to</comment><comment xml:lang="es">informe de disposici&#xF3;n de correo</comment><comment xml:lang="eu">posta joerako txostena</comment><comment xml:lang="fi">viestin kuittausilmoitus</comment><comment xml:lang="fr">rapport de disposition de courriels</comment><comment xml:lang="hu">jelent&#xE9;s lev&#xE9;lkidob&#xE1;sr&#xF3;l</comment><comment xml:lang="ja">&#x30E1;&#x30FC;&#x30EB;&#x505C;&#x6B62;&#x30EC;&#x30DD;&#x30FC;&#x30C8;</comment><comment xml:lang="ko">&#xBA54;&#xC77C; &#xCC98;&#xB9AC; &#xBCF4;&#xACE0;&#xC11C;</comment><comment xml:lang="ms">Laporan pelupusan mel</comment><comment xml:lang="nb">e-postdispositionsrapport</comment><comment xml:lang="nl">e-mail plaatsingsbericht</comment><comment xml:lang="nn">e-post-disposisjonsrapport</comment><comment xml:lang="no">e-postdispositionsrapport</comment><comment xml:lang="pl">raport z wysy&#x142;ania poczty</comment><comment xml:lang="pt">relat&#xF3;rio de disposi&#xE7;&#xE3;o de e-mail</comment><comment xml:lang="pt_BR">Relat&#xF3;rio de disposi&#xE7;&#xE3;o de correspond&#xEA;ncia</comment><comment xml:lang="sq">raport mbi depozitimin e mesazhit</comment><comment xml:lang="sr">&#x438;&#x437;&#x432;&#x435;&#x448;&#x442;&#x430;&#x458; &#x441;&#x43B;&#x430;&#x45A;&#x430; &#x43F;&#x43E;&#x440;&#x443;&#x43A;&#x435;</comment><comment xml:lang="sv">e-postdispositionsrapport</comment><comment xml:lang="uk">&#x437;&#x432;&#x456;&#x442; &#x43F;&#x440;&#x43E; &#x440;&#x43E;&#x437;&#x442;&#x430;&#x448;&#x443;&#x432;&#x430;&#x43D;&#x43D;&#x44F; &#x43F;&#x43E;&#x448;&#x442;&#x438;</comment><comment xml:lang="zh_CN">&#x90AE;&#x4EF6;&#x63A5;&#x6536;&#x62A5;&#x544A;</comment></mime-type>
