<?xml version="1.0"?>
<mime-type xmlns="http://www.freedesktop.org/standards/shared-mime-info" type="message/external-body"><!--Created automatically by update-mime-database. DO NOT EDIT!--><comment>reference to remote file</comment><comment xml:lang="az">uzaq fayla g&#xF6;st&#x259;ri&#x15F;</comment><comment xml:lang="bg">&#x41F;&#x440;&#x435;&#x43F;&#x440;&#x430;&#x442;&#x43A;&#x430; &#x43A;&#x44A;&#x43C; &#x43E;&#x442;&#x434;&#x430;&#x43B;&#x435;&#x447;&#x435;&#x43D; &#x444;&#x430;&#x439;&#x43B;</comment><comment xml:lang="cs">Odkaz na vzd&#xE1;len&#xFD; soubor</comment><comment xml:lang="cy">cyfeiriad at ffeil bell</comment><comment xml:lang="de">Verweis auf entfernte Datei</comment><comment xml:lang="el">&#x3B1;&#x3BD;&#x3B1;&#x3C6;&#x3BF;&#x3C1;&#x3AC; &#x3C3;&#x3B5; &#x3B1;&#x3C0;&#x3CC;&#x3BC;&#x3B1;&#x3BA;&#x3C1;&#x3BF; &#x3B1;&#x3C1;&#x3C7;&#x3B5;&#x3AF;&#x3BF;</comment><comment xml:lang="eo">referenco al fora dosiero</comment><comment xml:lang="es">referencia a un fichero remoto</comment><comment xml:lang="eu">erreferentzia urruneko fitxategiari</comment><comment xml:lang="fi">viittaus et&#xE4;tiedostoon</comment><comment xml:lang="fr">r&#xE9;f&#xE9;rence au fichier distant</comment><comment xml:lang="hu">hivatkoz&#xE1;s t&#xE1;voli f&#xE1;jlra</comment><comment xml:lang="ja">&#x30EA;&#x30E2;&#x30FC;&#x30C8;&#x30D5;&#x30A1;&#x30A4;&#x30EB;&#x3078;&#x306E;&#x53C2;&#x7167;</comment><comment xml:lang="ko">&#xC6D0;&#xACA9; &#xD30C;&#xC77C; &#xCC38;&#xC870;</comment><comment xml:lang="ms">Rujukan ke fail jauh</comment><comment xml:lang="nb">referanse til ekstern fil</comment><comment xml:lang="nl">verwijzing naar bestand op afstand</comment><comment xml:lang="nn">referanse til fil over nettverk</comment><comment xml:lang="no">referanse til ekstern fil</comment><comment xml:lang="pl">odwo&#x142;anie do pliku zdalnego</comment><comment xml:lang="pt">refer&#xEA;ncia a um ficheiro remoto</comment><comment xml:lang="pt_BR">Refer&#xEA;ncia a um arquivo remoto</comment><comment xml:lang="sq">referim me file remot</comment><comment xml:lang="sr">&#x440;&#x435;&#x444;&#x435;&#x440;&#x435;&#x43D;&#x446;&#x430; &#x43D;&#x430; &#x443;&#x434;&#x430;&#x459;&#x435;&#x43D;&#x443; &#x434;&#x430;&#x442;&#x43E;&#x442;&#x435;&#x43A;&#x443;</comment><comment xml:lang="sv">referens till fj&#xE4;rrfil</comment><comment xml:lang="uk">&#x43F;&#x43E;&#x441;&#x438;&#x43B;&#x430;&#x43D;&#x43D;&#x44F; &#x43D;&#x430; &#x432;&#x456;&#x434;&#x434;&#x430;&#x43B;&#x435;&#x43D;&#x438;&#x439; &#x444;&#x430;&#x439;&#x43B;</comment><comment xml:lang="zh_CN">&#x5230;&#x8FDC;&#x7A0B;&#x6587;&#x4EF6;&#x7684;&#x5F15;&#x7528;</comment></mime-type>
