<?xml version="1.0"?>
<mime-type xmlns="http://www.freedesktop.org/standards/shared-mime-info" type="message/news"><!--Created automatically by update-mime-database. DO NOT EDIT!--><sub-class-of type="text/plain"/><comment>Usenet news message</comment><comment xml:lang="az">Usenet x&#x259;b&#x259;rl&#x259;r ismar&#x131;&#x15F;&#x131;</comment><comment xml:lang="bg">&#x421;&#x44A;&#x43E;&#x431;&#x449;&#x435;&#x43D;&#x438;&#x435;, &#x444;&#x43E;&#x440;&#x43C;&#x430;&#x442; Usenet&#xB7;news</comment><comment xml:lang="cs">P&#x159;&#xED;sp&#x11B;vek do diskusn&#xED;ch skupin Usenet</comment><comment xml:lang="cy">Neges newyddion Usenet</comment><comment xml:lang="de">Usenet-News-Nachricht</comment><comment xml:lang="el">&#x3BC;&#x3AE;&#x3BD;&#x3C5;&#x3BC;&#x3B1; &#x3BF;&#x3BC;&#x3AC;&#x3B4;&#x3C9;&#x3BD; &#x3C3;&#x3C5;&#x3B6;&#x3B7;&#x3C4;&#x3AE;&#x3C3;&#x3B5;&#x3C9;&#x3BD; Usenet</comment><comment xml:lang="eo">nova&#x135;mesa&#x11D;o de Usenet</comment><comment xml:lang="es">Mensaje de noticias de Usenet</comment><comment xml:lang="eu">Usenet berrien mezua</comment><comment xml:lang="fi">nyyssiviesti</comment><comment xml:lang="fr">message de groupe d'&#xE9;change Usenet</comment><comment xml:lang="hu">USENET-h&#xED;rcsoport&#xFC;zenet</comment><comment xml:lang="ja">Usenet news &#x30E1;&#x30C3;&#x30BB;&#x30FC;&#x30B8;</comment><comment xml:lang="ko">&#xC720;&#xC988;&#xB137; &#xC0C8;&#xC18C;&#xC2DD; &#xBA54;&#xC138;&#xC9C0;</comment><comment xml:lang="ms">Mesej berita USENET</comment><comment xml:lang="nb">Usenet nyhetsmelding</comment><comment xml:lang="nl">Usenet-nieuwsbericht</comment><comment xml:lang="nn">USENET diskusjonsmelding</comment><comment xml:lang="no">Usenet nyhetsmelding</comment><comment xml:lang="pl">Wiadomo&#x15B;&#x107; grupy dyskusyjnej</comment><comment xml:lang="pt">mensagem de not&#xED;cias Usenet</comment><comment xml:lang="pt_BR">Mensagem de not&#xED;cias da Usenet</comment><comment xml:lang="sq">Mesazh lajmesh Usenet</comment><comment xml:lang="sr">&#x41F;&#x43E;&#x440;&#x443;&#x43A;&#x430; &#x441;&#x430; &#x434;&#x438;&#x441;&#x43A;&#x443;&#x441;&#x438;&#x43E;&#x43D;&#x435; &#x433;&#x440;&#x443;&#x43F;&#x435;</comment><comment xml:lang="sv">Usenet-diskussionsgruppsmeddelande</comment><comment xml:lang="uk">&#x41F;&#x43E;&#x432;&#x456;&#x434;&#x43E;&#x43C;&#x43B;&#x435;&#x43D;&#x43D;&#x44F; &#x43D;&#x43E;&#x432;&#x438;&#x43D; Usenet</comment><comment xml:lang="zh_CN">Usenet &#x65B0;&#x95FB;&#x4FE1;</comment></mime-type>
