<?xml version="1.0"?>
<mime-type xmlns="http://www.freedesktop.org/standards/shared-mime-info" type="message/partial"><!--Created automatically by update-mime-database. DO NOT EDIT!--><sub-class-of type="text/plain"/><comment>partial email message</comment><comment xml:lang="az">qismi po&#xE7;t ismar&#x131;&#x15F;&#x131;</comment><comment xml:lang="bg">&#x427;&#x430;&#x441;&#x442; &#x43E;&#x442; &#x435;&#x43B;&#x435;&#x43A;&#x442;&#x440;&#x43E;&#x43D;&#x43D;&#x43E; &#x43F;&#x438;&#x441;&#x43C;&#x43E;</comment><comment xml:lang="cs">&#x10C;&#xE1;ste&#x10D;n&#xE1; e-mailov&#xE1; zpr&#xE1;va</comment><comment xml:lang="cy">darn o neges e-bost</comment><comment xml:lang="de">E-Mail-Nachrichtenfragment</comment><comment xml:lang="el">&#x3C4;&#x3BC;&#x3B7;&#x3BC;&#x3B1;&#x3C4;&#x3B9;&#x3BA;&#x3CC; &#x3B7;&#x3BB;. &#x3BC;&#x3AE;&#x3BD;&#x3C5;&#x3BC;&#x3B1;</comment><comment xml:lang="eo">parta retpo&#x15D;ta mesa&#x11D;o</comment><comment xml:lang="es">mensaje de correo electr&#xF3;nico parcial</comment><comment xml:lang="eu">posta mezu partziala</comment><comment xml:lang="fi">osittainen s&#xE4;hk&#xF6;postiviesti</comment><comment xml:lang="fr">message partiel de courriel</comment><comment xml:lang="hu">r&#xE9;szleges elektronikus lev&#xE9;l</comment><comment xml:lang="ja">&#x90E8;&#x5206;&#x30E1;&#x30FC;&#x30EB;&#x30E1;&#x30C3;&#x30BB;&#x30FC;&#x30B8;</comment><comment xml:lang="ko">&#xBD80;&#xBD84;&#xC801;&#xC778; &#xC774;&#xBA54;&#xC77C; &#xBA54;&#xC138;&#xC9C0;</comment><comment xml:lang="ms">Bahagian mesej emel</comment><comment xml:lang="nb">del av e-postmelding</comment><comment xml:lang="nl">gedeeltelijk e-mail bericht</comment><comment xml:lang="nn">del av e-post-melding</comment><comment xml:lang="no">del av e-postmelding</comment><comment xml:lang="pl">cz&#x119;&#x15B;ciowa wiadomo&#x15B;&#x107; e-mail</comment><comment xml:lang="pt">mensagem parcial de e-mail</comment><comment xml:lang="pt_BR">Mensagem de e-mail parcial</comment><comment xml:lang="sq">mesazh i pjes&#xEB;sh&#xEB;m poste</comment><comment xml:lang="sr">&#x434;&#x435;&#x43B;&#x438;&#x43C;&#x438;&#x447;&#x43D;&#x430; &#x435;-&#x43F;&#x43E;&#x440;&#x443;&#x43A;&#x430;</comment><comment xml:lang="sv">del av e-postmeddelande</comment><comment xml:lang="uk">&#x447;&#x430;&#x441;&#x442;&#x43A;&#x43E;&#x432;&#x435; &#x43F;&#x43E;&#x448;&#x442;&#x43E;&#x432;&#x435; &#x43F;&#x43E;&#x432;&#x456;&#x434;&#x43E;&#x43C;&#x43B;&#x435;&#x43D;&#x43D;&#x44F;</comment><comment xml:lang="zh_CN">&#x90E8;&#x5206;&#x7535;&#x5B50;&#x90AE;&#x4EF6;</comment></mime-type>
