<?xml version="1.0"?>
<mime-type xmlns="http://www.freedesktop.org/standards/shared-mime-info" type="message/rfc822"><!--Created automatically by update-mime-database. DO NOT EDIT!--><sub-class-of type="text/plain"/><comment>email message</comment><comment xml:lang="bg">&#x421;&#x44A;&#x43E;&#x431;&#x449;&#x435;&#x43D;&#x438;&#x435; &#x43F;&#x43E; &#x435;&#x43B;&#x435;&#x43A;&#x442;&#x440;&#x43E;&#x43D;&#x43D;&#x430;&#x442;&#x430; &#x43F;&#x43E;&#x449;&#x430;</comment><comment xml:lang="cs">E-mailov&#xE1; zpr&#xE1;va</comment><comment xml:lang="de">E-Mail-Nachricht</comment><comment xml:lang="el">&#x3B7;&#x3BB;. &#x3BC;&#x3AE;&#x3BD;&#x3C5;&#x3BC;&#x3B1;</comment><comment xml:lang="eo">retpo&#x15D;ta mesa&#x11D;o</comment><comment xml:lang="es">mensaje de correo electr&#xF3;nico</comment><comment xml:lang="eu">helbide elektronikoen mezua</comment><comment xml:lang="fi">s&#xE4;hk&#xF6;postiviesti</comment><comment xml:lang="fr">message de courriel</comment><comment xml:lang="hu">elektronikus lev&#xE9;l</comment><comment xml:lang="it">messaggio di posta elettronica</comment><comment xml:lang="ja">&#x30E1;&#x30FC;&#x30EB;&#x672C;&#x6587;</comment><comment xml:lang="ko">&#xC804;&#xC790;&#xC6B0;&#xD3B8; &#xBCF8;&#xBB38;</comment><comment xml:lang="ms">Mesej emel</comment><comment xml:lang="nb">e-postmelding</comment><comment xml:lang="nl">e-mail bericht</comment><comment xml:lang="nn">e-postmelding</comment><comment xml:lang="no">e-postmelding</comment><comment xml:lang="pl">wiadomo&#x15B;&#x107; e-mail</comment><comment xml:lang="pt">mensagem de e-mail</comment><comment xml:lang="pt_BR">Mensagem de correio</comment><comment xml:lang="ru">&#x43F;&#x43E;&#x447;&#x442;&#x43E;&#x432;&#x43E;&#x435; &#x441;&#x43E;&#x43E;&#x431;&#x449;&#x435;&#x43D;&#x438;&#x435;</comment><comment xml:lang="sq">mesazh poste</comment><comment xml:lang="sr">&#x435;-&#x43F;&#x43E;&#x440;&#x443;&#x43A;&#x430;</comment><comment xml:lang="sv">e-postmeddelande</comment><comment xml:lang="uk">&#x43F;&#x43E;&#x432;&#x456;&#x434;&#x43E;&#x43C;&#x43B;&#x435;&#x43D;&#x43D;&#x44F; email</comment><comment xml:lang="zh_CN">&#x7535;&#x5B50;&#x90AE;&#x4EF6;</comment></mime-type>
