<?xml version="1.0"?>
<mime-type xmlns="http://www.freedesktop.org/standards/shared-mime-info" type="message/x-gnu-rmail"><!--Created automatically by update-mime-database. DO NOT EDIT!--><comment>GNU mail message</comment><comment xml:lang="az">GNU po&#xE7;t ismar&#x131;&#x15F;&#x131;</comment><comment xml:lang="bg">&#x421;&#x44A;&#x43E;&#x431;&#x449;&#x435;&#x43D;&#x438;&#x435;, &#x444;&#x43E;&#x440;&#x43C;&#x430;&#x442; GNU mail</comment><comment xml:lang="cs">E-mailov&#xE1; zpr&#xE1;va GNU</comment><comment xml:lang="cy">Neges E-Bost GNU</comment><comment xml:lang="de">GNU-Mail-Nachricht</comment><comment xml:lang="el">&#x3BC;&#x3AE;&#x3BD;&#x3C5;&#x3BC;&#x3B1; &#x3B1;&#x3BB;&#x3BB;&#x3B7;&#x3BB;&#x3BF;&#x3B3;&#x3C1;&#x3B1;&#x3C6;&#x3AF;&#x3B1;&#x3C2; GNU</comment><comment xml:lang="eo">mesa&#x11D;o de GNU mail</comment><comment xml:lang="es">Mensaje de GNU mail</comment><comment xml:lang="eu">GNU posta mezua</comment><comment xml:lang="fi">GNU-postiviesti</comment><comment xml:lang="fr">message de courriel GNU</comment><comment xml:lang="hu">GNU elektronikus lev&#xE9;l</comment><comment xml:lang="it">Messaggio di posta GNU</comment><comment xml:lang="ja">GNU &#x30E1;&#x30FC;&#x30EB;&#x30E1;&#x30C3;&#x30BB;&#x30FC;&#x30B8;</comment><comment xml:lang="ko">GNU &#xBA54;&#xC77C; &#xBA54;&#xC138;&#xC9C0;</comment><comment xml:lang="ms">Mesej emel GNU</comment><comment xml:lang="nb">GNU e-postmelding</comment><comment xml:lang="nl">GNU mail-bericht</comment><comment xml:lang="nn">GNU e-postmelding</comment><comment xml:lang="no">GNU e-postmelding</comment><comment xml:lang="pl">Wiadomo&#x15B;&#x107; pocztowa GNU</comment><comment xml:lang="pt">mensagem de e-mail GNU</comment><comment xml:lang="pt_BR">Mensagem de correio GNU</comment><comment xml:lang="sq">Mesazh poste GNU</comment><comment xml:lang="sr">&#x413;&#x41D;&#x423; &#x435;-&#x43F;&#x438;&#x441;&#x43C;&#x43E;</comment><comment xml:lang="sv">GNU-epostmeddelande</comment><comment xml:lang="uk">&#x41F;&#x43E;&#x448;&#x442;&#x43E;&#x432;&#x435; &#x43F;&#x43E;&#x432;&#x456;&#x434;&#x43E;&#x43C;&#x43B;&#x435;&#x43D;&#x43D;&#x44F; GNU</comment><comment xml:lang="zh_CN">GNU mail &#x4FE1;&#x4EF6;</comment></mime-type>
