<?xml version="1.0"?>
<gconf>
        <entry name="folder_paths" mtime="1149176280" type="schema" stype="list" owner="evolution" list_type="string">
                <local_schema locale="pt" short_desc="Lista de caminhos para as pastas a serem sincronizadas para o disco para serem acedidas em modo desligado">
                </local_schema>
                <local_schema locale="hi" short_desc="फोल्डर के लिये पथ की सूची ऑफलाइन प्रयोग के लिये डिस्क में तुल्यकालिक होने वाली">
                </local_schema>
                <local_schema locale="zh_HK" short_desc="要同步至磁碟的資料夾，其路徑清單 (供離線使用)">
                </local_schema>
                <local_schema locale="uk" short_desc="Перелік шляхів для тек, які будуть синхронізуватись на диск для автономного використання">
                </local_schema>
                <local_schema locale="en_CA" short_desc="List of paths for the folders to be synchronized to disk for offline usage">
                </local_schema>
                <local_schema locale="ne" short_desc="फोल्डरहरूको लागि बाटोहरूको सूची डिस्कमा अफलाइन प्रयोगकालागि समक्रमित गर्नु पर्दछर ो">
                </local_schema>
                <local_schema locale="bg" short_desc="Списък с пътища към папките, които трябва да бъдат синхронизирани с цел използване в режим „Изключен“">
                </local_schema>
                <local_schema locale="zh_CN" short_desc="列出脱机使用时要同步到磁盘的文件夹路径">
                </local_schema>
                <local_schema locale="be" short_desc="Сьпіс шляхоў для тэчак, якія будуць сынхранізавацца на дыск для працы ў адлучаным рэжыме">
                </local_schema>
                <local_schema locale="ta" short_desc="இணையத்தில் இல்லாமல் வேலை செய்ய ஒத்திசைக்க வேண்டிய பாதைகளின் பட்டியல்">
                </local_schema>
                <local_schema locale="C" short_desc="List of paths for the folders to be synchronized to disk for offline usage">
                        <default type="list" ltype="string">
                        </default>
                </local_schema>
                <local_schema locale="nb" short_desc="Liste over stier for mapper som skal bli synkronisert til disk for frakoblet bruk">
                </local_schema>
                <local_schema locale="pt_BR" short_desc="Lista de caminhos para as pastas a serem sincronizadas com o disco para uso desconectado">
                </local_schema>
                <local_schema locale="eu" short_desc="Lineaz kanpo erabiltzeko, diskora sinkronizatzeko karpeten bideen zerrenda">
                </local_schema>
                <local_schema locale="pl" short_desc="Lista ścieżek do folderów synchronizowanych na dysk, dla użytku bez podłączenia do sieci">
                </local_schema>
                <local_schema locale="et" short_desc="Autonoomses režiimis kettale sünkroniseeritavate kaustade radade loend">
                </local_schema>
                <local_schema locale="es" short_desc="Lista de rutas a las carpetas que se sincronizarán al disco para usar desconectado">
                </local_schema>
                <local_schema locale="vi" short_desc="Danh sách đường dẫn cho những thư mục sẽ được đồng bộ với đĩa để sử dụng ngoại tuyến.">
                </local_schema>
                <local_schema locale="ru" short_desc="Список путей для папок, которые будут синхронизироваться на диск для автономной работы">
                </local_schema>
                <local_schema locale="id" short_desc="Daftar path folder yang akan disinkronkan ke disk untuk keperluan offline">
                </local_schema>
                <local_schema locale="ko" short_desc="오프라인에서 사용할 때 동기화할 폴더의 경로 목록">
                </local_schema>
                <local_schema locale="lt" short_desc="Aplankų, kurie turi būti sinchronizuoti su disku, naudojimui atsijungus, kelių sąrašas">
                </local_schema>
                <local_schema locale="ca" short_desc="Llista de camins de les carpetes a sincronitzar al disc per a la utilització desconnectada.">
                </local_schema>
                <local_schema locale="sv" short_desc="Lista med sökvägar till de mappar som ska synkroniseras till disk vid frånkopplad användning">
                </local_schema>
                <local_schema locale="el" short_desc="Λίστα από διαδρομές για τους φακέλους που θα συγχρονίζονται στο δίσκο για εργασία χωρίς σύνδεση">
                </local_schema>
                <local_schema locale="fr" short_desc="Liste des chemins des dossiers à synchroniser sur le disque pour l&apos;utilisation hors-ligne">
                </local_schema>
                <local_schema locale="ro" short_desc="Listă de căi de dosare sincronizate cu discul pentru folosire deconectată">
                </local_schema>
                <local_schema locale="de" short_desc="Liste der Pfade für Ordner, die für eine Offline-Benutzung auf der Platte synchronisiert werden sollen">
                </local_schema>
                <local_schema locale="sr@Latn" short_desc="Lista putanja fascikli za usklađivanje na disku za rad van mreže">
                </local_schema>
                <local_schema locale="pa" short_desc="ਫੋਲਡਰ, ਜੋ ਕਿ ਆਫਲ਼ਾਇਨ ਲਈ ਸਮਕਾਲੀ ਕਰਨੇ ਹਨ, ਦੇ ਰਸਤੇ ਦੀ ਸੂਚੀ">
                </local_schema>
                <local_schema locale="gu" short_desc="ફોલ્ડરો માટે યાદીના પથો કે જે ઓફલાઈન વપરાશ માટે ડિસ્ક સાથે સુમેળ કરવાના છે">
                </local_schema>
                <local_schema locale="sr" short_desc="Листа путања фасцикли за усклађивање на диску за рад ван мреже">
                </local_schema>
                <local_schema locale="ja" short_desc="オフライン時にローカル・ディスクと同期するフォルダへのパスのリスト">
                </local_schema>
                <local_schema locale="sq" short_desc="Lista e pozicioneve të kartelave për t&apos;u sinkronizuar në disk për përdorim jashtë linje">
                </local_schema>
                <local_schema locale="da" short_desc="Liste over stier for mapper der skal synkroniseres til disken for afkoblet brug">
                </local_schema>
                <local_schema locale="xh" short_desc="Uluhlu lweendlela zokungenisa iziqulathi zeefayili ngaxeshanye kwidiski ukuze zisetyenziswe kungekho intanethi">
                </local_schema>
                <local_schema locale="zh_TW" short_desc="要同步至磁碟的資料夾，其路徑清單 (供離線使用)">
                </local_schema>
                <local_schema locale="fi" short_desc="Lista poluista kansioihin, jotka synkronisoidaan kovalevylle yhteydettömään käyttöön">
                </local_schema>
                <local_schema locale="hu" short_desc="A kapcsolat nélküli használatra szinkronizálandó mappák elérési útjainak listája">
                </local_schema>
                <local_schema locale="tr" short_desc="Çevirim dışı kullanım için disk ile eşzamanlandırılacak klasörlerin yollarının listesi">
                </local_schema>
                <local_schema locale="en_GB" short_desc="List of paths for the folders to be synchronised to disk for offline usage">
                </local_schema>
                <local_schema locale="cy" short_desc="Rhestr o lwybrau&apos;r plygellau i&apos;w cysoni at ddisg er mwyn eu defnyddio all-lein">
                </local_schema>
                <local_schema locale="gl" short_desc="Lista de rutas aos cartafoles que se sincronizarán ao disco para usar desconectado">
                </local_schema>
                <local_schema locale="hr" short_desc="Popis putanja za mape koje se sinhroniziraju s diskom za neumreženu uporabu">
                </local_schema>
                <local_schema locale="mk" short_desc="Листа на патеки за папките кои ќе бидат синхронизирани на дискот за офлајн користење">
                </local_schema>
                <local_schema locale="no" short_desc="Liste over stier for mapper som skal bli synkronisert til disk for frakoblet bruk">
                </local_schema>
                <local_schema locale="nn" short_desc="Liste over stiar til mapper som skal synkroniserast til disk for fråkopla bruk">
                </local_schema>
                <local_schema locale="it" short_desc="Elenco dei percorsi delle cartelle da sincronizzare su disco per l’uso non in linea">
                </local_schema>
                <local_schema locale="bn" short_desc="অফলাইন ব্যবহারের জন্য ডিস্কের সাথে যে ফোল্ডারগুলির সামঞ্জস্য করা হবে, তার তালিকা">
                </local_schema>
                <local_schema locale="fa" short_desc="فهرست مسیرهای پوشه‌هایی که برای استفاده‌ی برون‌خط همگام‌سازی شوند">
                </local_schema>
                <local_schema locale="nl" short_desc="Lijst met paden voor de mappen die gesynchroniseerd dienen te worden voor offline gebruik">
                </local_schema>
                <local_schema locale="dz" short_desc="ཨོཕ་ལ་ཡིན་ ལག་ལེན་གྱི་ ཌིཀསི་ལུ་ མཉམ་འབྱུང་འབད་ནིའི་ སྣོད་འཛིན་གྱི་དོན་ལུ་ འགྲུལ་ལམ་གྱི་ཐོ་ཡིག">
                </local_schema>
                <local_schema locale="cs" short_desc="Seznam cest ke složkám, které synchronizovat na disk pro použití v režimu odpojení">
                </local_schema>
        </entry>
</gconf>
