<?xml version="1.0" encoding="UTF-8"?>
<error-list domain="org.gnome.evolution.mail_shared_folder">

<error id="invalid-user" type="error">
<_primary>Invalid user</_primary>
<_secondary>
You cannot share folder with specified user &quot;{0}&quot; 
</_secondary>
</error>

<error id="no-user" type="error">
<_primary>Specify User</_primary>
<_secondary>
	You have to specify a user name whom you want to add to the list 
</_secondary>
</error>

<error id="recurrence-accept" type="question" default="GTK_RESPONSE_YES">
<_primary>This is a recurring meeting</_primary>
<_secondary>Would you like to accept it?</_secondary>
 <button stock="gtk-cancel" response="GTK_RESPONSE_CANCEL"/>
 <button label="This instance" response="GTK_RESPONSE_NO"/>
 <button label="All instances" response="GTK_RESPONSE_YES"/>
</error>

<error id="recurrence-decline" type="question" default="GTK_RESPONSE_YES">
<_primary>This is a recurring meeting</_primary>
<_secondary>Would you like to decline it?</_secondary>
 <button stock="gtk-cancel" response="GTK_RESPONSE_CANCEL"/>
 <button label="This instance" response="GTK_RESPONSE_NO"/>
 <button label="All instances" response="GTK_RESPONSE_YES"/>
</error>

</error-list>

