<?xml version="1.0"?>
<mime-type xmlns="http://www.freedesktop.org/standards/shared-mime-info" type="image/bmp"><!--Created automatically by update-mime-database. DO NOT EDIT!--><comment>Windows BMP image</comment><comment xml:lang="az">Windows BMP r&#x259;smi</comment><comment xml:lang="bg">&#x418;&#x437;&#x43E;&#x431;&#x440;&#x430;&#x436;&#x435;&#x43D;&#x438;&#x435;, &#x444;&#x43E;&#x440;&#x43C;&#x430;&#x442; Windows BMP</comment><comment xml:lang="cs">Obr&#xE1;zek Windows BMP</comment><comment xml:lang="cy">Delwedd BMP Windows</comment><comment xml:lang="de">Windows-BMP-Bild</comment><comment xml:lang="el">&#x3B5;&#x3B9;&#x3BA;&#x3CC;&#x3BD;&#x3B1; Microsoft Windows BMP</comment><comment xml:lang="eo">BMP-bildo de Windows</comment><comment xml:lang="es">Imagen BMP de Windows</comment><comment xml:lang="eu">Windows BMP irudia</comment><comment xml:lang="fi">Windows BMP -kuva</comment><comment xml:lang="fr">image Windows BMP</comment><comment xml:lang="hu">Windows BMP-k&#xE9;p</comment><comment xml:lang="it">Immagine BMP Windows</comment><comment xml:lang="ja">Windows BMP &#x753B;&#x50CF;</comment><comment xml:lang="ko">&#xC708;&#xB3C4;&#xC6B0;&#xC988; BMP &#xADF8;&#xB9BC;</comment><comment xml:lang="ms">Imej BMP Windows</comment><comment xml:lang="nb">Windows BMP-bilde</comment><comment xml:lang="nl">Windows BMP-afbeelding</comment><comment xml:lang="nn">Windows BMP-bilete</comment><comment xml:lang="no">Windows BMP-bilde</comment><comment xml:lang="pl">Obraz BMP Windows</comment><comment xml:lang="pt">imagem BMP Windows</comment><comment xml:lang="pt_BR">Imagem BMP do Windows</comment><comment xml:lang="sq">Figur&#xEB; Windows BMP</comment><comment xml:lang="sr">Windows BMP &#x441;&#x43B;&#x438;&#x43A;&#x430;</comment><comment xml:lang="sv">Windows BMP-bild</comment><comment xml:lang="uk">&#x417;&#x43E;&#x431;&#x440;&#x430;&#x436;&#x435;&#x43D;&#x43D;&#x44F; Windows BMP</comment><comment xml:lang="zh_CN">Windows BMP &#x56FE;&#x50CF;</comment></mime-type>
