<?xml version="1.0"?>
<mime-type xmlns="http://www.freedesktop.org/standards/shared-mime-info" type="image/cgm"><!--Created automatically by update-mime-database. DO NOT EDIT!--><comment>Computer Graphics Metafile</comment><comment xml:lang="az">Komp&#xFC;ter Qrafikas&#x131; Meta Fayl&#x131;</comment><comment xml:lang="bg">&#x41C;&#x435;&#x442;&#x430;&#x444;&#x430;&#x439;&#x43B;, &#x444;&#x43E;&#x440;&#x43C;&#x430;&#x442; Computer&#xB7;Graphics</comment><comment xml:lang="cs">Computer Graphics Metafile</comment><comment xml:lang="cy">Delwedd ffurf CGM</comment><comment xml:lang="de">CGM-Datei</comment><comment xml:lang="el">&#x3B1;&#x3C1;&#x3C7;&#x3B5;&#x3AF;&#x3BF; Computer Graphics Metafile</comment><comment xml:lang="es">Metafichero de Computer Graphics</comment><comment xml:lang="eu">Ordenagailuko grafikoen meta-fitxategia</comment><comment xml:lang="fi">Computer Graphics -metatiedosto</comment><comment xml:lang="fr">m&#xE9;tafichier Computer Graphics</comment><comment xml:lang="hu">Computer Graphics-metaf&#xE1;jl</comment><comment xml:lang="ja">&#x30B3;&#x30F3;&#x30D4;&#x30E5;&#x30FC;&#x30BF;&#x30B0;&#x30E9;&#x30D5;&#x30A3;&#x30C3;&#x30AF;&#x30E1;&#x30BF;&#x30D5;&#x30A1;&#x30A4;&#x30EB;</comment><comment xml:lang="ko">&#xCEF4;&#xD4E8;&#xD130; &#xADF8;&#xB798;&#xD53D;&#xC2A4; &#xBA54;&#xD0C0;&#xD30C;&#xC77C;</comment><comment xml:lang="ms">Failmeta Grafik Komputer</comment><comment xml:lang="nb">Computer Graphics Metafile</comment><comment xml:lang="nl">Computer Graphics Metabestand</comment><comment xml:lang="nn">Computer Graphics Metafile</comment><comment xml:lang="no">Computer Graphics Metafile</comment><comment xml:lang="pl">Metaplik grafiki komputerowej (CGM)</comment><comment xml:lang="pt">Computer Graphics Metafile</comment><comment xml:lang="pt_BR">Meta-arquivo do Computer Graphics</comment><comment xml:lang="sq">Metafile Computer Graphics</comment><comment xml:lang="sr">&#x41C;&#x435;&#x442;&#x430;&#x434;&#x430;&#x442;&#x43E;&#x442;&#x435;&#x43A;&#x430; &#x441;&#x430; &#x440;&#x430;&#x447;&#x443;&#x43D;&#x430;&#x440;&#x441;&#x43A;&#x43E;&#x43C; &#x433;&#x440;&#x430;&#x444;&#x438;&#x43A;&#x43E;&#x43C; (CGM)</comment><comment xml:lang="sv">Computer Graphics Metafil</comment><comment xml:lang="uk">&#x41C;&#x435;&#x442;&#x430;&#x444;&#x430;&#x439;&#x43B; &#x43A;&#x43E;&#x43C;&#x43F;'&#x44E;&#x442;&#x435;&#x440;&#x43D;&#x43E;&#x457; &#x433;&#x440;&#x430;&#x444;&#x456;&#x43A;&#x438;</comment><comment xml:lang="zh_CN">CGM &#x8BA1;&#x7B97;&#x673A;&#x56FE;&#x50CF;&#x5143;&#x6587;&#x4EF6;</comment></mime-type>
