<?xml version="1.0"?>
<mime-type xmlns="http://www.freedesktop.org/standards/shared-mime-info" type="image/dpx"><!--Created automatically by update-mime-database. DO NOT EDIT!--><comment>Digital Moving Picture Exchange image</comment><comment xml:lang="az">Digital Moving Picture Exchange r&#x259;smi</comment><comment xml:lang="bg">&#x418;&#x437;&#x43E;&#x431;&#x440;&#x430;&#x436;&#x435;&#x43D;&#x438;&#x435;, &#x444;&#x43E;&#x440;&#x43C;&#x430;&#x442; Digital Moving Picture Exchange</comment><comment xml:lang="cs">Obr&#xE1;zek Digital Moving Picture Exchange</comment><comment xml:lang="cy">Delwedd Digital Moving Picture Exchange</comment><comment xml:lang="de">DPX-Bild</comment><comment xml:lang="el">&#x3B5;&#x3B9;&#x3BA;&#x3CC;&#x3BD;&#x3B1; &#x3A8;&#x3B7;&#x3C6;&#x3B9;&#x3B1;&#x3BA;&#x3AE;&#x3C2; &#x391;&#x3BD;&#x3C4;&#x3B1;&#x3BB;&#x3BB;&#x3B1;&#x3B3;&#x3AE;&#x3C2; &#x39A;&#x3B9;&#x3BD;&#x3BF;&#x3CD;&#x3BC;&#x3B5;&#x3BD;&#x3B7;&#x3C2; &#x395;&#x3B9;&#x3BA;&#x3CC;&#x3BD;&#x3B1;&#x3C2;</comment><comment xml:lang="eo">bildo de Digital Moving Picture Exchange</comment><comment xml:lang="es">Imagen Digital&#xA0;Moving&#xA0;Picture&#xA0;Exchange</comment><comment xml:lang="eu">'Digital Moving Picture Exchange'-n irudia</comment><comment xml:lang="fi">Digital Moving Picture Exchange -kuva</comment><comment xml:lang="fr">image &#xAB; Digital Moving Picture Exchange &#xBB;</comment><comment xml:lang="hu">Digital Moving Picture Exchange-k&#xE9;p</comment><comment xml:lang="it">Immagine Digital Moving Picture Exchange</comment><comment xml:lang="ja">&#x30C7;&#x30B8;&#x30BF;&#x30EB;&#x30A4;&#x52D5;&#x753B;&#x4EA4;&#x63DB;&#x753B;&#x50CF;</comment><comment xml:lang="ko">Digital Moving Picture Exchange &#xADF8;&#xB9BC;</comment><comment xml:lang="ms">Imej Penukaran Gambar Bergerak Digital</comment><comment xml:lang="nb">Digital Moving Pitcure Exchange bilde</comment><comment xml:lang="nl">Digital Moving Picture Exchange-afbeelding</comment><comment xml:lang="nn">Digital Moving Picture Exchange-bilete</comment><comment xml:lang="no">Digital Moving Pitcure Exchange bilde</comment><comment xml:lang="pl">Obraz Digital Moving Picture Exchange</comment><comment xml:lang="pt">imagem do tipo Troca de Imagem de Movimento Digital</comment><comment xml:lang="pt_BR">Imagem do Digital Moving Picture Exchange</comment><comment xml:lang="sq">Figur&#xEB; Digital Moving Picture Exchange</comment><comment xml:lang="sr">&#x414;&#x438;&#x433;&#x438;&#x442;&#x430;&#x43B;&#x43D;&#x438; &#x43E;&#x431;&#x43B;&#x438;&#x43A; &#x437;&#x430; &#x440;&#x430;&#x437;&#x43C;&#x435;&#x43D;&#x443; &#x43F;&#x43E;&#x43A;&#x440;&#x435;&#x442;&#x43D;&#x438;&#x445; &#x441;&#x43B;&#x438;&#x43A;&#x430;</comment><comment xml:lang="sv">DPX-bild (Digital Moving Picture Exchange)</comment><comment xml:lang="uk">&#x417;&#x43E;&#x431;&#x440;&#x430;&#x436;&#x435;&#x43D;&#x43D;&#x44F; &#x43E;&#x431;&#x43C;&#x456;&#x43D;&#x443; &#x446;&#x438;&#x444;&#x440;&#x43E;&#x432;&#x438;&#x43C;&#x438; &#x444;&#x456;&#x43B;&#x44C;&#x43C;&#x430;&#x43C;&#x438;</comment></mime-type>
