<?xml version="1.0"?>
<mime-type xmlns="http://www.freedesktop.org/standards/shared-mime-info" type="image/fax-g3"><!--Created automatically by update-mime-database. DO NOT EDIT!--><comment>CCITT G3 fax</comment><comment xml:lang="bg">&#x424;&#x430;&#x43A;&#x441;, &#x444;&#x43E;&#x440;&#x43C;&#x430;&#x442; CCITT&#xB7;G3</comment><comment xml:lang="cs">Fax CCITT G3</comment><comment xml:lang="de">CCITT-G3-Fax</comment><comment xml:lang="el">&#x3C6;&#x3B1;&#x3BE; &#x3C3;&#x3B5; &#x3BC;&#x3BF;&#x3C1;&#x3C6;&#x3AE; CCITT G3</comment><comment xml:lang="eo">G3-fakso de CCITT</comment><comment xml:lang="es">Fax de CCITT G3</comment><comment xml:lang="eu">CCITT G3 faxa</comment><comment xml:lang="fi">CCITT G3 -faksi</comment><comment xml:lang="fr">t&#xE9;l&#xE9;copie G3 CCITT</comment><comment xml:lang="hu">CCITT G3-fax</comment><comment xml:lang="it">Fax CCITT G3</comment><comment xml:lang="ja">CCITT G3 FAX</comment><comment xml:lang="ko">CCITT G3 &#xD329;&#xC2A4;</comment><comment xml:lang="ms">Faks g3 CCITT</comment><comment xml:lang="nb">CCITT G3-faks</comment><comment xml:lang="nl">CCITT G3-fax</comment><comment xml:lang="nn">CCITT G3-fax</comment><comment xml:lang="no">CCITT G3-faks</comment><comment xml:lang="pl">Faks CCITT G3</comment><comment xml:lang="pt">fax CCITT G3</comment><comment xml:lang="pt_BR">Fax do CCITT G3</comment><comment xml:lang="sq">Fax CCITT G3</comment><comment xml:lang="sr">CCITT g3 &#x444;&#x430;&#x43A;&#x441;</comment><comment xml:lang="sv">CCITT G3-fax</comment><comment xml:lang="uk">&#x424;&#x430;&#x43A;&#x441; CCITT G3</comment><comment xml:lang="zh_CN">CCITT G3 &#x4F20;&#x771F;</comment></mime-type>
