<?xml version="1.0"?>
<mime-type xmlns="http://www.freedesktop.org/standards/shared-mime-info" type="image/g3fax"><!--Created automatically by update-mime-database. DO NOT EDIT!--><comment>G3 fax image</comment><comment xml:lang="az">G3 faks r&#x259;smi</comment><comment xml:lang="bg">&#x418;&#x437;&#x43E;&#x431;&#x440;&#x430;&#x436;&#x435;&#x43D;&#x438;&#x435;, &#x444;&#x43E;&#x440;&#x43C;&#x430;&#x442; &#x444;&#x430;&#x43A;&#x441; G3</comment><comment xml:lang="cs">Obr&#xE1;zek G3 fax</comment><comment xml:lang="cy">Delwedd Ffacs G3</comment><comment xml:lang="de">G3-Faxbild</comment><comment xml:lang="el">&#x3B5;&#x3B9;&#x3BA;&#x3CC;&#x3BD;&#x3B1; &#x3C6;&#x3B1;&#x3BE; G3</comment><comment xml:lang="eo">G3-faksbildo</comment><comment xml:lang="es">Imagen de fax G3</comment><comment xml:lang="eu">G3 fax-irudia</comment><comment xml:lang="fi">G3-faksikuva</comment><comment xml:lang="fr">image de t&#xE9;l&#xE9;copie G3</comment><comment xml:lang="hu">G3-faxk&#xE9;p</comment><comment xml:lang="it">Immagine Fax G3</comment><comment xml:lang="ja">G3 FAX &#x753B;&#x50CF;</comment><comment xml:lang="ko">G3 &#xD329;&#xC2A4; &#xADF8;&#xB9BC;</comment><comment xml:lang="ms">Imej fax G3</comment><comment xml:lang="nb">G3-faksbilde</comment><comment xml:lang="nl">G3 faxafbeelding</comment><comment xml:lang="nn">G3 faksbilete</comment><comment xml:lang="no">G3-faksbilde</comment><comment xml:lang="pl">Obraz faksowy G3</comment><comment xml:lang="pt">imagem de fax G3</comment><comment xml:lang="pt_BR">Imagem de fax G3</comment><comment xml:lang="sq">Figur&#xEB; Fax G3</comment><comment xml:lang="sr">G3 &#x444;&#x430;&#x43A;&#x441; &#x441;&#x43B;&#x438;&#x43A;&#x430;</comment><comment xml:lang="sv">G3-faxbild</comment><comment xml:lang="uk">&#x424;&#x430;&#x43A;&#x441; G3</comment><comment xml:lang="zh_CN">G3 &#x4F20;&#x771F;&#x6587;&#x6863;</comment></mime-type>
