<?xml version="1.0"?>
<mime-type xmlns="http://www.freedesktop.org/standards/shared-mime-info" type="image/gif"><!--Created automatically by update-mime-database. DO NOT EDIT!--><comment>GIF image</comment><comment xml:lang="az">GIF r&#x259;smi</comment><comment xml:lang="bg">&#x418;&#x437;&#x43E;&#x431;&#x440;&#x430;&#x436;&#x435;&#x43D;&#x438;&#x435;, &#x444;&#x43E;&#x440;&#x43C;&#x430;&#x442; GIF</comment><comment xml:lang="cs">Obr&#xE1;zek GIF</comment><comment xml:lang="cy">Delwedd GIF</comment><comment xml:lang="de">GIF-Bild</comment><comment xml:lang="el">&#x3B5;&#x3B9;&#x3BA;&#x3CC;&#x3BD;&#x3B1; GIF</comment><comment xml:lang="eo">GIF-bildo</comment><comment xml:lang="es">Imagen GIF</comment><comment xml:lang="eu">GIF irudia</comment><comment xml:lang="fi">GIF-kuva</comment><comment xml:lang="fr">image GIF</comment><comment xml:lang="hu">GIF-k&#xE9;p</comment><comment xml:lang="it">Immagine GIF</comment><comment xml:lang="ja">GIF &#x753B;&#x50CF;</comment><comment xml:lang="ko">GIF &#xADF8;&#xB9BC;</comment><comment xml:lang="ms">Imej GIF</comment><comment xml:lang="nb">GIF-bilde</comment><comment xml:lang="nl">GIF-afbeelding</comment><comment xml:lang="nn">GIF-bilete</comment><comment xml:lang="no">GIF-bilde</comment><comment xml:lang="pl">Obraz GIF</comment><comment xml:lang="pt">imagem GIF</comment><comment xml:lang="pt_BR">Imagem GIF</comment><comment xml:lang="ru">&#x438;&#x437;&#x43E;&#x431;&#x440;&#x430;&#x436;&#x435;&#x43D;&#x438;&#x435; GIF</comment><comment xml:lang="sq">Figur&#xEB; GIF</comment><comment xml:lang="sr">GIF &#x441;&#x43B;&#x438;&#x43A;&#x430;</comment><comment xml:lang="sv">GIF-bild</comment><comment xml:lang="uk">&#x417;&#x43E;&#x431;&#x440;&#x430;&#x436;&#x435;&#x43D;&#x43D;&#x44F; GIF</comment><comment xml:lang="zh_CN">GIF &#x56FE;&#x50CF;</comment></mime-type>
