<?xml version="1.0"?>
<mime-type xmlns="http://www.freedesktop.org/standards/shared-mime-info" type="image/ief"><!--Created automatically by update-mime-database. DO NOT EDIT!--><comment>IEF image</comment><comment xml:lang="az">IEF r&#x259;smi</comment><comment xml:lang="bg">&#x418;&#x437;&#x43E;&#x431;&#x440;&#x430;&#x436;&#x435;&#x43D;&#x438;&#x435;, &#x444;&#x43E;&#x440;&#x43C;&#x430;&#x442; IEF</comment><comment xml:lang="cs">Obr&#xE1;zek IEF</comment><comment xml:lang="cy">Delwedd IEF</comment><comment xml:lang="de">IEF-Bild</comment><comment xml:lang="el">&#x3B5;&#x3B9;&#x3BA;&#x3CC;&#x3BD;&#x3B1; IEF</comment><comment xml:lang="eo">IEF-bildo</comment><comment xml:lang="es">Imagen IEF</comment><comment xml:lang="eu">IEF irudia</comment><comment xml:lang="fi">IEF-kuva</comment><comment xml:lang="fr">image IEF</comment><comment xml:lang="hu">IEF-k&#xE9;p</comment><comment xml:lang="it">Immagine IEF</comment><comment xml:lang="ja">IEF &#x753B;&#x50CF;</comment><comment xml:lang="ko">IEF &#xADF8;&#xB9BC;</comment><comment xml:lang="ms">Imej IEF</comment><comment xml:lang="nb">IEF-bilde</comment><comment xml:lang="nl">IEF-afbeelding</comment><comment xml:lang="nn">IEF-bilete</comment><comment xml:lang="no">IEF-bilde</comment><comment xml:lang="pl">Obraz IEF</comment><comment xml:lang="pt">imagem IEF</comment><comment xml:lang="pt_BR">Imagem IEF</comment><comment xml:lang="sq">Figur&#xEB; IEF</comment><comment xml:lang="sr">IEF &#x441;&#x43B;&#x438;&#x43A;&#x430;</comment><comment xml:lang="sv">IEF-bild</comment><comment xml:lang="uk">&#x417;&#x43E;&#x431;&#x440;&#x430;&#x436;&#x435;&#x43D;&#x43D;&#x44F; IEF</comment><comment xml:lang="zh_CN">IEF &#x56FE;&#x50CF;</comment></mime-type>
