<?xml version="1.0"?>
<mime-type xmlns="http://www.freedesktop.org/standards/shared-mime-info" type="image/jpeg2000"><!--Created automatically by update-mime-database. DO NOT EDIT!--><comment>JPEG-2000 image</comment><comment xml:lang="bg">&#x418;&#x437;&#x43E;&#x431;&#x440;&#x430;&#x436;&#x435;&#x43D;&#x438;&#x435;, &#x444;&#x43E;&#x440;&#x43C;&#x430;&#x442; JPEG-2000</comment><comment xml:lang="cs">Obr&#xE1;zek JPEG-2000</comment><comment xml:lang="de">JPEG-2000-Bild</comment><comment xml:lang="el">&#x3B5;&#x3B9;&#x3BA;&#x3CC;&#x3BD;&#x3B1; JPEG-2000</comment><comment xml:lang="eo">JPEG-2000-bildo</comment><comment xml:lang="es">Imagen JPEG-2000</comment><comment xml:lang="eu">JPEG-2000 irudia</comment><comment xml:lang="fi">JPEG-2000-kuva</comment><comment xml:lang="fr">image JPEG-2000</comment><comment xml:lang="hu">JPEG-2000 k&#xE9;p</comment><comment xml:lang="it">Immagine JPEG-2000</comment><comment xml:lang="ja">JPEG-2000 &#x753B;&#x50CF;</comment><comment xml:lang="ko">JPEG-2000 &#xADF8;&#xB9BC;</comment><comment xml:lang="ms">Imej JPEG-2000</comment><comment xml:lang="nb">JPEG-2000-bilde</comment><comment xml:lang="nl">JPEG-2000-afbeelding</comment><comment xml:lang="nn">JPEG-2000-bilete</comment><comment xml:lang="pl">Obraz JPEG-2000</comment><comment xml:lang="pt">imagem JPEG-2000</comment><comment xml:lang="pt_BR">Imagem JPEG-2000</comment><comment xml:lang="ru">&#x438;&#x437;&#x43E;&#x431;&#x440;&#x430;&#x436;&#x435;&#x43D;&#x438;&#x435; JPEG-2000</comment><comment xml:lang="sq">Figur&#xEB; JPEG-2000</comment><comment xml:lang="sr">JPEG-2000 &#x441;&#x43B;&#x438;&#x43A;&#x430;</comment><comment xml:lang="sv">JPEG-2000-bild</comment><comment xml:lang="uk">&#x417;&#x43E;&#x431;&#x440;&#x430;&#x436;&#x435;&#x43D;&#x43D;&#x44F; JPEG-2000</comment><comment xml:lang="zh_CN">JPEG-2000 &#x56FE;&#x50CF;</comment></mime-type>
