<?xml version="1.0"?>
<mime-type xmlns="http://www.freedesktop.org/standards/shared-mime-info" type="image/jpeg"><!--Created automatically by update-mime-database. DO NOT EDIT!--><comment>JPEG image</comment><comment xml:lang="az">JPEG r&#x259;smi</comment><comment xml:lang="bg">&#x418;&#x437;&#x43E;&#x431;&#x440;&#x430;&#x436;&#x435;&#x43D;&#x438;&#x435;, &#x444;&#x43E;&#x440;&#x43C;&#x430;&#x442; JPEG</comment><comment xml:lang="cs">Obr&#xE1;zek JPEG</comment><comment xml:lang="cy">Delwedd JPEG</comment><comment xml:lang="de">JPEG-Bild</comment><comment xml:lang="el">&#x3B5;&#x3B9;&#x3BA;&#x3CC;&#x3BD;&#x3B1; JPEG</comment><comment xml:lang="eo">JPEG-bildo</comment><comment xml:lang="es">Imagen JPEG</comment><comment xml:lang="eu">JPEG irudia</comment><comment xml:lang="fi">JPEG-kuva</comment><comment xml:lang="fr">image JPEG</comment><comment xml:lang="hu">JPEG-k&#xE9;p</comment><comment xml:lang="it">Immagine JPEG</comment><comment xml:lang="ja">JPEG &#x753B;&#x50CF; </comment><comment xml:lang="ko">JPEG &#xADF8;&#xB9BC;</comment><comment xml:lang="ms">Imej JPEG</comment><comment xml:lang="nb">JPEG-bilde</comment><comment xml:lang="nl">JPEG-afbeelding</comment><comment xml:lang="nn">JPEG-bilete</comment><comment xml:lang="no">JPEG-bilde</comment><comment xml:lang="pl">Obraz JPEG</comment><comment xml:lang="pt">imagem JPEG</comment><comment xml:lang="pt_BR">Imagem JPEG</comment><comment xml:lang="ru">&#x438;&#x437;&#x43E;&#x431;&#x440;&#x430;&#x436;&#x435;&#x43D;&#x438;&#x435; JPEG</comment><comment xml:lang="sq">Figur&#xEB; JPEG</comment><comment xml:lang="sr">JPEG &#x441;&#x43B;&#x438;&#x43A;&#x430;</comment><comment xml:lang="sv">JPEG-bild</comment><comment xml:lang="uk">&#x417;&#x43E;&#x431;&#x440;&#x430;&#x436;&#x435;&#x43D;&#x43D;&#x44F; JPEG</comment><comment xml:lang="zh_CN">JPEG &#x56FE;&#x50CF;</comment></mime-type>
