<?xml version="1.0"?>
<mime-type xmlns="http://www.freedesktop.org/standards/shared-mime-info" type="image/png"><!--Created automatically by update-mime-database. DO NOT EDIT!--><comment>PNG image</comment><comment xml:lang="az">PNG r&#x259;smi</comment><comment xml:lang="bg">&#x418;&#x437;&#x43E;&#x431;&#x440;&#x430;&#x436;&#x435;&#x43D;&#x438;&#x435;, &#x444;&#x43E;&#x440;&#x43C;&#x430;&#x442; PNG</comment><comment xml:lang="cs">Obr&#xE1;zek PNG</comment><comment xml:lang="cy">Delwedd PNG</comment><comment xml:lang="de">PNG-Bild</comment><comment xml:lang="el">&#x3B5;&#x3B9;&#x3BA;&#x3CC;&#x3BD;&#x3B1; PNG</comment><comment xml:lang="eo">PNG-bildo</comment><comment xml:lang="es">Imagen PNG</comment><comment xml:lang="eu">PNG irudia</comment><comment xml:lang="fi">PNG-kuva</comment><comment xml:lang="fr">image PNG</comment><comment xml:lang="hu">PNG-k&#xE9;p</comment><comment xml:lang="it">Immagine PNG</comment><comment xml:lang="ja">PNG &#x753B;&#x50CF;</comment><comment xml:lang="ko">PNG &#xADF8;&#xB9BC;</comment><comment xml:lang="ms">Imej PNG</comment><comment xml:lang="nb">PNG-bilde</comment><comment xml:lang="nl">PNG-afbeelding</comment><comment xml:lang="nn">PNG-bilete</comment><comment xml:lang="no">PNG-bilde</comment><comment xml:lang="pl">Obraz PNG</comment><comment xml:lang="pt">imagem PNG</comment><comment xml:lang="pt_BR">Imagem PNG</comment><comment xml:lang="sq">Figur&#xEB; PNG</comment><comment xml:lang="sr">PNG &#x441;&#x43B;&#x438;&#x43A;&#x430;</comment><comment xml:lang="sv">PNG-bild</comment><comment xml:lang="uk">&#x417;&#x43E;&#x431;&#x440;&#x430;&#x436;&#x435;&#x43D;&#x43D;&#x44F; PNG</comment><comment xml:lang="zh_CN">PNG &#x56FE;&#x50CF;</comment></mime-type>
