<?xml version="1.0"?>
<mime-type xmlns="http://www.freedesktop.org/standards/shared-mime-info" type="image/rle"><!--Created automatically by update-mime-database. DO NOT EDIT!--><comment>Run Length Encoded bitmap</comment><comment xml:lang="bg">&#x418;&#x437;&#x43E;&#x431;&#x440;&#x430;&#x436;&#x435;&#x43D;&#x438;&#x435;, &#x444;&#x43E;&#x440;&#x43C;&#x430;&#x442; RLE bitmap</comment><comment xml:lang="cs">Run Length Encoded bitmapa</comment><comment xml:lang="de">RLE-Bitmap</comment><comment xml:lang="el">&#x3B5;&#x3B9;&#x3BA;&#x3CC;&#x3BD;&#x3B1; Run Length Encoded (RLE)</comment><comment xml:lang="eo">RLE-kodigita rastrumo</comment><comment xml:lang="es">Mapa de bits con codificaci&#xF3;n del tama&#xF1;o durante la ejecuci&#xF3;n</comment><comment xml:lang="eu">'Run Lenght Encoded' bitmap-a</comment><comment xml:lang="fi">RLE-koodattu bittikartta</comment><comment xml:lang="fr">bitmap Run Length Encoded</comment><comment xml:lang="hu">Run Length Encoded-bitk&#xE9;p</comment><comment xml:lang="ja">&#x30E9;&#x30F3;&#x30EC;&#x30F3;&#x30B0;&#x30B9;&#x7B26;&#x53F7;&#x5316;&#x30D3;&#x30C3;&#x30C8;&#x30DE;&#x30C3;&#x30D7;</comment><comment xml:lang="ko">&#xC2E4;&#xD589; &#xAE38;&#xC774; &#xC778;&#xCF54;&#xB529;&#xB41C; &#xBE44;&#xD2B8;&#xB9F5;</comment><comment xml:lang="ms">Bitmap terenkod 'Run Lenght'</comment><comment xml:lang="nb">Run Length Encoded bitkart</comment><comment xml:lang="nl">RLE-gecodeerde bitmap</comment><comment xml:lang="nn">RLE-koda punktgrafikk</comment><comment xml:lang="pl">Bitmapa RLE</comment><comment xml:lang="pt">Bitmap Run Length Encoded</comment><comment xml:lang="pt_BR">Bitmap Run Length Encoded</comment><comment xml:lang="sq">Bitmap Run Length Encoded</comment><comment xml:lang="sr">&#x420;&#x41B;&#x415; &#x431;&#x438;&#x442;&#x43C;&#x430;&#x43F;&#x430;</comment><comment xml:lang="sv">K&#xF6;rl&#xE4;ngdskodad bitmapp</comment><comment xml:lang="uk">&#x440;&#x430;&#x441;&#x442;&#x440;&#x43E;&#x432;&#x435; &#x437;&#x43E;&#x431;&#x440;&#x430;&#x436;&#x435;&#x43D;&#x43D;&#x44F; &#x431;&#x456;&#x436;&#x443;&#x447;&#x43E;&#x457; &#x434;&#x43E;&#x432;&#x436;&#x438;&#x43D;&#x438;</comment><comment xml:lang="zh_CN">&#x7B49;&#x957F;&#x7F16;&#x7801;&#x4F4D;&#x56FE;</comment></mime-type>
