<?xml version="1.0"?>
<mime-type xmlns="http://www.freedesktop.org/standards/shared-mime-info" type="image/svg+xml"><!--Created automatically by update-mime-database. DO NOT EDIT!--><sub-class-of type="text/xml"/><comment>scalable SVG image</comment><comment xml:lang="bg">&#x418;&#x437;&#x43E;&#x431;&#x440;&#x430;&#x436;&#x435;&#x43D;&#x438;&#x435;, &#x444;&#x43E;&#x440;&#x43C;&#x430;&#x442; SVG</comment><comment xml:lang="cs">&#x160;k&#xE1;lovateln&#xFD; obr&#xE1;zek SVG</comment><comment xml:lang="de">skalierbares SVG-Bild</comment><comment xml:lang="el">&#x3B5;&#x3B9;&#x3BA;&#x3CC;&#x3BD;&#x3B1; SVG</comment><comment xml:lang="eo">skalebla SVG-bildo</comment><comment xml:lang="es">imagen escalable SVG</comment><comment xml:lang="eu">SVG irudi eskalakorra</comment><comment xml:lang="fi">skaalautuva SVG-kuva</comment><comment xml:lang="fr">image SVG &#xE0; &#xE9;chelle variable</comment><comment xml:lang="hu">sk&#xE1;l&#xE1;zhat&#xF3; SVG-k&#xE9;p</comment><comment xml:lang="ja">&#x30B9;&#x30B1;&#x30FC;&#x30E9;&#x30D6;&#x30EB; SVG &#x753B;&#x50CF;</comment><comment xml:lang="ko">&#xD655;&#xB300;&#xAC00;&#xB2A5;&#xD55C; SVG &#xADF8;&#xB9BC;</comment><comment xml:lang="ms">Imej SVG bolehskala</comment><comment xml:lang="nb">skalerbart SVG-bilde</comment><comment xml:lang="nl">schaalbare SVG-afbeelding</comment><comment xml:lang="nn">skalerbart SVG-bilete</comment><comment xml:lang="no">skalerbart SVG-bilde</comment><comment xml:lang="pl">skalowalny obraz SVG</comment><comment xml:lang="pt">imagem SVG escal&#xE1;vel</comment><comment xml:lang="pt_BR">Imagem escal&#xE1;vel SVG</comment><comment xml:lang="ru">&#x43C;&#x430;&#x441;&#x448;&#x442;&#x430;&#x431;&#x438;&#x440;&#x443;&#x435;&#x43C;&#x43E;&#x435; SVG &#x438;&#x437;&#x43E;&#x431;&#x440;&#x430;&#x436;&#x435;&#x43D;&#x438;&#x435; </comment><comment xml:lang="sq">Figur&#xEB; e shkall&#xEB;zueshme SVG</comment><comment xml:lang="sr">&#x441;&#x43A;&#x430;&#x43B;&#x430;&#x431;&#x438;&#x43B;&#x43D;&#x430; &#x421;&#x412;&#x413; &#x441;&#x43B;&#x438;&#x43A;&#x430;</comment><comment xml:lang="sv">skalbar SVG-bild</comment><comment xml:lang="uk">&#x43C;&#x430;&#x441;&#x448;&#x442;&#x430;&#x431;&#x43E;&#x432;&#x430;&#x43D;&#x435; &#x437;&#x43E;&#x431;&#x440;&#x430;&#x436;&#x435;&#x43D;&#x43D;&#x44F; SVG</comment><comment xml:lang="zh_CN">&#x53EF;&#x7F29;&#x653E; SVG &#x56FE;&#x50CF;</comment></mime-type>
