<?xml version="1.0"?>
<mime-type xmlns="http://www.freedesktop.org/standards/shared-mime-info" type="image/tiff"><!--Created automatically by update-mime-database. DO NOT EDIT!--><comment>TIFF image</comment><comment xml:lang="bg">&#x418;&#x437;&#x43E;&#x431;&#x440;&#x430;&#x436;&#x435;&#x43D;&#x438;&#x435;, &#x444;&#x43E;&#x440;&#x43C;&#x430;&#x442; TIFF</comment><comment xml:lang="cs">Obr&#xE1;zek TIFF</comment><comment xml:lang="de">TIFF-Bild</comment><comment xml:lang="el">&#x3B5;&#x3B9;&#x3BA;&#x3CC;&#x3BD;&#x3B1; TIFF</comment><comment xml:lang="eo">TIFF-bildo</comment><comment xml:lang="es">Imagen TIFF</comment><comment xml:lang="eu">TIFF irudia</comment><comment xml:lang="fi">TIFF-kuva</comment><comment xml:lang="fr">image TIFF</comment><comment xml:lang="hu">TIFF-k&#xE9;p</comment><comment xml:lang="it">Immagine TIFF</comment><comment xml:lang="ja">TIFF &#x753B;&#x50CF;</comment><comment xml:lang="ko">TIFF &#xADF8;&#xB9BC;</comment><comment xml:lang="ms">Imej TIFF</comment><comment xml:lang="nb">TIFF-bilde</comment><comment xml:lang="nl">TIFF-afbeelding</comment><comment xml:lang="nn">TIFF-bilete</comment><comment xml:lang="no">TIFF-bilde</comment><comment xml:lang="pl">Obraz TIFF</comment><comment xml:lang="pt">imagem TIFF</comment><comment xml:lang="pt_BR">Imagem TIFF</comment><comment xml:lang="sq">Figur&#xEB; TIFF</comment><comment xml:lang="sr">TIFF &#x441;&#x43B;&#x438;&#x43A;&#x430;</comment><comment xml:lang="sv">TIFF-bild</comment><comment xml:lang="uk">&#x417;&#x43E;&#x431;&#x440;&#x430;&#x436;&#x435;&#x43D;&#x43D;&#x44F; TIFF</comment><comment xml:lang="zh_CN">TIFF &#x56FE;&#x50CF;</comment></mime-type>
