<?xml version="1.0"?>
<mime-type xmlns="http://www.freedesktop.org/standards/shared-mime-info" type="image/vnd.djvu"><!--Created automatically by update-mime-database. DO NOT EDIT!--><comment>DjVu image</comment><comment xml:lang="bg">&#x418;&#x437;&#x43E;&#x431;&#x440;&#x430;&#x436;&#x435;&#x43D;&#x438;&#x435;, &#x444;&#x43E;&#x440;&#x43C;&#x430;&#x442; DjVu</comment><comment xml:lang="cs">Obr&#xE1;zek DjVu</comment><comment xml:lang="de">DjVu-Bild</comment><comment xml:lang="el">&#x3B5;&#x3B9;&#x3BA;&#x3CC;&#x3BD;&#x3B1; DjVu</comment><comment xml:lang="eo">DjVu-bildo</comment><comment xml:lang="es">Imagen DjVu</comment><comment xml:lang="eu">DjVU-ko irudia</comment><comment xml:lang="fi">DjVu-kuva</comment><comment xml:lang="fr">image DjVu</comment><comment xml:lang="hu">DjVu-k&#xE9;p</comment><comment xml:lang="it">Immagine DjVu</comment><comment xml:lang="ja">DjVu &#x753B;&#x50CF;</comment><comment xml:lang="ko">DjVu &#xADF8;&#xB9BC;</comment><comment xml:lang="ms">Imej DjVu</comment><comment xml:lang="nb">DjVu-bilde</comment><comment xml:lang="nl">DjVu-afbeelding</comment><comment xml:lang="nn">DjVu-bilete</comment><comment xml:lang="no">DjVu-bilde</comment><comment xml:lang="pl">Obraz DjVu</comment><comment xml:lang="pt">imagem DjVu</comment><comment xml:lang="pt_BR">Imagem DjVu</comment><comment xml:lang="sq">Figur&#xEB; DjVu</comment><comment xml:lang="sr">DjVu &#x441;&#x43B;&#x438;&#x43A;&#x430;</comment><comment xml:lang="sv">DjVu-bild</comment><comment xml:lang="uk">&#x417;&#x43E;&#x431;&#x440;&#x430;&#x436;&#x435;&#x43D;&#x43D;&#x44F; DjVu</comment><comment xml:lang="zh_CN">DjVu &#x56FE;&#x50CF;</comment><alias type="image/x-djvu"/></mime-type>
