<?xml version="1.0"?>
<mime-type xmlns="http://www.freedesktop.org/standards/shared-mime-info" type="image/vnd.dwg"><!--Created automatically by update-mime-database. DO NOT EDIT!--><comment>AutoCAD image</comment><comment xml:lang="az">AutoCAD r&#x259;smi</comment><comment xml:lang="bg">&#x418;&#x437;&#x43E;&#x431;&#x440;&#x430;&#x436;&#x435;&#x43D;&#x438;&#x435;, &#x444;&#x43E;&#x440;&#x43C;&#x430;&#x442; AutoCAD</comment><comment xml:lang="cs">Obr&#xE1;zek AutoCAD</comment><comment xml:lang="cy">Delwedd AutoCAD</comment><comment xml:lang="de">AutoCAD-Bild</comment><comment xml:lang="el">&#x3B5;&#x3B9;&#x3BA;&#x3CC;&#x3BD;&#x3B1; AutoCAD</comment><comment xml:lang="eo">AutoCAD-bildo</comment><comment xml:lang="es">Imagen de AutoCAD</comment><comment xml:lang="eu">AutoCAD-eko irudia</comment><comment xml:lang="fi">AutoCAD-kuva</comment><comment xml:lang="fr">image AutoCAD</comment><comment xml:lang="hu">AutoCAD-k&#xE9;p</comment><comment xml:lang="it">Immagine AutoCAD</comment><comment xml:lang="ja">AutoCAD &#x753B;&#x50CF;</comment><comment xml:lang="ko">AutoCAD &#xADF8;&#xB9BC;</comment><comment xml:lang="ms">Imej AutoCAD</comment><comment xml:lang="nb">AutoCAD-bilde</comment><comment xml:lang="nl">AutoCAD-afbeelding</comment><comment xml:lang="nn">AutoCAD-bilete</comment><comment xml:lang="no">AutoCAD-bilde</comment><comment xml:lang="pl">Obraz AutoCAD</comment><comment xml:lang="pt">imagem AutoCAD</comment><comment xml:lang="pt_BR">Imagem do AutoCAD</comment><comment xml:lang="sq">Figur&#xEB; AutoCAD</comment><comment xml:lang="sr">AutoCAD &#x441;&#x43B;&#x438;&#x43A;&#x430;</comment><comment xml:lang="sv">AutoCAD-bild</comment><comment xml:lang="uk">&#x417;&#x43E;&#x431;&#x440;&#x430;&#x436;&#x435;&#x43D;&#x43D;&#x44F; AutoCAD</comment><comment xml:lang="zh_CN">AutoCAD &#x56FE;&#x50CF;</comment></mime-type>
