<?xml version="1.0"?>
<mime-type xmlns="http://www.freedesktop.org/standards/shared-mime-info" type="image/vnd.dxf"><!--Created automatically by update-mime-database. DO NOT EDIT!--><comment>DXF vector image</comment><comment xml:lang="bg">&#x418;&#x437;&#x43E;&#x431;&#x440;&#x430;&#x436;&#x435;&#x43D;&#x438;&#x435;, &#x444;&#x43E;&#x440;&#x43C;&#x430;&#x442; DXF</comment><comment xml:lang="cs">Vektorov&#xFD; obr&#xE1;zek DXF</comment><comment xml:lang="de">DXF-Vektorbild</comment><comment xml:lang="el">&#x3B1;&#x3BD;&#x3C5;&#x3C3;&#x3BC;&#x3B1;&#x3C4;&#x3B9;&#x3BA;&#x3AE; &#x3B5;&#x3B9;&#x3BA;&#x3CC;&#x3BD;&#x3B1; DXF</comment><comment xml:lang="eo">vektora DXF-bildo</comment><comment xml:lang="es">Imagen vectorial DXF</comment><comment xml:lang="eu">DXF bektore-grafikoa</comment><comment xml:lang="fi">DXF-vektorikuva</comment><comment xml:lang="fr">image vectorielle DXF</comment><comment xml:lang="hu">DXF-vektork&#xE9;p</comment><comment xml:lang="it">Immagine vettoriale DXF</comment><comment xml:lang="ja">DXF &#x30D9;&#x30AF;&#x30BF;&#x753B;&#x50CF;</comment><comment xml:lang="ko">DXF &#xBCA1;&#xD130; &#xADF8;&#xB9BC;</comment><comment xml:lang="ms">Imej vektor DXF</comment><comment xml:lang="nb">DXF-vektorgrafikk</comment><comment xml:lang="nl">DXF-vectorafbeelding</comment><comment xml:lang="nn">DXF-vektorgrafikk</comment><comment xml:lang="no">DXF-vektorgrafikk</comment><comment xml:lang="pl">Obraz wektorowy DXF</comment><comment xml:lang="pt">imagem de vectores DXF</comment><comment xml:lang="pt_BR">Imagem vetorial DXF</comment><comment xml:lang="sq">Imazh vektorial DFX</comment><comment xml:lang="sr">DXF &#x432;&#x435;&#x43A;&#x442;&#x43E;&#x440;&#x441;&#x43A;&#x430; &#x433;&#x440;&#x430;&#x444;&#x438;&#x43A;&#x430;</comment><comment xml:lang="sv">DXF-vektorbild</comment><comment xml:lang="uk">&#x412;&#x435;&#x43A;&#x442;&#x43E;&#x440;&#x43D;&#x435; &#x437;&#x43E;&#x431;&#x440;&#x430;&#x436;&#x435;&#x43D;&#x43D;&#x44F; DXF</comment><comment xml:lang="zh_CN">DXF &#x77E2;&#x91CF;&#x56FE;&#x50CF;</comment></mime-type>
