<?xml version="1.0"?>
<mime-type xmlns="http://www.freedesktop.org/standards/shared-mime-info" type="image/x-3ds"><!--Created automatically by update-mime-database. DO NOT EDIT!--><comment>3D Studio image</comment><comment xml:lang="az">3D Studio r&#x259;smi</comment><comment xml:lang="bg">&#x418;&#x437;&#x43E;&#x431;&#x440;&#x430;&#x436;&#x435;&#x43D;&#x438;&#x435;, &#x444;&#x43E;&#x440;&#x43C;&#x430;&#x442; 3D Studio</comment><comment xml:lang="cs">Obr&#xE1;zek 3D Studio</comment><comment xml:lang="cy">Delwedd "3D Studio"</comment><comment xml:lang="de">3D Studio-Bild</comment><comment xml:lang="el">&#x3B5;&#x3B9;&#x3BA;&#x3CC;&#x3BD;&#x3B1; 3D Studio</comment><comment xml:lang="eo">bildo de 3D Studio</comment><comment xml:lang="es">Imagen de 3D Studio</comment><comment xml:lang="eu">3D Studio-ko irudia</comment><comment xml:lang="fi">3D Studio -kuva</comment><comment xml:lang="fr">image 3D Studio</comment><comment xml:lang="hu">3D Studio-k&#xE9;p</comment><comment xml:lang="it">Immagine 3D Studio</comment><comment xml:lang="ja">3D Studio &#x753B;&#x50CF;</comment><comment xml:lang="ko">3D Studio &#xADF8;&#xB9BC;</comment><comment xml:lang="ms">Imej 3D Studio</comment><comment xml:lang="nb">3D Studio-bilde</comment><comment xml:lang="nl">3D Studio-afbeelding</comment><comment xml:lang="nn">3D Studio-bilete</comment><comment xml:lang="no">3D Studio-bilde</comment><comment xml:lang="pl">Obraz 3D Studio</comment><comment xml:lang="pt">imagem 3D Studio</comment><comment xml:lang="pt_BR">Imagem do 3D Studio</comment><comment xml:lang="ru">&#x438;&#x437;&#x43E;&#x431;&#x440;&#x430;&#x436;&#x435;&#x43D;&#x438;&#x435; 3D Studio</comment><comment xml:lang="sq">Figur&#xEB; 3D Studio</comment><comment xml:lang="sr">3D Studio &#x441;&#x43B;&#x438;&#x43A;&#x430;</comment><comment xml:lang="sv">3D Studio-bild</comment><comment xml:lang="uk">&#x417;&#x43E;&#x431;&#x440;&#x430;&#x436;&#x435;&#x43D;&#x43D;&#x44F; 3D Studio</comment><comment xml:lang="zh_CN">3D Studio &#x56FE;&#x50CF;</comment></mime-type>
