<?xml version="1.0"?>
<mime-type xmlns="http://www.freedesktop.org/standards/shared-mime-info" type="image/x-applix-graphics"><!--Created automatically by update-mime-database. DO NOT EDIT!--><comment>Applix Graphics image</comment><comment xml:lang="bg">&#x418;&#x437;&#x43E;&#x431;&#x440;&#x430;&#x436;&#x435;&#x43D;&#x438;&#x435;, &#x444;&#x43E;&#x440;&#x43C;&#x430;&#x442; Applix Graphics</comment><comment xml:lang="cs">Obr&#xE1;zek Applix Graphics</comment><comment xml:lang="de">Applix Graphics-Bild</comment><comment xml:lang="el">&#x3B5;&#x3B9;&#x3BA;&#x3CC;&#x3BD;&#x3B1; Applix Graphics</comment><comment xml:lang="eo">bildo de Applix Graphics</comment><comment xml:lang="es">Imagen de Applix Graphics</comment><comment xml:lang="eu">Applix Graphics irudia</comment><comment xml:lang="fi">Applix Graphics -kuva</comment><comment xml:lang="fr">image Applix Graphics</comment><comment xml:lang="hu">Applix Graphics-k&#xE9;p</comment><comment xml:lang="it">Immagine Applix Graphics</comment><comment xml:lang="ja">Applix Graphics &#x753B;&#x50CF;</comment><comment xml:lang="ko">Applix Graphics &#xADF8;&#xB9BC;</comment><comment xml:lang="ms">Imej Applix Graphics</comment><comment xml:lang="nb">Applix Graphics-dokument</comment><comment xml:lang="nl">Applix Graphics-afbeelding</comment><comment xml:lang="nn">Applix Graphics-dokument</comment><comment xml:lang="no">Applix Graphics-dokument</comment><comment xml:lang="pl">Obraz Applix Graphics</comment><comment xml:lang="pt">imagem Applix Graphics</comment><comment xml:lang="pt_BR">Imagem do Applix Graphics</comment><comment xml:lang="sq">Figur&#xEB; Applix Graphics</comment><comment xml:lang="sr">Applix &#x433;&#x440;&#x430;&#x444;&#x438;&#x447;&#x43A;&#x438; &#x434;&#x43E;&#x43A;&#x443;&#x43C;&#x435;&#x43D;&#x442;</comment><comment xml:lang="sv">Applix Graphics-bild</comment><comment xml:lang="uk">&#x417;&#x43E;&#x431;&#x440;&#x430;&#x436;&#x435;&#x43D;&#x43D;&#x44F; Applix Graphics</comment><comment xml:lang="zh_CN">Applix Graphics &#x56FE;&#x50CF;</comment></mime-type>
