<?xml version="1.0"?>
<mime-type xmlns="http://www.freedesktop.org/standards/shared-mime-info" type="image/x-cmu-raster"><!--Created automatically by update-mime-database. DO NOT EDIT!--><comment>CMU raster image</comment><comment xml:lang="az">CMU raster r&#x259;smi</comment><comment xml:lang="bg">&#x418;&#x437;&#x43E;&#x431;&#x440;&#x430;&#x436;&#x435;&#x43D;&#x438;&#x435;, &#x444;&#x43E;&#x440;&#x43C;&#x430;&#x442; CMU</comment><comment xml:lang="cs">Rastrov&#xFD; obr&#xE1;zek CMU</comment><comment xml:lang="cy">Delwedd raster CMU</comment><comment xml:lang="de">CMU-Rasterbild</comment><comment xml:lang="el">&#x3B5;&#x3B9;&#x3BA;&#x3CC;&#x3BD;&#x3B1; &#x3C1;&#x3AC;&#x3C3;&#x3C4;&#x3B5;&#x3C1; CMU</comment><comment xml:lang="eo">rastruma bildo de CMU</comment><comment xml:lang="es">Imagen r&#xE1;ster CMU</comment><comment xml:lang="eu">CMU bilbe-irudia</comment><comment xml:lang="fi">CMU-rasterikuva</comment><comment xml:lang="fr">image raster CMU</comment><comment xml:lang="hu">CMU-raszterk&#xE9;p</comment><comment xml:lang="it">Immagine raster CMU</comment><comment xml:lang="ja">CMU &#x30E9;&#x30B9;&#x30BF;&#x753B;&#x50CF;</comment><comment xml:lang="ko">CMU &#xB798;&#xC2A4;&#xD130; &#xADF8;&#xB9BC;</comment><comment xml:lang="ms">Imej raster CMU</comment><comment xml:lang="nb">CMU-rasterbilde</comment><comment xml:lang="nl">CMU-rasterafbeelding</comment><comment xml:lang="nn">CMU raster-bilete</comment><comment xml:lang="no">CMU-rasterbilde</comment><comment xml:lang="pl">Obraz rastrowy CMU</comment><comment xml:lang="pt">imagem rasterizada CMU</comment><comment xml:lang="pt_BR">Imagem raster CMU</comment><comment xml:lang="sq">Figur&#xEB; raster CMU</comment><comment xml:lang="sr">CMU &#x440;&#x430;&#x441;&#x442;&#x435;&#x440;&#x441;&#x43A;&#x430; &#x441;&#x43B;&#x438;&#x43A;&#x430;</comment><comment xml:lang="sv">CMU-rasterbild</comment><comment xml:lang="uk">&#x420;&#x430;&#x441;&#x442;&#x440;&#x43E;&#x432;&#x435; &#x437;&#x43E;&#x431;&#x440;&#x430;&#x436;&#x435;&#x43D;&#x43D;&#x44F; CMU</comment><comment xml:lang="zh_CN">CMU &#x77E2;&#x91CF;&#x56FE;&#x50CF;</comment></mime-type>
