<?xml version="1.0"?>
<mime-type xmlns="http://www.freedesktop.org/standards/shared-mime-info" type="image/x-compressed-xcf"><!--Created automatically by update-mime-database. DO NOT EDIT!--><comment>GIMP image (compressed)</comment><comment xml:lang="bg">&#x418;&#x437;&#x43E;&#x431;&#x440;&#x430;&#x436;&#x435;&#x43D;&#x438;&#x435;, &#x444;&#x43E;&#x440;&#x43C;&#x430;&#x442;, GIMP, &#x43A;&#x43E;&#x43C;&#x43F;&#x440;&#x435;&#x441;&#x438;&#x440;&#x430;&#x43D;&#x430;</comment><comment xml:lang="cs">Obr&#xE1;zek GIMP (komprimovan&#xFD;)</comment><comment xml:lang="de">GIMP-Bild (komprimiert)</comment><comment xml:lang="el">&#x3B5;&#x3B9;&#x3BA;&#x3CC;&#x3BD;&#x3B1; GIMP (&#x3C3;&#x3C5;&#x3BC;&#x3C0;&#x3B9;&#x3B5;&#x3C3;&#x3BC;&#x3AD;&#x3BD;&#x3B7;)</comment><comment xml:lang="eo">GIMP-bildo (kunpremita)</comment><comment xml:lang="es">Imagen del GIMP (comprimida)</comment><comment xml:lang="eu">GIMP irudia (konprimatua)</comment><comment xml:lang="fi">GIMP-kuva (pakattu)</comment><comment xml:lang="fr">image GIMP (compress&#xE9;e)</comment><comment xml:lang="hu">GIMP-k&#xE9;p (t&#xF6;m&#xF6;r&#xED;tett)</comment><comment xml:lang="it">Immagine GIMP (compressa)</comment><comment xml:lang="ja">GIMP (&#x5727;&#x7E2E;)&#x753B;&#x50CF;</comment><comment xml:lang="ko">(&#xC555;&#xCD95;&#xB41C;) GIMP &#xADF8;&#xB9BC;</comment><comment xml:lang="ms">Imej GIMP (termampat)</comment><comment xml:lang="nb">GIMP-bilde (komprimert)</comment><comment xml:lang="nl">GIMP-afbeelding (ingepakt)</comment><comment xml:lang="nn">GIMP-bilete (pakka)</comment><comment xml:lang="no">GIMP-bilde (komprimert)</comment><comment xml:lang="pl">Obraz GIMPa (skompresowany)</comment><comment xml:lang="pt">imagem do GIMP (comprimida)</comment><comment xml:lang="pt_BR">Imagem do GIMP (compactada)</comment><comment xml:lang="ru">&#x438;&#x437;&#x43E;&#x431;&#x440;&#x430;&#x436;&#x435;&#x43D;&#x438;&#x435; GIMP (&#x441;&#x436;&#x430;&#x442;&#x43E;&#x435;)</comment><comment xml:lang="sq">Figur&#xEB; GIMP (e kompresuar)</comment><comment xml:lang="sr">&#x413;&#x438;&#x43C;&#x43F; &#x441;&#x43B;&#x438;&#x43A;&#x430; (&#x43A;&#x43E;&#x43C;&#x43F;&#x440;&#x435;&#x441;&#x43E;&#x432;&#x430;&#x43D;&#x430;)</comment><comment xml:lang="sv">GIMP-bild (komprimerad)</comment><comment xml:lang="uk">&#x417;&#x43E;&#x431;&#x440;&#x430;&#x436;&#x435;&#x43D;&#x43D;&#x44F; GIMP (&#x441;&#x442;&#x438;&#x441;&#x43D;&#x435;&#x43D;&#x435;)</comment><comment xml:lang="zh_CN">GIMP &#x56FE;&#x50CF;(&#x538B;&#x7F29;)</comment></mime-type>
