<?xml version="1.0"?>
<mime-type xmlns="http://www.freedesktop.org/standards/shared-mime-info" type="image/x-dib"><!--Created automatically by update-mime-database. DO NOT EDIT!--><comment>Device Independant Bitmap</comment><comment xml:lang="az">Avadanl&#x131;qdan M&#xFC;st&#x259;qil Bitmap</comment><comment xml:lang="bg">&#x418;&#x437;&#x43E;&#x431;&#x440;&#x430;&#x436;&#x435;&#x43D;&#x438;&#x435;, &#x444;&#x43E;&#x440;&#x43C;&#x430;&#x442; &#x43C;&#x430;&#x448;&#x438;&#x43D;&#x43D;&#x43E; &#x43D;&#x435;&#x437;&#x430;&#x432;&#x438;&#x441;&#x438;&#x43C; bitmap</comment><comment xml:lang="cs">Bitmapa nez&#xE1;visl&#xE1; na za&#x159;&#xED;zen&#xED;</comment><comment xml:lang="cy">Didfap Dyfais-Annibynol</comment><comment xml:lang="de">Ger&#xE4;teunabh&#xE4;ngige Bitmap</comment><comment xml:lang="el">Bitmap &#x3B1;&#x3BD;&#x3B5;&#x3BE;&#x3AC;&#x3C1;&#x3C4;&#x3B7;&#x3C4;&#x3BF; &#x3C3;&#x3C5;&#x3C3;&#x3BA;&#x3B5;&#x3C5;&#x3AE;&#x3C2;</comment><comment xml:lang="eo">Dispona&#x135;o-sendspenda Rastrumo</comment><comment xml:lang="es">Mapa de bits independiente del dispositivo</comment><comment xml:lang="eu">Gailuekiko independentea den Bitmap-a</comment><comment xml:lang="fi">laiteriippumaton bittikartta</comment><comment xml:lang="fr">bitmap ind&#xE9;pendant du p&#xE9;riph&#xE9;rique</comment><comment xml:lang="hu">Eszk&#xF6;zf&#xFC;ggetlen bitk&#xE9;p</comment><comment xml:lang="it">device independent bitmap</comment><comment xml:lang="ja">&#x30C7;&#x30D0;&#x30A4;&#x30B9;&#x72EC;&#x7ACB;&#x30D3;&#x30C3;&#x30C8;&#x30DE;&#x30C3;&#x30D7;</comment><comment xml:lang="ko">&#xC7A5;&#xCE58; &#xB3C5;&#xB9BD; &#xBE44;&#xD2B8;&#xB9F5;</comment><comment xml:lang="ms">Bitmap Bebas Peranti</comment><comment xml:lang="nb">Enhetsuavhengig bitkart</comment><comment xml:lang="nl">Apparaatonafhankelijke bitmap</comment><comment xml:lang="nn">Einingsuavhengig bitkart</comment><comment xml:lang="no">Enhetsuavhengig bitkart</comment><comment xml:lang="pl">Bitmapa niezale&#x17C;na od urz&#x105;dzenia</comment><comment xml:lang="pt">'Bitmap' Independente do Dispositivo</comment><comment xml:lang="pt_BR">Bitmap Independente de Aparelho</comment><comment xml:lang="sq">Device Independant Bitmap</comment><comment xml:lang="sr">&#x411;&#x438;&#x442;&#x43C;&#x430;&#x43F;&#x430; &#x43D;&#x435;&#x437;&#x430;&#x432;&#x438;&#x441;&#x43D;&#x430; &#x43E;&#x434; &#x443;&#x440;&#x435;&#x452;&#x430;&#x458;&#x430;</comment><comment xml:lang="sv">Enhetsoberoende bitmapp</comment><comment xml:lang="uk">&#x420;&#x430;&#x441;&#x442;&#x440;&#x43E;&#x432;&#x435; &#x437;&#x43E;&#x431;&#x440;&#x430;&#x436;&#x435;&#x43D;&#x43D;&#x44F; &#x43D;&#x435;&#x437;&#x430;&#x43B;&#x435;&#x436;&#x43D;&#x435; &#x432;&#x456;&#x434; &#x43F;&#x440;&#x438;&#x441;&#x442;&#x440;&#x43E;&#x44E;</comment><comment xml:lang="zh_CN">&#x8BBE;&#x5907;&#x65E0;&#x5173;&#x4F4D;&#x56FE;</comment></mime-type>
