<?xml version="1.0"?>
<mime-type xmlns="http://www.freedesktop.org/standards/shared-mime-info" type="image/x-eps"><!--Created automatically by update-mime-database. DO NOT EDIT!--><comment>Encapsulated PostScript image</comment><comment xml:lang="az">Encapsulated PostScript r&#x259;smi</comment><comment xml:lang="bg">&#x418;&#x437;&#x43E;&#x431;&#x440;&#x430;&#x436;&#x435;&#x43D;&#x438;&#x435;, &#x444;&#x43E;&#x440;&#x43C;&#x430;&#x442; &#x435;&#x43D;&#x43A;&#x430;&#x43F;&#x441;&#x443;&#x43B;&#x438;&#x440;&#x430;&#x43D; PostScript</comment><comment xml:lang="cs">Obr&#xE1;zek v zapouzd&#x159;en&#xE9;m Postscriptu</comment><comment xml:lang="cy">Delwedd PostScript wedi ei chrisialu</comment><comment xml:lang="de">EPS-Bild</comment><comment xml:lang="el">&#x3B5;&#x3B9;&#x3BA;&#x3CC;&#x3BD;&#x3B1; &#x3B5;&#x3BD;&#x3B8;&#x3C5;&#x3BB;&#x3B1;&#x3BA;&#x3C9;&#x3BC;&#x3AD;&#x3BD;&#x3B7;&#x3C2; PostScript</comment><comment xml:lang="eo">Enkapsuligita PostScript-bildo</comment><comment xml:lang="es">Imagen en PostScript encapsulado</comment><comment xml:lang="eu">Enkapsulatutako PostScript irudia</comment><comment xml:lang="fi">kapsuloitu PostScript-kuva</comment><comment xml:lang="fr">image encapsul&#xE9; PostScript</comment><comment xml:lang="hu">Encapsulated PostScript-k&#xE9;p</comment><comment xml:lang="it">Immagine Encapsulated PostScript</comment><comment xml:lang="ja">&#x30AB;&#x30D7;&#x30BB;&#x30EB;&#x5316;&#x30DD;&#x30B9;&#x30C8;&#x30B9;&#x30AF;&#x30EA;&#x30D7;&#x30C8;&#x753B;&#x50CF;</comment><comment xml:lang="ko">&#xCEA1;&#xC290;&#xD654;&#xB41C; &#xD3EC;&#xC2A4;&#xD2B8;&#xC2A4;&#xD06C;&#xB9BD;&#xD2B8; &#xADF8;&#xB9BC;</comment><comment xml:lang="ms">Imej Postscript encapsulate</comment><comment xml:lang="nb">Encapsulated PostScript-bilde</comment><comment xml:lang="nl">Encapsulated Postscript-afbeelding</comment><comment xml:lang="nn">Encapsulated PostScript-bilete</comment><comment xml:lang="pl">Obraz Encapsulated PostScript</comment><comment xml:lang="pt">imagem em Postscript Encapsulado</comment><comment xml:lang="pt_BR">Imagem PostScript Encapsulada</comment><comment xml:lang="sq">Figur&#xEB; Encapsulated PostScript</comment><comment xml:lang="sr">&#x423;&#x433;&#x45A;&#x435;&#x436;&#x434;&#x435;&#x43D;&#x430; &#x41F;&#x43E;&#x441;&#x442;&#x421;&#x43A;&#x440;&#x438;&#x43F;&#x442; &#x441;&#x43B;&#x438;&#x43A;&#x430; (EPS)</comment><comment xml:lang="sv">Inkapslad Postscript-bild</comment><comment xml:lang="uk">&#x417;&#x43E;&#x431;&#x440;&#x430;&#x436;&#x435;&#x43D;&#x43D;&#x44F; &#x456;&#x43D;&#x43A;&#x430;&#x43F;&#x441;&#x443;&#x43B;&#x44C;&#x43E;&#x432;&#x430;&#x43D;&#x435; &#x443; PostScript</comment><comment xml:lang="zh_CN">EPS &#x5C01;&#x88C5;&#x7684; PostScript &#x56FE;&#x50CF;</comment></mime-type>
