<?xml version="1.0"?>
<mime-type xmlns="http://www.freedesktop.org/standards/shared-mime-info" type="image/x-fits"><!--Created automatically by update-mime-database. DO NOT EDIT!--><comment>Flexible Image Transport System</comment><comment xml:lang="az">Flexible R&#x259;sm Transport Sistemi</comment><comment xml:lang="bg">&#x414;&#x430;&#x43D;&#x43D;&#x438;, &#x444;&#x43E;&#x440;&#x43C;&#x430;&#x442; Flexible&#xB7;Image&#xB7;Transport&#xB7;System</comment><comment xml:lang="cs">Flexible Image Transport System</comment><comment xml:lang="cy">System Trosgludo Delweddau Hyblyg</comment><comment xml:lang="de">FITS-Dokument</comment><comment xml:lang="el">&#x3A3;&#x3CD;&#x3C3;&#x3C4;&#x3B7;&#x3BC;&#x3B1; &#x395;&#x3C5;&#x3AD;&#x3BB;&#x3B9;&#x3BA;&#x3C4;&#x3B7;&#x3C2; &#x39C;&#x3B5;&#x3C4;&#x3B1;&#x3C6;&#x3BF;&#x3C1;&#x3AC;&#x3C2; &#x395;&#x3B9;&#x3BA;&#x3CC;&#x3BD;&#x3B1;&#x3C2;</comment><comment xml:lang="es">Sistema flexible de transporte de im&#xE1;genes</comment><comment xml:lang="eu">Irudiak garraiatzeko sistema malgua</comment><comment xml:lang="fi">Flexible Image Transport System</comment><comment xml:lang="fr">syst&#xE8;me de transport &#xAB; Flexible Image &#xBB;</comment><comment xml:lang="hu">Flexible Image Transport System</comment><comment xml:lang="it">Flexible Image Transport System</comment><comment xml:lang="ko">Flexible Image Transport System</comment><comment xml:lang="ms">Sistem pengangkutan imej fleksibel</comment><comment xml:lang="nb">Fleksibelt bildetransportsystem</comment><comment xml:lang="nn">Flexible Image Transport System</comment><comment xml:lang="no">Fleksibelt bildetransportsystem</comment><comment xml:lang="pl">Uniwersalny system przenoszenia obraz&#xF3;w (FITS)</comment><comment xml:lang="pt">Sistema Flex&#xED;vel de Transporte de Imagem</comment><comment xml:lang="pt_BR">Sistema Flex&#xED;vel de Transporte de Imagens</comment><comment xml:lang="sq">Sistemi transportit Flexible Image</comment><comment xml:lang="sr">&#x424;&#x43B;&#x435;&#x43A;&#x441;&#x438;&#x431;&#x438;&#x43B;&#x43D;&#x438; &#x442;&#x440;&#x430;&#x43D;&#x441;&#x43F;&#x43E;&#x440;&#x442;&#x43D;&#x438; &#x441;&#x438;&#x441;&#x442;&#x435;&#x43C; &#x441;&#x43B;&#x438;&#x43A;&#x430;</comment><comment xml:lang="sv">Flexibelt bildtransportssystem</comment><comment xml:lang="uk">&#x413;&#x43D;&#x443;&#x447;&#x43A;&#x430; &#x441;&#x438;&#x441;&#x442;&#x435;&#x43C;&#x430; &#x43F;&#x435;&#x440;&#x435;&#x434;&#x430;&#x432;&#x430;&#x43D;&#x43D;&#x44F; &#x437;&#x43E;&#x431;&#x440;&#x430;&#x436;&#x435;&#x43D;&#x43D;&#x44F;</comment><comment xml:lang="zh_CN">FITS &#x7075;&#x6D3B;&#x56FE;&#x50CF;&#x4F20;&#x9001;&#x7CFB;&#x7EDF;</comment></mime-type>
