<?xml version="1.0"?>
<mime-type xmlns="http://www.freedesktop.org/standards/shared-mime-info" type="image/x-fpx"><!--Created automatically by update-mime-database. DO NOT EDIT!--><comment>FlashPix image</comment><comment xml:lang="bg">&#x418;&#x437;&#x43E;&#x431;&#x440;&#x430;&#x436;&#x435;&#x43D;&#x438;&#x435;, &#x444;&#x43E;&#x440;&#x43C;&#x430;&#x442; FlashPix</comment><comment xml:lang="cs">Obr&#xE1;zek FlashPix</comment><comment xml:lang="de">FlashPix-Bild</comment><comment xml:lang="el">&#x3B5;&#x3B9;&#x3BA;&#x3CC;&#x3BD;&#x3B1; FlashPix</comment><comment xml:lang="eo">FlashPix-bildo</comment><comment xml:lang="es">Imagen FlashPix</comment><comment xml:lang="eu">FlashPix irudia</comment><comment xml:lang="fi">FlashPix-kuva</comment><comment xml:lang="fr">image FlashPix</comment><comment xml:lang="hu">FlashPix-k&#xE9;p</comment><comment xml:lang="it">Immagine FlashPix</comment><comment xml:lang="ja">FlashPix &#x753B;&#x50CF;</comment><comment xml:lang="ko">FlashPix &#xADF8;&#xB9BC;</comment><comment xml:lang="ms">Imej FlashPix</comment><comment xml:lang="nb">FlashPix-bilde</comment><comment xml:lang="nl">FlashPix-afbeelding</comment><comment xml:lang="nn">FlashPix-bilete</comment><comment xml:lang="no">FlashPix-bilde</comment><comment xml:lang="pl">Obraz FlashPix</comment><comment xml:lang="pt">imagem FlashPix</comment><comment xml:lang="pt_BR">Imagem FlashPix</comment><comment xml:lang="sq">Figur&#xEB; FlashPix</comment><comment xml:lang="sr">FlashPix &#x441;&#x43B;&#x438;&#x43A;&#x430;</comment><comment xml:lang="sv">FlashPix-bild</comment><comment xml:lang="uk">&#x417;&#x43E;&#x431;&#x440;&#x430;&#x436;&#x435;&#x43D;&#x43D;&#x44F; FlashPix</comment><comment xml:lang="zh_CN">FlashPix &#x56FE;&#x50CF;</comment></mime-type>
