<?xml version="1.0"?>
<mime-type xmlns="http://www.freedesktop.org/standards/shared-mime-info" type="image/x-icb"><!--Created automatically by update-mime-database. DO NOT EDIT!--><comment>Truevision Targa image</comment><comment xml:lang="az">Truevision Targa r&#x259;smi</comment><comment xml:lang="bg">&#x418;&#x437;&#x43E;&#x431;&#x440;&#x430;&#x436;&#x435;&#x43D;&#x438;&#x435;, &#x444;&#x43E;&#x440;&#x43C;&#x430;&#x442; Truevision Targa</comment><comment xml:lang="cs">Obr&#xE1;zek Truevision Targa</comment><comment xml:lang="cy">Delwedd Targa Truevision</comment><comment xml:lang="de">Truevision-Targa-Bild</comment><comment xml:lang="el">&#x3B5;&#x3B9;&#x3BA;&#x3CC;&#x3BD;&#x3B1; Truevision Targa</comment><comment xml:lang="eo">Targa-bildo de Truevision</comment><comment xml:lang="es">Imagen Targa Truevision</comment><comment xml:lang="eu">Truevision Targa irudia</comment><comment xml:lang="fi">Truevision Targa -kuva</comment><comment xml:lang="fr">image Truevision Targa</comment><comment xml:lang="hu">Truevision Targa-k&#xE9;p</comment><comment xml:lang="it">Immagine Truevision Targa</comment><comment xml:lang="ja">Truevision Targa &#x753B;&#x50CF;</comment><comment xml:lang="ko">Truevision Targa &#xADF8;&#xB9BC;</comment><comment xml:lang="ms">Imej Targa Truevision</comment><comment xml:lang="nb">Truevision Targa-bilde</comment><comment xml:lang="nl">Truevision Targa-afbeelding</comment><comment xml:lang="nn">Truevision Targa-bilete</comment><comment xml:lang="no">Truevision Targa-bilde</comment><comment xml:lang="pl">Obraz Truevision Targa (TGA)</comment><comment xml:lang="pt">imagem Targa Truevision</comment><comment xml:lang="pt_BR">Imagem Targe Truevision</comment><comment xml:lang="sq">Figur&#xEB; Truevision Targa</comment><comment xml:lang="sr">Truevision Targa &#x441;&#x43B;&#x438;&#x43A;&#x430;</comment><comment xml:lang="sv">Truevision Targa-bild</comment><comment xml:lang="uk">&#x417;&#x43E;&#x431;&#x440;&#x430;&#x436;&#x435;&#x43D;&#x43D;&#x44F; Truevision Targa</comment><comment xml:lang="zh_CN">Truevision Targa &#x56FE;&#x50CF;</comment></mime-type>
