<?xml version="1.0"?>
<mime-type xmlns="http://www.freedesktop.org/standards/shared-mime-info" type="image/x-ico"><!--Created automatically by update-mime-database. DO NOT EDIT!--><comment>Microsoft Windows icon</comment><comment xml:lang="bg">&#x418;&#x43A;&#x43E;&#x43D;&#x430; &#x437;&#x430; Microsoft Windows</comment><comment xml:lang="cs">Ikona Microsoft Windows</comment><comment xml:lang="de">Microsoft Windows-Symbol</comment><comment xml:lang="el">&#x3B5;&#x3B9;&#x3BA;&#x3BF;&#x3BD;&#x3AF;&#x3B4;&#x3B9;&#x3BF; Microsoft Windows</comment><comment xml:lang="eo">piktogramo de Microsoft Windows</comment><comment xml:lang="es">Icono de Microsoft Windows</comment><comment xml:lang="eu">Microsoft Windows ikonoa</comment><comment xml:lang="fi">Microsoft Windows -kuvake</comment><comment xml:lang="fr">ic&#xF4;ne Microsoft Windows</comment><comment xml:lang="hu">Microsoft Windows-ikon</comment><comment xml:lang="it">Icona Microsoft Windows</comment><comment xml:lang="ja">Microsoft Windows &#x30A2;&#x30A4;&#x30B3;&#x30F3;</comment><comment xml:lang="ko">&#xB9C8;&#xC774;&#xD06C;&#xB85C;&#xC18C;&#xD504;&#xD2B8; &#xC708;&#xB3C4;&#xC6B0;&#xC988; &#xC544;&#xC774;&#xCF58;</comment><comment xml:lang="ms">Ikon Microsoft Windows</comment><comment xml:lang="nb">Microsoft Windows-ikon</comment><comment xml:lang="nl">Microsoft Windows-pictogram</comment><comment xml:lang="nn">Microsoft Windows-ikon</comment><comment xml:lang="no">Microsoft Windows-ikon</comment><comment xml:lang="pl">Ikona Microsoft Windows</comment><comment xml:lang="pt">&#xED;cone do Microsoft Windows</comment><comment xml:lang="pt_BR">&#xCD;cone do Microsoft Windows</comment><comment xml:lang="ru">&#x438;&#x43A;&#x43E;&#x43D;&#x43A;&#x430; Microsoft Windows</comment><comment xml:lang="sq">Ikon&#xEB; Microsoft Windows</comment><comment xml:lang="sr">&#x41C;&#x438;&#x43A;&#x440;&#x43E;&#x441;&#x43E;&#x444;&#x442; &#x412;&#x438;&#x43D;&#x434;&#x443;&#x437; &#x438;&#x43A;&#x43E;&#x43D;&#x430;</comment><comment xml:lang="sv">Microsoft Windows-ikon</comment><comment xml:lang="uk">&#x417;&#x43D;&#x430;&#x447;&#x43E;&#x43A; Microsoft Windows</comment><comment xml:lang="zh_CN">Microsoft Windows &#x56FE;&#x6807;</comment></mime-type>
