<?xml version="1.0"?>
<mime-type xmlns="http://www.freedesktop.org/standards/shared-mime-info" type="image/x-iff"><!--Created automatically by update-mime-database. DO NOT EDIT!--><comment>IFF image</comment><comment xml:lang="az">IFF r&#x259;smi</comment><comment xml:lang="bg">&#x418;&#x437;&#x43E;&#x431;&#x440;&#x430;&#x436;&#x435;&#x43D;&#x438;&#x435;, &#x444;&#x43E;&#x440;&#x43C;&#x430;&#x442; IFF</comment><comment xml:lang="cs">Obr&#xE1;zek IFF</comment><comment xml:lang="cy">Delwedd IFF</comment><comment xml:lang="de">IFF-Bild</comment><comment xml:lang="el">&#x3B5;&#x3B9;&#x3BA;&#x3CC;&#x3BD;&#x3B1; IFF</comment><comment xml:lang="eo">IFF-bildo</comment><comment xml:lang="es">Imagen IFF</comment><comment xml:lang="eu">IFF irudia</comment><comment xml:lang="fi">IFF-kuva</comment><comment xml:lang="fr">image IFF</comment><comment xml:lang="hu">IFF-k&#xE9;p</comment><comment xml:lang="it">Immagine IFF</comment><comment xml:lang="ja">IFF &#x753B;&#x50CF;</comment><comment xml:lang="ko">IFF &#xADF8;&#xB9BC;</comment><comment xml:lang="ms">Imej IFF</comment><comment xml:lang="nb">IFF-bilde</comment><comment xml:lang="nl">IFF-afbeelding</comment><comment xml:lang="nn">IFF-bilete</comment><comment xml:lang="no">IFF-bilde</comment><comment xml:lang="pl">Obraz IFF</comment><comment xml:lang="pt">imagem IFF</comment><comment xml:lang="pt_BR">Imagem IFF</comment><comment xml:lang="sq">Figur&#xEB; IFF</comment><comment xml:lang="sr">IFF &#x441;&#x43B;&#x438;&#x43A;&#x430;</comment><comment xml:lang="sv">IFF-bild</comment><comment xml:lang="uk">&#x417;&#x43E;&#x431;&#x440;&#x430;&#x436;&#x435;&#x43D;&#x43D;&#x44F; IFF</comment><comment xml:lang="zh_CN">IFF &#x56FE;&#x50CF;</comment></mime-type>
