<?xml version="1.0"?>
<mime-type xmlns="http://www.freedesktop.org/standards/shared-mime-info" type="image/x-ilbm"><!--Created automatically by update-mime-database. DO NOT EDIT!--><comment>ILBM image</comment><comment xml:lang="az">ILBM r&#x259;smi</comment><comment xml:lang="bg">&#x418;&#x437;&#x43E;&#x431;&#x440;&#x430;&#x436;&#x435;&#x43D;&#x438;&#x435;, &#x444;&#x43E;&#x440;&#x43C;&#x430;&#x442; ILBM</comment><comment xml:lang="cs">Obr&#xE1;zek ILMB</comment><comment xml:lang="cy">Delwedd ILBM</comment><comment xml:lang="de">ILBM-Bild</comment><comment xml:lang="el">&#x3B5;&#x3B9;&#x3BA;&#x3CC;&#x3BD;&#x3B1; ILBM</comment><comment xml:lang="eo">ILBM-bildo</comment><comment xml:lang="es">Imagen ILBM</comment><comment xml:lang="eu">ILBM irudia</comment><comment xml:lang="fi">ILBM-kuva</comment><comment xml:lang="fr">image ILBM</comment><comment xml:lang="hu">ILBM-k&#xE9;p</comment><comment xml:lang="it">Immagine ILBM</comment><comment xml:lang="ja">ILBM &#x753B;&#x50CF;</comment><comment xml:lang="ko">ILBM &#xADF8;&#xB9BC;</comment><comment xml:lang="ms">Imej ILBM</comment><comment xml:lang="nb">ILBM-bilde</comment><comment xml:lang="nl">ILBM-afbeelding</comment><comment xml:lang="nn">ILMB-bilete</comment><comment xml:lang="no">ILBM-bilde</comment><comment xml:lang="pl">Obraz ILBM</comment><comment xml:lang="pt">imagem ILBM</comment><comment xml:lang="pt_BR">Imagem ILBM</comment><comment xml:lang="sq">Figur&#xEB; ILBM</comment><comment xml:lang="sr">ILBM &#x441;&#x43B;&#x438;&#x43A;&#x430;</comment><comment xml:lang="sv">ILBM-bild</comment><comment xml:lang="uk">&#x417;&#x43E;&#x431;&#x440;&#x430;&#x436;&#x435;&#x43D;&#x43D;&#x44F; ILBM</comment><comment xml:lang="zh_CN">ILBM &#x56FE;&#x50CF;</comment></mime-type>
