<?xml version="1.0"?>
<mime-type xmlns="http://www.freedesktop.org/standards/shared-mime-info" type="image/x-jng"><!--Created automatically by update-mime-database. DO NOT EDIT!--><comment>JNG image</comment><comment xml:lang="az">JNG r&#x259;smi</comment><comment xml:lang="bg">&#x418;&#x437;&#x43E;&#x431;&#x440;&#x430;&#x436;&#x435;&#x43D;&#x438;&#x435;, &#x444;&#x43E;&#x440;&#x43C;&#x430;&#x442; JNG</comment><comment xml:lang="cs">Obr&#xE1;zek JNG</comment><comment xml:lang="cy">Delwedd JNG</comment><comment xml:lang="de">JNG-Bild</comment><comment xml:lang="el">&#x3B5;&#x3B9;&#x3BA;&#x3CC;&#x3BD;&#x3B1; JNG</comment><comment xml:lang="eo">JNG-bildo</comment><comment xml:lang="es">Imagen JNG</comment><comment xml:lang="eu">JNG irudia</comment><comment xml:lang="fi">JNG-kuva</comment><comment xml:lang="fr">image JNG</comment><comment xml:lang="hu">JNG-k&#xE9;p</comment><comment xml:lang="it">Immagine JNG</comment><comment xml:lang="ja">JNG &#x753B;&#x50CF;</comment><comment xml:lang="ko">JNG &#xADF8;&#xB9BC;</comment><comment xml:lang="ms">Imej PNG</comment><comment xml:lang="nb">JNG-bilde</comment><comment xml:lang="nl">JNG-afbeelding</comment><comment xml:lang="nn">JNG-bilete</comment><comment xml:lang="no">JNG-bilde</comment><comment xml:lang="pl">Obraz JNG</comment><comment xml:lang="pt">imagem JNG</comment><comment xml:lang="pt_BR">Imagem JNG</comment><comment xml:lang="sq">Figur&#xEB; JNG</comment><comment xml:lang="sr">JNG &#x441;&#x43B;&#x438;&#x43A;&#x430;</comment><comment xml:lang="sv">JNG-bild</comment><comment xml:lang="uk">&#x417;&#x43E;&#x431;&#x440;&#x430;&#x436;&#x435;&#x43D;&#x43D;&#x44F; JNG</comment><comment xml:lang="zh_CN">JNG &#x56FE;&#x50CF;</comment></mime-type>
