<?xml version="1.0"?>
<mime-type xmlns="http://www.freedesktop.org/standards/shared-mime-info" type="image/x-lwo"><!--Created automatically by update-mime-database. DO NOT EDIT!--><comment>LightWave object</comment><comment xml:lang="az">LightWave cismi</comment><comment xml:lang="bg">&#x41E;&#x431;&#x435;&#x43A;&#x442;, &#x444;&#x43E;&#x440;&#x43C;&#x430;&#x442; LightWave</comment><comment xml:lang="cs">Objekt LightWave</comment><comment xml:lang="cy">Gwrthrych LightWave</comment><comment xml:lang="de">LightWave-Objekt</comment><comment xml:lang="el">&#x3B1;&#x3BD;&#x3C4;&#x3B9;&#x3BA;&#x3B5;&#x3AF;&#x3BC;&#x3B5;&#x3BD;&#x3BF; LightWave</comment><comment xml:lang="eo">LightWave-objekto</comment><comment xml:lang="es">Objeto LightWave</comment><comment xml:lang="eu">LightWave objektua</comment><comment xml:lang="fi">LightWave-esine</comment><comment xml:lang="fr">objet LightWave</comment><comment xml:lang="hu">LightWave-objektum</comment><comment xml:lang="it">Oggetto LightWave</comment><comment xml:lang="ja">LightWave &#x30AA;&#x30D6;&#x30B8;&#x30A7;&#x30AF;&#x30C8;</comment><comment xml:lang="ko">LightWave &#xAC1C;&#xCCB4;</comment><comment xml:lang="ms">Objek LightWave</comment><comment xml:lang="nb">LightWave-objekt</comment><comment xml:lang="nl">LightWave-object</comment><comment xml:lang="nn">LightWave-objekt</comment><comment xml:lang="no">LightWave-objekt</comment><comment xml:lang="pl">Obiekt LightWave</comment><comment xml:lang="pt">Objecto LightWave</comment><comment xml:lang="pt_BR">Objeto LightWave</comment><comment xml:lang="sq">Objekt LightWave</comment><comment xml:lang="sr">LightWave &#x43E;&#x431;&#x458;&#x435;&#x43A;&#x430;&#x442;</comment><comment xml:lang="sv">LightWave-objekt</comment><comment xml:lang="uk">&#x41E;&#x431;'&#x454;&#x43A;&#x442; LightWave</comment><comment xml:lang="zh_CN">LightWave &#x5BF9;&#x8C61;</comment></mime-type>
