<?xml version="1.0"?>
<mime-type xmlns="http://www.freedesktop.org/standards/shared-mime-info" type="image/x-lws"><!--Created automatically by update-mime-database. DO NOT EDIT!--><comment>LightWave scene</comment><comment xml:lang="az">LightWave s&#x259;hn&#x259;si</comment><comment xml:lang="bg">&#x421;&#x446;&#x435;&#x43D;&#x430;, &#x444;&#x43E;&#x440;&#x43C;&#x430;&#x442; LightWave</comment><comment xml:lang="cs">Sc&#xE9;na LightWave</comment><comment xml:lang="cy">Golygfa LightWave</comment><comment xml:lang="de">LightWave-Szene</comment><comment xml:lang="el">&#x3C3;&#x3BA;&#x3B7;&#x3BD;&#x3AE; LightWave</comment><comment xml:lang="eo">LightWave-sceno</comment><comment xml:lang="es">Escena LightWave</comment><comment xml:lang="eu">LightWave eszena</comment><comment xml:lang="fi">LightWave-maisema</comment><comment xml:lang="fr">sc&#xE8;ne LightWave</comment><comment xml:lang="hu">LightWave-jelenet</comment><comment xml:lang="it">Scena LightWave</comment><comment xml:lang="ja">LightWave &#x30B7;&#x30FC;&#x30F3;</comment><comment xml:lang="ko">LightWave &#xC7A5;&#xBA74;</comment><comment xml:lang="ms">Babak LightWave</comment><comment xml:lang="nb">LightWave-scene</comment><comment xml:lang="nl">LightWave-sc&#xE8;ne</comment><comment xml:lang="nn">LightWave-scene</comment><comment xml:lang="no">LightWave-scene</comment><comment xml:lang="pl">Scena Lightwave</comment><comment xml:lang="pt">cen&#xE1;rio LightWave</comment><comment xml:lang="pt_BR">Cena LightWave</comment><comment xml:lang="sq">Sken&#xEB; LightWave</comment><comment xml:lang="sr">LightWave &#x441;&#x446;&#x435;&#x43D;&#x430;</comment><comment xml:lang="sv">LightWave-scen</comment><comment xml:lang="uk">&#x421;&#x446;&#x435;&#x43D;&#x430; LightWave</comment><comment xml:lang="zh_CN">LightWave &#x573A;&#x666F;</comment></mime-type>
