<?xml version="1.0"?>
<mime-type xmlns="http://www.freedesktop.org/standards/shared-mime-info" type="image/x-msod"><!--Created automatically by update-mime-database. DO NOT EDIT!--><comment>Microsoft Office drawing</comment><comment xml:lang="bg">&#x427;&#x435;&#x440;&#x442;&#x435;&#x436;, &#x444;&#x43E;&#x440;&#x43C;&#x430;&#x442; Microsoft Office</comment><comment xml:lang="cs">Kresba Microsoft Office</comment><comment xml:lang="de">Microsoft Office-Zeichnung</comment><comment xml:lang="el">&#x3C3;&#x3C7;&#x3AD;&#x3B4;&#x3B9;&#x3BF; Microsoft Office</comment><comment xml:lang="eo">grafika&#x135;o de Microsoft Office</comment><comment xml:lang="es">Dibujo de Microsoft Office</comment><comment xml:lang="eu">MS Office marrazkia</comment><comment xml:lang="fi">Microsoft Office -piirros</comment><comment xml:lang="fr">dessin Microsoft Office</comment><comment xml:lang="hu">Microsoft Office-rajz</comment><comment xml:lang="it">Disegno Microsoft Office</comment><comment xml:lang="ja">Microsoft Office &#x7D75;</comment><comment xml:lang="ko">&#xB9C8;&#xC774;&#xD06C;&#xB85C;&#xC18C;&#xD504;&#xD2B8; &#xC624;&#xD53C;&#xC2A4; &#xB4DC;&#xB85C;&#xC789;</comment><comment xml:lang="ms">Lukisan Mcrosoft Office</comment><comment xml:lang="nb">Microsoft Office-tegning</comment><comment xml:lang="nl">Microsoft Office-tekening</comment><comment xml:lang="nn">Microsoft Office-teikning</comment><comment xml:lang="no">Microsoft Office-tegning</comment><comment xml:lang="pl">Rysunek Microsoft Office</comment><comment xml:lang="pt">desenho do Microsoft Office</comment><comment xml:lang="pt_BR">Desenho Microsoft Office</comment><comment xml:lang="sq">Vizatim Microsoft Office</comment><comment xml:lang="sr">&#x41C;&#x438;&#x43A;&#x440;&#x43E;&#x441;&#x43E;&#x444;&#x442; &#x41E;&#x444;&#x438;&#x441; &#x446;&#x440;&#x442;&#x435;&#x436;</comment><comment xml:lang="sv">Microsoft Office-teckning</comment><comment xml:lang="uk">&#x41C;&#x430;&#x43B;&#x44E;&#x43D;&#x43E;&#x43A; Microsoft Office</comment><comment xml:lang="zh_CN">Microsoft Office &#x7ED8;&#x56FE;</comment></mime-type>
