<?xml version="1.0"?>
<mime-type xmlns="http://www.freedesktop.org/standards/shared-mime-info" type="image/x-photo-cd"><!--Created automatically by update-mime-database. DO NOT EDIT!--><comment>PhotoCD image</comment><comment xml:lang="az">PhotoCD r&#x259;smi</comment><comment xml:lang="bg">&#x418;&#x437;&#x43E;&#x431;&#x440;&#x430;&#x436;&#x435;&#x43D;&#x438;&#x435;, &#x444;&#x43E;&#x440;&#x43C;&#x430;&#x442; PhotoCD</comment><comment xml:lang="cs">Obr&#xE1;zek PhotoCD</comment><comment xml:lang="cy">Delwedd PhotoCD</comment><comment xml:lang="de">PhotoCD-Bild</comment><comment xml:lang="el">&#x3B5;&#x3B9;&#x3BA;&#x3CC;&#x3BD;&#x3B1; PhotoCD</comment><comment xml:lang="eo">PhotoCD-bildo</comment><comment xml:lang="es">Imagen de PhotoCD</comment><comment xml:lang="eu">PhotoCD irudia</comment><comment xml:lang="fi">PhotoCD-kuva</comment><comment xml:lang="fr">image PhotoCD</comment><comment xml:lang="hu">PhotoCD-k&#xE9;p</comment><comment xml:lang="it">Immagine PhotoCD</comment><comment xml:lang="ja">PhotoCD &#x30A4;&#x30E1;&#x30FC;&#x30B8;</comment><comment xml:lang="ko">PhotoCD &#xADF8;&#xB9BC;</comment><comment xml:lang="ms">Imej PhotoCD</comment><comment xml:lang="nb">PhotoCD-bilde</comment><comment xml:lang="nl">PhotoCD-beeldbestand</comment><comment xml:lang="nn">Photo CD-bilete</comment><comment xml:lang="no">PhotoCD-bilde</comment><comment xml:lang="pl">Obraz PhotoCD</comment><comment xml:lang="pt">imagem de PhotoCD</comment><comment xml:lang="pt_BR">Imagem de PhotoCD</comment><comment xml:lang="sq">Imazh PhotoCD</comment><comment xml:lang="sr">&#x424;&#x43E;&#x442;&#x43E; &#x426;&#x435;-&#x414;&#x435; &#x441;&#x43B;&#x438;&#x43A;&#x430;</comment><comment xml:lang="sv">PhotoCD-bild</comment><comment xml:lang="uk">&#x417;&#x43E;&#x431;&#x440;&#x430;&#x436;&#x435;&#x43D;&#x43D;&#x44F; PhotoCD</comment><comment xml:lang="zh_CN">PhotoCD &#x56FE;&#x50CF;</comment></mime-type>
