<?xml version="1.0"?>
<mime-type xmlns="http://www.freedesktop.org/standards/shared-mime-info" type="image/x-pict"><!--Created automatically by update-mime-database. DO NOT EDIT!--><comment>Macintosh Quickdraw/PICT drawing</comment><comment xml:lang="bg">&#x427;&#x435;&#x440;&#x442;&#x435;&#x436;, &#x444;&#x43E;&#x440;&#x43C;&#x430;&#x442; Macintosh&#xB7;Quickdraw/PICT</comment><comment xml:lang="cs">Kresba Macintosh Quickdraw/PICT</comment><comment xml:lang="de">Macintosh Quickdraw/PICT-Zeichnung</comment><comment xml:lang="el">&#x3C3;&#x3C7;&#x3AD;&#x3B4;&#x3B9;&#x3BF; Macintosh Quickdraw/PICT</comment><comment xml:lang="eo">Quickdraw/PICT-grafika&#x135;o de Macintosh</comment><comment xml:lang="es">Dibujo de Macintosh Quickdraw/PICT</comment><comment xml:lang="eu">Macintosh Quickdraw/PICT marrazkia</comment><comment xml:lang="fi">Macintosh Quickdraw/PICT -piirros</comment><comment xml:lang="fr">dessin Macintosh Quickdraw/PICT</comment><comment xml:lang="hu">Macintosh Quickdraw/PICT-rajz</comment><comment xml:lang="ja">Macintosh Quickdraw/PICT &#x7D75;</comment><comment xml:lang="ko">&#xB9E5;&#xD0A8;&#xD1A0;&#xC2DC; Quickdraw/PICT &#xADF8;&#xB9BC;</comment><comment xml:lang="ms">Lukisan Macintosh Quickdraw/PICT</comment><comment xml:lang="nb">Macintosh Quickdraw/PICT-tegning</comment><comment xml:lang="nl">Macintosh Quickdraw/PICT-tekening</comment><comment xml:lang="nn">Macintosh Quickdraw/PICT-teikning</comment><comment xml:lang="pl">Rysunek Quickdraw/PICT Macintosha</comment><comment xml:lang="pt">desenho Quickdraw/PICT de Macintosh</comment><comment xml:lang="pt_BR">Desenho do Macintosh Quickdraw/PICT</comment><comment xml:lang="sq">Vizatim Macintosh Quickdraw/PICT</comment><comment xml:lang="sr">&#x41C;&#x435;&#x43A;&#x438;&#x43D;&#x442;&#x43E;&#x448; Quickdraw/PICT &#x446;&#x440;&#x442;&#x435;&#x436;</comment><comment xml:lang="sv">Macintosh Quickdraw/PICT-teckning</comment><comment xml:lang="uk">&#x41C;&#x430;&#x43B;&#x44E;&#x43D;&#x43E;&#x43A; Macintosh Quickdraw/PICT</comment><comment xml:lang="zh_CN">Macintosh Quickdraw/PICT &#x7ED8;&#x56FE;</comment></mime-type>
