<?xml version="1.0"?>
<mime-type xmlns="http://www.freedesktop.org/standards/shared-mime-info" type="image/x-portable-bitmap"><!--Created automatically by update-mime-database. DO NOT EDIT!--><comment>Portable Bitmap File Format</comment><comment xml:lang="az">Portable Bitmap Fayl Format&#x131;</comment><comment xml:lang="bg">&#x418;&#x437;&#x43E;&#x431;&#x440;&#x430;&#x436;&#x435;&#x43D;&#x438;&#x435;, &#x444;&#x43E;&#x440;&#x43C;&#x430;&#x442; Portable&#xB7;Bitmap</comment><comment xml:lang="cs">Form&#xE1;t soubor&#x16F; Portable Bitmap</comment><comment xml:lang="cy">Ffeiliau Fformat Pixfap Cludadwy</comment><comment xml:lang="de">Portables Bitmap-Dateiformat</comment><comment xml:lang="el">&#x395;&#x3B9;&#x3BA;&#x3CC;&#x3BD;&#x3B1; Portable Bitmap (PBM)</comment><comment xml:lang="es">Formato de fichero en mapa de bits portable</comment><comment xml:lang="eu">Bitmap fitxategi eramangarridun formatua</comment><comment xml:lang="fi">siirrett&#xE4;v&#xE4; bittikarttatiedostomuoto</comment><comment xml:lang="fr">format de fichier Portable Bitmap</comment><comment xml:lang="hu">Portable Bitmap-f&#xE1;jlform&#xE1;tum</comment><comment xml:lang="ja">&#x30DD;&#x30FC;&#x30BF;&#x30D6;&#x30EB;&#x30D3;&#x30C3;&#x30C8;&#x30DE;&#x30C3;&#x30D7;&#x30D5;&#x30A1;&#x30A4;&#x30EB;&#x5F62;&#x5F0F;</comment><comment xml:lang="ko">&#xC774;&#xC2DD; &#xAC00;&#xB2A5;&#xD55C; &#xBE44;&#xD2B8;&#xB9F5; &#xD30C;&#xC77C; &#xD615;&#xC2DD;</comment><comment xml:lang="ms">Format Fail Bitmap mudahalih</comment><comment xml:lang="nb">Portable Bitmap filformat</comment><comment xml:lang="nl">Portable Bitmap-bestandsformaat</comment><comment xml:lang="nn">Portable Bitmap File-format</comment><comment xml:lang="pl">Format pliku przeno&#x15B;nej mapy bitowej</comment><comment xml:lang="pt">Formato de Ficheiro Port&#xE1;vel Bitmap</comment><comment xml:lang="pt_BR">Formato de Arquivo de Bitmap Port&#xE1;vel</comment><comment xml:lang="sq">File n&#xEB; Formatin Portable Bitmap</comment><comment xml:lang="sr">&#x41F;&#x43E;&#x440;&#x442;&#x430;&#x431;&#x438;&#x43B;&#x43D;&#x438; &#x437;&#x430;&#x43F;&#x438;&#x441; &#x431;&#x438;&#x442;&#x43C;&#x430;&#x43F;&#x438;&#x440;&#x430;&#x43D;&#x438;&#x445; &#x434;&#x430;&#x442;&#x43E;&#x442;&#x435;&#x43A;&#x430;</comment><comment xml:lang="sv">Portabelt bitmapp-filformat</comment><comment xml:lang="uk">&#x41F;&#x435;&#x440;&#x435;&#x43D;&#x43E;&#x441;&#x43D;&#x435; &#x431;&#x456;&#x442;&#x43E;&#x432;&#x435; &#x437;&#x43E;&#x431;&#x440;&#x430;&#x436;&#x435;&#x43D;&#x43D;&#x44F;</comment><comment xml:lang="zh_CN">&#x4FBF;&#x643A;&#x5F0F;&#x4F4D;&#x56FE;&#x6587;&#x4EF6;&#x683C;&#x5F0F;</comment></mime-type>
