<?xml version="1.0"?>
<mime-type xmlns="http://www.freedesktop.org/standards/shared-mime-info" type="image/x-portable-pixmap"><!--Created automatically by update-mime-database. DO NOT EDIT!--><comment>Portable Pixmap File Format</comment><comment xml:lang="az">Portable Pixmap Fayl Format&#x131;</comment><comment xml:lang="bg">&#x418;&#x437;&#x43E;&#x431;&#x440;&#x430;&#x436;&#x435;&#x43D;&#x438;&#x435;, &#x444;&#x43E;&#x440;&#x43C;&#x430;&#x442; Portable&#xB7;Pixmap</comment><comment xml:lang="cs">Form&#xE1;t souboru Portable Pixmap</comment><comment xml:lang="cy">Delwedd Pixmap Cludadwy</comment><comment xml:lang="de">Portables Pixmap-Dateiformat</comment><comment xml:lang="el">&#x395;&#x3B9;&#x3BA;&#x3CC;&#x3BD;&#x3B1; Portable Pixmap (PPM)</comment><comment xml:lang="es">Formato de fichero de pixmap portable</comment><comment xml:lang="eu">Pixmap fitxategi eramangarridun formatua</comment><comment xml:lang="fi">siirrett&#xE4;v&#xE4; pikselikarttatiedostomuoto</comment><comment xml:lang="fr">format de fichier Portable Pixmap</comment><comment xml:lang="hu">Portable Pixmap-f&#xE1;jlform&#xE1;tum</comment><comment xml:lang="ja">&#x30DD;&#x30FC;&#x30BF;&#x30D6;&#x30EB;&#x30D4;&#x30AF;&#x30B9;&#x30DE;&#x30C3;&#x30D7;&#x30D5;&#x30A1;&#x30A4;&#x30EB;&#x5F62;&#x5F0F;</comment><comment xml:lang="ko">&#xC774;&#xC2DD; &#xAC00;&#xB2A5;&#xD55C; &#xD53D;&#xC2A4;&#xB9F5; &#xD30C;&#xC77C; &#xD615;&#xC2DD;</comment><comment xml:lang="ms">Format Fail Pixmap Mudahalih</comment><comment xml:lang="nb">Portabelt Pixmap-filformat</comment><comment xml:lang="nl">Portable Pixmap-bestandsformaat</comment><comment xml:lang="nn">Portable Pixmap File-format</comment><comment xml:lang="no">Portabelt Pixmap-filformat</comment><comment xml:lang="pl">Format pliku przeno&#x15B;nej piksmapy</comment><comment xml:lang="pt">Formato de Ficheiro Port&#xE1;vel Pixmap</comment><comment xml:lang="pt_BR">Formato de Arquivo de Pixmap Port&#xE1;vel</comment><comment xml:lang="sq">File n&#xEB; Formatin Portable Pixmap</comment><comment xml:lang="sr">&#x41F;&#x43E;&#x440;&#x442;&#x430;&#x431;&#x438;&#x43B;&#x43D;&#x438; &#x437;&#x430;&#x43F;&#x438;&#x441; &#x43F;&#x438;&#x43A;&#x441;&#x43C;&#x430;&#x43F;&#x430;</comment><comment xml:lang="sv">Portabelt pixmap-filformat</comment><comment xml:lang="uk">&#x41F;&#x435;&#x440;&#x435;&#x43D;&#x43E;&#x441;&#x43D;&#x435; &#x442;&#x43E;&#x447;&#x43A;&#x43E;&#x432;&#x435; &#x437;&#x43E;&#x431;&#x440;&#x430;&#x436;&#x435;&#x43D;&#x43D;&#x44F;</comment><comment xml:lang="zh_CN">&#x4FBF;&#x643A;&#x5F0F;&#x50CF;&#x7D20;&#x56FE;&#x6587;&#x4EF6;&#x683C;&#x5F0F;</comment></mime-type>
