<?xml version="1.0"?>
<mime-type xmlns="http://www.freedesktop.org/standards/shared-mime-info" type="image/x-portable-anymap"><!--Created automatically by update-mime-database. DO NOT EDIT!--><comment>PNM image</comment><comment xml:lang="az">PNM r&#x259;smi</comment><comment xml:lang="bg">&#x418;&#x437;&#x43E;&#x431;&#x440;&#x430;&#x436;&#x435;&#x43D;&#x438;&#x435;, &#x444;&#x43E;&#x440;&#x43C;&#x430;&#x442; PNM</comment><comment xml:lang="cs">Obr&#xE1;zek PNM</comment><comment xml:lang="cy">Delwedd PNM</comment><comment xml:lang="de">PNM-Bild</comment><comment xml:lang="el">&#x3B5;&#x3B9;&#x3BA;&#x3CC;&#x3BD;&#x3B1; PNM</comment><comment xml:lang="eo">PNM-bildo</comment><comment xml:lang="es">Imagen PNM</comment><comment xml:lang="eu">PNM irudia</comment><comment xml:lang="fi">PNM-kuva</comment><comment xml:lang="fr">image PNM</comment><comment xml:lang="hu">PNM-k&#xE9;p</comment><comment xml:lang="it">Immagine PNM</comment><comment xml:lang="ja">PNM &#x753B;&#x50CF;</comment><comment xml:lang="ko">PNM &#xADF8;&#xB9BC;</comment><comment xml:lang="ms">Imej PNM</comment><comment xml:lang="nb">PNM-bilde</comment><comment xml:lang="nl">PNM-afbeelding</comment><comment xml:lang="nn">PNM-bilete</comment><comment xml:lang="no">PNM-bilde</comment><comment xml:lang="pl">Obraz PNM</comment><comment xml:lang="pt">imagem PNM</comment><comment xml:lang="pt_BR">Imagem PNM</comment><comment xml:lang="sq">Figur&#xEB; PNM</comment><comment xml:lang="sr">PNM &#x441;&#x43B;&#x438;&#x43A;&#x430;</comment><comment xml:lang="sv">PNM-bild</comment><comment xml:lang="uk">&#x417;&#x43E;&#x431;&#x440;&#x430;&#x436;&#x435;&#x43D;&#x43D;&#x44F; PNM</comment><comment xml:lang="zh_CN">PNM &#x56FE;&#x50CF;</comment></mime-type>
