<?xml version="1.0"?>
<mime-type xmlns="http://www.freedesktop.org/standards/shared-mime-info" type="image/x-portable-graymap"><!--Created automatically by update-mime-database. DO NOT EDIT!--><comment>Portable Graymap File Format</comment><comment xml:lang="az">Portable Graymap Fayl Format&#x131;</comment><comment xml:lang="bg">&#x418;&#x437;&#x43E;&#x431;&#x440;&#x430;&#x436;&#x435;&#x43D;&#x438;&#x435;, &#x444;&#x43E;&#x440;&#x43C;&#x430;&#x442; Portable&#xB7;Graymap</comment><comment xml:lang="cs">Form&#xE1;t soubor&#x16F; Portable Graymap</comment><comment xml:lang="cy">Ffeiliau Fformat Llwydfap Cludadwy</comment><comment xml:lang="de">Portables Greymap-Dateiformat</comment><comment xml:lang="el">&#x395;&#x3B9;&#x3BA;&#x3CC;&#x3BD;&#x3B1; Portable Graymap (PGM)</comment><comment xml:lang="es">Formato de fichero en mapa de grises portable</comment><comment xml:lang="eu">Graymap fitxategi eramangarridun formatua</comment><comment xml:lang="fi">siirrett&#xE4;v&#xE4; harmaas&#xE4;vytiedostomuoto</comment><comment xml:lang="fr">format de fichier Portable Graymap</comment><comment xml:lang="hu">Portable Graymap-f&#xE1;jlform&#xE1;tum</comment><comment xml:lang="ja">&#x30DD;&#x30FC;&#x30BF;&#x30D6;&#x30EB;&#x30B0;&#x30EC;&#x30A4;&#x30DE;&#x30C3;&#x30D7;&#x30D5;&#x30A1;&#x30A4;&#x30EB;&#x5F62;&#x5F0F;</comment><comment xml:lang="ko">&#xC774;&#xC2DD; &#xAC00;&#xB2A5;&#xD55C; &#xADF8;&#xB808;&#xC774;&#xB9F5; &#xD30C;&#xC77C; &#xD615;&#xC2DD;</comment><comment xml:lang="ms">Format Fail Graymap Mudahalih</comment><comment xml:lang="nb">Portable Graymap filformat</comment><comment xml:lang="nl">Portable Graymap-bestandsformaat</comment><comment xml:lang="nn">Portable Graymap File-format</comment><comment xml:lang="pl">Format pliku przeno&#x15B;nej mapy szro&#x15B;ci</comment><comment xml:lang="pt">Formato de Ficheiro Port&#xE1;vel Graymap</comment><comment xml:lang="pt_BR">Formato de Arquivo de Mapa de Cinza Port&#xE1;vel</comment><comment xml:lang="sq">File n&#xEB; Formatin Portable Graymap</comment><comment xml:lang="sr">&#x41F;&#x43E;&#x440;&#x442;&#x430;&#x431;&#x438;&#x43B;&#x43D;&#x438; &#x437;&#x430;&#x43F;&#x438;&#x441; &#x441;&#x43B;&#x438;&#x43A;&#x430; &#x443; &#x441;&#x438;&#x432;&#x438;&#x43C; &#x43D;&#x438;&#x458;&#x430;&#x43D;&#x441;&#x430;&#x43C;&#x430;</comment><comment xml:lang="sv">Portabelt gr&#xE5;skale-filformat</comment><comment xml:lang="uk">&#x424;&#x430;&#x439;&#x43B; &#x443; &#x444;&#x43E;&#x440;&#x43C;&#x430;&#x442;&#x456; &#x43F;&#x435;&#x440;&#x435;&#x43D;&#x43E;&#x441;&#x43D;&#x43E;&#x433;&#x43E; Graymap</comment><comment xml:lang="zh_CN">&#x4FBF;&#x643A;&#x5F0F;&#x7070;&#x5EA6;&#x56FE;&#x6587;&#x4EF6;&#x683C;&#x5F0F;</comment></mime-type>
