<?xml version="1.0"?>
<mime-type xmlns="http://www.freedesktop.org/standards/shared-mime-info" type="image/x-psd"><!--Created automatically by update-mime-database. DO NOT EDIT!--><comment>Photoshop image</comment><comment xml:lang="bg">&#x418;&#x437;&#x43E;&#x431;&#x440;&#x430;&#x436;&#x435;&#x43D;&#x438;&#x435;, &#x444;&#x43E;&#x440;&#x43C;&#x430;&#x442; Photoshop</comment><comment xml:lang="cs">Obr&#xE1;zek Photoshop</comment><comment xml:lang="de">Photoshop-Bild</comment><comment xml:lang="el">&#x3B5;&#x3B9;&#x3BA;&#x3CC;&#x3BD;&#x3B1; Photoshop</comment><comment xml:lang="eo">Photoshop-bildo</comment><comment xml:lang="es">Imagen de Photoshop</comment><comment xml:lang="eu">Photoshop irudia</comment><comment xml:lang="fi">Photoshop-kuva</comment><comment xml:lang="fr">image Photoshop</comment><comment xml:lang="hu">Photoshop-k&#xE9;p</comment><comment xml:lang="it">Immagine Photoshop</comment><comment xml:lang="ja">Photoshop &#x753B;&#x50CF;</comment><comment xml:lang="ko">Photoshop &#xADF8;&#xB9BC;</comment><comment xml:lang="ms">Imej Photoshop</comment><comment xml:lang="nb">Photoshop-bilde</comment><comment xml:lang="nl">Photoshop-afbeelding</comment><comment xml:lang="nn">Photoshop-bilete</comment><comment xml:lang="no">Photoshop-bilde</comment><comment xml:lang="pl">Obraz Photoshopa</comment><comment xml:lang="pt">imagem do Photoshop</comment><comment xml:lang="pt_BR">Imagem do Photoshop</comment><comment xml:lang="sq">Figur&#xEB; Photoshop</comment><comment xml:lang="sr">&#x424;&#x43E;&#x442;&#x43E;&#x448;&#x43E;&#x43F; &#x441;&#x43B;&#x438;&#x43A;&#x430;</comment><comment xml:lang="sv">Photoshop-bild</comment><comment xml:lang="uk">&#x417;&#x43E;&#x431;&#x440;&#x430;&#x436;&#x435;&#x43D;&#x43D;&#x44F; Photoshop</comment><comment xml:lang="zh_CN">Photoshop &#x56FE;&#x50CF;</comment></mime-type>
