<?xml version="1.0"?>
<mime-type xmlns="http://www.freedesktop.org/standards/shared-mime-info" type="image/x-rgb"><!--Created automatically by update-mime-database. DO NOT EDIT!--><comment>RGB image</comment><comment xml:lang="az">RGB r&#x259;smi</comment><comment xml:lang="bg">&#x418;&#x437;&#x43E;&#x431;&#x440;&#x430;&#x436;&#x435;&#x43D;&#x438;&#x435;, &#x444;&#x43E;&#x440;&#x43C;&#x430;&#x442; RGB</comment><comment xml:lang="cs">Obr&#xE1;zek RGB</comment><comment xml:lang="cy">Delwedd RGB</comment><comment xml:lang="de">RGB-Bild</comment><comment xml:lang="el">&#x3B5;&#x3B9;&#x3BA;&#x3CC;&#x3BD;&#x3B1; RGB</comment><comment xml:lang="eo">RGB-bildo</comment><comment xml:lang="es">Imagen RGB</comment><comment xml:lang="eu">RGB irudia</comment><comment xml:lang="fi">RGB-kuva</comment><comment xml:lang="fr">image RGB</comment><comment xml:lang="hu">RGB-k&#xE9;p</comment><comment xml:lang="it">Immagine RGB</comment><comment xml:lang="ja">RGB &#x753B;&#x50CF;</comment><comment xml:lang="ko">RGB &#xADF8;&#xB9BC;</comment><comment xml:lang="ms">Imej RGB</comment><comment xml:lang="nb">RGB-bilde</comment><comment xml:lang="nl">RGB-afbeelding</comment><comment xml:lang="nn">RGB-bilete</comment><comment xml:lang="no">RGB-bilde</comment><comment xml:lang="pl">Obraz RGB</comment><comment xml:lang="pt">imagem RGB</comment><comment xml:lang="pt_BR">Imagem RGB</comment><comment xml:lang="sq">Figur&#xEB; RGB</comment><comment xml:lang="sr">RGB &#x441;&#x43B;&#x438;&#x43A;&#x430;</comment><comment xml:lang="sv">RGB-bild</comment><comment xml:lang="uk">&#x417;&#x43E;&#x431;&#x440;&#x430;&#x436;&#x435;&#x43D;&#x43D;&#x44F; RGB</comment><comment xml:lang="zh_CN">RGB &#x56FE;&#x50CF;</comment></mime-type>
