<?xml version="1.0"?>
<mime-type xmlns="http://www.freedesktop.org/standards/shared-mime-info" type="image/x-sgi"><!--Created automatically by update-mime-database. DO NOT EDIT!--><comment>Silicon Graphics IRIS image</comment><comment xml:lang="bg">&#x418;&#x437;&#x43E;&#x431;&#x440;&#x430;&#x436;&#x435;&#x43D;&#x438;&#x435;, &#x444;&#x43E;&#x440;&#x43C;&#x430;&#x442; Silicon&#xB7;Graphics&#xB7;IRIS</comment><comment xml:lang="cs">Obr&#xE1;zek Silicon Graphics IRIS</comment><comment xml:lang="de">Silicon Graphics-IRIS-Bild</comment><comment xml:lang="el">&#x3B5;&#x3B9;&#x3BA;&#x3CC;&#x3BD;&#x3B1; Silicon Graphics IRIS</comment><comment xml:lang="eo">bildo de Silicon Graphics IRIS</comment><comment xml:lang="es">Imagen de Silicon Graphics IRIS</comment><comment xml:lang="eu">Silicon Graphics IRIS irudia</comment><comment xml:lang="fi">Silicon Graphics IRIS -kuva</comment><comment xml:lang="fr">image Silicon Graphics IRIS</comment><comment xml:lang="hu">Silicon Graphics IRIS-k&#xE9;p</comment><comment xml:lang="it">Immagine IRIS Silicon Graphics</comment><comment xml:lang="ja">Silicon Graphics IRIS &#x753B;&#x50CF;</comment><comment xml:lang="ko">Silicon Graphics IRIS &#xADF8;&#xB9BC;</comment><comment xml:lang="ms">Imej Silicon Graphics IRIS</comment><comment xml:lang="nb">Silicon Graphics IRIS-bilde</comment><comment xml:lang="nl">Silicon Graphics IRIS-afbeelding</comment><comment xml:lang="nn">Silicon Graphics IRIS-bilete</comment><comment xml:lang="pl">Obraz Silicon Graphics IRIS</comment><comment xml:lang="pt">imagem Silicon Graphics IRIS</comment><comment xml:lang="pt_BR">Imagem do Silicon Graphics IRIS</comment><comment xml:lang="sq">Figur&#xEB; Silicon Graphics IRIS</comment><comment xml:lang="sr">Silicon Graphics IRIS &#x441;&#x43B;&#x438;&#x43A;&#x430;</comment><comment xml:lang="sv">Silicon Graphics IRIS-bild</comment><comment xml:lang="uk">&#x417;&#x43E;&#x431;&#x440;&#x430;&#x436;&#x435;&#x43D;&#x43D;&#x44F; Silicon Graphics IRIS</comment><comment xml:lang="zh_CN">Silicon Graphics IRIS &#x56FE;&#x50CF;</comment></mime-type>
