<?xml version="1.0"?>
<mime-type xmlns="http://www.freedesktop.org/standards/shared-mime-info" type="image/x-sun-raster"><!--Created automatically by update-mime-database. DO NOT EDIT!--><comment>SUN Rasterfile image</comment><comment xml:lang="bg">&#x418;&#x437;&#x43E;&#x431;&#x440;&#x430;&#x436;&#x435;&#x43D;&#x438;&#x435;, &#x444;&#x43E;&#x440;&#x43C;&#x430;&#x442; SUN Rasterfile</comment><comment xml:lang="cs">Obr&#xE1;zek SUN Rasterfile</comment><comment xml:lang="de">SUN-Rasterfile-Bild</comment><comment xml:lang="el">&#x3B5;&#x3B9;&#x3BA;&#x3CC;&#x3BD;&#x3B1; SUN Rasterfile</comment><comment xml:lang="eo">Rasterfile-bildo de SUN</comment><comment xml:lang="es">Imagen de SUN Rasterfile</comment><comment xml:lang="eu">SUN bilbe-fitxategi irudia</comment><comment xml:lang="fi">SUN-rasterikuva</comment><comment xml:lang="fr">image SUN Rasterfile</comment><comment xml:lang="hu">SUN Rasterfile-k&#xE9;p</comment><comment xml:lang="it">Immagine Rasterfile SUN</comment><comment xml:lang="ja">SUN &#x30E9;&#x30B9;&#x30BF;&#x30D5;&#x30A1;&#x30A4;&#x30EB;&#x753B;&#x50CF;</comment><comment xml:lang="ko">SUN &#xB798;&#xC2A4;&#xD130;&#xD30C;&#xC77C; &#xADF8;&#xB9BC;</comment><comment xml:lang="ms">Imej fail raster SUN</comment><comment xml:lang="nb">SUN rasterfil-bilde</comment><comment xml:lang="nl">SUN Rasterbestand-afbeelding</comment><comment xml:lang="nn">SUN Rasterfile-bilete</comment><comment xml:lang="no">SUN rasterfil-bilde</comment><comment xml:lang="pl">Obraz rastrowy Sun</comment><comment xml:lang="pt">imagem Rasterfile SUN</comment><comment xml:lang="pt_BR">Imagem do SUN Rasterfile</comment><comment xml:lang="sq">Imazh Rasterfile SUN</comment><comment xml:lang="sr">SUN &#x440;&#x430;&#x441;&#x442;&#x435;&#x440;&#x441;&#x43A;&#x430; &#x434;&#x430;&#x442;&#x43E;&#x442;&#x435;&#x43A;&#x430;</comment><comment xml:lang="sv">SUN Rasterfile-bild</comment><comment xml:lang="uk">&#x417;&#x43E;&#x431;&#x440;&#x430;&#x436;&#x435;&#x43D;&#x43D;&#x44F; SUN Rasterfile</comment><comment xml:lang="zh_CN">SUN Rasterfile &#x56FE;&#x50CF;</comment></mime-type>
