<?xml version="1.0"?>
<mime-type xmlns="http://www.freedesktop.org/standards/shared-mime-info" type="image/x-tga"><!--Created automatically by update-mime-database. DO NOT EDIT!--><comment>TarGA image</comment><comment xml:lang="az">TarGA r&#x259;smi</comment><comment xml:lang="bg">&#x418;&#x437;&#x43E;&#x431;&#x440;&#x430;&#x436;&#x435;&#x43D;&#x438;&#x435;, &#x444;&#x43E;&#x440;&#x43C;&#x430;&#x442; TarGA</comment><comment xml:lang="cs">Obr&#xE1;zek TarGA</comment><comment xml:lang="cy">Delwedd TarGA</comment><comment xml:lang="de">TarGA-Bild</comment><comment xml:lang="el">&#x3B5;&#x3B9;&#x3BA;&#x3CC;&#x3BD;&#x3B1; TarGA</comment><comment xml:lang="eo">TarGA-bildo</comment><comment xml:lang="es">Imagen TarGA</comment><comment xml:lang="eu">TarGA irudia</comment><comment xml:lang="fi">TarGA-kuva</comment><comment xml:lang="fr">image TarGA</comment><comment xml:lang="hu">TarGA-k&#xE9;p</comment><comment xml:lang="it">Immagine TarGA</comment><comment xml:lang="ja">TarGA &#x753B;&#x50CF;</comment><comment xml:lang="ko">TarGA &#xADF8;&#xB9BC;</comment><comment xml:lang="ms">Imej TarGA</comment><comment xml:lang="nb">TarGA-bilde</comment><comment xml:lang="nl">TarGA-afbeelding</comment><comment xml:lang="nn">TarGA-bilete</comment><comment xml:lang="no">TarGA-bilde</comment><comment xml:lang="pl">Obraz TarGA</comment><comment xml:lang="pt">imagem TarGA</comment><comment xml:lang="pt_BR">Imagem TarGA</comment><comment xml:lang="sq">Figur&#xEB; TarGA</comment><comment xml:lang="sr">TarGA &#x441;&#x43B;&#x438;&#x43A;&#x430;</comment><comment xml:lang="sv">TarGA-bild</comment><comment xml:lang="uk">&#x417;&#x43E;&#x431;&#x440;&#x430;&#x436;&#x435;&#x43D;&#x43D;&#x44F; TarGA</comment><comment xml:lang="zh_CN">TarGA &#x56FE;&#x50CF;</comment></mime-type>
