<?xml version="1.0"?>
<mime-type xmlns="http://www.freedesktop.org/standards/shared-mime-info" type="image/x-win-bitmap"><!--Created automatically by update-mime-database. DO NOT EDIT!--><comment>Windows cursor</comment><comment xml:lang="bg">&#x41A;&#x443;&#x440;&#x441;&#x43E;&#x440; &#x437;&#x430; Windows</comment><comment xml:lang="cs">Kurzor Windows</comment><comment xml:lang="de">Windows-Cursor</comment><comment xml:lang="el">&#x3B4;&#x3B5;&#x3AF;&#x3BA;&#x3C4;&#x3B7;&#x3C2; &#x3C0;&#x3B1;&#x3C1;&#x3B1;&#x3B8;&#x3C5;&#x3C1;&#x3B9;&#x3BA;&#x3BF;&#x3CD; &#x3C0;&#x3B5;&#x3C1;&#x3B9;&#x3B2;&#x3AC;&#x3BB;&#x3BB;&#x3BF;&#x3BD;&#x3C4;&#x3BF;&#x3C2;</comment><comment xml:lang="eo">Windows-kursoro</comment><comment xml:lang="es">Cursor de Windows</comment><comment xml:lang="eu">Windows kurtsorea</comment><comment xml:lang="fi">Windows-osoitin</comment><comment xml:lang="fr">curseur Windows</comment><comment xml:lang="hu">Windows-kurzor</comment><comment xml:lang="it">Cursore Windows</comment><comment xml:lang="ja">Windows &#x30AB;&#x30FC;&#x30BD;&#x30EB;</comment><comment xml:lang="ko">&#xC708;&#xB3C4;&#xC6B0;&#xC988; &#xCEE4;&#xC11C;</comment><comment xml:lang="ms">Kursor Windows</comment><comment xml:lang="nb">Windows-mark&#xF8;r</comment><comment xml:lang="nl">Windows-muisaanwijzer</comment><comment xml:lang="nn">Windows-mark&#xF8;r</comment><comment xml:lang="pl">Kursor Windows</comment><comment xml:lang="pt">cursor Windows</comment><comment xml:lang="pt_BR">Cursor do Windows</comment><comment xml:lang="ru">&#x43A;&#x443;&#x440;&#x441;&#x43E;&#x440; Windows</comment><comment xml:lang="sq">Kursor Windows</comment><comment xml:lang="sr">&#x412;&#x438;&#x43D;&#x434;&#x443;&#x437; &#x43A;&#x443;&#x440;&#x437;&#x43E;&#x440;</comment><comment xml:lang="sv">Windows-mark&#xF6;r</comment><comment xml:lang="uk">&#x41A;&#x443;&#x440;&#x441;&#x43E;&#x440; Windows</comment><comment xml:lang="zh_CN">Windows &#x5149;&#x6807;</comment></mime-type>
