<?xml version="1.0"?>
<mime-type xmlns="http://www.freedesktop.org/standards/shared-mime-info" type="image/x-wmf"><!--Created automatically by update-mime-database. DO NOT EDIT!--><comment>Microsoft WMF file</comment><comment xml:lang="bg">&#x424;&#x430;&#x439;&#x43B;, &#x444;&#x43E;&#x440;&#x43C;&#x430;&#x442; Microsoft WMF</comment><comment xml:lang="cs">Soubor Microsoft WMF</comment><comment xml:lang="de">Microsoft-WMF-Datei</comment><comment xml:lang="el">&#x3B1;&#x3C1;&#x3C7;&#x3B5;&#x3AF;&#x3BF; &#x3C0;&#x3BF;&#x3BB;&#x3C5;&#x3BC;&#x3AD;&#x3C3;&#x3C9;&#x3BD; Microsoft WMF</comment><comment xml:lang="eo">WMF-dosiero de Microsoft</comment><comment xml:lang="es">Fichero Microsoft WMF</comment><comment xml:lang="eu">Microsoft WMF bideoa</comment><comment xml:lang="fi">Microsoft WMF -tiedosto</comment><comment xml:lang="fr">fichier Microsoft WMV</comment><comment xml:lang="hu">Microsoft WMF-f&#xE1;jl</comment><comment xml:lang="it">File Microsoft WMF</comment><comment xml:lang="ja">Microsoft WMF &#x30D5;&#x30A1;&#x30A4;&#x30EB;</comment><comment xml:lang="ko">&#xB9C8;&#xC774;&#xD06C;&#xB85C;&#xC18C;&#xD504;&#xD2B8; WMF &#xD30C;&#xC77C;</comment><comment xml:lang="ms">Fail WMF Microsoft</comment><comment xml:lang="nb">Microsoft WMF-fil</comment><comment xml:lang="nl">Microsoft WMF-bestand</comment><comment xml:lang="nn">Microsoft WMV-fil</comment><comment xml:lang="no">Microsoft WMF-fil</comment><comment xml:lang="pl">Plik WMF Microsoftu</comment><comment xml:lang="pt">v&#xED;deo WMF da Microsoft</comment><comment xml:lang="pt_BR">Arquivo Microsoft WMF</comment><comment xml:lang="sq">File Microsoft WMF</comment><comment xml:lang="sr">&#x41C;&#x438;&#x43A;&#x440;&#x43E;&#x441;&#x43E;&#x444;&#x442; WMF &#x434;&#x430;&#x442;&#x43E;&#x442;&#x435;&#x43A;&#x430;</comment><comment xml:lang="sv">Microsoft WMF-fil</comment><comment xml:lang="uk">&#x424;&#x430;&#x439;&#x43B; Microsoft WMF</comment><comment xml:lang="zh_CN">Microsoft WMF &#x6587;&#x4EF6;</comment></mime-type>
