<?xml version="1.0"?>
<mime-type xmlns="http://www.freedesktop.org/standards/shared-mime-info" type="image/x-xbitmap"><!--Created automatically by update-mime-database. DO NOT EDIT!--><comment>X BitMap image</comment><comment xml:lang="az">X BitMap r&#x259;smi</comment><comment xml:lang="bg">&#x418;&#x437;&#x43E;&#x431;&#x440;&#x430;&#x436;&#x435;&#x43D;&#x438;&#x435;, &#x444;&#x43E;&#x440;&#x43C;&#x430;&#x442; X&#xB7;BitMap</comment><comment xml:lang="cs">Obr&#xE1;zek X BitMap</comment><comment xml:lang="cy">Delwedd didfap X</comment><comment xml:lang="de">X-BitMap-Bild</comment><comment xml:lang="el">&#x3B5;&#x3B9;&#x3BA;&#x3CC;&#x3BD;&#x3B1; X BitMap</comment><comment xml:lang="eo">BitMap-bildo de X</comment><comment xml:lang="es">Imagen BitMap de X</comment><comment xml:lang="eu">X BitMap irudia</comment><comment xml:lang="fi">X BitMap -kuva</comment><comment xml:lang="fr">image X BitMap</comment><comment xml:lang="hu">X BitMap k&#xE9;p</comment><comment xml:lang="it">Immagine X BitMap</comment><comment xml:lang="ja">X &#x30D3;&#x30C3;&#x30C8;&#x30DE;&#x30C3;&#x30D7;&#x753B;&#x50CF;</comment><comment xml:lang="ko">X &#xBE44;&#xD2B8;&#xB9F5; &#xADF8;&#xB9BC;</comment><comment xml:lang="ms">Imej BitMap X</comment><comment xml:lang="nb">X-bitmapbilde</comment><comment xml:lang="nl">X BitMap-afbeelding</comment><comment xml:lang="nn">Bilete i X Bitmap-format</comment><comment xml:lang="no">X-bitmapbilde</comment><comment xml:lang="pl">Obraz bitmapy X</comment><comment xml:lang="pt">imagem BitMap X</comment><comment xml:lang="pt_BR">Imagem de BitMap do X</comment><comment xml:lang="sq">Figur&#xEB; X BitMap</comment><comment xml:lang="sr">X &#x431;&#x438;&#x442;&#x43C;&#x430;&#x43F;&#x438;&#x440;&#x430;&#x43D;&#x430; &#x441;&#x43B;&#x438;&#x43A;&#x430;</comment><comment xml:lang="sv">X-bitmappbild</comment><comment xml:lang="uk">&#x417;&#x43E;&#x431;&#x440;&#x430;&#x436;&#x435;&#x43D;&#x43D;&#x44F; X BitMap</comment><comment xml:lang="zh_CN">X BitMap &#x56FE;&#x50CF;</comment></mime-type>
