<?xml version="1.0"?>
<mime-type xmlns="http://www.freedesktop.org/standards/shared-mime-info" type="image/x-xcf"><!--Created automatically by update-mime-database. DO NOT EDIT!--><comment>GIMP image</comment><comment xml:lang="bg">&#x418;&#x437;&#x43E;&#x431;&#x440;&#x430;&#x436;&#x435;&#x43D;&#x438;&#x435;, &#x444;&#x43E;&#x440;&#x43C;&#x430;&#x442; GIMP</comment><comment xml:lang="cs">Obr&#xE1;zek GIMP</comment><comment xml:lang="de">GIMP-Bild</comment><comment xml:lang="el">&#x3B5;&#x3B9;&#x3BA;&#x3CC;&#x3BD;&#x3B1; GIMP</comment><comment xml:lang="eo">GIMP-bildo</comment><comment xml:lang="es">Imagen del GIMP</comment><comment xml:lang="eu">GIMP irudia</comment><comment xml:lang="fi">GIMP-kuva</comment><comment xml:lang="fr">image GIMP</comment><comment xml:lang="hu">GIMP-k&#xE9;p</comment><comment xml:lang="it">Immagine GIMP</comment><comment xml:lang="ja">GIMP &#x753B;&#x50CF;</comment><comment xml:lang="ko">GIF &#xADF8;&#xB9BC;</comment><comment xml:lang="ms">Imej GIMP</comment><comment xml:lang="nb">GIMP-bilde</comment><comment xml:lang="nl">GIMP-afbeelding</comment><comment xml:lang="nn">GIMP-bilete</comment><comment xml:lang="no">GIMP-bilde</comment><comment xml:lang="pl">Obraz GIMPa</comment><comment xml:lang="pt">imagem do GIMP</comment><comment xml:lang="pt_BR">Imagem do GIMP</comment><comment xml:lang="ru">&#x438;&#x437;&#x43E;&#x431;&#x440;&#x430;&#x436;&#x435;&#x43D;&#x438;&#x435; GIMP</comment><comment xml:lang="sq">Figur&#xEB; GIMP</comment><comment xml:lang="sr">&#x413;&#x438;&#x43C;&#x43F; &#x441;&#x43B;&#x438;&#x43A;&#x430;</comment><comment xml:lang="sv">GIMP-bild</comment><comment xml:lang="uk">&#x417;&#x43E;&#x431;&#x440;&#x430;&#x436;&#x435;&#x43D;&#x43D;&#x44F; GIMP</comment><comment xml:lang="zh_CN">GIMP &#x56FE;&#x50CF;</comment></mime-type>
