<?xml version="1.0"?>
<mime-type xmlns="http://www.freedesktop.org/standards/shared-mime-info" type="image/x-xfig"><!--Created automatically by update-mime-database. DO NOT EDIT!--><comment>XFig image</comment><comment xml:lang="bg">&#x418;&#x437;&#x43E;&#x431;&#x440;&#x430;&#x436;&#x435;&#x43D;&#x438;&#x435;, &#x444;&#x43E;&#x440;&#x43C;&#x430;&#x442; XFig</comment><comment xml:lang="cs">Obr&#xE1;zek XFig</comment><comment xml:lang="de">XFig-Bild</comment><comment xml:lang="el">&#x3B5;&#x3B9;&#x3BA;&#x3CC;&#x3BD;&#x3B1; XFig</comment><comment xml:lang="eo">XFig-bildo</comment><comment xml:lang="es">Imagen de XFig</comment><comment xml:lang="eu">XFig irudia</comment><comment xml:lang="fi">XFig-kuva</comment><comment xml:lang="fr">image XFig</comment><comment xml:lang="hu">XFig-k&#xE9;p</comment><comment xml:lang="it">Immagine XFig</comment><comment xml:lang="ja">XFig &#x753B;&#x50CF;</comment><comment xml:lang="ko">XFig &#xADF8;&#xB9BC;</comment><comment xml:lang="ms">Imej XFig</comment><comment xml:lang="nb">XFig-bilde</comment><comment xml:lang="nl">XFig-afbeelding</comment><comment xml:lang="nn">XFig-bilete</comment><comment xml:lang="no">XFig-bilde</comment><comment xml:lang="pl">Obraz XFig</comment><comment xml:lang="pt">imagem XFig</comment><comment xml:lang="pt_BR">Imagem do XFig</comment><comment xml:lang="sq">Figur&#xEB; XFig</comment><comment xml:lang="sr">XFig &#x441;&#x43B;&#x438;&#x43A;&#x430;</comment><comment xml:lang="sv">XFig-bild</comment><comment xml:lang="uk">&#x417;&#x43E;&#x431;&#x440;&#x430;&#x436;&#x435;&#x43D;&#x43D;&#x44F; XFig</comment><comment xml:lang="zh_CN">XFig &#x56FE;&#x50CF;</comment></mime-type>
