<?xml version="1.0"?>
<mime-type xmlns="http://www.freedesktop.org/standards/shared-mime-info" type="image/x-xpixmap"><!--Created automatically by update-mime-database. DO NOT EDIT!--><comment>X PixMap image</comment><comment xml:lang="az">X PixMap r&#x259;smi</comment><comment xml:lang="bg">&#x418;&#x437;&#x43E;&#x431;&#x440;&#x430;&#x436;&#x435;&#x43D;&#x438;&#x435;, &#x444;&#x43E;&#x440;&#x43C;&#x430;&#x442; X&#xB7;PixMap</comment><comment xml:lang="cs">Obr&#xE1;zek X PixMap</comment><comment xml:lang="cy">Delwedd picsfap X</comment><comment xml:lang="de">X-PixMap-Bild</comment><comment xml:lang="el">&#x3B5;&#x3B9;&#x3BA;&#x3CC;&#x3BD;&#x3B1; X PixMap</comment><comment xml:lang="eo">PixMap-bildo de X</comment><comment xml:lang="es">Imagen PixMap de X</comment><comment xml:lang="eu">X PixMap irudia</comment><comment xml:lang="fi">X PixMap -kuva</comment><comment xml:lang="fr">image X PixMap</comment><comment xml:lang="hu">X PixMap k&#xE9;p</comment><comment xml:lang="it">Immagine X PixMap</comment><comment xml:lang="ja">X &#x30D4;&#x30AF;&#x30B9;&#x30DE;&#x30C3;&#x30D7;&#x753B;&#x50CF;</comment><comment xml:lang="ko">X &#xD53D;&#xC2A4;&#xB9F5;  &#xADF8;&#xB9BC;</comment><comment xml:lang="ms">Imej PixMap X</comment><comment xml:lang="nb">X-pixmapbilde</comment><comment xml:lang="nl">X PixMap-afbeelding</comment><comment xml:lang="nn">Bilete i X Bitmap-format</comment><comment xml:lang="no">X-pixmapbilde</comment><comment xml:lang="pl">Obraz piksmapy X</comment><comment xml:lang="pt">imagem PixMap X</comment><comment xml:lang="pt_BR">Imagem de PixMap do X</comment><comment xml:lang="sq">Figur&#xEB; X PixMap</comment><comment xml:lang="sr">X &#x43F;&#x438;&#x441;&#x43A;&#x43C;&#x430;&#x43F;&#x430;</comment><comment xml:lang="sv">X-pixmappbild</comment><comment xml:lang="uk">&#x417;&#x43E;&#x431;&#x440;&#x430;&#x436;&#x435;&#x43D;&#x43D;&#x44F; X PixMap</comment><comment xml:lang="zh_CN">X PixMap &#x56FE;&#x50CF;</comment></mime-type>
