<?xml version="1.0"?>
<mime-type xmlns="http://www.freedesktop.org/standards/shared-mime-info" type="image/x-xwindowdump"><!--Created automatically by update-mime-database. DO NOT EDIT!--><comment>X window image</comment><comment xml:lang="az">X window r&#x259;smi</comment><comment xml:lang="bg">&#x418;&#x437;&#x43E;&#x431;&#x440;&#x430;&#x436;&#x435;&#x43D;&#x438;&#x435;, &#x444;&#x43E;&#x440;&#x43C;&#x430;&#x442; X Window</comment><comment xml:lang="cs">Obr&#xE1;zek X window</comment><comment xml:lang="cy">Delwedd ffenest X</comment><comment xml:lang="de">X-Window-Bild</comment><comment xml:lang="el">&#x3B5;&#x3B9;&#x3BA;&#x3CC;&#x3BD;&#x3B1; &#x3C0;&#x3B5;&#x3C1;&#x3B9;&#x3B2;&#x3AC;&#x3BB;&#x3BB;&#x3BF;&#x3BD;&#x3C4;&#x3BF;&#x3C2; X</comment><comment xml:lang="eo">bildo de X window</comment><comment xml:lang="es">Imagen de X window</comment><comment xml:lang="eu">X window irudia</comment><comment xml:lang="fi">X-ikkunakuva</comment><comment xml:lang="fr">image X window</comment><comment xml:lang="hu">X window-k&#xE9;p</comment><comment xml:lang="it">Immagine X Window</comment><comment xml:lang="ja">X window &#x753B;&#x50CF;</comment><comment xml:lang="ko">X &#xC708;&#xB3C4;&#xC6B0; &#xADF8;&#xB9BC;</comment><comment xml:lang="ms">Imej tetingkap X</comment><comment xml:lang="nb">X-Windows skjermbilde</comment><comment xml:lang="nl">X window-afbeelding</comment><comment xml:lang="nn">X window bilete</comment><comment xml:lang="no">X-Windows skjermbilde</comment><comment xml:lang="pl">Obraz X window</comment><comment xml:lang="pt">imagem de janela X</comment><comment xml:lang="pt_BR">Imagem de janela do X</comment><comment xml:lang="sq">Figur&#xEB; X window</comment><comment xml:lang="sr">X &#x43F;&#x440;&#x43E;&#x437;&#x43E;&#x440; &#x441;&#x43B;&#x438;&#x43A;&#x430;</comment><comment xml:lang="sv">X-f&#xF6;nsterbild</comment><comment xml:lang="uk">&#x417;&#x43E;&#x431;&#x440;&#x430;&#x436;&#x435;&#x43D;&#x43D;&#x44F; X window</comment><comment xml:lang="zh_CN">X window &#x56FE;&#x50CF;</comment></mime-type>
