{
    "id": "rct2.scenery_small.tst3",
    "authors": [
        "Chris Sawyer",
        "Simon Foster"
    ],
    "version": "1.0",
    "originalId": "0A188F81|TST3    |1D5FCCBE",
    "sourceGame": [
        "rct2",
        "rct1"
    ],
    "objectType": "scenery_small",
    "properties": {
        "price": 5,
        "removalPrice": -4,
        "cursor": "CURSOR_TREE_DOWN",
        "height": 32,
        "shape": "1/4",
        "isStackable": true
    },
    "images": [
        "$RCT2:OBJDATA/TST3.DAT[0..3]"
    ],
    "strings": {
        "name": {
            "en-GB": "Toadstool",
            "fr-FR": "Champignon vénéneux",
            "de-DE": "Giftpilz",
            "es-ES": "Seta",
            "it-IT": "Fungo velenoso",
            "nl-NL": "Paddenstoel",
            "sv-SE": "Giftsvamp",
            "ko-KR": "독버섯",
            "zh-CN": "伞菌",
            "zh-TW": "傘菌",
            "pt-BR": "Cogumelo Venenoso",
            "cs-CZ": "Muchomůrka",
            "ja-JP": "毒キノコ",
            "pl-PL": "Muchomor",
            "ru-RU": "Мухомор",
            "eo-ZZ": "Fungo",
            "ca-ES": "Bolet verinós",
            "fi-FI": "Sieni"
        }
    }
}
