{
    "id": "rct2.scenery_small.ttf",
    "authors": [
        "Chris Sawyer",
        "Simon Foster"
    ],
    "version": "1.0",
    "originalId": "0A188F81|TTF     |5B6F3E9F",
    "sourceGame": [
        "rct2",
        "rct1"
    ],
    "objectType": "scenery_small",
    "properties": {
        "price": 55,
        "removalPrice": -50,
        "cursor": "CURSOR_FOUNTAIN_DOWN",
        "height": 96,
        "sceneryGroup": "rct2.scenery_group.scgwater",
        "shape": "4/4",
        "isAnimated": true,
        "hasOverlayImage": true,
        "SMALL_SCENERY_FLAG_FOUNTAIN_SPRAY_1": true,
        "isStackable": true,
        "hasNoSupports": true
    },
    "images": [
        "$RCT2:OBJDATA/TTF.DAT[0..19]"
    ],
    "strings": {
        "name": {
            "en-GB": "Fountain",
            "fr-FR": "Fontaine",
            "de-DE": "Springbrunnen",
            "es-ES": "Fuente",
            "it-IT": "Fontana",
            "nl-NL": "Fontein",
            "sv-SE": "Fontän",
            "ko-KR": "분수",
            "zh-CN": "喷泉",
            "zh-TW": "噴泉",
            "pt-BR": "Chafariz",
            "cs-CZ": "Fontána",
            "ja-JP": "噴水",
            "pl-PL": "Fontanna",
            "ru-RU": "Фонтан",
            "eo-ZZ": "Fontano",
            "ca-ES": "Font",
            "fi-FI": "Suihkulähde"
        }
    }
}
