{
    "id": "rct2.scenery_small.corroof",
    "authors": [
        "Chris Sawyer",
        "Simon Foster"
    ],
    "version": "1.0",
    "originalId": "0A188D81|CORROOF |157BA6B7",
    "sourceGame": "rct2",
    "objectType": "scenery_small",
    "properties": {
        "price": 20,
        "removalPrice": -15,
        "cursor": "CURSOR_HOUSE_DOWN",
        "height": 16,
        "shape": "4/4",
        "SMALL_SCENERY_FLAG_VOFFSET_CENTRE": true,
        "requiresFlatSurface": true,
        "isRotatable": true,
        "hasPrimaryColour": true,
        "isStackable": true,
        "prohibitWalls": true,
        "hasNoSupports": true
    },
    "images": [
        "$RCT2:OBJDATA/CORROOF.DAT[0..3]"
    ],
    "strings": {
        "name": {
            "en-GB": "Corrugated Steel Roof",
            "fr-FR": "Toit en tôle ondulée",
            "de-DE": "Wellblechdach",
            "es-ES": "Tejado de acero arrugado",
            "it-IT": "Tetto d’acciaio ondulato",
            "nl-NL": "Geplooid stalen dak",
            "sv-SE": "Korrugerat ståltak",
            "ko-KR": "물결 무늬 강철 지붕",
            "zh-CN": "金属-波纹屋顶",
            "zh-TW": "波紋的鋼製屋頂",
            "pt-BR": "Teto de Aço Ondulado",
            "cs-CZ": "Kovová střecha",
            "ja-JP": "スチール製の波形屋根",
            "pl-PL": "Dach z blachy falistej",
            "ru-RU": "Рифлёная крыша",
            "eo-ZZ": "Onda Ŝtala Tegmento",
            "ca-ES": "Teulada d’acer corrugat",
            "fi-FI": "Poimulevykatto"
        }
    }
}
