{
    "id": "rct2.scenery_small.sktbaset",
    "authors": [
        "Chris Sawyer",
        "Simon Foster"
    ],
    "version": "1.0",
    "originalId": "0A188D81|SKTBASET|EE211AFE",
    "sourceGame": "rct2",
    "objectType": "scenery_small",
    "properties": {
        "price": 14,
        "removalPrice": -10,
        "cursor": "CURSOR_HOUSE_DOWN",
        "height": 8,
        "shape": "3/4+D",
        "SMALL_SCENERY_FLAG_VOFFSET_CENTRE": true,
        "requiresFlatSurface": true,
        "isRotatable": true,
        "hasPrimaryColour": true,
        "isStackable": true,
        "prohibitWalls": true,
        "hasNoSupports": true
    },
    "images": [
        "$RCT2:OBJDATA/SKTBASET.DAT[0..3]"
    ],
    "strings": {
        "name": {
            "en-GB": "Block",
            "fr-FR": "Bloc",
            "es-ES": "Bloque",
            "it-IT": "Blocco",
            "nl-NL": "Blok",
            "ko-KR": "블록",
            "zh-CN": "积木",
            "zh-TW": "積木",
            "pt-BR": "Bloco",
            "cs-CZ": "Blok",
            "ja-JP": "ブロック",
            "pl-PL": "Blok",
            "ru-RU": "Блок",
            "eo-ZZ": "Bloko",
            "ca-ES": "Bloc",
            "fi-FI": "Lohko"
        }
    }
}
