{
    "id": "rct2.scenery_small.tscp",
    "authors": [
        "Chris Sawyer",
        "Simon Foster"
    ],
    "version": "1.0",
    "originalId": "0A188E81|TSCP    |21B97003",
    "sourceGame": [
        "rct2",
        "rct1ll"
    ],
    "objectType": "scenery_small",
    "properties": {
        "price": 18,
        "removalPrice": -15,
        "cursor": "CURSOR_HOUSE_DOWN",
        "height": 40,
        "shape": "4/4",
        "requiresFlatSurface": true,
        "isRotatable": true,
        "isStackable": true
    },
    "images": [
        "$RCT2:OBJDATA/TSCP.DAT[0..3]"
    ],
    "strings": {
        "name": {
            "en-GB": "Space Capsule",
            "fr-FR": "Navette spatiale",
            "de-DE": "Weltraumkapsel",
            "es-ES": "Cápsula espacial",
            "it-IT": "Capsula spaziale",
            "nl-NL": "Ruimtecapsule",
            "sv-SE": "Rymdkapsel",
            "ko-KR": "우주 캡슐",
            "zh-CN": "太空囊",
            "zh-TW": "太空囊",
            "pt-BR": "Cápsula Espacial",
            "cs-CZ": "Vesmírná loď",
            "ja-JP": "宇宙カプセル",
            "pl-PL": "Kosmiczna kapsuła",
            "ru-RU": "Капсула",
            "eo-ZZ": "Kosma Kapsulo",
            "ca-ES": "Càpsula espacial",
            "fi-FI": "Avaruuskapseli"
        }
    }
}
