{
    "id": "rct2.scenery_small.smskull",
    "authors": [
        "Chris Sawyer",
        "Simon Foster"
    ],
    "version": "1.0",
    "originalId": "0A188D81|SMSKULL |196C9AFE",
    "sourceGame": "rct2",
    "objectType": "scenery_small",
    "properties": {
        "price": 20,
        "removalPrice": -15,
        "cursor": "CURSOR_HOUSE_DOWN",
        "height": 48,
        "shape": "4/4",
        "SMALL_SCENERY_FLAG_VOFFSET_CENTRE": true,
        "isRotatable": true,
        "isStackable": true,
        "allowSupportsAbove": true
    },
    "images": [
        "$RCT2:OBJDATA/SMSKULL.DAT[0..3]"
    ],
    "strings": {
        "name": {
            "en-GB": "Skull",
            "fr-FR": "Crâne",
            "de-DE": "Schädel",
            "es-ES": "Calavera",
            "it-IT": "Teschio",
            "nl-NL": "Schedel",
            "sv-SE": "Dödskalle",
            "ko-KR": "뼈",
            "zh-CN": "骷髅头",
            "zh-TW": "頭骨",
            "pt-BR": "Caveira",
            "cs-CZ": "Lebka",
            "ja-JP": "頭蓋骨",
            "pl-PL": "Czaszka",
            "ru-RU": "Череп",
            "eo-ZZ": "Kranio",
            "ca-ES": "Calavera",
            "fi-FI": "Pääkallo"
        }
    }
}
