{
    "id": "rct2.scenery_small.tf2",
    "authors": [
        "Chris Sawyer",
        "Simon Foster"
    ],
    "version": "1.0",
    "originalId": "0A188D81|TF2     |85FD82C5",
    "sourceGame": [
        "rct2",
        "rct1"
    ],
    "objectType": "scenery_small",
    "properties": {
        "price": 14,
        "removalPrice": 12,
        "cursor": "CURSOR_TREE_DOWN",
        "height": 64,
        "isTree": true,
        "shape": "4/4"
    },
    "images": [
        "$RCT2:OBJDATA/TF2.DAT[0..3]"
    ],
    "strings": {
        "name": {
            "en-GB": "Fruit Tree",
            "fr-FR": "Arbre fruitier",
            "de-DE": "Obstbaum",
            "es-ES": "Frutal",
            "it-IT": "Albero da frutta",
            "nl-NL": "Fruitboom",
            "sv-SE": "Fruktträd",
            "ko-KR": "과일 나무",
            "zh-CN": "果树",
            "zh-TW": "果樹",
            "pt-BR": "Árvore Frutífera",
            "cs-CZ": "Ovocný strom",
            "ja-JP": "果物の木",
            "pl-PL": "Drzewo owocowe",
            "ru-RU": "Дерево",
            "eo-ZZ": "Fruktoarbo",
            "ca-ES": "Arbre fruiter",
            "fi-FI": "Hedelmäpuu"
        }
    }
}
