{
    "id": "rct2.scenery_small.trfs",
    "authors": [
        "Chris Sawyer",
        "Simon Foster"
    ],
    "version": "1.0",
    "originalId": "0A188E81|TRFS    |6D42D66E",
    "sourceGame": [
        "rct2",
        "rct1ll"
    ],
    "objectType": "scenery_small",
    "properties": {
        "price": 27,
        "removalPrice": 15,
        "cursor": "CURSOR_TREE_DOWN",
        "height": 116,
        "sceneryGroup": "rct2.scenery_group.scgtrees",
        "isTree": true,
        "shape": "4/4"
    },
    "images": [
        "$RCT2:OBJDATA/TRFS.DAT[0..3]"
    ],
    "strings": {
        "name": {
            "en-GB": "Snow-covered Red Fir Tree",
            "fr-FR": "Sapin rouge couvert de neige",
            "de-DE": "Schneebedeckte Rotkiefer",
            "es-ES": "Abeto rojo nevado",
            "it-IT": "Abete rosso innevato",
            "nl-NL": "Met sneeuw bedekte rode spar",
            "sv-SE": "Snötäckt röd tall",
            "ko-KR": "눈 쌓인 붉은잣나무",
            "zh-CN": "被雪覆盖的红杉木",
            "zh-TW": "被雪覆?的紅杉木",
            "pt-BR": "Abeto Vermelho Coberto de Neve",
            "cs-CZ": "Zasněžená jedle nádherná",
            "ja-JP": "雪をかぶった米松",
            "pl-PL": "Ośnieżona daglezja",
            "ru-RU": "Снежная красная ель",
            "eo-ZZ": "Neĝkovrita Ruĝa Abioarbo",
            "ca-ES": "Avet roig cobert de neu",
            "fi-FI": "Luminen komeapihta"
        }
    }
}
