{
    "id": "rct2.scenery_small.jbean1",
    "authors": [
        "Chris Sawyer",
        "Simon Foster"
    ],
    "version": "1.0",
    "originalId": "0A188D81|JBEAN1  |5AD6FC14",
    "sourceGame": "rct2",
    "objectType": "scenery_small",
    "properties": {
        "price": 14,
        "removalPrice": -10,
        "cursor": "CURSOR_STATUE_DOWN",
        "height": 8,
        "shape": "2/4",
        "isRotatable": true,
        "hasPrimaryColour": true,
        "isStackable": true
    },
    "images": [
        "$RCT2:OBJDATA/JBEAN1.DAT[0..3]"
    ],
    "strings": {
        "name": {
            "en-GB": "Jellybean",
            "fr-FR": "Dragée",
            "de-DE": "Geleebonbon",
            "es-ES": "Gominola",
            "it-IT": "Confetti ripieni",
            "nl-NL": "Zuurtje",
            "sv-SE": "Gelébönor",
            "ko-KR": "젤리빈",
            "zh-CN": "软豆糖",
            "zh-TW": "軟豆糖",
            "pt-BR": "Bala de Mascar",
            "cs-CZ": "Lentilka",
            "ja-JP": "ジェリービーン",
            "pl-PL": "Żelka",
            "ru-RU": "Желе",
            "eo-ZZ": "Ĝelateno-Fabo",
            "ca-ES": "Gominola",
            "fi-FI": "Raekarkki"
        }
    }
}
