{
    "id": "rct2.scenery_small.ball2",
    "authors": [
        "Chris Sawyer",
        "Simon Foster"
    ],
    "version": "1.0",
    "originalId": "0A188C81|BALL2   |A98D4011",
    "sourceGame": "rct2",
    "objectType": "scenery_small",
    "properties": {
        "price": 15,
        "removalPrice": -10,
        "cursor": "CURSOR_STATUE_DOWN",
        "height": 40,
        "shape": "4/4",
        "isRotatable": true,
        "isStackable": true
    },
    "images": [
        "$RCT2:OBJDATA/BALL2.DAT[0..3]"
    ],
    "strings": {
        "name": {
            "en-GB": "American Football",
            "fr-FR": "Ballon de football américain",
            "de-DE": "American Football",
            "es-ES": "Fútbol americano",
            "it-IT": "Pallone da football americano",
            "nl-NL": "American football",
            "sv-SE": "Amerikansk fotboll",
            "ko-KR": "미식축구",
            "zh-CN": "美式足球",
            "zh-TW": "美式足球",
            "pt-BR": "Bola de Futebol Americano",
            "cs-CZ": "Americký fotbal",
            "ja-JP": "アメリカンフットボール",
            "pl-PL": "Amerykańska piłka futbolowa",
            "ru-RU": "Мяч",
            "eo-ZZ": "Amerika Piedpilko",
            "ca-ES": "Futbol americà",
            "fi-FI": "Amerikkalainen jalkapallo",
            "en-US": "Football"
        }
    }
}
