{
    "id": "rct2.scenery_small.tsd",
    "authors": [
        "Chris Sawyer",
        "Simon Foster"
    ],
    "version": "1.0",
    "originalId": "0A188E81|TSD     |A5E0076B",
    "sourceGame": [
        "rct2",
        "rct1"
    ],
    "objectType": "scenery_small",
    "properties": {
        "price": 7,
        "removalPrice": 5,
        "cursor": "CURSOR_TREE_DOWN",
        "height": 32,
        "shape": "1/4",
        "SMALL_SCENERY_FLAG_VOFFSET_CENTRE": true,
        "isRotatable": true,
        "isStackable": true
    },
    "images": [
        "$RCT2:OBJDATA/TSD.DAT[0..3]"
    ],
    "strings": {
        "name": {
            "en-GB": "Spade Shaped Tree",
            "fr-FR": "Arbre en forme de pique",
            "de-DE": "Pikförmiger Baum",
            "es-ES": "Árbol con forma de pala",
            "it-IT": "Albero a forma di picche",
            "nl-NL": "Schoppenboom",
            "sv-SE": "Spaderformat träd",
            "ko-KR": "스페이드 모양의 나무",
            "zh-CN": "铲子形状的树",
            "zh-TW": "鏟子形狀的樹",
            "pt-BR": "Árvore em Forma de Espada",
            "cs-CZ": "Strom ve tvaru listu",
            "ja-JP": "スペード型の木",
            "pl-PL": "Drzewo pikowe",
            "ru-RU": "Дерево",
            "eo-ZZ": "Pikforma Arbo",
            "ca-ES": "Arbre en forma de pica",
            "fi-FI": "Padan muotoinen puu"
        }
    }
}
