{
    "id": "rct2.scenery_small.trws",
    "authors": [
        "Chris Sawyer",
        "Simon Foster"
    ],
    "version": "1.0",
    "originalId": "0A188E81|TRWS    |46D5750E",
    "sourceGame": [
        "rct2",
        "rct1"
    ],
    "objectType": "scenery_small",
    "properties": {
        "price": 20,
        "removalPrice": -15,
        "cursor": "CURSOR_STATUE_DOWN",
        "height": 76,
        "shape": "4/4",
        "requiresFlatSurface": true,
        "isRotatable": true,
        "isStackable": true
    },
    "images": [
        "$RCT2:OBJDATA/TRWS.DAT[0..3]"
    ],
    "strings": {
        "name": {
            "en-GB": "Roman Statue",
            "fr-FR": "Statue romaine",
            "de-DE": "Römische Statue",
            "es-ES": "Estatua romana",
            "it-IT": "Statua romana",
            "nl-NL": "Romeins beeld",
            "sv-SE": "Romersk staty",
            "ko-KR": "로마식 동상",
            "zh-CN": "罗马雕像",
            "zh-TW": "羅馬雕像",
            "pt-BR": "Estátua Romana",
            "cs-CZ": "Římská socha",
            "ja-JP": "ローマの像",
            "pl-PL": "Rzymski posąg",
            "ru-RU": "Статуя",
            "eo-ZZ": "Roma Statuo",
            "ca-ES": "Estàtua romana",
            "fi-FI": "Roomalainen patsas"
        }
    }
}
