{
    "id": "rct2.scenery_small.beanst2",
    "authors": [
        "Chris Sawyer",
        "Simon Foster"
    ],
    "version": "1.0",
    "originalId": "0A188C81|BEANST2 |037FD401",
    "sourceGame": "rct2",
    "objectType": "scenery_small",
    "properties": {
        "price": 25,
        "removalPrice": -19,
        "cursor": "CURSOR_TREE_DOWN",
        "height": 88,
        "shape": "4/4",
        "isStackable": true
    },
    "images": [
        "$RCT2:OBJDATA/BEANST2.DAT[0..3]"
    ],
    "strings": {
        "name": {
            "en-GB": "Giant Beanstalk",
            "fr-FR": "Haricot géant",
            "de-DE": "Riesiger Bohnenstängel",
            "es-ES": "Pedúnculo de judías",
            "it-IT": "Pianta di fagiolo gigante",
            "nl-NL": "Gigantische bonenstaak",
            "sv-SE": "Jättebönstjälk",
            "ko-KR": "대형 강낭콩 줄기",
            "zh-CN": "巨大豆茎",
            "zh-TW": "巨大的豆莖",
            "pt-BR": "Pé de Feijão Gigante",
            "cs-CZ": "Obrovský stonek",
            "ja-JP": "巨大豆",
            "pl-PL": "Łodyga olbrzymiej fasoli",
            "ru-RU": "Стебель",
            "eo-ZZ": "Giganta Fabotrunko",
            "ca-ES": "Branca gegant de mongeta",
            "fi-FI": "Jättimäinen pavunsalko"
        }
    }
}
