{
    "id": "rct2.scenery_small.tq1",
    "authors": [
        "Chris Sawyer",
        "Simon Foster"
    ],
    "version": "1.0",
    "originalId": "0A188E81|TQ1     |FB9D5F2E",
    "sourceGame": [
        "rct2",
        "rct1"
    ],
    "objectType": "scenery_small",
    "properties": {
        "price": 5,
        "removalPrice": -4,
        "cursor": "CURSOR_STATUE_DOWN",
        "height": 40,
        "shape": "1/4",
        "isRotatable": true,
        "isStackable": true
    },
    "images": [
        "$RCT2:OBJDATA/TQ1.DAT[0..3]"
    ],
    "strings": {
        "name": {
            "en-GB": "White Queen",
            "fr-FR": "Reine blanche",
            "de-DE": "Weiße Königin",
            "es-ES": "Reina blanca",
            "it-IT": "Regina bianca",
            "nl-NL": "Witte dame",
            "sv-SE": "Vit drottning",
            "ko-KR": "흰색 퀸",
            "zh-CN": "白棋皇合",
            "zh-TW": "白棋皇合",
            "pt-BR": "Rainha Branca",
            "cs-CZ": "Bílá královna",
            "ja-JP": "ホワイトクイーン",
            "pl-PL": "Biała królowa",
            "ru-RU": "Ферзь",
            "eo-ZZ": "Blanka Reĝino",
            "ca-ES": "Reina blanca",
            "fi-FI": "Valkoinen kuningatar"
        }
    }
}
