{
    "id": "rct2.scenery_small.tco",
    "authors": [
        "Chris Sawyer",
        "Simon Foster"
    ],
    "version": "1.0",
    "originalId": "0A188D81|TCO     |9F386FCC",
    "sourceGame": [
        "rct2",
        "rct1"
    ],
    "objectType": "scenery_small",
    "properties": {
        "price": 25,
        "removalPrice": 18,
        "cursor": "CURSOR_TREE_DOWN",
        "height": 112,
        "isTree": true,
        "shape": "4/4"
    },
    "images": [
        "$RCT2:OBJDATA/TCO.DAT[0..3]"
    ],
    "strings": {
        "name": {
            "en-GB": "Common Oak Tree",
            "fr-FR": "Chêne",
            "de-DE": "Eiche",
            "es-ES": "Roble común",
            "it-IT": "Quercia comune",
            "nl-NL": "Gewone eik",
            "sv-SE": "Vanlig ek",
            "ko-KR": "참나무",
            "zh-CN": "一般橡树",
            "zh-TW": "一般橡樹",
            "pt-BR": "Árvore Carvalho Comum",
            "cs-CZ": "Dub",
            "ja-JP": "普通のカシの木",
            "pl-PL": "Dąb",
            "ru-RU": "яДуб",
            "eo-ZZ": "Tigfrukta Kverkoarbo",
            "ca-ES": "Roure",
            "fi-FI": "Metsätammi"
        }
    }
}
