{
    "id": "rct2.scenery_small.totem1",
    "authors": [
        "Chris Sawyer",
        "Simon Foster"
    ],
    "version": "1.0",
    "originalId": "0A188E81|TOTEM1  |E2CCC979",
    "sourceGame": "rct2",
    "objectType": "scenery_small",
    "properties": {
        "price": 20,
        "removalPrice": -15,
        "cursor": "CURSOR_STATUE_DOWN",
        "height": 88,
        "shape": "1/4",
        "isRotatable": true,
        "isStackable": true,
        "hasNoSupports": true
    },
    "images": [
        "$RCT2:OBJDATA/TOTEM1.DAT[0..3]"
    ],
    "strings": {
        "name": {
            "en-GB": "Totem Pole",
            "fr-FR": "Mât totémique",
            "de-DE": "Totempfahl",
            "es-ES": "Columna tótem",
            "it-IT": "Totem",
            "nl-NL": "Totempaal",
            "sv-SE": "Totempåle",
            "ko-KR": "토템 폴",
            "zh-CN": "图腾柱",
            "zh-TW": "圖騰柱",
            "pt-BR": "Totem",
            "cs-CZ": "Totem",
            "ja-JP": "トーテムポール",
            "pl-PL": "Totem",
            "ru-RU": "Тотем",
            "eo-ZZ": "Totema Paliso",
            "ca-ES": "Tòtem",
            "fi-FI": "Toteemipaalu"
        }
    }
}
