{
    "id": "rct2.scenery_small.thl",
    "authors": [
        "Chris Sawyer",
        "Simon Foster"
    ],
    "version": "1.0",
    "originalId": "0A188E81|THL     |EA71AED9",
    "sourceGame": [
        "rct2",
        "rct1"
    ],
    "objectType": "scenery_small",
    "properties": {
        "price": 28,
        "removalPrice": 20,
        "cursor": "CURSOR_TREE_DOWN",
        "height": 152,
        "isTree": true,
        "shape": "4/4"
    },
    "images": [
        "$RCT2:OBJDATA/THL.DAT[0..3]"
    ],
    "strings": {
        "name": {
            "en-GB": "Honey Locust Tree",
            "fr-FR": "Robinier",
            "de-DE": "Johannisbrotbaum",
            "es-ES": "Acacia de miel",
            "it-IT": "Carrubo",
            "nl-NL": "Valse christusdoorn",
            "sv-SE": "Honungsakacia",
            "ko-KR": "수엽나무",
            "zh-CN": "黄金洋槐树",
            "zh-TW": "黃金洋槐樹",
            "pt-BR": "Árvore Alfarrobeira-de-Mel",
            "cs-CZ": "Dřezovec trojtrnný",
            "ja-JP": "アメリカサイカチ",
            "pl-PL": "Iglicznia",
            "ru-RU": "Медовое дерево",
            "eo-ZZ": "Kristodorna Glediĉioarbo",
            "ca-ES": "Acàcia de tres punxes",
            "fi-FI": "Lännenkolmioka"
        }
    }
}
