{
    "id": "rct2.scenery_small.tcfs",
    "authors": [
        "Chris Sawyer",
        "Simon Foster"
    ],
    "version": "1.0",
    "originalId": "0A188D81|TCFS    |893A110C",
    "sourceGame": [
        "rct2",
        "rct1ll"
    ],
    "objectType": "scenery_small",
    "properties": {
        "price": 23,
        "removalPrice": 15,
        "cursor": "CURSOR_TREE_DOWN",
        "height": 120,
        "sceneryGroup": "rct2.scenery_group.scgtrees",
        "isTree": true,
        "shape": "4/4"
    },
    "images": [
        "$RCT2:OBJDATA/TCFS.DAT[0..3]"
    ],
    "strings": {
        "name": {
            "en-GB": "Snow-covered Caucasian Fir Tree",
            "fr-FR": "Sapin blanc du Caucase",
            "de-DE": "Schneebedeckte kaukasische Tanne",
            "es-ES": "Abeto caucásico nevado",
            "it-IT": "Abete caucasico innevato",
            "nl-NL": "Met sneeuw bedekte kaukasische spar",
            "sv-SE": "Snötäckt kaukasisk tall",
            "ko-KR": "눈 쌓인 코카시안 전나무",
            "zh-CN": "被雪覆盖的高加索冷杉树",
            "zh-TW": "被雪覆?的高加索冷杉樹",
            "pt-BR": "Árvore Abeto-Caucasiano coberta de Neve",
            "cs-CZ": "Zasněžená Jedle",
            "ja-JP": "雪をかぶったカフカスモミの木",
            "pl-PL": "Ośnieżona kaukaska jodła",
            "ru-RU": "Заснеженная Кавказская Ель",
            "eo-ZZ": "Neĝkovrita Kaŭkaza Abioarbo",
            "ca-ES": "Avet caucàsic cobert de neu",
            "fi-FI": "Luminen kaukasianpihta"
        }
    }
}
