{
    "id": "rct2.scenery_small.jelbab1",
    "authors": [
        "Chris Sawyer",
        "Simon Foster"
    ],
    "version": "1.0",
    "originalId": "0A188D81|JELBAB1 |94040E1D",
    "sourceGame": "rct2",
    "objectType": "scenery_small",
    "properties": {
        "price": 15,
        "removalPrice": -10,
        "cursor": "CURSOR_STATUE_DOWN",
        "height": 40,
        "shape": "1/4",
        "isRotatable": true,
        "hasPrimaryColour": true,
        "isStackable": true,
        "hasNoSupports": true
    },
    "images": [
        "$RCT2:OBJDATA/JELBAB1.DAT[0..3]"
    ],
    "strings": {
        "name": {
            "en-GB": "Jelly Baby",
            "fr-FR": "Bonbon",
            "de-DE": "Baby-Fruchtgummi",
            "es-ES": "Bebé de gelatina",
            "it-IT": "Bambino di gelatina",
            "nl-NL": "Snoepje",
            "sv-SE": "Gelébaby",
            "ko-KR": "젤리빈",
            "zh-CN": "娃娃软糖",
            "zh-TW": "娃娃軟糖",
            "pt-BR": "Bala de Goma",
            "cs-CZ": "Želatinový medvídci",
            "ja-JP": "ジェリーベビー",
            "pl-PL": "Gumiś",
            "ru-RU": "Желе",
            "eo-ZZ": "Ĝelateno-Bebo",
            "ca-ES": "Home gominola",
            "fi-FI": "Nallekarkki"
        }
    }
}
