{
    "id": "rct2.scenery_small.tmm3",
    "authors": [
        "Chris Sawyer",
        "Simon Foster"
    ],
    "version": "1.0",
    "originalId": "0A188E81|TMM3    |E1A034C5",
    "sourceGame": [
        "rct2",
        "rct1aa"
    ],
    "objectType": "scenery_small",
    "properties": {
        "price": 8,
        "removalPrice": -6,
        "cursor": "CURSOR_STATUE_DOWN",
        "height": 32,
        "shape": "1/4",
        "isRotatable": true,
        "isStackable": true
    },
    "images": [
        "$RCT2:OBJDATA/TMM3.DAT[0..3]"
    ],
    "strings": {
        "name": {
            "en-GB": "Graveyard Monument",
            "fr-FR": "Monument aux morts",
            "de-DE": "Friedhofsmonument",
            "es-ES": "Monumento de cementerio",
            "it-IT": "Monumento tombale",
            "nl-NL": "Grafmonument",
            "sv-SE": "Kyrkogårdsmonument",
            "ko-KR": "묘지 기념비",
            "zh-CN": "墓园遗迹",
            "zh-TW": "墓園遺蹟",
            "pt-BR": "Monumento de Cemitério",
            "cs-CZ": "Velký náhrobek",
            "ja-JP": "墓地モニュメント",
            "pl-PL": "Pomnik cmentarny",
            "ru-RU": "Памятник",
            "eo-ZZ": "Momumento de Tombejo",
            "ca-ES": "Monument de cementiri",
            "fi-FI": "Hautausmaan patsas"
        }
    }
}
