{
    "id": "rct2.scenery_small.tr2",
    "authors": [
        "Chris Sawyer",
        "Simon Foster"
    ],
    "version": "1.0",
    "originalId": "0A188E81|TR2     |E86DAFE7",
    "sourceGame": [
        "rct2",
        "rct1"
    ],
    "objectType": "scenery_small",
    "properties": {
        "price": 5,
        "removalPrice": -4,
        "cursor": "CURSOR_STATUE_DOWN",
        "height": 32,
        "shape": "1/4",
        "isRotatable": true,
        "isStackable": true
    },
    "images": [
        "$RCT2:OBJDATA/TR2.DAT[0..3]"
    ],
    "strings": {
        "name": {
            "en-GB": "Black Rook",
            "fr-FR": "Tour noire",
            "de-DE": "Schwarzer Turm",
            "es-ES": "Torre negra",
            "it-IT": "Torre nera",
            "nl-NL": "Zwarte toren",
            "sv-SE": "Svart torn",
            "ko-KR": "검은색 룩",
            "zh-CN": "黑棋车",
            "zh-TW": "黑棋車",
            "pt-BR": "Torre Preta",
            "cs-CZ": "Černá věž",
            "ja-JP": "黒ルーク",
            "pl-PL": "Czarna wieża",
            "ru-RU": "Ладья",
            "eo-ZZ": "Nigra Turo",
            "ca-ES": "Torre negra",
            "fi-FI": "Musta torni"
        }
    }
}
