{
    "id": "rct2.scenery_small.tot3",
    "authors": [
        "Chris Sawyer",
        "Simon Foster"
    ],
    "version": "1.0",
    "originalId": "0A188E81|TOT3    |CD91F78F",
    "sourceGame": [
        "rct2",
        "rct1ll"
    ],
    "objectType": "scenery_small",
    "properties": {
        "price": 10,
        "removalPrice": 5,
        "cursor": "CURSOR_TREE_DOWN",
        "height": 36,
        "sceneryGroup": "rct2.scenery_group.scgtrees",
        "isTree": true,
        "shape": "1/4"
    },
    "images": [
        "$RCT2:OBJDATA/TOT3.DAT[0..3]"
    ],
    "strings": {
        "name": {
            "en-GB": "Tree",
            "fr-FR": "Arbre",
            "de-DE": "Baum",
            "es-ES": "Árbol",
            "it-IT": "Albero",
            "nl-NL": "Boom",
            "sv-SE": "Träd",
            "ko-KR": "나무",
            "zh-CN": "树",
            "zh-TW": "樹",
            "pt-BR": "Árvore",
            "cs-CZ": "Strom",
            "ja-JP": "木",
            "pl-PL": "Drzewo",
            "ru-RU": "Дерево",
            "eo-ZZ": "Arbo",
            "ca-ES": "Arbre",
            "fi-FI": "Puu"
        }
    }
}
