{
    "id": "rct2.scenery_small.tcy",
    "authors": [
        "Chris Sawyer",
        "Simon Foster"
    ],
    "version": "1.0",
    "originalId": "0A188D81|TCY     |D7FDD5A2",
    "sourceGame": [
        "rct2",
        "rct1"
    ],
    "objectType": "scenery_small",
    "properties": {
        "price": 17,
        "removalPrice": 10,
        "cursor": "CURSOR_TREE_DOWN",
        "height": 72,
        "isTree": true,
        "shape": "4/4"
    },
    "images": [
        "$RCT2:OBJDATA/TCY.DAT[0..3]"
    ],
    "strings": {
        "name": {
            "en-GB": "Common Yew Tree",
            "fr-FR": "If",
            "de-DE": "Eibe",
            "es-ES": "Tejo común",
            "it-IT": "Tasso comune",
            "nl-NL": "Gewone taxusboom",
            "sv-SE": "Vanlig gran",
            "ko-KR": "주목",
            "zh-CN": "一般紫杉树",
            "zh-TW": "一般紫杉樹",
            "pt-BR": "Árvore Yew Comum",
            "cs-CZ": "Tis",
            "ja-JP": "普通のイチイの木",
            "pl-PL": "Cis",
            "ru-RU": "Обычный Тис",
            "eo-ZZ": "Eŭropa Taksusoarbo",
            "ca-ES": "Teix",
            "fi-FI": "Euroopanmarjakuusi"
        }
    }
}
