{
    "id": "rct2.scenery_small.sktdw2",
    "authors": [
        "Chris Sawyer",
        "Simon Foster"
    ],
    "version": "1.0",
    "originalId": "0A188D81|SKTDW2  |99D6355A",
    "sourceGame": "rct2",
    "objectType": "scenery_small",
    "properties": {
        "price": 12,
        "removalPrice": -9,
        "cursor": "CURSOR_HOUSE_DOWN",
        "height": 16,
        "shape": "4/4+D",
        "SMALL_SCENERY_FLAG_VOFFSET_CENTRE": true,
        "requiresFlatSurface": true,
        "isRotatable": true,
        "hasPrimaryColour": true,
        "isStackable": true,
        "prohibitWalls": true,
        "hasNoSupports": true
    },
    "images": [
        "$RCT2:OBJDATA/SKTDW2.DAT[0..3]"
    ],
    "strings": {
        "name": {
            "en-GB": "Wall",
            "fr-FR": "Mur",
            "de-DE": "Wand",
            "es-ES": "Pared",
            "it-IT": "Muro",
            "nl-NL": "Muur",
            "sv-SE": "Mur",
            "ko-KR": "벽",
            "zh-CN": "墙",
            "zh-TW": "牆",
            "pt-BR": "Muro",
            "cs-CZ": "Stěna",
            "ja-JP": "壁",
            "pl-PL": "Ściana",
            "ru-RU": "Блок",
            "eo-ZZ": "Muro",
            "ca-ES": "Paret",
            "fi-FI": "Seinä"
        }
    }
}
