{
    "id": "rct2.scenery_small.badshut2",
    "authors": [
        "Chris Sawyer",
        "Simon Foster"
    ],
    "version": "1.0",
    "originalId": "0A188C81|BADSHUT2|9E996CF4",
    "sourceGame": "rct2",
    "objectType": "scenery_small",
    "properties": {
        "price": 11,
        "removalPrice": -8,
        "cursor": "CURSOR_STATUE_DOWN",
        "height": 24,
        "shape": "1/4",
        "isStackable": true,
        "hasNoSupports": true
    },
    "images": [
        "$RCT2:OBJDATA/BADSHUT2.DAT[0..3]"
    ],
    "strings": {
        "name": {
            "en-GB": "Shuttlecock",
            "fr-FR": "Volant de badminton",
            "de-DE": "Federball",
            "es-ES": "Pelota de bádminton",
            "it-IT": "Shuttle",
            "nl-NL": "Shuttle",
            "sv-SE": "Badmintonboll",
            "ko-KR": "셔틀콕",
            "zh-CN": "羽毛球",
            "zh-TW": "羽毛球",
            "pt-BR": "Peteca",
            "cs-CZ": "Pérák",
            "ja-JP": "シャトル",
            "pl-PL": "Lotka",
            "ru-RU": "Волан",
            "eo-ZZ": "Volanoj",
            "ca-ES": "Volant de bàdminton",
            "fi-FI": "Sulkapallo"
        }
    }
}
