{
    "id": "rct2.scenery_small.tsh3",
    "authors": [
        "Chris Sawyer",
        "Simon Foster"
    ],
    "version": "1.0",
    "originalId": "0A188E81|TSH3    |19E48E9F",
    "sourceGame": [
        "rct2",
        "rct1"
    ],
    "objectType": "scenery_small",
    "properties": {
        "price": 6,
        "removalPrice": 5,
        "cursor": "CURSOR_TREE_DOWN",
        "height": 16,
        "shape": "1/4",
        "SMALL_SCENERY_FLAG_VOFFSET_CENTRE": true,
        "isStackable": true
    },
    "images": [
        "$RCT2:OBJDATA/TSH3.DAT[0..3]"
    ],
    "strings": {
        "name": {
            "en-GB": "Bush",
            "fr-FR": "Buisson",
            "de-DE": "Busch",
            "es-ES": "Matorral",
            "it-IT": "Cespuglio",
            "nl-NL": "Struik",
            "sv-SE": "Buske",
            "ko-KR": "수풀",
            "zh-CN": "灌木",
            "zh-TW": "灌木",
            "pt-BR": "Arbusto",
            "cs-CZ": "Křoví",
            "ja-JP": "低木",
            "pl-PL": "Krzak",
            "ru-RU": "Куст",
            "eo-ZZ": "Arbeto",
            "ca-ES": "Arbust",
            "fi-FI": "Pensas",
            "hu-HU": "Bokor"
        }
    }
}
