{
    "id": "rct2.scenery_small.spcroof1",
    "authors": [
        "Chris Sawyer",
        "Simon Foster"
    ],
    "version": "1.0",
    "originalId": "0A188D81|SPCROOF1|A26A6E72",
    "sourceGame": "rct2",
    "objectType": "scenery_small",
    "properties": {
        "price": 20,
        "removalPrice": -15,
        "cursor": "CURSOR_HOUSE_DOWN",
        "height": 8,
        "sceneryGroup": "rct2.scenery_group.scgwalls",
        "shape": "4/4",
        "SMALL_SCENERY_FLAG_VOFFSET_CENTRE": true,
        "requiresFlatSurface": true,
        "isRotatable": true,
        "isStackable": true,
        "prohibitWalls": true,
        "hasNoSupports": true
    },
    "images": [
        "$RCT2:OBJDATA/SPCROOF1.DAT[0..3]"
    ],
    "strings": {
        "name": {
            "en-GB": "Roof",
            "fr-FR": "Toit",
            "de-DE": "Dach",
            "es-ES": "Tejado",
            "it-IT": "Tetto",
            "nl-NL": "Dak",
            "sv-SE": "Tak",
            "ko-KR": "천장",
            "zh-CN": "屋顶",
            "zh-TW": "屋頂",
            "pt-BR": "Teto",
            "cs-CZ": "Střecha",
            "ja-JP": "屋根",
            "pl-PL": "Dach",
            "ru-RU": "Блок",
            "eo-ZZ": "Tegmento",
            "ca-ES": "Teulada",
            "fi-FI": "Katto",
            "hu-HU": "Tető",
            "uk-UA": "Дах"
        }
    }
}
