{
    "id": "rct2.scenery_small.georoof1",
    "authors": [
        "Chris Sawyer",
        "Simon Foster"
    ],
    "version": "1.0",
    "originalId": "0A188D81|GEOROOF1|5D5F1405",
    "sourceGame": "rct2",
    "objectType": "scenery_small",
    "properties": {
        "price": 20,
        "removalPrice": -15,
        "cursor": "CURSOR_HOUSE_DOWN",
        "height": 8,
        "sceneryGroup": "rct2.scenery_group.scgwalls",
        "shape": "4/4",
        "SMALL_SCENERY_FLAG_VOFFSET_CENTRE": true,
        "requiresFlatSurface": true,
        "hasGlass": true,
        "hasPrimaryColour": true,
        "isStackable": true,
        "prohibitWalls": true,
        "hasSecondaryColour": true,
        "hasNoSupports": true,
        "allowSupportsAbove": true
    },
    "images": [
        "$RCT2:OBJDATA/GEOROOF1.DAT[0..7]"
    ],
    "strings": {
        "name": {
            "en-GB": "Glass Roof",
            "fr-FR": "Toit en verre",
            "de-DE": "Glasdach",
            "es-ES": "Tejado de cristal",
            "it-IT": "Tetto di vetro",
            "nl-NL": "Glazen dak",
            "sv-SE": "Glastak",
            "ko-KR": "유리 지붕",
            "zh-CN": "玻璃屋顶",
            "zh-TW": "玻璃屋頂",
            "pt-BR": "Teto de Vidro",
            "cs-CZ": "Skleněná střecha",
            "ja-JP": "ガラスの屋根",
            "pl-PL": "Szklany dach",
            "ru-RU": "Крыша",
            "eo-ZZ": "Vitra Tegmento",
            "ca-ES": "Teulada de vidre",
            "fi-FI": "Lasikatto",
            "ar-EG": "سقف زجاجي",
            "hu-HU": "Üvegtető"
        }
    }
}
