{
    "id": "rct2.scenery_small.thrs",
    "authors": [
        "Chris Sawyer",
        "Simon Foster"
    ],
    "version": "1.0",
    "originalId": "0A188E81|THRS    |496894B5",
    "sourceGame": [
        "rct2",
        "rct1"
    ],
    "objectType": "scenery_small",
    "properties": {
        "price": 20,
        "removalPrice": -15,
        "cursor": "CURSOR_STATUE_DOWN",
        "height": 64,
        "shape": "4/4",
        "SMALL_SCENERY_FLAG_VOFFSET_CENTRE": true,
        "requiresFlatSurface": true,
        "isRotatable": true,
        "isStackable": true
    },
    "images": [
        "$RCT2:OBJDATA/THRS.DAT[0..3]"
    ],
    "strings": {
        "name": {
            "en-GB": "Horseman Statue",
            "fr-FR": "Statue de cavalier",
            "de-DE": "Reiterstatue",
            "es-ES": "Estatua de jinete",
            "it-IT": "Statua di un cavaliere",
            "nl-NL": "Ruiterstandbeeld",
            "sv-SE": "Ryttarstaty",
            "ko-KR": "말을 탄 사람 동상",
            "zh-CN": "骑马者雕像",
            "zh-TW": "騎馬者雕像",
            "pt-BR": "Estátua de Cavaleiro",
            "cs-CZ": "Socha jezdce",
            "ja-JP": "騎手の像",
            "pl-PL": "Posąg jeţdţca",
            "ru-RU": "Всадник",
            "eo-ZZ": "Statuo de Ĉevalrajdanto",
            "ca-ES": "Estàtua de genet",
            "fi-FI": "Hevosmiespatsas"
        }
    }
}
