{
    "id": "rct2.scenery_small.tsh",
    "authors": [
        "Chris Sawyer",
        "Simon Foster"
    ],
    "version": "1.0",
    "originalId": "0A188E81|TSH     |2FA50686",
    "sourceGame": [
        "rct2",
        "rct1"
    ],
    "objectType": "scenery_small",
    "properties": {
        "price": 18,
        "removalPrice": -15,
        "cursor": "CURSOR_STATUE_DOWN",
        "height": 64,
        "shape": "4/4",
        "SMALL_SCENERY_FLAG_VOFFSET_CENTRE": true,
        "requiresFlatSurface": true,
        "isRotatable": true,
        "isStackable": true
    },
    "images": [
        "$RCT2:OBJDATA/TSH.DAT[0..3]"
    ],
    "strings": {
        "name": {
            "en-GB": "Horse Statue",
            "fr-FR": "Statue de cheval",
            "de-DE": "Pferdestatue",
            "es-ES": "Estatua de caballo",
            "it-IT": "Statua di cavallo",
            "nl-NL": "Paardenstandbeeld",
            "sv-SE": "Häststaty",
            "ko-KR": "말 동상",
            "zh-CN": "马雕像",
            "zh-TW": "馬雕像",
            "pt-BR": "Estátua de Cavalo",
            "cs-CZ": "Socha koně",
            "ja-JP": "馬の像",
            "pl-PL": "Posąg konia",
            "ru-RU": "Лошадка",
            "eo-ZZ": "Statuo de Ĉevalo",
            "ca-ES": "Estàtua d’un cavall",
            "fi-FI": "Hevospatsas"
        }
    }
}
