{
    "id": "rct2.scenery_small.tsm",
    "authors": [
        "Chris Sawyer",
        "Simon Foster"
    ],
    "version": "1.0",
    "originalId": "0A188F81|TSM     |43DD2192",
    "sourceGame": [
        "rct2",
        "rct1ll"
    ],
    "objectType": "scenery_small",
    "properties": {
        "price": 12,
        "removalPrice": -10,
        "cursor": "CURSOR_STATUE_DOWN",
        "height": 56,
        "shape": "4/4",
        "isRotatable": true,
        "isStackable": true
    },
    "images": [
        "$RCT2:OBJDATA/TSM.DAT[0..3]"
    ],
    "strings": {
        "name": {
            "en-GB": "Snowman",
            "fr-FR": "Bonhomme de neige",
            "de-DE": "Schneemann",
            "es-ES": "Muñeco de nieve",
            "it-IT": "Pupazzo di neve",
            "nl-NL": "Sneeuwpop",
            "sv-SE": "Snögubbe",
            "ko-KR": "눈사람",
            "zh-CN": "雪人",
            "zh-TW": "雪人",
            "pt-BR": "Homem de Neve",
            "cs-CZ": "Sněhulák",
            "ja-JP": "スノーマン",
            "pl-PL": "Bałwanek",
            "ru-RU": "Снеговик",
            "eo-ZZ": "Neĝhomo",
            "ca-ES": "Home de neu",
            "fi-FI": "Lumiukko"
        }
    }
}
