{
    "id": "rct2.scenery_small.mint1",
    "authors": [
        "Chris Sawyer",
        "Simon Foster"
    ],
    "version": "1.0",
    "originalId": "0A188D81|MINT1   |3F1F8CF4",
    "sourceGame": "rct2",
    "objectType": "scenery_small",
    "properties": {
        "price": 7,
        "removalPrice": -4,
        "cursor": "CURSOR_STATUE_DOWN",
        "height": 8,
        "shape": "1/4",
        "isStackable": true,
        "hasNoSupports": true
    },
    "images": [
        "$RCT2:OBJDATA/MINT1.DAT[0..3]"
    ],
    "strings": {
        "name": {
            "en-GB": "Mint",
            "fr-FR": "Menthe",
            "de-DE": "Pfefferminz",
            "es-ES": "Menta",
            "it-IT": "Menta",
            "ko-KR": "민트",
            "zh-CN": "薄荷",
            "zh-TW": "薄荷",
            "pt-BR": "Menta",
            "cs-CZ": "Máta",
            "ja-JP": "ミント",
            "pl-PL": "Miętówka",
            "ru-RU": "Мята",
            "eo-ZZ": "Mento",
            "ca-ES": "Caramel de menta",
            "fi-FI": "Pastilli"
        }
    }
}
