{
    "id": "rct2.scenery_small.tt1",
    "authors": [
        "Chris Sawyer",
        "Simon Foster"
    ],
    "version": "1.0",
    "originalId": "0A188F81|TT1     |3E3119F0",
    "sourceGame": [
        "rct2",
        "rct1"
    ],
    "objectType": "scenery_small",
    "properties": {
        "price": 62,
        "removalPrice": -50,
        "cursor": "CURSOR_HOUSE_DOWN",
        "height": 40,
        "shape": "4/4",
        "SMALL_SCENERY_FLAG_VOFFSET_CENTRE": true,
        "requiresFlatSurface": true,
        "isRotatable": true,
        "isStackable": true,
        "prohibitWalls": true
    },
    "images": [
        "$RCT2:OBJDATA/TT1.DAT[0..3]"
    ],
    "strings": {
        "name": {
            "en-GB": "Roman Temple",
            "fr-FR": "Temple romain",
            "de-DE": "Römischer Tempel",
            "es-ES": "Templo romano",
            "it-IT": "Tempio romano",
            "nl-NL": "Romeinse tempel",
            "sv-SE": "Romerskt tempel",
            "ko-KR": "로마 사원",
            "zh-CN": "古罗马教堂",
            "zh-TW": "古羅馬教堂",
            "pt-BR": "Templo Romano",
            "cs-CZ": "Římský palác",
            "ja-JP": "ローマ寺院",
            "pl-PL": "Rzymska świątynia",
            "ru-RU": "Римский храм",
            "eo-ZZ": "Roma Templo",
            "ca-ES": "Temple romà",
            "fi-FI": "Roomalainen temppeli"
        }
    }
}
