{
    "id": "rct2.scenery_small.romroof2",
    "authors": [
        "Chris Sawyer",
        "Simon Foster"
    ],
    "version": "1.0",
    "originalId": "0A188D81|ROMROOF2|F76F73A1",
    "sourceGame": "rct2",
    "objectType": "scenery_small",
    "properties": {
        "price": 20,
        "removalPrice": -15,
        "cursor": "CURSOR_HOUSE_DOWN",
        "height": 8,
        "sceneryGroup": "rct2.scenery_group.scgwalls",
        "shape": "4/4",
        "SMALL_SCENERY_FLAG_VOFFSET_CENTRE": true,
        "requiresFlatSurface": true,
        "isStackable": true,
        "prohibitWalls": true,
        "hasNoSupports": true,
        "allowSupportsAbove": true
    },
    "images": [
        "$RCT2:OBJDATA/ROMROOF2.DAT[0..3]"
    ],
    "strings": {
        "name": {
            "en-GB": "Plinth",
            "fr-FR": "Socle",
            "de-DE": "Sockel",
            "es-ES": "Plinto",
            "it-IT": "Basamento",
            "nl-NL": "Fundament",
            "sv-SE": "Plint",
            "ko-KR": "주춧돌",
            "zh-CN": "圆柱柱脚",
            "zh-TW": "圓柱柱腳",
            "pt-BR": "Base",
            "cs-CZ": "Sloup",
            "ja-JP": "台座",
            "pl-PL": "Cokół",
            "ru-RU": "Пост",
            "eo-ZZ": "Soklo",
            "ca-ES": "Plint",
            "fi-FI": "Plintti"
        }
    }
}
