{
    "id": "rct2.scenery_small.tb2",
    "authors": [
        "Chris Sawyer",
        "Simon Foster"
    ],
    "version": "1.0",
    "originalId": "0A188D81|TB2     |21B1926A",
    "sourceGame": [
        "rct2",
        "rct1"
    ],
    "objectType": "scenery_small",
    "properties": {
        "price": 5,
        "removalPrice": -4,
        "cursor": "CURSOR_STATUE_DOWN",
        "height": 32,
        "shape": "1/4",
        "isRotatable": true,
        "isStackable": true
    },
    "images": [
        "$RCT2:OBJDATA/TB2.DAT[0..3]"
    ],
    "strings": {
        "name": {
            "en-GB": "Black Bishop",
            "fr-FR": "Fou noir",
            "de-DE": "Schwarzer Läufer",
            "es-ES": "Obispo negro",
            "it-IT": "Alfiere nero",
            "nl-NL": "Zwarte loper",
            "sv-SE": "Svart löpare",
            "ko-KR": "검은색 비숍",
            "zh-CN": "黑主教",
            "zh-TW": "黑主教",
            "pt-BR": "Bispo Preto",
            "cs-CZ": "Černý střelec",
            "ja-JP": "ブラックビショップ",
            "pl-PL": "Czarny goniec",
            "ru-RU": "Чёрный слон",
            "eo-ZZ": "Nigra Kuriero",
            "ca-ES": "Alfil negre",
            "fi-FI": "Musta lähetti"
        }
    }
}
