{
    "id": "rct2.scenery_small.tmo3",
    "authors": [
        "Chris Sawyer",
        "Simon Foster"
    ],
    "version": "1.0",
    "originalId": "0A188E81|TMO3    |6EC42647",
    "sourceGame": [
        "rct2",
        "rct1"
    ],
    "objectType": "scenery_small",
    "properties": {
        "price": 15,
        "removalPrice": -10,
        "cursor": "CURSOR_HOUSE_DOWN",
        "height": 44,
        "shape": "1/4",
        "isStackable": true
    },
    "images": [
        "$RCT2:OBJDATA/TMO3.DAT[0..3]"
    ],
    "strings": {
        "name": {
            "en-GB": "Martian Object",
            "fr-FR": "Objet martien",
            "de-DE": "Marsobjekt",
            "es-ES": "Objeto marciano",
            "it-IT": "Oggetto marziano",
            "nl-NL": "Buitenaards object",
            "sv-SE": "Marsföremål",
            "ko-KR": "화성 물체",
            "zh-CN": "火星-物体",
            "zh-TW": "火星人的物體",
            "pt-BR": "Objeto Marciano",
            "cs-CZ": "Marťanský objekt",
            "ja-JP": "火星人のオブジェクト",
            "pl-PL": "Artefakt Marsjan",
            "ru-RU": "Предмет с Марса",
            "eo-ZZ": "Marsaĵo",
            "ca-ES": "Objecte marcià",
            "fi-FI": "Marsilainen esine"
        }
    }
}
