{
    "id": "rct2.scenery_small.suppw2",
    "authors": [
        "Chris Sawyer",
        "Simon Foster"
    ],
    "version": "1.0",
    "originalId": "0A188D81|SUPPW2  |4B12E7F6",
    "sourceGame": "rct2",
    "objectType": "scenery_small",
    "properties": {
        "price": 12,
        "removalPrice": -8,
        "cursor": "CURSOR_HOUSE_DOWN",
        "height": 32,
        "shape": "4/4",
        "SMALL_SCENERY_FLAG_VOFFSET_CENTRE": true,
        "isRotatable": true,
        "hasPrimaryColour": true,
        "isStackable": true,
        "allowSupportsAbove": true,
        "supportsHavePrimaryColour": true
    },
    "images": [
        "$RCT2:OBJDATA/SUPPW2.DAT[0..3]"
    ],
    "strings": {
        "name": {
            "en-GB": "Support Structure",
            "fr-FR": "Structure de support",
            "de-DE": "Stützkonstruktion",
            "es-ES": "Estructura de soporte",
            "it-IT": "Struttura di supporto",
            "nl-NL": "Steunconstructie",
            "sv-SE": "Stödstruktur",
            "ko-KR": "지지대 구조물",
            "zh-CN": "支架结构",
            "zh-TW": "支架結構",
            "pt-BR": "Estrutura de Suporte",
            "cs-CZ": "Podpěra",
            "ja-JP": "支持構造物",
            "pl-PL": "Podpora",
            "ru-RU": "Поддержка",
            "eo-ZZ": "Subtena Konstruaĵo",
            "ca-ES": "Estructura de suport",
            "fi-FI": "Tukirakenne"
        }
    }
}
