{
    "id": "rct2.scenery_small.tgc2",
    "authors": [
        "Chris Sawyer",
        "Simon Foster"
    ],
    "version": "1.0",
    "originalId": "0A188E81|TGC2    |805A6FEA",
    "sourceGame": [
        "rct2",
        "rct1aa"
    ],
    "objectType": "scenery_small",
    "properties": {
        "price": 11,
        "removalPrice": -8,
        "cursor": "CURSOR_STATUE_DOWN",
        "height": 32,
        "shape": "1/4",
        "isRotatable": true,
        "isStackable": true
    },
    "images": [
        "$RCT2:OBJDATA/TGC2.DAT[0..3]"
    ],
    "strings": {
        "name": {
            "en-GB": "Sculpture",
            "de-DE": "Skulptur",
            "es-ES": "Escultura",
            "it-IT": "Scultura",
            "nl-NL": "Beeld",
            "sv-SE": "Skulptur",
            "ko-KR": "조각품",
            "zh-CN": "雕刻品",
            "zh-TW": "雕刻品",
            "pt-BR": "Escultura",
            "cs-CZ": "Socha",
            "ja-JP": "彫刻",
            "pl-PL": "Rzeţba",
            "ru-RU": "Статуя",
            "fr-FR": "Sculpture",
            "eo-ZZ": "Skulptaĵo",
            "ca-ES": "Escultura",
            "fi-FI": "Veistos"
        }
    }
}
