{
    "id": "rct2.scenery_small.tus",
    "authors": [
        "Chris Sawyer",
        "Simon Foster"
    ],
    "version": "1.0",
    "originalId": "0A188F81|TUS     |AAD01F5C",
    "sourceGame": [
        "rct2",
        "rct1"
    ],
    "objectType": "scenery_small",
    "properties": {
        "price": 12,
        "removalPrice": -10,
        "cursor": "CURSOR_STATUE_DOWN",
        "height": 52,
        "shape": "4/4",
        "SMALL_SCENERY_FLAG_VOFFSET_CENTRE": true,
        "requiresFlatSurface": true,
        "isRotatable": true,
        "isStackable": true
    },
    "images": [
        "$RCT2:OBJDATA/TUS.DAT[0..3]"
    ],
    "strings": {
        "name": {
            "en-GB": "Unicorn Statue",
            "fr-FR": "Statue de licorne",
            "de-DE": "Einhornstatue",
            "es-ES": "Estatua de unicornio",
            "it-IT": "Statua di unicorno",
            "nl-NL": "Eenhoornstandbeeld",
            "sv-SE": "Enhörningsstaty",
            "ko-KR": "유니콘 동상",
            "zh-CN": "独角兽雕像",
            "zh-TW": "獨角獸雕像",
            "pt-BR": "Estátua de Unicórnio",
            "cs-CZ": "Socha jednorožce",
            "ja-JP": "ユニコーン像",
            "pl-PL": "Posąg jednorożca",
            "ru-RU": "Единорог",
            "eo-ZZ": "Statuo de Unikorno",
            "ca-ES": "Estàtua d’unicorni",
            "fi-FI": "Yksisarvispatsas"
        }
    }
}
