{
    "id": "rct2.scenery_small.torn1",
    "authors": [
        "Chris Sawyer",
        "Simon Foster"
    ],
    "version": "1.0",
    "originalId": "0A188E81|TORN1   |8553D4E0",
    "sourceGame": "rct2",
    "objectType": "scenery_small",
    "properties": {
        "price": 10,
        "removalPrice": -7,
        "cursor": "CURSOR_TREE_DOWN",
        "height": 32,
        "shape": "1/4",
        "isStackable": true
    },
    "images": [
        "$RCT2:OBJDATA/TORN1.DAT[0..3]"
    ],
    "strings": {
        "name": {
            "en-GB": "Ornamental Tree",
            "fr-FR": "Arbre ornemental",
            "de-DE": "Zierbaum",
            "es-ES": "Árbol ornamental",
            "it-IT": "Albero ornamentale",
            "nl-NL": "Sierboom",
            "sv-SE": "Prydnadsträd",
            "ko-KR": "장식용 나무",
            "zh-CN": "装饰用的树",
            "zh-TW": "裝飾用的樹",
            "pt-BR": "Árvore Ornamental",
            "cs-CZ": "Ornamentální strom",
            "ja-JP": "装飾の木",
            "pl-PL": "Drzewo ozdobne",
            "ru-RU": "Фигурное дерево",
            "eo-ZZ": "Ornama Arbo",
            "ca-ES": "Arbre ornamental",
            "fi-FI": "Koristepuu"
        }
    }
}
