{
    "id": "rct2.scenery_small.tmzp",
    "authors": [
        "Chris Sawyer",
        "Simon Foster"
    ],
    "version": "1.0",
    "originalId": "0A188E81|TMZP    |3ABDEC32",
    "sourceGame": [
        "rct2",
        "rct1"
    ],
    "objectType": "scenery_small",
    "properties": {
        "price": 27,
        "removalPrice": 15,
        "cursor": "CURSOR_TREE_DOWN",
        "height": 96,
        "isTree": true,
        "shape": "4/4"
    },
    "images": [
        "$RCT2:OBJDATA/TMZP.DAT[0..3]"
    ],
    "strings": {
        "name": {
            "en-GB": "Montezuma Pine Tree",
            "fr-FR": "Pin de Montezuma",
            "de-DE": "Montezuma-Kiefer",
            "es-ES": "Pino de Montezuma",
            "it-IT": "Pino di Montezuma",
            "nl-NL": "Montezuma Pijnboom",
            "sv-SE": "Montezuma-tall",
            "ko-KR": "몬테수마 소나무",
            "zh-CN": "西班牙松树",
            "zh-TW": "西班牙松樹",
            "pt-BR": "Pinheiro-de-Montezuma",
            "cs-CZ": "Borovice Montezumova",
            "ja-JP": "モンテスマ松",
            "pl-PL": "Sosna Montezumy",
            "ru-RU": "Горная сосна",
            "eo-ZZ": "Pinoarbo de Montezuma",
            "ca-ES": "Pi de Montezuma",
            "fi-FI": "Meksikonmänty"
        }
    }
}
