{
    "id": "rct2.scenery_small.tlp",
    "authors": [
        "Chris Sawyer",
        "Simon Foster"
    ],
    "version": "1.0",
    "originalId": "0A188E81|TLP     |D009F04D",
    "sourceGame": [
        "rct2",
        "rct1"
    ],
    "objectType": "scenery_small",
    "properties": {
        "price": 21,
        "removalPrice": 10,
        "cursor": "CURSOR_TREE_DOWN",
        "height": 104,
        "isTree": true,
        "shape": "1/4",
        "SMALL_SCENERY_FLAG_VOFFSET_CENTRE": true
    },
    "images": [
        "$RCT2:OBJDATA/TLP.DAT[0..3]"
    ],
    "strings": {
        "name": {
            "en-GB": "Lombardy Poplar Tree",
            "fr-FR": "Peuplier de Lombardie",
            "de-DE": "Pyramidenpappel",
            "es-ES": "Álamo de Lombardía",
            "it-IT": "Pioppo lombardo",
            "nl-NL": "Lombardijse populier",
            "sv-SE": "Lombardy-poppel",
            "ko-KR": "양버들",
            "zh-CN": "白杨树",
            "zh-TW": "白楊樹",
            "pt-BR": "Árvore Choupo-da-Lombardia",
            "cs-CZ": "Lombardský topol",
            "ja-JP": "セイヨウハコヤナギ",
            "pl-PL": "Topola lombardzka",
            "ru-RU": "Тополь",
            "eo-ZZ": "Lombardy Poploarbo",
            "ca-ES": "Pollancre de Llombardia",
            "fi-FI": "Mustapoppeli"
        }
    }
}
