{
    "id": "rct2.scenery_small.icecube",
    "authors": [
        "Chris Sawyer",
        "Simon Foster"
    ],
    "version": "1.0",
    "originalId": "0A188D81|ICECUBE |FDBE9098",
    "sourceGame": "rct2",
    "objectType": "scenery_small",
    "properties": {
        "price": 25,
        "removalPrice": -18,
        "cursor": "CURSOR_STATUE_DOWN",
        "height": 40,
        "sceneryGroup": "rct2.scenery_group.scgsnow",
        "shape": "4/4",
        "SMALL_SCENERY_FLAG_VOFFSET_CENTRE": true,
        "requiresFlatSurface": true,
        "isStackable": true,
        "hasNoSupports": true,
        "allowSupportsAbove": true
    },
    "images": [
        "$RCT2:OBJDATA/ICECUBE.DAT[0..3]"
    ],
    "strings": {
        "name": {
            "en-GB": "Ice Cube",
            "fr-FR": "Cube de glace",
            "de-DE": "Eiswürfel",
            "es-ES": "Cubo de hielo",
            "it-IT": "Cubetto di ghiaccio",
            "nl-NL": "IJsblok",
            "sv-SE": "Iskub",
            "ko-KR": "얼음 큐브",
            "zh-CN": "冰块",
            "zh-TW": "冰塊",
            "pt-BR": "Cubo de Gelo",
            "cs-CZ": "Kostka ledu",
            "ja-JP": "アイスキューブ",
            "pl-PL": "Kostka lodu",
            "ru-RU": "Лёд",
            "eo-ZZ": "Glacikubo",
            "ca-ES": "Glaçó",
            "fi-FI": "Jääpala"
        }
    }
}
