{
    "id": "rct2.scenery_small.snail",
    "authors": [
        "Chris Sawyer",
        "Simon Foster"
    ],
    "version": "1.0",
    "originalId": "0A188D81|SNAIL   |2D622409",
    "sourceGame": "rct2",
    "objectType": "scenery_small",
    "properties": {
        "price": 40,
        "removalPrice": -31,
        "cursor": "CURSOR_STATUE_DOWN",
        "height": 24,
        "animationDelay": 2,
        "animationMask": 127,
        "numFrames": 32,
        "shape": "4/4",
        "SMALL_SCENERY_FLAG_VOFFSET_CENTRE": true,
        "isRotatable": true,
        "isAnimated": true,
        "hasPrimaryColour": true,
        "isStackable": true,
        "hasSecondaryColour": true,
        "SMALL_SCENERY_FLAG_VISIBLE_WHEN_ZOOMED": true,
        "frameOffsets": [
            0,
            1,
            2,
            3,
            4,
            5,
            6,
            7,
            7,
            7,
            7,
            7,
            7,
            7,
            7,
            7,
            7,
            7,
            7,
            7,
            7,
            7,
            7,
            7,
            7,
            7,
            6,
            5,
            4,
            3,
            2,
            1
        ]
    },
    "images": [
        "$RCT2:OBJDATA/SNAIL.DAT[0..35]"
    ],
    "strings": {
        "name": {
            "en-GB": "Snail",
            "fr-FR": "Escargot",
            "de-DE": "Schnecke",
            "es-ES": "Caracol",
            "it-IT": "Lumaca",
            "nl-NL": "Slak",
            "sv-SE": "Snigel",
            "ko-KR": "달팽이",
            "zh-CN": "蜗牛",
            "zh-TW": "蝸牛",
            "pt-BR": "Lesma",
            "cs-CZ": "Šnek",
            "ja-JP": "カタツムリ",
            "pl-PL": "Ślimak",
            "ru-RU": "Мидия",
            "eo-ZZ": "Limako",
            "ca-ES": "Caragol",
            "fi-FI": "Etana"
        }
    }
}
