{
    "id": "rct2.scenery_small.tdn5",
    "authors": [
        "Chris Sawyer",
        "Simon Foster"
    ],
    "version": "1.0",
    "originalId": "0A188D81|TDN5    |869509E2",
    "sourceGame": [
        "rct2",
        "rct1aa"
    ],
    "objectType": "scenery_small",
    "properties": {
        "price": 20,
        "removalPrice": -18,
        "cursor": "CURSOR_STATUE_DOWN",
        "height": 44,
        "shape": "4/4",
        "isRotatable": true,
        "isStackable": true
    },
    "images": [
        "$RCT2:OBJDATA/TDN5.DAT[0..3]"
    ],
    "strings": {
        "name": {
            "en-GB": "Dinosaur",
            "fr-FR": "Dinosaure",
            "de-DE": "Dinosaurier",
            "es-ES": "Dinosaurio",
            "it-IT": "Dinosauro",
            "nl-NL": "Dinosaurus",
            "sv-SE": "Dinosaurie",
            "ko-KR": "공룡",
            "zh-CN": "恐龙",
            "zh-TW": "恐龍",
            "pt-BR": "Dinossauro",
            "cs-CZ": "Dinosaurus",
            "ja-JP": "恐竜",
            "pl-PL": "Dinozaur",
            "ru-RU": "Динозавр",
            "eo-ZZ": "Dinosaŭro",
            "ca-ES": "Dinosaure",
            "fi-FI": "Dinosaurus"
        }
    }
}
