{
    "id": "rct2.scenery_small.tly",
    "authors": [
        "Chris Sawyer",
        "Simon Foster"
    ],
    "version": "1.0",
    "originalId": "0A188E81|TLY     |6BE9844D",
    "sourceGame": [
        "rct2",
        "rct1ll"
    ],
    "objectType": "scenery_small",
    "properties": {
        "price": 5,
        "removalPrice": 2,
        "cursor": "CURSOR_FLOWER_DOWN",
        "height": 8,
        "sceneryGroup": "rct2.scenery_group.scggardn",
        "shape": "4/4",
        "hasPrimaryColour": true,
        "isStackable": true,
        "hasNoSupports": true
    },
    "images": [
        "$RCT2:OBJDATA/TLY.DAT[0..3]"
    ],
    "strings": {
        "name": {
            "en-GB": "Lily",
            "fr-FR": "Lys",
            "de-DE": "Lilie",
            "es-ES": "Azucena",
            "it-IT": "Giglio",
            "nl-NL": "Lelie",
            "sv-SE": "Lilja",
            "ko-KR": "백합",
            "zh-CN": "百合花",
            "zh-TW": "百合花",
            "pt-BR": "Lírio",
            "cs-CZ": "Lilie",
            "ja-JP": "ユリ",
            "pl-PL": "Lilia",
            "ru-RU": "Лилия",
            "eo-ZZ": "Lilio",
            "ca-ES": "Lliri",
            "fi-FI": "Lilja"
        }
    }
}
