{
    "id": "rct2.scenery_small.cwfcrv33",
    "authors": [
        "Chris Sawyer",
        "Simon Foster"
    ],
    "version": "1.0",
    "originalId": "0A188D81|CWFCRV33|EEED3D8C",
    "sourceGame": "rct2",
    "objectType": "scenery_small",
    "properties": {
        "price": 15,
        "removalPrice": -11,
        "cursor": "CURSOR_HOUSE_DOWN",
        "height": 8,
        "shape": "3/4+D",
        "SMALL_SCENERY_FLAG_VOFFSET_CENTRE": true,
        "requiresFlatSurface": true,
        "isRotatable": true,
        "hasPrimaryColour": true,
        "isStackable": true,
        "prohibitWalls": true,
        "hasNoSupports": true
    },
    "images": [
        "$RCT2:OBJDATA/CWFCRV33.DAT[0..3]"
    ],
    "strings": {
        "name": {
            "en-GB": "Curved Block",
            "fr-FR": "Bloc courbe",
            "de-DE": "Gebogener Block",
            "es-ES": "Tejado curvado",
            "it-IT": "Tetto curvo",
            "nl-NL": "Gebogen blok",
            "sv-SE": "Krökt block",
            "ko-KR": "곡선형 블록",
            "zh-CN": "弯曲式积木",
            "zh-TW": "彎曲式積木",
            "pt-BR": "Bloco Curvo",
            "cs-CZ": "Zatočený blok",
            "ja-JP": "カーブしたブロック",
            "pl-PL": "Zakrzywiony blok",
            "ru-RU": "Кривой блок",
            "eo-ZZ": "Kurba Bloko",
            "ca-ES": "Bloc corbat",
            "fi-FI": "Kaareva lohko"
        }
    }
}
