{
    "id": "rct2.scenery_small.cog2ur",
    "authors": [
        "Chris Sawyer",
        "Simon Foster"
    ],
    "version": "1.0",
    "originalId": "0A188D81|COG2UR  |A38E3712",
    "sourceGame": "rct2",
    "objectType": "scenery_small",
    "properties": {
        "price": 15,
        "removalPrice": -10,
        "cursor": "CURSOR_STATUE_DOWN",
        "height": 16,
        "animationDelay": 1,
        "animationMask": 3,
        "numFrames": 4,
        "shape": "1/4",
        "SMALL_SCENERY_FLAG_VOFFSET_CENTRE": true,
        "isRotatable": true,
        "isAnimated": true,
        "hasPrimaryColour": true,
        "isStackable": true,
        "hasNoSupports": true,
        "SMALL_SCENERY_FLAG_VISIBLE_WHEN_ZOOMED": true,
        "SMALL_SCENERY_FLAG_COG": true,
        "frameOffsets": [
            0,
            3,
            2,
            1
        ]
    },
    "images": [
        "$RCT2:OBJDATA/COG2UR.DAT[0..19]"
    ],
    "strings": {
        "name": {
            "en-GB": "Small Cogwheel",
            "fr-FR": "Petite roue dentée",
            "de-DE": "Kleines Zahnrad",
            "es-ES": "Pequeña rueda dentada",
            "it-IT": "Piccola ruota dentata",
            "nl-NL": "Klein tandrad",
            "sv-SE": "Litet kugghjul",
            "ko-KR": "작은 톱니바퀴",
            "zh-CN": "小木齿铁轮",
            "zh-TW": "小木齒鐵輪",
            "pt-BR": "Roda Dentada Pequena",
            "cs-CZ": "Malé ozubené kolo",
            "ja-JP": "小さいはめ歯歯車",
            "pl-PL": "Kółko zębate",
            "ru-RU": "Шестерёнка",
            "eo-ZZ": "Malgranda Dentrado",
            "ca-ES": "Roda dentada petita",
            "fi-FI": "Pieni hammasratas"
        }
    }
}
