{
    "id": "rct2.scenery_small.trc",
    "authors": [
        "Chris Sawyer",
        "Simon Foster"
    ],
    "version": "1.0",
    "originalId": "0A188E81|TRC     |5B8CC893",
    "sourceGame": [
        "rct2",
        "rct1"
    ],
    "objectType": "scenery_small",
    "properties": {
        "price": 11,
        "removalPrice": -10,
        "cursor": "CURSOR_STATUE_DOWN",
        "height": 48,
        "shape": "1/4",
        "isStackable": true
    },
    "images": [
        "$RCT2:OBJDATA/TRC.DAT[0..3]"
    ],
    "strings": {
        "name": {
            "en-GB": "Roman Column",
            "fr-FR": "Colonne romaine",
            "de-DE": "Römische Säule",
            "es-ES": "Columna romana",
            "it-IT": "Colonna romana",
            "nl-NL": "Romeinse Zuil",
            "sv-SE": "Romersk pelare",
            "ko-KR": "로마식 기둥",
            "zh-CN": "罗马柱廊",
            "zh-TW": "羅馬柱廊",
            "pt-BR": "Coluna Romana",
            "cs-CZ": "Římský sloup",
            "ja-JP": "ローマの柱",
            "pl-PL": "Rzymska kolumna",
            "ru-RU": "Колонна",
            "eo-ZZ": "Roma Kolono",
            "ca-ES": "Columna romana",
            "fi-FI": "Roomalainen pylväs"
        }
    }
}
