{
    "id": "rct2.scenery_small.suppleg1",
    "authors": [
        "Chris Sawyer",
        "Simon Foster"
    ],
    "version": "1.0",
    "originalId": "0A188D81|SUPPLEG1|5D6607DF",
    "sourceGame": "rct2",
    "objectType": "scenery_small",
    "properties": {
        "price": 10,
        "removalPrice": -8,
        "cursor": "CURSOR_HOUSE_DOWN",
        "height": 56,
        "shape": "1/4",
        "SMALL_SCENERY_FLAG_VOFFSET_CENTRE": true,
        "isRotatable": true,
        "hasPrimaryColour": true,
        "isStackable": true,
        "hasNoSupports": true,
        "SMALL_SCENERY_FLAG27": true
    },
    "images": [
        "$RCT2:OBJDATA/SUPPLEG1.DAT[0..3]"
    ],
    "strings": {
        "name": {
            "en-GB": "Pole",
            "fr-FR": "Mât",
            "de-DE": "Stange",
            "es-ES": "Polo",
            "it-IT": "Palo",
            "nl-NL": "Paal",
            "sv-SE": "Påle",
            "ko-KR": "막대기",
            "zh-CN": "柱子",
            "zh-TW": "柱子",
            "pt-BR": "Poste",
            "cs-CZ": "Tyč",
            "ja-JP": "ポール",
            "pl-PL": "Słup",
            "ru-RU": "Шест",
            "eo-ZZ": "Fosto",
            "ca-ES": "Pal",
            "fi-FI": "Tanko"
        }
    }
}
