{
    "id": "rct2.scenery_small.tsmp",
    "authors": [
        "Chris Sawyer",
        "Simon Foster"
    ],
    "version": "1.0",
    "originalId": "0A188F81|TSMP    |DA20C586",
    "sourceGame": [
        "rct2",
        "rct1ll"
    ],
    "objectType": "scenery_small",
    "properties": {
        "price": 32,
        "removalPrice": -28,
        "cursor": "CURSOR_STATUE_DOWN",
        "height": 40,
        "animationDelay": 1,
        "animationMask": 511,
        "numFrames": 63,
        "shape": "4/4",
        "SMALL_SCENERY_FLAG_VOFFSET_CENTRE": true,
        "isRotatable": true,
        "isAnimated": true,
        "isStackable": true,
        "frameOffsets": [
            1,
            2,
            3,
            4,
            5,
            6,
            7,
            8,
            9,
            10,
            11,
            12,
            13,
            14,
            15,
            5,
            6,
            7,
            8,
            9,
            10,
            11,
            12,
            13,
            14,
            15,
            5,
            6,
            7,
            8,
            9,
            10,
            11,
            12,
            13,
            14,
            15,
            5,
            6,
            7,
            8,
            9,
            10,
            11,
            12,
            13,
            14,
            15,
            5,
            6,
            7,
            8,
            9,
            10,
            11,
            12,
            13,
            14,
            15,
            4,
            3,
            2,
            1
        ]
    },
    "images": [
        "$RCT2:OBJDATA/TSMP.DAT[0..63]"
    ],
    "strings": {
        "name": {
            "en-GB": "Pumpkin",
            "fr-FR": "Citrouille",
            "de-DE": "Kürbis",
            "es-ES": "Calabaza",
            "it-IT": "Zucca",
            "nl-NL": "Pompoen",
            "sv-SE": "Pumpa",
            "ko-KR": "호박",
            "zh-CN": "南瓜",
            "zh-TW": "南瓜",
            "pt-BR": "Abóbora",
            "cs-CZ": "Dýně",
            "ja-JP": "カボチャ",
            "pl-PL": "Dynia",
            "ru-RU": "Тыква",
            "eo-ZZ": "Kukurbo",
            "ca-ES": "Carabassa",
            "fi-FI": "Kurpitsa"
        }
    }
}
