{
    "id": "rct2.scenery_small.tjf",
    "authors": [
        "Chris Sawyer",
        "Simon Foster"
    ],
    "version": "1.0",
    "originalId": "0A188E81|TJF     |77EC974B",
    "sourceGame": [
        "rct2",
        "rct1aa"
    ],
    "objectType": "scenery_small",
    "properties": {
        "price": 10,
        "removalPrice": 4,
        "cursor": "CURSOR_FLOWER_DOWN",
        "height": 48,
        "sceneryGroup": "rct2.scenery_group.scggardn",
        "shape": "4/4",
        "hasPrimaryColour": true,
        "isStackable": true
    },
    "images": [
        "$RCT2:OBJDATA/TJF.DAT[0..3]"
    ],
    "strings": {
        "name": {
            "en-GB": "Flower",
            "fr-FR": "Fleur",
            "de-DE": "Blume",
            "es-ES": "Flor",
            "it-IT": "Fiore",
            "nl-NL": "Bloem",
            "sv-SE": "Blomma",
            "ko-KR": "꽃",
            "zh-CN": "花",
            "zh-TW": "花",
            "pt-BR": "Flor",
            "cs-CZ": "Květina",
            "ja-JP": "花",
            "pl-PL": "Kwiat",
            "ru-RU": "Цветок",
            "eo-ZZ": "Floro",
            "ca-ES": "Flor",
            "fi-FI": "Kukka"
        }
    }
}
