{
    "id": "rct2.scenery_small.tsq",
    "authors": [
        "Chris Sawyer",
        "Simon Foster"
    ],
    "version": "1.0",
    "originalId": "0A188F81|TSQ     |58563469",
    "sourceGame": [
        "rct2",
        "rct1"
    ],
    "objectType": "scenery_small",
    "properties": {
        "price": 8,
        "removalPrice": 5,
        "cursor": "CURSOR_TREE_DOWN",
        "height": 36,
        "shape": "1/4",
        "SMALL_SCENERY_FLAG_VOFFSET_CENTRE": true,
        "isRotatable": true,
        "isStackable": true
    },
    "images": [
        "$RCT2:OBJDATA/TSQ.DAT[0..3]"
    ],
    "strings": {
        "name": {
            "en-GB": "Squirrel Shaped Tree",
            "fr-FR": "Arbre en forme d’écureuil",
            "de-DE": "Eichhörnchenförmiger Baum",
            "es-ES": "Árbol con forma de ardilla",
            "it-IT": "Albero a forma di scoiattolo",
            "nl-NL": "Boom in eekhoornvorm",
            "sv-SE": "Ekorrformat träd",
            "ko-KR": "다람쥐 모양의 나무",
            "zh-CN": "松鼠形状的树",
            "zh-TW": "松鼠形狀的樹",
            "pt-BR": "Árvore em Forma de Esquilo",
            "cs-CZ": "Strom ve tvaru veverky",
            "ja-JP": "リスの形の木",
            "pl-PL": "Drzewo wiewiórkowe",
            "ru-RU": "Беличье дерево",
            "eo-ZZ": "Sciurforma Arbo",
            "ca-ES": "Arbre en forma d’esquirol",
            "fi-FI": "Oravan muotoinen puu"
        }
    }
}
