{
    "id": "rct2.scenery_small.tgh1",
    "authors": [
        "Chris Sawyer",
        "Simon Foster"
    ],
    "version": "1.0",
    "originalId": "0A188E81|TGH1    |ABA9BBE6",
    "sourceGame": [
        "rct2",
        "rct1ll"
    ],
    "objectType": "scenery_small",
    "properties": {
        "price": 30,
        "removalPrice": -25,
        "cursor": "CURSOR_STATUE_DOWN",
        "height": 56,
        "animationDelay": 1,
        "animationMask": 511,
        "numFrames": 16,
        "shape": "1/4",
        "isRotatable": true,
        "isAnimated": true,
        "hasOverlayImage": true,
        "SMALL_SCENERY_FLAG17": true,
        "isStackable": true,
        "frameOffsets": [
            1,
            2,
            3,
            4,
            3,
            2,
            1,
            0,
            1,
            2,
            3,
            4,
            3,
            2,
            1,
            0
        ]
    },
    "images": [
        "$RCT2:OBJDATA/TGH1.DAT[0..23]"
    ],
    "strings": {
        "name": {
            "en-GB": "Statue",
            "es-ES": "Estatua",
            "it-IT": "Statua",
            "nl-NL": "Beeld",
            "sv-SE": "Staty",
            "ko-KR": "동상",
            "zh-CN": "雕像",
            "zh-TW": "雕像",
            "pt-BR": "Estátua",
            "cs-CZ": "Socha",
            "ja-JP": "像",
            "pl-PL": "Statua",
            "ru-RU": "Статуя",
            "fr-FR": "Statue",
            "eo-ZZ": "Statuo",
            "ca-ES": "Estàtua",
            "fi-FI": "Patsas"
        }
    }
}
