{
    "id": "rct2.scenery_small.twn",
    "authors": [
        "Chris Sawyer",
        "Simon Foster"
    ],
    "version": "1.0",
    "originalId": "0A188F81|TWN     |2F72F539",
    "sourceGame": [
        "rct2",
        "rct1"
    ],
    "objectType": "scenery_small",
    "properties": {
        "price": 18,
        "removalPrice": 11,
        "cursor": "CURSOR_TREE_DOWN",
        "height": 76,
        "isTree": true,
        "shape": "4/4"
    },
    "images": [
        "$RCT2:OBJDATA/TWN.DAT[0..3]"
    ],
    "strings": {
        "name": {
            "en-GB": "Walnut Tree",
            "fr-FR": "Noyer",
            "de-DE": "Walnussbaum",
            "es-ES": "Nogal",
            "it-IT": "Nocciolo",
            "nl-NL": "Walnootboom",
            "sv-SE": "Valnöt",
            "ko-KR": "호두나무",
            "zh-CN": "胡桃树",
            "zh-TW": "胡桃樹",
            "pt-BR": "Árvore Nogueira",
            "cs-CZ": "Ořešák královský",
            "ja-JP": "クルミの木",
            "pl-PL": "Orzech włoski",
            "ru-RU": "Орешник",
            "eo-ZZ": "Juglandujo",
            "ca-ES": "Noguera",
            "fi-FI": "Jalopähkinäpuu"
        }
    }
}
