{
    "id": "rct2.scenery_small.tsnb",
    "authors": [
        "Chris Sawyer",
        "Simon Foster"
    ],
    "version": "1.0",
    "originalId": "0A188F81|TSNB    |E7B50A25",
    "sourceGame": [
        "rct2",
        "rct1ll"
    ],
    "objectType": "scenery_small",
    "properties": {
        "price": 15,
        "removalPrice": -12,
        "cursor": "CURSOR_STATUE_DOWN",
        "height": 40,
        "shape": "4/4",
        "isStackable": true
    },
    "images": [
        "$RCT2:OBJDATA/TSNB.DAT[0..3]"
    ],
    "strings": {
        "name": {
            "en-GB": "Snowball",
            "fr-FR": "Boule de neige",
            "de-DE": "Schneeball",
            "es-ES": "Muñeco de nieve",
            "it-IT": "Palla di neve",
            "nl-NL": "Sneeuwbal",
            "sv-SE": "Snöboll",
            "ko-KR": "눈덩이",
            "zh-CN": "雪球",
            "zh-TW": "雪球",
            "pt-BR": "Bola de Neve",
            "cs-CZ": "Sněhová koule",
            "ja-JP": "雪玉",
            "pl-PL": "Śnieżka",
            "ru-RU": "Снежный ком",
            "eo-ZZ": "Neĝbulo",
            "ca-ES": "Bola de neu",
            "fi-FI": "Lumipallo"
        }
    }
}
