{
    "id": "rct2.scenery_small.wdiag",
    "authors": [
        "Chris Sawyer",
        "Simon Foster"
    ],
    "version": "1.0",
    "originalId": "0A188F81|WDIAG   |61659473",
    "sourceGame": "rct2",
    "objectType": "scenery_small",
    "properties": {
        "price": 22,
        "removalPrice": -13,
        "cursor": "CURSOR_FOUNTAIN_DOWN",
        "height": 48,
        "animationMask": 7,
        "numFrames": 8,
        "shape": "1/4+D",
        "isRotatable": true,
        "isAnimated": true,
        "isStackable": true,
        "hasNoSupports": true,
        "SMALL_SCENERY_FLAG_VISIBLE_WHEN_ZOOMED": true,
        "frameOffsets": [
            0,
            1,
            2,
            3,
            4,
            5,
            6,
            7
        ]
    },
    "images": [
        "$RCT2:OBJDATA/WDIAG.DAT[0..35]"
    ],
    "strings": {
        "name": {
            "en-GB": "Fountain",
            "fr-FR": "Fontaine",
            "de-DE": "Springbrunnen",
            "es-ES": "Fuente",
            "it-IT": "Fontana",
            "nl-NL": "Fontein",
            "sv-SE": "Fontän",
            "ko-KR": "분수",
            "zh-CN": "喷水池",
            "zh-TW": "噴水池",
            "pt-BR": "Chafariz",
            "cs-CZ": "Fontána",
            "ja-JP": "噴水",
            "pl-PL": "Fontanna",
            "ru-RU": "Фонтан",
            "eo-ZZ": "Fontano",
            "ca-ES": "Font",
            "fi-FI": "Suihkulähde"
        }
    }
}
