{
    "id": "rct2.scenery_small.tp2",
    "authors": [
        "Chris Sawyer",
        "Simon Foster"
    ],
    "version": "1.0",
    "originalId": "0A188E81|TP2     |D4B38F56",
    "sourceGame": [
        "rct2",
        "rct1"
    ],
    "objectType": "scenery_small",
    "properties": {
        "price": 5,
        "removalPrice": -4,
        "cursor": "CURSOR_STATUE_DOWN",
        "height": 28,
        "shape": "1/4",
        "isStackable": true
    },
    "images": [
        "$RCT2:OBJDATA/TP2.DAT[0..3]"
    ],
    "strings": {
        "name": {
            "en-GB": "Black Pawn",
            "fr-FR": "Pion noir",
            "de-DE": "Schwarzer Bauer",
            "es-ES": "Peón negro",
            "it-IT": "Pedone nero",
            "nl-NL": "Zwarte pion",
            "sv-SE": "Svart bonde",
            "ko-KR": "검은색 폰",
            "zh-CN": "黑棋兵",
            "zh-TW": "黑棋兵",
            "pt-BR": "Peão Preto",
            "cs-CZ": "Černý pěšák",
            "ja-JP": "黒ポーン",
            "pl-PL": "Czarny pionek",
            "ru-RU": "Пешка",
            "eo-ZZ": "Nigra Peono",
            "ca-ES": "Peó negre",
            "fi-FI": "Musta sotilas"
        }
    }
}
