{
    "id": "rct2.scenery_small.tmj",
    "authors": [
        "Chris Sawyer",
        "Simon Foster"
    ],
    "version": "1.0",
    "originalId": "0A188E81|TMJ     |847E3C80",
    "sourceGame": [
        "rct2",
        "rct1"
    ],
    "objectType": "scenery_small",
    "properties": {
        "price": 6,
        "removalPrice": -4,
        "cursor": "CURSOR_HOUSE_DOWN",
        "height": 32,
        "shape": "4/4",
        "isRotatable": true,
        "isStackable": true
    },
    "images": [
        "$RCT2:OBJDATA/TMJ.DAT[0..3]"
    ],
    "strings": {
        "name": {
            "en-GB": "Junk",
            "fr-FR": "Déchets",
            "de-DE": "Gerümpel",
            "es-ES": "Chatarra",
            "it-IT": "Giunca",
            "nl-NL": "Rommel",
            "sv-SE": "Skräp",
            "ko-KR": "잔해",
            "zh-CN": "废弃物",
            "zh-TW": "廢棄物",
            "pt-BR": "Lixo",
            "cs-CZ": "Odpad",
            "ja-JP": "ジャンク",
            "pl-PL": "Śmieci",
            "ru-RU": "Блок",
            "eo-ZZ": "Rubaĵo",
            "ca-ES": "Trastos",
            "fi-FI": "Rojua"
        }
    }
}
