{
    "id": "rct2.scenery_small.tsc2",
    "authors": [
        "Chris Sawyer",
        "Simon Foster"
    ],
    "version": "1.0",
    "originalId": "0A188E81|TSC2    |6B5860C1",
    "sourceGame": [
        "rct2",
        "rct1ll"
    ],
    "objectType": "scenery_small",
    "properties": {
        "price": 29,
        "removalPrice": -22,
        "cursor": "CURSOR_HOUSE_DOWN",
        "height": 72,
        "shape": "4/4",
        "requiresFlatSurface": true,
        "isRotatable": true,
        "isStackable": true
    },
    "images": [
        "$RCT2:OBJDATA/TSC2.DAT[0..3]"
    ],
    "strings": {
        "name": {
            "en-GB": "Building",
            "fr-FR": "Bâtiment",
            "de-DE": "Gebäude",
            "es-ES": "Edificio",
            "it-IT": "Edificio",
            "nl-NL": "Gebouw",
            "sv-SE": "Byggnad",
            "ko-KR": "건물",
            "zh-CN": "建筑物",
            "zh-TW": "建築物",
            "pt-BR": "Edifício",
            "cs-CZ": "Stavba",
            "ja-JP": "建物",
            "pl-PL": "Budynek",
            "ru-RU": "Здание",
            "eo-ZZ": "Konstruaĵo",
            "ca-ES": "Edifici",
            "fi-FI": "Rakennus"
        }
    }
}
