{
    "id": "rct2.scenery_small.whoriz",
    "authors": [
        "Chris Sawyer",
        "Simon Foster"
    ],
    "version": "1.0",
    "originalId": "0A188F81|WHORIZ  |8EB1913D",
    "sourceGame": "rct2",
    "objectType": "scenery_small",
    "properties": {
        "price": 18,
        "removalPrice": -10,
        "cursor": "CURSOR_STATUE_DOWN",
        "height": 32,
        "animationMask": 7,
        "numFrames": 8,
        "shape": "1/4",
        "isRotatable": true,
        "isAnimated": true,
        "isStackable": true,
        "hasNoSupports": true,
        "SMALL_SCENERY_FLAG_VISIBLE_WHEN_ZOOMED": true,
        "frameOffsets": [
            0,
            1,
            2,
            3,
            4,
            5,
            6,
            7
        ]
    },
    "images": [
        "$RCT2:OBJDATA/WHORIZ.DAT[0..35]"
    ],
    "strings": {
        "name": {
            "en-GB": "Water Jet",
            "fr-FR": "Jet d’eau",
            "de-DE": "Wasserstrahl",
            "es-ES": "Chorro de agua",
            "it-IT": "Schizzo d’acqua",
            "nl-NL": "Waterstraal",
            "sv-SE": "Vattenstråle",
            "ko-KR": "물 분사",
            "zh-CN": "水上摩托车",
            "zh-TW": "水上摩托車",
            "pt-BR": "Jato d’Água",
            "cs-CZ": "Vodní proud",
            "ja-JP": "ウォータージェット",
            "pl-PL": "Armatka wodna",
            "ru-RU": "Водомёт",
            "eo-ZZ": "Akvo-Ajuto",
            "ca-ES": "Raig d’aigua",
            "fi-FI": "Vesisuihku"
        }
    }
}
