<Root>
  <commands>
    <cmd name="ContactDelete"
	 _tip="Delete selected contacts"
	 pixtype="stock" pixname="gtk-delete"
	 accel="*Control*d"/>

    <cmd name="ContactsPrint"
	 _tip="Print selected contacts"
	 pixtype="stock" pixname="gtk-print"
	 accel="*Control*p"/>

    <cmd name="ContactsPrintPreview"
	 _tip="Previews the contacts to be printed"
	 pixtype="stock" pixname="gtk-print-preview"/>

    <cmd name="ContactsView"
	 _tip="View the current contact"
	 accel="*Control*o"/>

    <cmd name="ContactStop"
	 _tip="Stop Loading"
	 pixtype="stock" pixname="gtk-stop"/>

    <cmd name="ContactsCut" _label="Cut" _tip="Cut the selection"
	 pixtype="stock" pixname="gtk-cut"
	 accel="*Control*x"/>

    <cmd name="ContactsCopy" _label="Copy"
	 _tip="Copy the selection"
	 pixtype="stock" pixname="gtk-copy"
	 accel="*Control*c"/>

    <cmd name="ContactsPaste" _label="Paste"
	 _tip="Paste the clipboard"
	 pixtype="stock" pixname="gtk-paste"
	 accel="*Control*v"/>

    <cmd name="ContactsSelectAll" _label="Select All"
	 _tip="Select all contacts"
	 accel="*Control*a"/>

    <cmd name="ContactsSaveAsVCard" _label="Save as VCard..."
	 _tip="Save selected contacts as a VCard."
	 pixtype="stock" pixname="gtk-save-as"
	 accel="*Control*s"/>

    <cmd name="ContactsSendContactToOther" _label="Forward Contact"
	 _tip="Send selected contacts to another person."/>

    <cmd name="ContactsSendMessageToContact" _label="Send message to contact"
	 _tip="Send a message to the selected contacts."/>

    <cmd name="ContactsCopyToFolder" _label="Copy to Folder..."
	 _tip="Copy Selected Contacts to Another Folder..."
	 accel="*Control**Shift*y"/>

    <cmd name="ContactsMoveToFolder" _label="Move to Folder..."
	 _tip="Move Selected Contacts to Another Folder..."
	 accel="*Control**Shift*v"/>

    <cmd name="ContactsViewPreview" _label="Contact _Preview"
	 _tip="Show contact preview window"
	 accel="*Control*m"
	 type="toggle"/>
 
    <cmd name="FolderCreate" _label="_New"
         _tip="Create a new addressbook folder"
	 pixtype="pixbuf"/>

    <cmd name="FolderCopy" _label="_Copy Folder Contacts To"
	 _tip="Copy the contacts of the selected folder into another folder" 
	 pixtype="pixbuf"/>  
 
    <cmd name="FolderMove" _label="_Move Folder Contacts To"
	 _tip="Move the contacts of the selected folder into another folder" 
	 pixtype="pixbuf"/>  
    <cmd name="FolderSave" _label="_Save Folder Contacts As VCard"
	 _tip="Save the contacts of the selected folder as VCard"
	 pixtype="pixbuf"/>   
    <cmd name="FolderDelete" _label="_Delete"
	 _tip="Delete the selected folder"
	 pixtype="pixbuf"/>   
    <cmd name="FolderRename" _label="_Rename"
	 _tip="Rename the selected folder"
	 pixtype="pixbuf"/>   
    <cmd name="ChangeFolderProperties" _label="_Properties"
	 _tip="Change the properties of the selected folder"
	 pixtype="pixbuf"/>   
  </commands>

  <menu>
    <submenu name="File">
      <placeholder name="FileOps">
	<menuitem name="ContactsView"
		  verb="" _label="_Open"/>
	<menuitem name="ContactsSaveAsVCard"
		  verb="" _label="_Save Contact as VCard..."/>
	<menuitem name="FolderSave" 
		  verb="" _label="S_ave Address Book As VCard" pixtype="pixbuf"/>
      </placeholder>

      <placeholder name="Print">
	<menuitem name="ContactsPrintPreview" verb=""
		  _label="Print Pre_view"/>
	<menuitem name="ContactsPrint" verb=""
		  _label="_Print..."/>
      </placeholder>

    </submenu>

    <submenu name="View" _label="_View">
      <menuitem name="ContactsViewPreview" verb="" _label="Contact _Preview"/>
    </submenu>

    <submenu name="Edit" _label="_Edit">
      <placeholder name="EditPlaceholder">
	<menuitem name="ContactsSelectAll" verb="" _label="Select _All"/>

	<separator f="" name="eadbk2"/>

	<menuitem name="ContactsCut" verb="" _label="C_ut"/>
	
	<menuitem name="ContactsCopy" verb="" _label="_Copy"/>
	
	<menuitem name="ContactsPaste" verb="" _label="_Paste"/>

	<separator f="" name="eadbk6"/>

	<menuitem name="ContactDelete" verb="" _label="_Delete Contact"/>
	
	<menuitem name="FolderDelete" verb="" _label="Del_ete Address Book" pixtype="stock" pixname="gtk-delete"/>
      </placeholder>
    </submenu>

    <placeholder name="FolderPlaceholder">
    </placeholder>      

    <placeholder name="ActionsPlaceholder">
      <submenu name="Actions" _label="_Actions">
	<menuitem name="ContactsSendContactToOther"
		  _label="_Forward Contact..." verb="" pixtype="pixbuf"/>

	<menuitem name="ContactsSendMessageToContact"
		  _label="_Send Message to Contact..." verb="" pixtype="pixbuf"/>
	<menuitem name="ContactActionStop" verb="ContactStop" _label="St_op"/>

	<separator f="" name="eadbk5"/>

	<menuitem name="ContactsCopyToFolder" _label="_Copy Contact to..." verb=""/>
	<menuitem name="ContactsMoveToFolder" _label="_Move Contact to..." verb=""/>
	
	<separator f="" name="eadbk4"/>

	<menuitem name="FolderCopy" verb="" _label="Co_py All Contacts To..." pixtype="pixbuf"/>

	<menuitem name="FolderMove" verb="" _label="Mo_ve All Contacts To..." pixtype="pixbuf"/>

	<separator f="" name="eadbk3"/>

	<menuitem name="ChangeFolderProperties" verb="" _label="Address _Book Properties" pixtype="pixbuf"/>

      </submenu>
    </placeholder>

  </menu>

  <dockitem name="Toolbar">
    <toolitem name="ContactsPrint" verb=""
	      _label="Print"/>

    <toolitem name="ContactDelete" verb=""
	      _label="Delete"/>

    <toolitem name="ContactStop" verb=""
	      _label="Stop"/>

  </dockitem>

  <keybindings>
    <accel name="Delete" verb="ContactDelete"/>
    <accel name="BackSpace" verb="ContactDelete"/>
    <accel name="F16" verb="ContactsCopy"/>
    <accel name="F18" verb="ContactsPaste"/>
    <accel name="F20" verb="ContactsCut"/>
  </keybindings>

</Root>
