<?xml version="1.0"?>
<gconf>
        <entry name="notify_with_tray" mtime="1212488469" type="schema" stype="bool" owner="evolution-calendar">
                <local_schema locale="pt" short_desc="Apresentar os alarmes visíveis na área de notificação">
                        <longdesc>Se utilizar ou não a área de notificação para apresentar alarmes.</longdesc>
                </local_schema>
                <local_schema locale="hi" short_desc="सूचना तश्तरी में प्रदर्शन चेतावनी दिखायें">
                        <longdesc>चेतावनी दिखाने के लिये क्या सूचना ट्रे का प्रयोग करना है या नहीं</longdesc>
                </local_schema>
                <local_schema locale="zh_HK" short_desc="在通知區中顯示鬧鈴畫面">
                        <longdesc>是否使用通知區顯示鬧鈴。</longdesc>
                </local_schema>
                <local_schema locale="uk" short_desc="Показувати екранні сигнали у області сповіщення">
                        <longdesc>Чи використовувати область сповіщення для відображення сигналів.</longdesc>
                </local_schema>
                <local_schema locale="te" short_desc="ప్రకటన ట్రే లో ప్రదర్శన అలారంలను చూపుము">
                        <longdesc>ప్రదర్శన అలారములకు ప్రకటన ట్రే ను ఉపయోగించాలా వద్దా.</longdesc>
                </local_schema>
                <local_schema locale="ne" short_desc="सूचना ट्रेमा सचेतक प्रदर्शन देखाउनुहोस्">
                        <longdesc>सचेतक प्रदर्शनका लागि सूचना ट्रेको प्रयोग गर्ने या नगर्ने ।</longdesc>
                </local_schema>
                <local_schema locale="en_CA" short_desc="Show display alarms in notification tray">
                        <longdesc>Whether or not to use the notification tray for displaying alarms.</longdesc>
                </local_schema>
                <local_schema locale="bg" short_desc="Показване на алармите в зоната за уведомяване">
                        <longdesc>Дали да се използва зоната за уведомяване за изобразяване на аларми.</longdesc>
                </local_schema>
                <local_schema locale="he" short_desc="Show display alarms in notification tray">
                        <longdesc>Whether or not to use the notification tray for display alarms.</longdesc>
                </local_schema>
                <local_schema locale="zh_CN" short_desc="在通知托盘中显示提醒">
                        <longdesc>是否使用通知托盘来显示提醒。</longdesc>
                </local_schema>
                <local_schema locale="be" short_desc="Паказваць экранныя сыгналы ў прасторы паведамленьняў">
                        <longdesc>Ці выкарыстоўваць прастору паведамленьняў для адлюстраваньня сыгналаў.</longdesc>
                </local_schema>
                <local_schema locale="ta" short_desc="அறிவிப்பு இழுப்பறையில் அலாரங்களை காட்டு">
                        <longdesc>எச்சரிக்கைகளை காட்ட அறிவிப்பு தட்டை பயன்படுத்துவதா இல்லையா.</longdesc>
                </local_schema>
                <local_schema locale="nb" short_desc="Vis alarmer i varslingsområdet på panelet">
                        <longdesc>Om varslingsfeltet skal brukes for alarmer.</longdesc>
                </local_schema>
                <local_schema locale="C" short_desc="Show display alarms in notification tray">
                        <default type="bool" value="false">
                        </default>
                        <longdesc>Whether or not to use the notification tray for display alarms.</longdesc>
                </local_schema>
                <local_schema locale="pt_BR" short_desc="Mostrar alarmes na área de notificação">
                        <longdesc>Usar a área de notificação para exibir alarmes.</longdesc>
                </local_schema>
                <local_schema locale="eu" short_desc="Erakutsi alarmaren pantaila jakinarazpenen ontzian">
                        <longdesc>Alarmak bistaratzeko jakinarazpenen ontzia erabiliko den edo ez</longdesc>
                </local_schema>
                <local_schema locale="pl" short_desc="Wyświetlanie przypomnień z w obszarze powiadamiania">
                        <longdesc>Określa, czy używać obszaru powiadamiania do wyświetlania przypomnień.</longdesc>
                </local_schema>
                <local_schema locale="et" short_desc="Alarmide kuvamine teavitussalves">
                        <longdesc>Kas teavitussalve kasutatakse alarmide kuvamiseks või mitte.</longdesc>
                </local_schema>
                <local_schema locale="es" short_desc="Mostrar el visor de la alerta en una bandeja de notificación">
                        <longdesc>Indica si se debe usar o no la bandeja de notificación para mostrar alertas.</longdesc>
                </local_schema>
                <local_schema locale="vi" short_desc="Hiển thị báo động trong khay thông báo">
                        <longdesc>Có nên dùng khay thông báo để hiển thị báo động hay không.</longdesc>
                </local_schema>
                <local_schema locale="ru" short_desc="Отображать экранные сигналы в области уведомления">
                        <longdesc>Использовать или нет область уведомления для отображения сигналов.</longdesc>
                </local_schema>
                <local_schema locale="lv" short_desc="Rādīt ekrāna trauksmes paziņojumus paziņojumu joslā">
                        <longdesc>Lietot vai nelietot paziņojuma ikonu, lai parādītu trauksmes.</longdesc>
                </local_schema>
                <local_schema locale="id" short_desc="Tampilkan alaram pada bagian pemberitahuan">
                        <longdesc>Apakah menggunakan tray pemberitahuan untuk menampilkan alaram.</longdesc>
                </local_schema>
                <local_schema locale="ko" short_desc="알림 영역에서 알림 표시">
                        <longdesc>알림을 표시할 때 알림 영역을 사용할 지 여부.</longdesc>
                </local_schema>
                <local_schema locale="lt" short_desc="Rodyti ekrano perspėjimus perspėjimų skydelyje">
                        <longdesc>Ar perspėjimų rodymui naudoti pranešimų vietą.</longdesc>
                </local_schema>
                <local_schema locale="ca" short_desc="Mostra les alarmes per a visualitzar a l&apos;àrea de notificació">
                        <longdesc>Si s&apos;ha de fer servir l&apos;àrea de notificació per a visualitzar les alarmes.</longdesc>
                </local_schema>
                <local_schema locale="sv" short_desc="Visa visningsalarm i notifieringslådan">
                        <longdesc>Huruvida notifieringslådan ska användas för visning av alarm eller inte.</longdesc>
                </local_schema>
                <local_schema locale="el" short_desc="Εμφάνιση συναγερμών στην περιοχή ειδοποίησης">
                        <longdesc>Αν θα γίνετε χρήση ή όχι της περιοχής ειδοποίησης για την εμφάνιση συναγερμών.</longdesc>
                </local_schema>
                <local_schema locale="fr" short_desc="Afficher les alarmes dans la zone de notification">
                        <longdesc>Indique s&apos;il faut utiliser une icône de notification pour afficher les alarmes.</longdesc>
                </local_schema>
                <local_schema locale="ro" short_desc="Afişează alarmele în zona de notificare">
                        <longdesc>Dacă să folosească sau nu zona de notificare pentru a afişa alarmele.</longdesc>
                </local_schema>
                <local_schema locale="de" short_desc="Alarmausgaben im Benachrichtigungsfeld anzeigen">
                        <longdesc>Soll das Benachrichtigungsfeld für Alarmausgaben verwendet werden?</longdesc>
                </local_schema>
                <local_schema locale="sr@Latn" short_desc="Prikazuje alarme u obaveštajnoj zoni">
                        <longdesc>Da li da koristi obaveštajnu zonu za prikazivanje alarma.</longdesc>
                </local_schema>
                <local_schema locale="pa" short_desc="ਲਿਸਟ ਟਰੇ ਵਿੱਚ ਅਲਾਰਮ ਵੇਖਾਓ">
                        <longdesc>ਅਲਾਰਮ ਵੇਖਾਉਣ ਲਈ ਸੂਚਨਾ ਪੱਟੀ ਵਿੱਚ ਵਰਤਿਆ ਜਾਵੇ ਜਾਂ ਨਾ।</longdesc>
                </local_schema>
                <local_schema locale="be@latin" short_desc="Pakazvaj nahadvańni ŭ systemnym abšary nahadvańniaŭ">
                        <longdesc>Akreślivaje, ci ŭžyvać systemny abšar nahadvańnia, kab pakazvać nahadvańni.</longdesc>
                </local_schema>
                <local_schema locale="gu" short_desc="સૂચન ટ્રેમાં ડિસ્પ્લે એલાર્મો બતાવો">
                        <longdesc>પ્રદર્શિત એલાર્મો માટે શું સૂચક ટ્રે વાપરવી કે નહિં.</longdesc>
                </local_schema>
                <local_schema locale="sr" short_desc="Приказује аларме у обавештајној зони">
                        <longdesc>Да ли да користи обавештајну зону за приказивање аларма.</longdesc>
                </local_schema>
                <local_schema locale="ja" short_desc="パネルの通知スペースにアラームを表示するかどうか">
                        <longdesc>警告を表示する際に &quot;パネルの通知エリア&quot; を利用するかどうかです。</longdesc>
                </local_schema>
                <local_schema locale="sq" short_desc="Shfaq alarmet tek zona e lajmërimeve">
                        <longdesc>Nëse duhet përdorur apo jo sirtari i njoftimeve për të shfaqur alarmet.</longdesc>
                </local_schema>
                <local_schema locale="mr" short_desc="सूचना ट्रे मध्ये दृश्य सतर्कता दर्शवा">
                        <longdesc>अर्लाम दर्शविण्यासाठी सूचना ट्रे वापरायचे किंवा नाही.</longdesc>
                </local_schema>
                <local_schema locale="da" short_desc="Vis skærmpåmindelser i statusfeltet">
                        <longdesc>Om statusfeltet skal anvendes til visning af påmindelser.</longdesc>
                </local_schema>
                <local_schema locale="as" short_desc="সূচনাপ্ৰদানেৰ ট্ৰেৰ প্ৰদৰ্শনযোগ্য সতৰ্কবাৰ্তা প্ৰদৰ্শিত হ&apos;ব">
                        <longdesc>চেতাবনি বাৰ্তাৰ জন্য নোটিফিকেশন ট্ৰে ব্যৱহাৰ কৰা হ&apos;ব কি না</longdesc>
                </local_schema>
                <local_schema locale="ar" short_desc="اظهر المنبهات المرئية في مساحة التبليغ">
                        <longdesc>ما إن كنت تريد استخدام مساحة التبليغ لإظهار المنبهات.</longdesc>
                </local_schema>
                <local_schema locale="zh_TW" short_desc="在通知區中顯示鬧鈴畫面">
                        <longdesc>是否使用通知區顯示鬧鈴。</longdesc>
                </local_schema>
                <local_schema locale="fi" short_desc="Näytä näkyvät hälytykset ilmoitusalueella">
                        <longdesc>Käytetäänkö ilmoitusaluetta hälytysten näyttämiseen.</longdesc>
                </local_schema>
                <local_schema locale="hu" short_desc="Figyelmeztetések megjelenítése a figyelmeztető területen">
                        <longdesc>A figyelmeztető terület használata a figyelmeztetések megjelenítésére.</longdesc>
                </local_schema>
                <local_schema locale="tr" short_desc="Uyarı alanında alarmları göster">
                        <longdesc>Alarmları göstermek için uyarı alanının kullanılması.</longdesc>
                </local_schema>
                <local_schema locale="sl" short_desc="Prikaži zaslonske alarme v pladnju obvestil.">
                        <longdesc>Ali naj bo za zaslonske alarme uporabljen pladenj obvestil.</longdesc>
                </local_schema>
                <local_schema locale="en_GB" short_desc="Show display alarms in notification tray">
                        <longdesc>Whether or not to use the notification tray for display alarms.</longdesc>
                </local_schema>
                <local_schema locale="ml" short_desc="നോട്ടിഫിക്കേഷന്‍ ട്രേയില്‍ പ്രദര്‍ശനത്തിനുളള അലാറമുകള്‍ കാണിക്കുക">
                        <longdesc>അലാറമുകള്‍ പ്രദര്‍ശിപ്പിക്കുന്നതിനുളള നോട്ടിഫിക്കേഷന്‍ ട്രേ ഉപയോഗിക്കണമോ എന്ന്.</longdesc>
                </local_schema>
                <local_schema locale="mk" short_desc="Покажи приказ на аларми во лентата за известувања">
                        <longdesc>Дали да се користи лентата за известувања за приказ на аларми.</longdesc>
                </local_schema>
                <local_schema locale="cy" short_desc="Gweld larymau dangos yn y gilfach hysbysu">
                        <longdesc>P&apos;un ai i ddefnyddio&apos;r hambwrdd hysbysu ar gyfer larymau gweledol.</longdesc>
                </local_schema>
                <local_schema locale="gl" short_desc="Mostrar o visualizador da alarma nunha bandexa de notificación">
                        <longdesc>Se se debe usar ou non a bandexa de notificación para mostrar alarmas.</longdesc>
                </local_schema>
                <local_schema locale="bn_IN" short_desc="সূচনাপ্রদানের ট্রের মধ্যে প্রদর্শনযোগ্য সতর্কবার্তা প্রদর্শিত হবে">
                        <longdesc>চেতাবনি বার্তার জন্য নোটিফিকেশন ট্রে ব্যবহার করা হবে কি না</longdesc>
                </local_schema>
                <local_schema locale="nn" short_desc="Vis varsel i varslingstrau">
                        <longdesc>Om varslingstrauet skal brukast til å visa tidsvarslingar.</longdesc>
                </local_schema>
                <local_schema locale="it" short_desc="Mostra allarmi in vassoio di notifica">
                        <longdesc>Indica se usare o no il vassoio di notifica per mostrare gli allarmi.</longdesc>
                </local_schema>
                <local_schema locale="nl" short_desc="Alarmeringen tonen in het meldingsvak">
                        <longdesc>Of het meldingsvak gebruikt wordt voor het weergeven van alarmeringen.</longdesc>
                </local_schema>
                <local_schema locale="bn" short_desc="সূচনাপ্রদানের ট্রের মধ্যে প্রদর্শনযোগ্য সতর্কবার্তা প্রদর্শিত হবে">
                        <longdesc>চেতাবনি বার্তার জন্য নোটিফিকেশন ট্রে ব্যবহার করা হবে কি না</longdesc>
                </local_schema>
                <local_schema locale="fa" short_desc="نشان دادن هشدارهای نمایشی در سینی اطلاع">
                        <longdesc>این که هشدارهای نمایشی در سینی اطلاع نشان داده بشوند یا نه.</longdesc>
                </local_schema>
                <local_schema locale="dz" short_desc="བརྡ་བསྐུལ་ནང་ བཀྲམ་སྟོན་འཇིགས་བརྡ་སྟོན།">
                        <longdesc>འཇིགས་བསྐུལ་བཀྲམ་སྟོན་གྱི་དོན་ལུ་ བརྡ་བསྐུལ་སྣོད་ ལག་ལེན་འཐབ་ནི་ཨིན་ན་མེན། </longdesc>
                </local_schema>
                <local_schema locale="cs" short_desc="Zobrazovat alarmy v oznamovací oblasti">
                        <longdesc>Jestli používat oznamovací oblast pro zobrazování alarmů.</longdesc>
                </local_schema>
                <local_schema locale="th" short_desc="แสดงการเตือนในถาดแจ้งเตือน">
                        <longdesc>กำหนดว่าจะใช้ถาดแจ้งเตือนแสดงการเตือนหรือไม่</longdesc>
                </local_schema>
        </entry>
        <entry name="programs" mtime="1212488469" type="schema" stype="list" owner="evolution-calendar" list_type="string">
                <local_schema locale="pt" short_desc="Aplicações de alarme">
                        <longdesc>Aplicações que podem ser executadas pelos alarmes.</longdesc>
                </local_schema>
                <local_schema locale="hi" short_desc="एलार्म प्रोग्राम">
                        <longdesc>प्रोग्राम जो सचेतक के द्वारा चलता है</longdesc>
                </local_schema>
                <local_schema locale="zh_HK" short_desc="鬧鈴程式">
                        <longdesc>用來做為鬧鈴而執行的程式。</longdesc>
                </local_schema>
                <local_schema locale="uk" short_desc="Програми сигналів">
                        <longdesc>Програми, які дозволено використовувати як частину сигналів.</longdesc>
                </local_schema>
                <local_schema locale="te" short_desc="అలారం ప్రోగ్రామ్‌లు">
                        <longdesc>హెచ్చరికలచే నడుచుటకు కార్యక్రమాలు అనుమతింబడ్డాయి.</longdesc>
                </local_schema>
                <local_schema locale="ne" short_desc="सचेतक कार्यक्रमहरू">
                        <longdesc>कार्यक्रमहरू जसलाई सचेतकहरूद्बारा चलाउनका लागि अनुमति दिन्छ ।</longdesc>
                </local_schema>
                <local_schema locale="en_CA" short_desc="Alarm programs">
                        <longdesc>Programs that are allowed to be run by alarms.</longdesc>
                </local_schema>
                <local_schema locale="bg" short_desc="Програми към алармите">
                        <longdesc>Програми, които могат да бъдат стартирани от аларми.</longdesc>
                </local_schema>
                <local_schema locale="he" short_desc="Alarm programs">
                        <longdesc>Programs that are allowed to be run by alarms.</longdesc>
                </local_schema>
                <local_schema locale="zh_CN" short_desc="提醒程序">
                        <longdesc>允许提醒运行的程序。</longdesc>
                </local_schema>
                <local_schema locale="be" short_desc="Праграмы сыгналізацыі">
                        <longdesc>Праграмы, дазволеныя да выкарыстаньня сыгналамі.</longdesc>
                </local_schema>
                <local_schema locale="ta" short_desc="அலாரம் நிரல்கள்">
                        <longdesc>அலாரங்களோடு இயங்க அனுமதிக்கப்படும் நிரல்கள்.</longdesc>
                </local_schema>
                <local_schema locale="nb" short_desc="Varslingsprogrammer">
                        <longdesc>Programmer som er tillat å kjøres av alarmer.</longdesc>
                </local_schema>
                <local_schema locale="C" short_desc="Alarm programs">
                        <default type="list" ltype="string">
                        </default>
                        <longdesc>Programs that are allowed to be run by alarms.</longdesc>
                </local_schema>
                <local_schema locale="pt_BR" short_desc="Programas de alarme">
                        <longdesc>Programas que podem ser executados como parte de alarmes.</longdesc>
                </local_schema>
                <local_schema locale="eu" short_desc="Alarma-programak">
                        <longdesc>Alarmek exekutatuko dituzten programak</longdesc>
                </local_schema>
                <local_schema locale="pl" short_desc="Programy przypomnień">
                        <longdesc>Programy które można uruchomić przez przypomnienia.</longdesc>
                </local_schema>
                <local_schema locale="et" short_desc="Alarmprogrammid">
                        <longdesc>Programmid, mida on lubatud alarmide poolt käivitada.</longdesc>
                </local_schema>
                <local_schema locale="es" short_desc="Programas de alerta">
                        <longdesc>Programas que se permite que sean ejecutados por las alertas.</longdesc>
                </local_schema>
                <local_schema locale="vi" short_desc="Chương trình báo động">
                        <longdesc>Chương trình mà bảo động có thể chạy.</longdesc>
                </local_schema>
                <local_schema locale="ru" short_desc="Программы сигналов">
                        <longdesc>Программы, которые разрешено использовать как часть сигналов.</longdesc>
                </local_schema>
                <local_schema locale="oc" short_desc="Programas d&apos;alarma">
                        <longdesc>Programas autorizats a èsser aviats per d&apos;alarmas.</longdesc>
                </local_schema>
                <local_schema locale="lv" short_desc="Trauksmes programmas">
                        <longdesc>Programmas kuras drīkst palaist trauksmes paziņojums.</longdesc>
                </local_schema>
                <local_schema locale="id" short_desc="Program alarm">
                        <longdesc>Program yang dapat dijalankan oleh alarm.</longdesc>
                </local_schema>
                <local_schema locale="ko" short_desc="알림 프로그램">
                        <longdesc>알림에서 실행할 프로그램.</longdesc>
                </local_schema>
                <local_schema locale="lt" short_desc="Perspėjimų programos">
                        <longdesc>Programos, kurios gali būti paleistos perspėjimų.</longdesc>
                </local_schema>
                <local_schema locale="kn" short_desc="ಅಲಾರಂ ಪ್ರೋಗ್ರಾಂಗಳು">
                </local_schema>
                <local_schema locale="ca" short_desc="Programes d&apos;alarma">
                        <longdesc>Programes que les alarmes poden executar.</longdesc>
                </local_schema>
                <local_schema locale="sv" short_desc="Alarmprogram">
                        <longdesc>Program som tillåts att köra som en del av alarm.</longdesc>
                </local_schema>
                <local_schema locale="el" short_desc="Προγράμματα">
                        <longdesc>Προγράμματα που μπορούν να εκτελούνται από τους συναγερμούς.</longdesc>
                </local_schema>
                <local_schema locale="fr" short_desc="Exécutions par alarme">
                        <longdesc>Programmes qui peuvent être lancés par les alarmes.</longdesc>
                </local_schema>
                <local_schema locale="ro" short_desc="Programe alarmă">
                        <longdesc>Programe care pot fi rulate de către alarme.</longdesc>
                </local_schema>
                <local_schema locale="de" short_desc="Alarmprogramme">
                        <longdesc>Programme, die als Teil von Alarmen ausgeführt werden können.</longdesc>
                </local_schema>
                <local_schema locale="sr@Latn" short_desc="Programi za alarm">
                        <longdesc>Programi koji mogu biti pokrenuti alarmima.</longdesc>
                </local_schema>
                <local_schema locale="pa" short_desc="ਅਲਾਰਮ ਕਾਰਜ">
                        <longdesc>ਅਲਾਰਮ ਵਲੋਂ ਚੱਲਣ ਵਾਲੇ ਕਾਰਜ</longdesc>
                </local_schema>
                <local_schema locale="be@latin" short_desc="Prahramy nahadvańnia">
                        <longdesc>Prahramy, jakija možna ŭruchomić nahadvańniami.</longdesc>
                </local_schema>
                <local_schema locale="gu" short_desc="એલાર્મ કાર્યક્રમો">
                        <longdesc>કાર્યક્રમો કે જે એલાર્મો દ્વારા ચલાવવા માટે પરવાનગી અપાયેલ છે.</longdesc>
                </local_schema>
                <local_schema locale="sr" short_desc="Програми за аларм">
                        <longdesc>Програми који могу бити покренути алармима.</longdesc>
                </local_schema>
                <local_schema locale="ja" short_desc="アラーム・プログラム">
                        <longdesc>アラームが実行するプログラムです。</longdesc>
                </local_schema>
                <local_schema locale="sq" short_desc="Programe alarmi">
                        <longdesc>Programe që lejohen të ekzekutohen nga alarmet.</longdesc>
                </local_schema>
                <local_schema locale="mr" short_desc="अलार्म कार्यक्रम">
                        <longdesc>कार्यक्रम जे अलार्मनी चालवण्यास परवानगी मिळाली आहेत ते.</longdesc>
                </local_schema>
                <local_schema locale="da" short_desc="Programmer der udløses ved påmindelser">
                        <longdesc>Programmer der kan udføres som en del af påmindelser.</longdesc>
                </local_schema>
                <local_schema locale="as" short_desc="চেতাবনীৰ প্ৰোগ্ৰাম">
                        <longdesc>চেতাবনিৰ অংশ হিসাবে যে সমস্ত প্ৰোগ্ৰাম চালানো সম্ভৱ।</longdesc>
                </local_schema>
                <local_schema locale="ar" short_desc="برامج المنبّه">
                        <longdesc>البرامج التي يسمح للمنبهات بتشغيلها.</longdesc>
                </local_schema>
                <local_schema locale="zh_TW" short_desc="鬧鈴程式">
                        <longdesc>用來做為鬧鈴而執行的程式。</longdesc>
                </local_schema>
                <local_schema locale="fi" short_desc="Hälytysohjelmat">
                        <longdesc>Ohjelmat, joita voidaan suorittaa hälytyksistä.</longdesc>
                </local_schema>
                <local_schema locale="hu" short_desc="Figyelmeztetőprogramok">
                        <longdesc>Programok, melyeket a figyelmeztetések futtathatnak.</longdesc>
                </local_schema>
                <local_schema locale="tr" short_desc="Alarm programları">
                        <longdesc>Alarmların tarafında çalıştırılmasına izin verilen programlar.</longdesc>
                </local_schema>
                <local_schema locale="sl" short_desc="Programi alarma">
                        <longdesc>Programi, ki jih lahko zaženejo alarmi.</longdesc>
                </local_schema>
                <local_schema locale="en_GB" short_desc="Alarm programs">
                        <longdesc>Programs that are allowed to be run by alarms.</longdesc>
                </local_schema>
                <local_schema locale="ml" short_desc="അലാറമിനുളള പ്രോഗ്രാമുകള്‍">
                        <longdesc>അലാറമുകള്‍ ഉപയോഗിച്ച് പ്രവര്‍ത്തിക്കുവാന്‍ അനുവാദമുളള പ്രോഗ്രാമുകള്‍.</longdesc>
                </local_schema>
                <local_schema locale="mk" short_desc="Аларм програми">
                        <longdesc>Програми кои може да се стартуваат преку аларми.</longdesc>
                </local_schema>
                <local_schema locale="cy" short_desc="Rhaglenni larwm">
                        <longdesc>Rhaglenni y caniateir eu rhedeg gan larymau.</longdesc>
                </local_schema>
                <local_schema locale="gl" short_desc="Programas de alarma">
                        <longdesc>Programas que poden ser executados polas alarmas.</longdesc>
                </local_schema>
                <local_schema locale="si" short_desc="සංඥා වැඩසටහන්">
                </local_schema>
                <local_schema locale="bn_IN" short_desc="চেতাবনীর প্রোগ্রাম">
                        <longdesc>চেতাবনির অংশ হিসাবে যে সমস্ত প্রোগ্রাম চালানো সম্ভব।</longdesc>
                </local_schema>
                <local_schema locale="nn" short_desc="Varslingsprogram">
                        <longdesc>Program som kan køyrast av varsel.</longdesc>
                </local_schema>
                <local_schema locale="it" short_desc="Programmi di allarme">
                        <longdesc>Programmi che possono essere eseguiti dagli allarmi.</longdesc>
                </local_schema>
                <local_schema locale="or" short_desc="ସତର୍କ ପ୍ରୋଗ୍ରାମ">
                </local_schema>
                <local_schema locale="nl" short_desc="Alarmeringsprogramma&apos;s">
                        <longdesc>Programma&apos;s die door alarmeringen mogen worden uitgevoerd.</longdesc>
                </local_schema>
                <local_schema locale="bn" short_desc="চেতাবনীর প্রোগ্রাম">
                        <longdesc>চেতাবনির অংশ হিসাবে যে সমস্ত প্রোগ্রাম চালানো সম্ভব।</longdesc>
                </local_schema>
                <local_schema locale="fa" short_desc="برنامه‌های هشدار">
                        <longdesc>برنامه‌هایی که هشدارها مجازند آنها را اجرا کنند.</longdesc>
                </local_schema>
                <local_schema locale="dz" short_desc="འཇིགས་བརྡའི་ལས་རིམ།">
                        <longdesc>འཇིགས་བརྡ་གིས་ གཡོག་བཀོལ་ཆོག་པའི་ ལས་རིམ་ཚུ།</longdesc>
                </local_schema>
                <local_schema locale="cs" short_desc="Programy alarmu">
                        <longdesc>Programy, které mohou být spouštěny alarmy.</longdesc>
                </local_schema>
                <local_schema locale="th" short_desc="โปรแกรมการเตือน">
                        <longdesc>โปรแกรมที่อนุญาตให้เรียกในการเตือนต่างๆ</longdesc>
                </local_schema>
        </entry>
        <entry name="calendars" mtime="1212488469" type="schema" stype="list" owner="evolution-calendar" list_type="string">
                <local_schema locale="pt" short_desc="Calendários para os quais executar alarmes">
                </local_schema>
                <local_schema locale="hi" short_desc="इसके लिए एलार्म चलाने के लिये कैलेंडर">
                </local_schema>
                <local_schema locale="zh_HK" short_desc="執行鬧鈴的行事曆">
                </local_schema>
                <local_schema locale="uk" short_desc="Календарі для запуску нагадування">
                </local_schema>
                <local_schema locale="te" short_desc="హెచ్చరికలు ఇచ్చుటకు క్యాలెండర్లు">
                </local_schema>
                <local_schema locale="ne" short_desc="सचेतक चलाउनका लागि पात्रोहरू">
                </local_schema>
                <local_schema locale="en_CA" short_desc="Calendars to run alarms for">
                </local_schema>
                <local_schema locale="bg" short_desc="Календари, за които да се пускат аларми">
                </local_schema>
                <local_schema locale="he" short_desc="Calendars to run alarms for">
                </local_schema>
                <local_schema locale="zh_CN" short_desc="运行提醒的日历">
                </local_schema>
                <local_schema locale="be" short_desc="Календары для пуску сыгналізацыі">
                </local_schema>
                <local_schema locale="ta" short_desc="நாள்காட்டி எச்சரிக்கையை இயக்கவும்">
                </local_schema>
                <local_schema locale="nb" short_desc="Kalendere det skal kjøres alarmer for">
                </local_schema>
                <local_schema locale="C" short_desc="Calendars to run alarms for">
                        <default type="list" ltype="string">
                        </default>
                </local_schema>
                <local_schema locale="pt_BR" short_desc="Agendas que devem ter alarmes">
                </local_schema>
                <local_schema locale="eu" short_desc="Alarmak exekutatzeko egutegiak - ">
                </local_schema>
                <local_schema locale="pl" short_desc="Kalendarze dla których będą uruchamiane przypomnienia">
                </local_schema>
                <local_schema locale="et" short_desc="Kalendrid, mille jaoks alarme käivitada">
                </local_schema>
                <local_schema locale="es" short_desc="Los calendarios ejecutarán alertas durante">
                </local_schema>
                <local_schema locale="vi" short_desc="Lịch cần chạy báo động cho chúng">
                </local_schema>
                <local_schema locale="ru" short_desc="Календари для запуска напоминаний">
                </local_schema>
                <local_schema locale="lv" short_desc="Kalendāri kuriem uzstādīt trauksmes">
                </local_schema>
                <local_schema locale="id" short_desc="Alarm yang dijalankan Kalender untuk">
                </local_schema>
                <local_schema locale="ko" short_desc="알림을 실행할 달력">
                </local_schema>
                <local_schema locale="lt" short_desc="Kalendoriai, kuriems galioja perspėjimo pranešimai">
                </local_schema>
                <local_schema locale="kn" short_desc="ಅಲಾರಂಗಳನ್ನು ಚಲಾಯಿಸಬೇಕಿರುವ ಕ್ಯಾಲೆಂಡರುಗಳು">
                </local_schema>
                <local_schema locale="ca" short_desc="Calendaris pels quals s&apos;han d&apos;executar les alarmes">
                </local_schema>
                <local_schema locale="sv" short_desc="Kalendrar att köra alarm för">
                </local_schema>
                <local_schema locale="el" short_desc="Ημερολόγια για την εκτέλεση ειδοποιήσεων">
                </local_schema>
                <local_schema locale="fr" short_desc="Calendriers pour lesquels lancer les alarmes">
                </local_schema>
                <local_schema locale="ro" short_desc="Calendarele pentru care vor rula alarme">
                </local_schema>
                <local_schema locale="de" short_desc="Kalender, für die Alarme ausgeführt werden sollen">
                </local_schema>
                <local_schema locale="sr@Latn" short_desc="Kalendari za koje se pokreće alarm">
                </local_schema>
                <local_schema locale="pa" short_desc="ਅਲਾਰਮ ਚਲਾਉਣ ਲਈ ਕੈਲੰਡਰ">
                </local_schema>
                <local_schema locale="be@latin" short_desc="Kalendary, dla jakich buduć uklučacca nahadvańni">
                </local_schema>
                <local_schema locale="gu" short_desc="ના માટે એલાર્મ ચલાવવાના કેલેન્ડર">
                </local_schema>
                <local_schema locale="sr" short_desc="Календари за које се покреће аларм">
                </local_schema>
                <local_schema locale="ms" short_desc="Kalendar untuk penggera dilaksana">
                </local_schema>
                <local_schema locale="ja" short_desc="アラームを鳴らす対象のカレンダ">
                </local_schema>
                <local_schema locale="sq" short_desc="Kalendarët për të cilët përdoret alarmi">
                </local_schema>
                <local_schema locale="mr" short_desc="अलार्मस वापरायची कॅलेन्डर्स">
                </local_schema>
                <local_schema locale="da" short_desc="Kalendere hvor påmindelser skal gives">
                </local_schema>
                <local_schema locale="as" short_desc="বৰ্ষপঞ্জি উল্লেখিত কাৰনে সতৰ্কধ্বনি দেবে">
                </local_schema>
                <local_schema locale="xh" short_desc="Iikhalenda zokuphumeza izandi ezilumkisayo ze">
                </local_schema>
                <local_schema locale="ar" short_desc="التقويمات التي ستشغل المنبّهات لها">
                </local_schema>
                <local_schema locale="zh_TW" short_desc="執行鬧鈴的行事曆">
                </local_schema>
                <local_schema locale="fi" short_desc="Kalenterit, joille suoritetaan hälytyksiä">
                </local_schema>
                <local_schema locale="hu" short_desc="Naptárak, amelyekhez a figyelmeztetőt futtatni kell">
                </local_schema>
                <local_schema locale="tr" short_desc="Alarmaları çalıştırılacak takvimler">
                </local_schema>
                <local_schema locale="sl" short_desc="Koledarji, za katere tečejo alarmi">
                </local_schema>
                <local_schema locale="en_GB" short_desc="Calendars to run alarms for">
                </local_schema>
                <local_schema locale="sk" short_desc="Kalendáre pre beh pripomenutí pre">
                </local_schema>
                <local_schema locale="ml" short_desc="അലാറമുകള്‍ക്കുളള കലണ്ടര്‍">
                </local_schema>
                <local_schema locale="mk" short_desc="Календари за кои ќе се извршуваат аларми">
                </local_schema>
                <local_schema locale="cy" short_desc="Calendrau i redeg larymau ar eu cyfer">
                </local_schema>
                <local_schema locale="gl" short_desc="Os calendarios nos que se activarán as alarmas">
                </local_schema>
                <local_schema locale="hr" short_desc="Kalendari za koje se pokreću alarmi">
                </local_schema>
                <local_schema locale="bs" short_desc="Kalendari za koje se pokreću alarmi">
                </local_schema>
                <local_schema locale="bn_IN" short_desc="বর্ষপঞ্জি উল্লিখিত কারনে সতর্কধ্বনি দেবে">
                </local_schema>
                <local_schema locale="nn" short_desc="Kalender å varsla for">
                </local_schema>
                <local_schema locale="it" short_desc="Calendari per i quali vengono eseguiti gli allarmi">
                </local_schema>
                <local_schema locale="nl" short_desc="Agenda&apos;s met alarmeringen">
                </local_schema>
                <local_schema locale="bn" short_desc="বর্ষপঞ্জি উল্লিখিত কারনে সতর্কধ্বনি দেবে">
                </local_schema>
                <local_schema locale="fa" short_desc="تقویم‌هایی که برایشان هشدار اجرا شود">
                </local_schema>
                <local_schema locale="dz" short_desc="འཇིགས་བརྡ་གཡོག་བཀོལ་ནིའི་དོན་ལུ་ ཟླ་ཐོ་ཚུ།">
                </local_schema>
                <local_schema locale="cs" short_desc="Kalendáře, pro které spouštět alarmy">
                </local_schema>
                <local_schema locale="th" short_desc="ปฏิทินที่จะเรียกใช้การแจ้งเตือน">
                </local_schema>
        </entry>
        <entry name="last_notification_time" mtime="1212488469" type="schema" stype="int" owner="evolution-calendar">
                <local_schema locale="pt" short_desc="Hora do último alarme">
                        <longdesc>Quando foi executado o último alarme, em time_t.</longdesc>
                </local_schema>
                <local_schema locale="hi" short_desc="अंतिम एलार्म समय">
                        <longdesc>समय जब आखिरी बार एलार्म बजा इस समय में (_t)</longdesc>
                </local_schema>
                <local_schema locale="zh_HK" short_desc="上次鬧鈴時刻">
                        <longdesc>上次鬧鈴執行的時間(_T)</longdesc>
                </local_schema>
                <local_schema locale="uk" short_desc="Час останнього сигналу">
                        <longdesc>Час останнього нагадування, у форматі time_t.</longdesc>
                </local_schema>
                <local_schema locale="te" short_desc="చివరి హెచ్చరిక సమయం">
                        <longdesc>చివరి అలారం నడువవలిసిన సమయం, time_t లో.</longdesc>
                </local_schema>
                <local_schema locale="ne" short_desc="अन्तिम सचेतक समय">
                        <longdesc>सचेतक बजेको अन्तिम समय, समयमा</longdesc>
                </local_schema>
                <local_schema locale="en_CA" short_desc="Last alarm time">
                        <longdesc>Time the last alarm ran, in time_t.</longdesc>
                </local_schema>
                <local_schema locale="bg" short_desc="Последно време на алармиране">
                        <longdesc>Времето на последната аларма, в time_t.</longdesc>
                </local_schema>
                <local_schema locale="he" short_desc="Last alarm time">
                        <longdesc>Time the last alarm ran, in time_t.</longdesc>
                </local_schema>
                <local_schema locale="zh_CN" short_desc="上次提醒时间">
                        <longdesc>提醒上次运行的时间，以 time_t 格式。</longdesc>
                </local_schema>
                <local_schema locale="be" short_desc="Час апошняга сыгналу">
                        <longdesc>Час апошняга пуску сыгнала, у фармаце time_t.</longdesc>
                </local_schema>
                <local_schema locale="ta" short_desc="கடைசி அலார நேரம்">
                        <longdesc>கடைசியாக அலாரம் ஒலித்தது. (_t)</longdesc>
                </local_schema>
                <local_schema locale="nb" short_desc="Siste varslingstid">
                        <longdesc>Tid for forrige alarm, som time_t.</longdesc>
                </local_schema>
                <local_schema locale="C" short_desc="Last alarm time">
                        <default type="int" value="-1">
                        </default>
                        <longdesc>Time the last alarm ran, in time_t.</longdesc>
                </local_schema>
                <local_schema locale="pt_BR" short_desc="Hora do último alarme">
                        <longdesc>A última vez que o alarme disparou, em time_t.</longdesc>
                </local_schema>
                <local_schema locale="eu" short_desc="Azken alarma-ordua">
                        <longdesc>Azken alarma exekutatu zen ordua, &apos;time_t&apos;-en </longdesc>
                </local_schema>
                <local_schema locale="pl" short_desc="Czas ostatniego przypomnienia">
                        <longdesc>Czas uruchomienia ostatniego porzypomnienia, w time_t.</longdesc>
                </local_schema>
                <local_schema locale="et" short_desc="Viimase alarmi aeg">
                        <longdesc>Viimase alarmi töötamise aeg, time_t ühikuga.</longdesc>
                </local_schema>
                <local_schema locale="es" short_desc="Hora de la última alerta">
                        <longdesc>La hora en que la última alerta sonó, en time_t.</longdesc>
                </local_schema>
                <local_schema locale="vi" short_desc="Giờ báo động cuối cùng">
                        <longdesc>Giờ đã bảo động cuối cùng, theo time_t</longdesc>
                </local_schema>
                <local_schema locale="ru" short_desc="Время последнего сигнала">
                        <longdesc>Время последнего запуска сигнала, в формате in time_t.</longdesc>
                </local_schema>
                <local_schema locale="lv" short_desc="Pēdējais trauksmes laiks">
                        <longdesc>Laiks kad pēdējā trauksme ir bijusi time_t.</longdesc>
                </local_schema>
                <local_schema locale="id" short_desc="Waktu alarm terakhir">
                        <longdesc>Waktu terakhir alarm dijalankan, dalam time_t.</longdesc>
                </local_schema>
                <local_schema locale="ko" short_desc="마지막 알림 시간">
                        <longdesc>최근에 알림이 작동한 시각, time_t.</longdesc>
                </local_schema>
                <local_schema locale="lt" short_desc="Paskutinio perspėjimo laikas">
                        <longdesc>Paskutinio įvykdyto perspėjimo data, time_t vienetais.</longdesc>
                </local_schema>
                <local_schema locale="kn" short_desc="ಕಡೆಯ ಅಲಾರಂ ಸಮಯ">
                </local_schema>
                <local_schema locale="ca" short_desc="Última hora de l&apos;alarma">
                        <longdesc>L&apos;última vegada que es va executar l&apos;alarma, en time_t.</longdesc>
                </local_schema>
                <local_schema locale="sv" short_desc="Senaste alarmtid">
                        <longdesc>Tid som senaste alarmet körde, i time_t.</longdesc>
                </local_schema>
                <local_schema locale="el" short_desc="Ώρα τελευταίου συναγερμού">
                        <longdesc>Ώρα τελευταία εκτέλεσης συναγερμού, σε  time_t.</longdesc>
                </local_schema>
                <local_schema locale="fr" short_desc="Dernier déclenchement de l&apos;alarme">
                        <longdesc>Heure à laquelle la dernière alarme a été lancée, en time_t.</longdesc>
                </local_schema>
                <local_schema locale="ro" short_desc="Ultimul timp pentru alarmă">
                        <longdesc>Data la care a rulat ultima oară alarma, în time_t.</longdesc>
                </local_schema>
                <local_schema locale="de" short_desc="Letzte Alarmzeit">
                        <longdesc>Zeit der letzten Alarmauslösung im »time_t«-Format.</longdesc>
                </local_schema>
                <local_schema locale="sr@Latn" short_desc="Poslednje vreme za alarm">
                        <longdesc>Vreme poslednjeg pokretanja alarma, u time_t.</longdesc>
                </local_schema>
                <local_schema locale="pa" short_desc="ਆਖਰੀ ਅਲਾਰਮ ਸਮਾਂ">
                        <longdesc>ਸਮਾਂ ਜਦੋਂ ਅਲਾਰਮ ਚੱਲਿਆ, ਸਮੇਂ ਵਿੱਚ(_t)।</longdesc>
                </local_schema>
                <local_schema locale="be@latin" short_desc="Čas apošniaha nahadvańnia">
                        <longdesc>Čas uruchamleńnia apošniaha nahadvańnia, u time_t.</longdesc>
                </local_schema>
                <local_schema locale="gu" short_desc="છેલ્લો એલાર્મ સમય">
                        <longdesc>છેલ્લે એલાર્મ ચાલ્યું ત્યારનો સમય, time_t માં.</longdesc>
                </local_schema>
                <local_schema locale="sr" short_desc="Последње време за аларм">
                        <longdesc>Време последњег покретања аларма, у time_t.</longdesc>
                </local_schema>
                <local_schema locale="ja" short_desc="最後のアラーム時刻">
                        <longdesc>最後にアラームを鳴らした時間 (time_t 単位) です。</longdesc>
                </local_schema>
                <local_schema locale="sq" short_desc="Ekzekutimi i fundit i alarmit">
                        <longdesc>Ora e ekzekutimit të alarmit të fundit, shprehur në time_t.</longdesc>
                </local_schema>
                <local_schema locale="mr" short_desc="शेवटची अलार्म वेळ">
                        <longdesc>time_t वेळेत, शेवटची घंटा वाजली ती वेळ.</longdesc>
                </local_schema>
                <local_schema locale="da" short_desc="Seneste tidspunkt for påmindelse">
                        <longdesc>Udførselstidspunkt for forrige påmindelse, i time_t.</longdesc>
                </local_schema>
                <local_schema locale="as" short_desc="সৰ্বশেষ সতৰ্কবাণীৰ সময়">
                        <longdesc>সৰ্তকীকৰণ চালনাৰ সৰ্বশেষ সময়, time_t-এ ব্যক্ত।</longdesc>
                </local_schema>
                <local_schema locale="ar" short_desc="وقت آخر منبّه">
                        <longdesc>وقت إطلاق آخر منبّه، بوقت _t.</longdesc>
                </local_schema>
                <local_schema locale="zh_TW" short_desc="上次鬧鈴時刻">
                        <longdesc>上次鬧鈴執行的時間(_T)</longdesc>
                </local_schema>
                <local_schema locale="fi" short_desc="Viimeisen hälytyksen aika">
                        <longdesc>Viimeisimmän hälytyksen suoritusaika, time_t yksikkönä</longdesc>
                </local_schema>
                <local_schema locale="hu" short_desc="Utolsó figyelmeztetés időpontja">
                        <longdesc>Az utolsó figyelmeztetés futásának ideje, time_t struktúraként.</longdesc>
                </local_schema>
                <local_schema locale="tr" short_desc="Son alarm zamanı">
                        <longdesc>Alarmın çalınacağı son zaman, time_t olarak.</longdesc>
                </local_schema>
                <local_schema locale="sl" short_desc="Zadnji čas alarma">
                        <longdesc>Čas, ko je tekel zadnji alarm (v time_t).</longdesc>
                </local_schema>
                <local_schema locale="en_GB" short_desc="Last alarm time">
                        <longdesc>Time the last alarm ran, in time_t.</longdesc>
                </local_schema>
                <local_schema locale="ml" short_desc="അവസാനം അലാറം അടിച്ച സമയം">
                        <longdesc>അവസാനമായി അലാറം അടിച്ച സമയം, time_t-ല്‍</longdesc>
                </local_schema>
                <local_schema locale="mk" short_desc="Време на последниот аларм">
                        <longdesc>Време кога се вклучи последниот аларм, во time_t.</longdesc>
                </local_schema>
                <local_schema locale="cy" short_desc="Amser larwm diweddaraf">
                        <longdesc>Yr amser ganodd y larwm diwethaf, ar ffurf time_t.</longdesc>
                </local_schema>
                <local_schema locale="gl" short_desc="Hora da última alarma">
                        <longdesc>A hora na que se executou a última alarma, en time_t.</longdesc>
                </local_schema>
                <local_schema locale="si" short_desc="අවසාන සංඥාවක් වේලාව">
                </local_schema>
                <local_schema locale="bn_IN" short_desc="সর্বশেষ সতর্কবাণীর সময়">
                        <longdesc>সর্তকীকরণ চালনার সর্বশেষ সময়, time_t-এ ব্যক্ত।</longdesc>
                </local_schema>
                <local_schema locale="nn" short_desc="Førre varslingstid">
                        <longdesc>Tida varslinga vart køyrt sist, i time_t.</longdesc>
                </local_schema>
                <local_schema locale="it" short_desc="Ultima esecuzione allarme">
                        <longdesc>Tempo di esecuzione dell&apos;ultimo allarme, espresso in time_t.</longdesc>
                </local_schema>
                <local_schema locale="nl" short_desc="Laatste alarmeringstijd">
                        <longdesc>Tijd wanneer de laatste alarmering is afgegaan, in time_t.</longdesc>
                </local_schema>
                <local_schema locale="bn" short_desc="সর্বশেষ সতর্কবাণীর সময়">
                        <longdesc>সর্তকীকরণ চালনার সর্বশেষ সময়, time_t-এ ব্যক্ত।</longdesc>
                </local_schema>
                <local_schema locale="fa" short_desc="زمان آخرین هشدار">
                        <longdesc>زمان آخرین بار اعلام هشدار، در time_t</longdesc>
                </local_schema>
                <local_schema locale="dz" short_desc="འཇིགས་བརྡའི་ཆུ་ཚོད་མཇུག་མམ།">
                        <longdesc>མཐའ་མཇུག་འཇིགས་བརྡ་བྱིན་པའི་ཆུ་ཚོད་ ཆུ་ཚོད་ཊི་ནང་། (_t)</longdesc>
                </local_schema>
                <local_schema locale="cs" short_desc="Poslední čas alarmu">
                        <longdesc>Čas, kdy běžel poslední alarm, v time_t.</longdesc>
                </local_schema>
                <local_schema locale="th" short_desc="เวลาเตือนล่าสุด">
                        <longdesc>เวลาที่การเตือนครั้งก่อนทำงาน เป็นชนิด time_t</longdesc>
                </local_schema>
        </entry>
</gconf>
