<?xml version="1.0"?>
<mime-type xmlns="http://www.freedesktop.org/standards/shared-mime-info" type="video/isivideo"><!--Created automatically by update-mime-database. DO NOT EDIT!--><comment>ISI video</comment><comment xml:lang="az">ISI video fayl&#x131;</comment><comment xml:lang="bg">&#x412;&#x438;&#x434;&#x435;&#x43E; &#x444;&#x430;&#x439;&#x43B;, &#x444;&#x43E;&#x440;&#x43C;&#x430;&#x442; ISI</comment><comment xml:lang="cs">Video ISI</comment><comment xml:lang="cy">Fideo ISI</comment><comment xml:lang="de">ISI-Video</comment><comment xml:lang="el">&#x3B2;&#x3AF;&#x3BD;&#x3C4;&#x3B5;&#x3BF; ISI</comment><comment xml:lang="eo">ISI-video</comment><comment xml:lang="es">V&#xED;deo ISI</comment><comment xml:lang="eu">ISI bideoa</comment><comment xml:lang="fi">ISI-video</comment><comment xml:lang="fr">vid&#xE9;o ISI</comment><comment xml:lang="hu">ISI-video</comment><comment xml:lang="it">Video ISI</comment><comment xml:lang="ja">ISI &#x52D5;&#x753B;</comment><comment xml:lang="ko">ISI &#xBE44;&#xB514;&#xC624;</comment><comment xml:lang="ms">Video ISI</comment><comment xml:lang="nb">ISI-film</comment><comment xml:lang="nl">ISI-video</comment><comment xml:lang="nn">ISI video</comment><comment xml:lang="no">ISI-film</comment><comment xml:lang="pl">Plik wideo ISI</comment><comment xml:lang="pt">v&#xED;deoISI</comment><comment xml:lang="pt_BR">V&#xED;deo ISI</comment><comment xml:lang="sq">Video ISI</comment><comment xml:lang="sr">ISI &#x432;&#x438;&#x434;&#x435;&#x43E;</comment><comment xml:lang="sv">ISI-video</comment><comment xml:lang="uk">&#x412;&#x456;&#x434;&#x435;&#x43E;-&#x43A;&#x43B;&#x456;&#x43F; ISI</comment><comment xml:lang="zh_CN">ISI &#x89C6;&#x9891;</comment></mime-type>
