<?xml version="1.0"?>
<mime-type xmlns="http://www.freedesktop.org/standards/shared-mime-info" type="video/mpeg"><!--Created automatically by update-mime-database. DO NOT EDIT!--><comment>MPEG video</comment><comment xml:lang="bg">&#x412;&#x438;&#x434;&#x435;&#x43E; &#x444;&#x430;&#x439;&#x43B;, &#x444;&#x43E;&#x440;&#x43C;&#x430;&#x442; MPEG</comment><comment xml:lang="cs">Video MPEG</comment><comment xml:lang="de">MPEG-Video</comment><comment xml:lang="el">&#x3B2;&#x3AF;&#x3BD;&#x3C4;&#x3B5;&#x3BF; MPEG</comment><comment xml:lang="eo">MPEG-video</comment><comment xml:lang="es">V&#xED;deo MPEG</comment><comment xml:lang="eu">MPEG bideoa</comment><comment xml:lang="fi">MPEG-video</comment><comment xml:lang="fr">vid&#xE9;o MPEG</comment><comment xml:lang="hu">MPEG-video</comment><comment xml:lang="it">Video MPEG</comment><comment xml:lang="ja">MPEG &#x52D5;&#x753B;</comment><comment xml:lang="ko">MPEG &#xBE44;&#xB514;&#xC624;</comment><comment xml:lang="ms">Video MPEG</comment><comment xml:lang="nb">MPEG-film</comment><comment xml:lang="nl">MPEG-video</comment><comment xml:lang="nn">MPEG-video</comment><comment xml:lang="no">MPEG-film</comment><comment xml:lang="pl">Plik wideo MPEG</comment><comment xml:lang="pt">v&#xED;deo MPEG</comment><comment xml:lang="pt_BR">V&#xED;deo MPEG</comment><comment xml:lang="ru">MPEG &#x432;&#x438;&#x434;&#x435;&#x43E;</comment><comment xml:lang="sq">Video MPEG</comment><comment xml:lang="sr">MPEG &#x432;&#x438;&#x434;&#x435;&#x43E;</comment><comment xml:lang="sv">MPEG-video</comment><comment xml:lang="uk">&#x412;&#x456;&#x434;&#x435;&#x43E;-&#x43A;&#x43B;&#x456;&#x43F; MPEG</comment><comment xml:lang="zh_CN">MPEG &#x89C6;&#x9891;</comment></mime-type>
