<?xml version="1.0"?>
<mime-type xmlns="http://www.freedesktop.org/standards/shared-mime-info" type="video/quicktime"><!--Created automatically by update-mime-database. DO NOT EDIT!--><comment>QuickTime video</comment><comment xml:lang="bg">&#x412;&#x438;&#x434;&#x435;&#x43E; &#x444;&#x430;&#x439;&#x43B;, &#x444;&#x43E;&#x440;&#x43C;&#x430;&#x442; QuickTime</comment><comment xml:lang="cs">Video QuickTime</comment><comment xml:lang="de">QuickTime-Video</comment><comment xml:lang="el">&#x3B2;&#x3AF;&#x3BD;&#x3C4;&#x3B5;&#x3BF; QuickTime</comment><comment xml:lang="eo">QuickTime-video</comment><comment xml:lang="es">V&#xED;deo QuickTime</comment><comment xml:lang="eu">QuickTime bideoa</comment><comment xml:lang="fi">Quicktime-video</comment><comment xml:lang="fr">vid&#xE9;o Quicktime</comment><comment xml:lang="hu">QuickTime-video</comment><comment xml:lang="it">Video QuickTime</comment><comment xml:lang="ja">QuickTime &#x52D5;&#x753B;</comment><comment xml:lang="ko">&#xD035;&#xD0C0;&#xC784; &#xBB34;&#xBE44;</comment><comment xml:lang="ms">Video QuickTime</comment><comment xml:lang="nb">Quicktime-film</comment><comment xml:lang="nl">QuickTime-video</comment><comment xml:lang="nn">QuickTime-video</comment><comment xml:lang="no">Quicktime-film</comment><comment xml:lang="pl">Film QuickTime</comment><comment xml:lang="pt">v&#xED;deo QuickTime</comment><comment xml:lang="pt_BR">V&#xED;deo do QuickTime</comment><comment xml:lang="sq">Video QuickTime</comment><comment xml:lang="sr">QuickTime &#x432;&#x438;&#x434;&#x435;&#x43E;</comment><comment xml:lang="sv">Quicktime-video</comment><comment xml:lang="uk">&#x412;&#x456;&#x434;&#x435;&#x43E;-&#x43A;&#x43B;&#x456;&#x43F; QuickTime</comment><comment xml:lang="zh_CN">QuickTime &#x89C6;&#x9891;</comment></mime-type>
