<?xml version="1.0"?>
<mime-type xmlns="http://www.freedesktop.org/standards/shared-mime-info" type="video/vivo"><!--Created automatically by update-mime-database. DO NOT EDIT!--><comment>Vivo video</comment><comment xml:lang="az">Vivo video fayl&#x131;</comment><comment xml:lang="bg">&#x412;&#x438;&#x434;&#x435;&#x43E; &#x444;&#x430;&#x439;&#x43B;, &#x444;&#x43E;&#x440;&#x43C;&#x430;&#x442; Vivo</comment><comment xml:lang="cs">Video Vivo</comment><comment xml:lang="cy">Fideo Vivo</comment><comment xml:lang="de">Vivo-Video</comment><comment xml:lang="el">&#x3B2;&#x3AF;&#x3BD;&#x3C4;&#x3B5;&#x3BF; Vivo</comment><comment xml:lang="eo">Vivo-video</comment><comment xml:lang="es">V&#xED;deo Vivo</comment><comment xml:lang="eu">Vivo bideoa</comment><comment xml:lang="fi">Vivo-video</comment><comment xml:lang="fr">vid&#xE9;o Vivo</comment><comment xml:lang="hu">Vivo-video</comment><comment xml:lang="it">Video Vivo</comment><comment xml:lang="ja">Vivo &#x52D5;&#x753B;</comment><comment xml:lang="ko">Vivo &#xBE44;&#xB514;&#xC624;</comment><comment xml:lang="ms">Video Vivo</comment><comment xml:lang="nb">Vivo-film</comment><comment xml:lang="nl">Vivo-video</comment><comment xml:lang="nn">Vivo-film</comment><comment xml:lang="no">Vivo-film</comment><comment xml:lang="pl">Plik wideo Vivo</comment><comment xml:lang="pt">v&#xED;deo Vivo</comment><comment xml:lang="pt_BR">V&#xED;deo Vivo</comment><comment xml:lang="sq">Video Vivo</comment><comment xml:lang="sr">Vivo &#x432;&#x438;&#x434;&#x435;&#x43E;</comment><comment xml:lang="sv">Vivo-video</comment><comment xml:lang="uk">&#x412;&#x456;&#x434;&#x435;&#x43E; Vivo</comment><comment xml:lang="zh_CN">Vivo &#x89C6;&#x9891;</comment></mime-type>
