<?xml version="1.0"?>
<mime-type xmlns="http://www.freedesktop.org/standards/shared-mime-info" type="video/wavelet"><!--Created automatically by update-mime-database. DO NOT EDIT!--><comment>Wavelet video</comment><comment xml:lang="az">Wavelet video fayl&#x131;</comment><comment xml:lang="bg">&#x412;&#x438;&#x434;&#x435;&#x43E; &#x444;&#x430;&#x439;&#x43B;, &#x444;&#x43E;&#x440;&#x43C;&#x430;&#x442; Wavelet</comment><comment xml:lang="cs">Video Wavelet</comment><comment xml:lang="cy">Fideo Wavelet</comment><comment xml:lang="de">Wavelet-Video</comment><comment xml:lang="el">&#x3B2;&#x3AF;&#x3BD;&#x3C4;&#x3B5;&#x3BF; Wavelet</comment><comment xml:lang="eo">Wavelet-video</comment><comment xml:lang="es">V&#xED;deo Wavelet</comment><comment xml:lang="eu">Wavelet bideoa</comment><comment xml:lang="fi">Wavelet-video</comment><comment xml:lang="fr">vid&#xE9;o Wavelet</comment><comment xml:lang="hu">Wavelet-video</comment><comment xml:lang="it">Video Wavelet</comment><comment xml:lang="ja">Wavelet &#x52D5;&#x753B;</comment><comment xml:lang="ko">Wavelet &#xBE44;&#xB514;&#xC624;</comment><comment xml:lang="ms">Video Wavelet</comment><comment xml:lang="nb">Wavelet-film</comment><comment xml:lang="nl">Wavelet-video</comment><comment xml:lang="nn">Wavelet video</comment><comment xml:lang="no">Wavelet-film</comment><comment xml:lang="pl">Plik wideo Wavelet</comment><comment xml:lang="pt">v&#xED;deo Wavelet</comment><comment xml:lang="pt_BR">V&#xED;deo Wavelet</comment><comment xml:lang="sq">Video Wavelet</comment><comment xml:lang="sr">Wavelet &#x432;&#x438;&#x434;&#x435;&#x43E;</comment><comment xml:lang="sv">Wavelet-video</comment><comment xml:lang="uk">&#x412;&#x456;&#x434;&#x435;&#x43E;-&#x43A;&#x43B;&#x456;&#x43F; Wavelet</comment><comment xml:lang="zh_CN">Wavelet &#x89C6;&#x9891;</comment></mime-type>
