<?xml version="1.0"?>
<mime-type xmlns="http://www.freedesktop.org/standards/shared-mime-info" type="video/x-anim"><!--Created automatically by update-mime-database. DO NOT EDIT!--><comment>ANIM animation</comment><comment xml:lang="az">ANIM animasiyas&#x131;</comment><comment xml:lang="bg">&#x410;&#x43D;&#x438;&#x43C;&#x430;&#x446;&#x438;&#x44F;, &#x444;&#x43E;&#x440;&#x43C;&#x430;&#x442; ANIM</comment><comment xml:lang="cs">Animace ANIM</comment><comment xml:lang="cy">Animeiddiad ANIM</comment><comment xml:lang="de">ANIM-Animation</comment><comment xml:lang="el">&#x3BA;&#x3B9;&#x3BD;&#x3BF;&#x3CD;&#x3BC;&#x3B5;&#x3BD;&#x3BF; &#x3C3;&#x3C7;&#x3AD;&#x3B4;&#x3B9;&#x3BF; ANIM</comment><comment xml:lang="eo">ANIM-animacio</comment><comment xml:lang="es">Animaci&#xF3;n ANIM</comment><comment xml:lang="eu">ANIM animazioa</comment><comment xml:lang="fi">ANIM-animaatio</comment><comment xml:lang="fr">animation ANIM</comment><comment xml:lang="hu">ANIM-anim&#xE1;ci&#xF3;</comment><comment xml:lang="it">Animazione ANIM</comment><comment xml:lang="ja">ANIM &#x30A2;&#x30CB;&#x30E1;&#x30FC;&#x30B7;&#x30E7;&#x30F3;</comment><comment xml:lang="ko">ANIM &#xB3D9;&#xD654;&#xC0C1;</comment><comment xml:lang="ms">Animasi ANIM</comment><comment xml:lang="nb">ANIM-animasjon</comment><comment xml:lang="nl">ANIM-animatie</comment><comment xml:lang="nn">ANIM-animasjon</comment><comment xml:lang="no">ANIM-animasjon</comment><comment xml:lang="pl">Plik animacji ANIM</comment><comment xml:lang="pt">anima&#xE7;&#xE3;o ANIM</comment><comment xml:lang="pt_BR">Anima&#xE7;&#xE3;o ANIM</comment><comment xml:lang="sq">Animim ANIM</comment><comment xml:lang="sr">ANIM &#x430;&#x43D;&#x438;&#x43C;&#x430;&#x446;&#x438;&#x458;&#x430;</comment><comment xml:lang="sv">ANIM-animation</comment><comment xml:lang="uk">&#x410;&#x43D;&#x456;&#x43C;&#x430;&#x446;&#x456;&#x44F; ANIM</comment><comment xml:lang="zh_CN">ANIM &#x52A8;&#x753B;</comment></mime-type>
