<?xml version="1.0"?>
<mime-type xmlns="http://www.freedesktop.org/standards/shared-mime-info" type="video/x-avi"><!--Created automatically by update-mime-database. DO NOT EDIT!--><comment>AVI video</comment><comment xml:lang="az">AVI video fayl&#x131;</comment><comment xml:lang="bg">&#x412;&#x438;&#x434;&#x435;&#x43E; &#x444;&#x430;&#x439;&#x43B;, &#x444;&#x43E;&#x440;&#x43C;&#x430;&#x442; AVI</comment><comment xml:lang="cs">Video AVI</comment><comment xml:lang="cy">Fideo AVI</comment><comment xml:lang="de">AVI-Video</comment><comment xml:lang="el">&#x3B2;&#x3AF;&#x3BD;&#x3C4;&#x3B5;&#x3BF; AVI</comment><comment xml:lang="eo">AVI-video</comment><comment xml:lang="es">V&#xED;deo AVI</comment><comment xml:lang="eu">AVI bideoa</comment><comment xml:lang="fi">AVI-video</comment><comment xml:lang="fr">vid&#xE9;o AVI</comment><comment xml:lang="hu">AVI-video</comment><comment xml:lang="it">Video AVI</comment><comment xml:lang="ja">AVI &#x52D5;&#x753B;</comment><comment xml:lang="ko">AVI &#xBE44;&#xB514;&#xC624;</comment><comment xml:lang="ms">Video AVI</comment><comment xml:lang="nb">AVI-film</comment><comment xml:lang="nl">AVI-video</comment><comment xml:lang="nn">AVI-video</comment><comment xml:lang="no">AVI-film</comment><comment xml:lang="pl">Plik wideo AVI</comment><comment xml:lang="pt">v&#xED;deo AVI</comment><comment xml:lang="pt_BR">V&#xED;deo AVI</comment><comment xml:lang="sq">Video AVI</comment><comment xml:lang="sr">AVI &#x432;&#x438;&#x434;&#x435;&#x43E;</comment><comment xml:lang="sv">AVI-video</comment><comment xml:lang="uk">&#x412;&#x456;&#x434;&#x435;&#x43E;-&#x43A;&#x43B;&#x456;&#x43F; AVI</comment><comment xml:lang="zh_CN">AVI &#x89C6;&#x9891;</comment></mime-type>
