<?xml version="1.0"?>
<mime-type xmlns="http://www.freedesktop.org/standards/shared-mime-info" type="video/x-flic"><!--Created automatically by update-mime-database. DO NOT EDIT!--><comment>AutoDesk FLIC animation</comment><comment xml:lang="bg">&#x410;&#x43D;&#x438;&#x43C;&#x430;&#x446;&#x438;&#x44F;, &#x444;&#x43E;&#x440;&#x43C;&#x430;&#x442; AutoDesk&#xB7;FLIC</comment><comment xml:lang="cs">Animace AutoDesk FLIC</comment><comment xml:lang="de">AutoDesk-FLIC-Animation</comment><comment xml:lang="el">&#x3BA;&#x3B9;&#x3BD;&#x3BF;&#x3CD;&#x3BC;&#x3B5;&#x3BD;&#x3B1; &#x3C3;&#x3C7;&#x3AD;&#x3B4;&#x3B9;&#x3B1; AutoDesk FLIC</comment><comment xml:lang="eo">FLIC-animacio de AutoDesk</comment><comment xml:lang="es">Animaci&#xF3;n de AutoDesk FLIC</comment><comment xml:lang="eu">AutoDesk FLIC animazioa</comment><comment xml:lang="fi">AutoDesk FLIC -animaatio</comment><comment xml:lang="fr">animation FLIC Autodesk</comment><comment xml:lang="hu">AutoDesk FLIC-anim&#xE1;ci&#xF3;</comment><comment xml:lang="it">Animazione FLIC Autodesk</comment><comment xml:lang="ja">AutoDesk FLIC &#x30A2;&#x30CB;&#x30E1;&#x30FC;&#x30B7;&#x30E7;&#x30F3;</comment><comment xml:lang="ko">AutoDesk FLIC &#xB3D9;&#xD654;&#xC0C1;</comment><comment xml:lang="ms">Animasi AutoDesk FLIC</comment><comment xml:lang="nb">AutoDesk FLIC-animasjon</comment><comment xml:lang="nl">AutoDesk FLIC-animatie</comment><comment xml:lang="nn">AutoDesk FLIC-animasjon</comment><comment xml:lang="no">AutoDesk FLIC-animasjon</comment><comment xml:lang="pl">Animacja AutoDesk FLIC</comment><comment xml:lang="pt">anima&#xE7;&#xE3;o FLIC AutoDesk</comment><comment xml:lang="pt_BR">Anima&#xE7;&#xE3;o do AutoDesk FLIC</comment><comment xml:lang="sq">Animim AutoDesc FLIC</comment><comment xml:lang="sr">&#x410;&#x443;&#x442;&#x43E;&#x434;&#x435;&#x441;&#x43A; FLIC &#x430;&#x43D;&#x438;&#x43C;&#x430;&#x446;&#x438;&#x458;&#x430;</comment><comment xml:lang="sv">AutoDesk FLIC-animation</comment><comment xml:lang="uk">&#x410;&#x43D;&#x456;&#x43C;&#x430;&#x446;&#x456;&#x44F; AutoDesk FLIC</comment><comment xml:lang="zh_CN">AutoDesk FLIC &#x52A8;&#x753B;</comment></mime-type>
