<?xml version="1.0"?>
<mime-type xmlns="http://www.freedesktop.org/standards/shared-mime-info" type="video/x-mng"><!--Created automatically by update-mime-database. DO NOT EDIT!--><comment>MNG animation</comment><comment xml:lang="bg">&#x410;&#x43D;&#x438;&#x43C;&#x430;&#x446;&#x438;&#x44F;, &#x444;&#x43E;&#x440;&#x43C;&#x430;&#x442; MNG</comment><comment xml:lang="cs">Animace MNG</comment><comment xml:lang="de">MNG-Animation</comment><comment xml:lang="el">&#x3BA;&#x3B9;&#x3BD;&#x3BF;&#x3CD;&#x3BC;&#x3B5;&#x3BD;&#x3B1; &#x3C3;&#x3C7;&#x3AD;&#x3B4;&#x3B9;&#x3B1; MNG</comment><comment xml:lang="eo">MNG-animacio</comment><comment xml:lang="es">Animaci&#xF3;n MNG</comment><comment xml:lang="eu">MNG animazioa</comment><comment xml:lang="fi">MNG-animaatio</comment><comment xml:lang="fr">animation MNG</comment><comment xml:lang="hu">MNG-anim&#xE1;ci&#xF3;</comment><comment xml:lang="it">Animazione MNG</comment><comment xml:lang="ja">MNG &#x30A2;&#x30CB;&#x30E1;&#x30FC;&#x30B7;&#x30E7;&#x30F3;</comment><comment xml:lang="ko">MNG &#xB3D9;&#xD654;&#xC0C1;</comment><comment xml:lang="ms">Animasi MNG</comment><comment xml:lang="nb">MNG-animasjon</comment><comment xml:lang="nl">MNG-animatie</comment><comment xml:lang="nn">MNG-animasjon</comment><comment xml:lang="no">MNG-animasjon</comment><comment xml:lang="pl">Animacja MNG</comment><comment xml:lang="pt">anima&#xE7;&#xE3;o MNG</comment><comment xml:lang="pt_BR">Anima&#xE7;&#xE3;o MNG</comment><comment xml:lang="sq">Animim MNG</comment><comment xml:lang="sr">MNG &#x430;&#x43D;&#x438;&#x43C;&#x430;&#x446;&#x438;&#x458;&#x430;</comment><comment xml:lang="sv">MNG-animation</comment><comment xml:lang="uk">&#x410;&#x43D;&#x456;&#x43C;&#x430;&#x446;&#x456;&#x44F; MNG</comment><comment xml:lang="zh_CN">MNG &#x52A8;&#x753B;</comment></mime-type>
