<?xml version="1.0"?>
<mime-type xmlns="http://www.freedesktop.org/standards/shared-mime-info" type="video/x-msvideo"><!--Created automatically by update-mime-database. DO NOT EDIT!--><comment>Microsoft AVI video</comment><comment xml:lang="bg">&#x412;&#x438;&#x434;&#x435;&#x43E; &#x444;&#x430;&#x439;&#x43B;, &#x444;&#x43E;&#x440;&#x43C;&#x430;&#x442; Microsoft AVI</comment><comment xml:lang="cs">Video Microsoft AVI</comment><comment xml:lang="de">Microsoft-AVI-Video</comment><comment xml:lang="el">&#x3B2;&#x3AF;&#x3BD;&#x3C4;&#x3B5;&#x3BF; Microsoft AVI</comment><comment xml:lang="eo">AVI-video de Microsoft</comment><comment xml:lang="es">V&#xED;deo Microsoft AVI</comment><comment xml:lang="eu">Microsoft AVI bideoa</comment><comment xml:lang="fi">Microsoft AVI -video</comment><comment xml:lang="fr">vid&#xE9;o Microsoft AVI</comment><comment xml:lang="hu">Microsoft AVI-video</comment><comment xml:lang="it">Video Microsoft AVI</comment><comment xml:lang="ja">Microsoft AVI &#x52D5;&#x753B;</comment><comment xml:lang="ko">&#xB9C8;&#xC774;&#xD06C;&#xB85C;&#xC18C;&#xD504;&#xD2B8; AVI &#xBE44;&#xB514;&#xC624;</comment><comment xml:lang="ms">Video AVI Microsoft</comment><comment xml:lang="nb">Microsoft AVI-film</comment><comment xml:lang="nl">Microsoft AVI-video</comment><comment xml:lang="nn">Microsoft AVI-video</comment><comment xml:lang="no">Microsoft AVI-film</comment><comment xml:lang="pl">Plik wideo AVI Microsoftu</comment><comment xml:lang="pt">v&#xED;deo AVI da Microsoft</comment><comment xml:lang="pt_BR">V&#xED;deo Microsoft AVI</comment><comment xml:lang="sq">Video Microsoft AVI</comment><comment xml:lang="sr">&#x41C;&#x438;&#x43A;&#x440;&#x43E;&#x441;&#x43E;&#x444;&#x442; &#x410;&#x412;&#x418; &#x432;&#x438;&#x434;&#x435;&#x43E;</comment><comment xml:lang="sv">Microsoft AVI-video</comment><comment xml:lang="uk">&#x412;&#x456;&#x434;&#x435;&#x43E;-&#x43A;&#x43B;&#x456;&#x43F; Microsoft AVI</comment><comment xml:lang="zh_CN">Microsoft AVI &#x89C6;&#x9891;</comment></mime-type>
