<?xml version="1.0"?>
<mime-type xmlns="http://www.freedesktop.org/standards/shared-mime-info" type="video/x-ms-asf"><!--Created automatically by update-mime-database. DO NOT EDIT!--><comment>Microsoft ASF video</comment><comment xml:lang="bg">&#x412;&#x438;&#x434;&#x435;&#x43E; &#x444;&#x430;&#x439;&#x43B;, &#x444;&#x43E;&#x440;&#x43C;&#x430;&#x442; Microsoft ASF</comment><comment xml:lang="cs">Video Microsoft ASF</comment><comment xml:lang="de">Microsoft-ASF-Video</comment><comment xml:lang="el">&#x3B2;&#x3AF;&#x3BD;&#x3C4;&#x3B5;&#x3BF; Microsoft ASF</comment><comment xml:lang="eo">ASF-video de Microsoft</comment><comment xml:lang="es">V&#xED;deo Microsoft ASF</comment><comment xml:lang="eu">Microsoft ASF bideoa</comment><comment xml:lang="fi">Microsoft ASF -video</comment><comment xml:lang="fr">vid&#xE9;o Microsoft ASF</comment><comment xml:lang="hu">Microsoft ASF-video</comment><comment xml:lang="it">Video Microsoft ASF</comment><comment xml:lang="ja">Microsoft ASF &#x52D5;&#x753B;</comment><comment xml:lang="ko">&#xB9C8;&#xC774;&#xD06C;&#xB85C;&#xC18C;&#xD504;&#xD2B8; ASF &#xBE44;&#xB514;&#xC624;</comment><comment xml:lang="ms">Video ASF Microsoft</comment><comment xml:lang="nb">Microsoft ASF-film</comment><comment xml:lang="nl">Microsoft ASF-video</comment><comment xml:lang="nn">Microsoft ASF-video</comment><comment xml:lang="no">Microsoft ASF-film</comment><comment xml:lang="pl">Plik wideo ASF Microsoftu</comment><comment xml:lang="pt">v&#xED;deo ASF da Microsoft</comment><comment xml:lang="pt_BR">V&#xED;deo Microsoft ASF</comment><comment xml:lang="sq">Video Microsoft ASF</comment><comment xml:lang="sr">&#x41C;&#x438;&#x43A;&#x440;&#x43E;&#x441;&#x43E;&#x444;&#x442; ASF &#x432;&#x438;&#x434;&#x435;&#x43E;</comment><comment xml:lang="sv">Microsoft ASF-video</comment><comment xml:lang="uk">&#x412;&#x456;&#x434;&#x435;&#x43E;-&#x43A;&#x43B;&#x456;&#x43F; Microsoft ASF</comment><comment xml:lang="zh_CN">Microsoft ASF &#x89C6;&#x9891;</comment></mime-type>
