<?xml version="1.0"?>
<mime-type xmlns="http://www.freedesktop.org/standards/shared-mime-info" type="video/x-nsv"><!--Created automatically by update-mime-database. DO NOT EDIT!--><comment>Nullsoft video</comment><comment xml:lang="az">Nullsoft video fayl&#x131;</comment><comment xml:lang="bg">&#x412;&#x438;&#x434;&#x435;&#x43E; &#x444;&#x430;&#x439;&#x43B;, &#x444;&#x43E;&#x440;&#x43C;&#x430;&#x442; Nullsoft</comment><comment xml:lang="cs">Video Nullsoft</comment><comment xml:lang="cy">Fideo Nullsoft</comment><comment xml:lang="de">Nullsoft-Video</comment><comment xml:lang="el">&#x3B2;&#x3AF;&#x3BD;&#x3C4;&#x3B5;&#x3BF; Nullsoft</comment><comment xml:lang="eo">Nullsoft-video</comment><comment xml:lang="es">V&#xED;deo de Nullsoft</comment><comment xml:lang="eu">Nullsoft bideoa</comment><comment xml:lang="fi">Nullsoft-video</comment><comment xml:lang="fr">vid&#xE9;o Nullsoft</comment><comment xml:lang="hu">Nullsoft-video</comment><comment xml:lang="it">Video Nullsoft</comment><comment xml:lang="ja">Nullsoft &#x52D5;&#x753B;</comment><comment xml:lang="ko">&#xB110;&#xC18C;&#xD504;&#xD2B8; &#xBE44;&#xB514;&#xC624;</comment><comment xml:lang="ms">Video Nullsoft</comment><comment xml:lang="nb">Nullsoft video</comment><comment xml:lang="nl">Nullsoft-video</comment><comment xml:lang="nn">Nullsoft video</comment><comment xml:lang="no">Nullsoft video</comment><comment xml:lang="pl">Plik wideo Nullsoft</comment><comment xml:lang="pt">v&#xED;deo Nullsoft</comment><comment xml:lang="pt_BR">V&#xED;deo do Nulsoft</comment><comment xml:lang="sq">Video Nullsoft</comment><comment xml:lang="sr">Nullsoft &#x432;&#x438;&#x434;&#x435;&#x43E;</comment><comment xml:lang="sv">Nullsoft-video</comment><comment xml:lang="uk">&#x412;&#x456;&#x434;&#x435;&#x43E;-&#x43A;&#x43B;&#x456;&#x43F; Nullsoft</comment><comment xml:lang="zh_CN">Nullsoft &#x89C6;&#x9891;</comment></mime-type>
