<?xml version="1.0"?>
<mime-type xmlns="http://www.freedesktop.org/standards/shared-mime-info" type="video/x-real-video"><!--Created automatically by update-mime-database. DO NOT EDIT!--><comment>RealVideo video</comment><comment xml:lang="az">RealVideo video fayl&#x131;</comment><comment xml:lang="bg">&#x412;&#x438;&#x434;&#x435;&#x43E; &#x444;&#x430;&#x439;&#x43B;, &#x444;&#x43E;&#x440;&#x43C;&#x430;&#x442; RealVideo</comment><comment xml:lang="cs">Video RealVideo</comment><comment xml:lang="cy">Fideo RealVideo</comment><comment xml:lang="de">RealVideo-Video</comment><comment xml:lang="el">&#x3B2;&#x3AF;&#x3BD;&#x3C4;&#x3B5;&#x3BF; RealVideo</comment><comment xml:lang="eo">RealVideo-video</comment><comment xml:lang="es">V&#xED;deo RealVideo</comment><comment xml:lang="eu">RealVideo bideoa</comment><comment xml:lang="fi">RealVideo-video</comment><comment xml:lang="fr">vid&#xE9;o RealVideos</comment><comment xml:lang="hu">RealVideo-video</comment><comment xml:lang="it">Video RealVideo</comment><comment xml:lang="ja">RealVideo &#x52D5;&#x753B;</comment><comment xml:lang="ko">&#xB9AC;&#xC5BC;&#xBE44;&#xB514;&#xC624; &#xBE44;&#xB514;&#xC624;</comment><comment xml:lang="ms">Video RealVideo</comment><comment xml:lang="nb">RealVideo film</comment><comment xml:lang="nl">RealVideo-video</comment><comment xml:lang="nn">RealVideo-film</comment><comment xml:lang="no">RealVideo film</comment><comment xml:lang="pl">Plik wideo RealVideo</comment><comment xml:lang="pt">v&#xED;deo RealVideo</comment><comment xml:lang="pt_BR">V&#xED;deo RealVideo</comment><comment xml:lang="sq">Video RealVideo</comment><comment xml:lang="sr">RealVideo &#x432;&#x438;&#x434;&#x435;&#x43E;</comment><comment xml:lang="sv">RealVideo-video</comment><comment xml:lang="uk">&#x412;&#x456;&#x434;&#x435;&#x43E;-&#x43A;&#x43B;&#x456;&#x43F; RealVideo</comment><comment xml:lang="zh_CN">RealVideo &#x89C6;&#x9891;</comment></mime-type>
