<?xml version="1.0"?>
<mime-type xmlns="http://www.freedesktop.org/standards/shared-mime-info" type="video/x-sgi-movie"><!--Created automatically by update-mime-database. DO NOT EDIT!--><comment>SGI video</comment><comment xml:lang="az">SGI video fayl&#x131;</comment><comment xml:lang="bg">&#x412;&#x438;&#x434;&#x435;&#x43E; &#x444;&#x430;&#x439;&#x43B;, &#x444;&#x43E;&#x440;&#x43C;&#x430;&#x442; SGI</comment><comment xml:lang="cs">Video SGI</comment><comment xml:lang="cy">Video SGI</comment><comment xml:lang="de">SGI-Video</comment><comment xml:lang="el">&#x3B2;&#x3AF;&#x3BD;&#x3C4;&#x3B5;&#x3BF; SGI</comment><comment xml:lang="eo">SGI-video</comment><comment xml:lang="es">V&#xED;deo SGI</comment><comment xml:lang="eu">SGI bideoa</comment><comment xml:lang="fi">SGI-video</comment><comment xml:lang="fr">vid&#xE9;o SGI</comment><comment xml:lang="hu">SGI-video</comment><comment xml:lang="it">Video SGI</comment><comment xml:lang="ja">SGI &#x52D5;&#x753B;</comment><comment xml:lang="ko">SGI &#xBE44;&#xB514;&#xC624;</comment><comment xml:lang="ms">Video SGI</comment><comment xml:lang="nb">SGI-film</comment><comment xml:lang="nl">SGI-video</comment><comment xml:lang="nn">SGI-video</comment><comment xml:lang="no">SGI-film</comment><comment xml:lang="pl">Plik wideo SGI</comment><comment xml:lang="pt">v&#xED;deo SGI</comment><comment xml:lang="pt_BR">V&#xED;deo SGI</comment><comment xml:lang="sq">Video SGI</comment><comment xml:lang="sr">SGI &#x432;&#x438;&#x434;&#x435;&#x43E;</comment><comment xml:lang="sv">SGI-video</comment><comment xml:lang="uk">&#x412;&#x456;&#x434;&#x435;&#x43E;-&#x43A;&#x43B;&#x456;&#x43F; SGI</comment><comment xml:lang="zh_CN">SGI &#x89C6;&#x9891;</comment></mime-type>
