{
    "id": "openrct2.station.noentrance",
    "authors": [
        "OpenRCT2 developers"
    ],
    "version": "1.0",
    "originalId": "0000008D|#ORCT2SN|00000000",
    "sourceGame": "official",
    "objectType": "station",
    "properties": {
        "hasShelter": false
    },
    "images": [
    ],
    "strings": {
        "name": {
            "en-GB": "No entrance",
            "fr-FR": "Pas d’entrée",
            "de-DE": "Kein Eingang",
            "es-ES": "Entrada invisible",
            "it-IT": "Senza entrata",
            "nl-NL": "Geen ingang",
            "sv-SE": "Ingen ingång",
            "ko-KR": "입구 없음",
            "zh-CN": "隐藏入口",
            "zh-TW": "隱藏入口",
            "pt-BR": "Sem entrada",
            "cs-CZ": "Bez vstupu",
            "ja-JP": "入口なし",
            "pl-PL": "Brak wejścia",
            "ar-EG": "لا مدخل",
            "da-DK": "Ingen indgang",
            "ca-ES": "Sense entrada",
            "fi-FI": "Ei sisäänkäyntiä",
            "hu-HU": "Nincs bejárat",
            "tr-TR": "Giriş kulübesi yok",
            "nb-NO": "Ingen inngang",
            "eo-ZZ": "Neniu enirejo"
        }
    }
}
