{
    "id": "openrct2.station.noplatformnoentrance",
    "authors": [
        "OpenRCT2 developers"
    ],
    "version": "1.0",
    "originalId": "0000008D|#ORCT2SP|00000000",
    "sourceGame": "official",
    "objectType": "station",
    "properties": {
        "hasShelter": false,
        "noPlatforms": true
    },
    "images": [
    ],
    "strings": {
        "name": {
            "en-GB": "No entrance, no platform",
            "de-DE": "Kein Eingang, keine Plattform",
            "it-IT": "Senza entrata, senza piattaforma",
            "nl-NL": "Geen ingang, geen perron",
            "ko-KR": "감추기, 승강장도 감추기",
            "zh-CN": "没有入口, 没有站台",
            "ar-EG": "لا مدخل، لا منصة",
            "nb-NO": "Ingen inngang, ingen plattform",
            "hu-HU": "Nincs bejárat, nincs állomás",
            "es-ES": "Entrada invisible, sin plataforma",
            "pt-BR": "Sem entrada, sem plataforma",
            "ja-JP": "入口なし、乗り場なし",
            "fr-FR": "Pas d’entrée, pas de quai",
            "pl-PL": "Brak wejścia, brak platformy",
            "eo-ZZ": "Neniu enirejo, neniu platformo",
            "sv-SE": "Ingen ingång, ingen perrong",
            "ca-ES": "Sense entrada i sense plataforma",
            "fi-FI": "Ei sisäänkäyntiä, ei asemaa"
        }
    }
}
