<?xml version="1.0"?>
<gconf>
        <entry name="component_id" mtime="1136302922" type="schema" stype="string" owner="evolution">
        <local_schema locale="pt" short_desc="ID ou alcunha do componente a ser apresentado por omissão ao iniciar.">
                <longdesc>ID ou alcunha do componente a ser apresentado por omissão ao iniciar.</longdesc>
        </local_schema>
        <local_schema locale="uk" short_desc="Ідентифікатор або псевдонім компоненту, який показуватиметься типово при старті.">
                <longdesc>Ідентифікатор або псевдонім компоненту, який показуватиметься типово при старті.</longdesc>
        </local_schema>
        <local_schema locale="en_CA" short_desc="ID or alias of the component to be shown by default at start-up.">
                <longdesc>ID or alias of the component to be shown by default at start-up.</longdesc>
        </local_schema>
        <local_schema locale="ne" short_desc="पुर्वनिर्धारित सुरुवातमा देखाउने अबयबको परिचय वा उपनाम">
                <longdesc>पुर्वनिर्धारित सुरुवातमा देखाउने अबयबको परिचय वा उपनाम</longdesc>
        </local_schema>
        <local_schema locale="bg" short_desc="Идентификатор или псевдоним на компонента, който да се показва по подразбиране при стартиране.">
                <longdesc>Идентификатор или псевдоним на компонента, който да се показва по подразбиране при стартиране.</longdesc>
        </local_schema>
        <local_schema locale="zh_CN" short_desc="启动时默认显示的组件 ID 或别名。">
                <longdesc>启动时默认显示的组件 ID 或别名。</longdesc>
        </local_schema>
        <local_schema locale="be" short_desc="Ідэнтыфікатар ці псэўданім кампанэнту, які будзе прадвызначана адлюстроўвацца ў часе пуску.">
                <longdesc>Ідэнтыфікатар ці псэўданім кампанэнту, які будзе прадвызначана адлюстроўвацца ў часе пуску.</longdesc>
        </local_schema>
        <local_schema locale="C" short_desc="ID or alias of the component to be shown by default at start-up.">
                <default type="string">
                        <stringvalue>mail</stringvalue>
                </default>
                <longdesc>ID or alias of the component to be shown by default at start-up.</longdesc>
        </local_schema>
        <local_schema locale="nb" short_desc="ID eller alias for komponenten som skal være forvalgt ved oppstart.">
                <longdesc>ID eller alias for komponenten som skal være forvalgt ved oppstart.</longdesc>
        </local_schema>
        <local_schema locale="pt_BR" short_desc="ID ou apelido do componente a ser exibido por padrão no início.">
                <longdesc>ID ou apelido do componente a ser exibido por padrão no início.</longdesc>
        </local_schema>
        <local_schema locale="pl" short_desc="ID lub alias składnika domyślnie wyświetlanego przy uruchomieniu.">
                <longdesc>ID lub alias składnika domyślnie wyświetlanego przy uruchomieniu.</longdesc>
        </local_schema>
        <local_schema locale="es" short_desc="Id o alias del componente que se mostrará al iniciar.">
                <longdesc>Id o alias del componente que se mostrará al iniciar.</longdesc>
        </local_schema>
        <local_schema locale="vi" short_desc="Mặc định là hiển thị ID hay biệt hiệu của thành phần khi khởi động.">
                <longdesc>Mặc định là hiển thị ID hay biệt hiệu của thành phần khi khởi động.</longdesc>
        </local_schema>
        <local_schema locale="ru" short_desc="Идентификатор или псевдоним компонента, который будет показываться при запуске по умолчанию.">
                <longdesc>Идентификатор или псевдоним компонента, который будет показываться при запуске по умолчанию.</longdesc>
        </local_schema>
        <local_schema locale="id" short_desc="ID atau alias komponen yang ditampilkan pada saat mulai dijalankan.">
                <longdesc>ID atau alias komponen yang ditampilkan pada saat mulai dijalankan.</longdesc>
        </local_schema>
        <local_schema locale="ko" short_desc="맨 처음 시작할 때 기본으로 보여줄 컴포넌트 ID 혹은 별명.">
                <longdesc>맨 처음 시작할 때 기본으로 보여줄 컴포넌트 ID 혹은 별명.</longdesc>
        </local_schema>
        <local_schema locale="lt" short_desc="Komponento ID arba trumpas vardas rodomas paleidimo metu.">
                <longdesc>Komponento ID arba trumpas vardas rodomas paleidimo metu.</longdesc>
        </local_schema>
        <local_schema locale="ca" short_desc="ID o àlies del component a mostrar per defecte a l&apos;inici de manera predeterminada.">
                <longdesc>ID o àlies del component a mostrar per defecte a l&apos;inici de manera predeterminada.</longdesc>
        </local_schema>
        <local_schema locale="sv" short_desc="Id eller alias för den komponent som ska visas som standard vid uppstart.">
                <longdesc>Id eller alias för den komponent som ska visas som standard vid uppstart.</longdesc>
        </local_schema>
        <local_schema locale="el" short_desc="ID ή alias του στοιχείου που θα εμφανίζεται ως προεπιλογή κατά την εκκίνηση.">
                <longdesc>ID ή alias του στοιχείου που θα εμφανίζεται ως προεπιλογή κατά την εκκίνηση.</longdesc>
        </local_schema>
        <local_schema locale="fr" short_desc="ID ou alias du composant à afficher par défaut au démarrage.">
                <longdesc>ID ou alias du composant à afficher par défaut au démarrage.</longdesc>
        </local_schema>
        <local_schema locale="ro" short_desc="ID sau alias al componentei ce va fi afişată implicit la pornire.">
                <longdesc>ID sau alias al componentei ce va fi afişată implicit la pornire.</longdesc>
        </local_schema>
        <local_schema locale="de" short_desc="Kennung oder Alias der Komponente, die per Vorgabe beim Start angezeigt werden soll.">
                <longdesc>Kennung oder Alias der Komponente, die per Vorgabe beim Start angezeigt werden soll.</longdesc>
        </local_schema>
        <local_schema locale="sr@Latn" short_desc="IB ili alijas dela koji se podrazumevano prikazuje po pokretanju.">
                <longdesc>IB ili alijas dela koji se podrazumevano prikazuje po pokretanju.</longdesc>
        </local_schema>
        <local_schema locale="pa" short_desc="ਭਾਗ ਦਾ ID ਜਾਂ ਉਪਨਾਂ ਨੂੰ ਸ਼ੁਰੂਆਤ ਤੇ ਵੇਖਿਆ ਜਾਇਆ ਕਰੇਗਾ।">
                <longdesc>ਭਾਗ ਦਾ ID ਜਾਂ ਉਪਨਾਂ ਨੂੰ ਸ਼ੁਰੂਆਤ ਤੇ ਵੇਖਿਆ ਜਾਇਆ ਕਰੇਗਾ।</longdesc>
        </local_schema>
        <local_schema locale="gu" short_desc="શરુઆતમાં ભાગનું ID અથવા ઉપનામ મૂળભુત રીતે દેખાય છે.">
                <longdesc>શરુઆતમાં ભાગનું ID અથવા ઉપનામ મૂળભુત રીતે દેખાય છે.</longdesc>
        </local_schema>
        <local_schema locale="sr" short_desc="ИБ или алијас дела који се подразумевано приказује по покретању.">
                <longdesc>ИБ или алијас дела који се подразумевано приказује по покретању.</longdesc>
        </local_schema>
        <local_schema locale="ja" short_desc="起動時にデフォルトで表示するコンポーネントの ID/エイリアスです。">
                <longdesc>起動時にデフォルトで表示するコンポーネントの ID/エイリアスです。</longdesc>
        </local_schema>
        <local_schema locale="sq" short_desc="ID apo alias i komponentit që duhet shfaqur si i prezgjedhur në nisje.">
                <longdesc>ID apo alias i komponentit që duhet shfaqur si i prezgjedhur në nisje.</longdesc>
        </local_schema>
        <local_schema locale="da" short_desc="Identifikation eller alias for komponenten der skal vises ved opstart.">
                <longdesc>Identifikation eller alias for komponenten der skal vises ved opstart.</longdesc>
        </local_schema>
        <local_schema locale="xh" short_desc="I-ID okanye igama elimele isisele maliboniswe ngokumiselwa kusaqalwa nje.">
                <longdesc>I-ID okanye igama elimele isisele maliboniswe ngokumiselwa kusaqalwa nje.</longdesc>
        </local_schema>
        <local_schema locale="zh_TW" short_desc="啟動時預設顯示的元件相關 ID 或別名。">
                <longdesc>啟動時預設顯示的元件相關 ID 或別名。</longdesc>
        </local_schema>
        <local_schema locale="fi" short_desc="ID tai alias käynnistyksessä oletuksena näytettävälle komponentille.">
                <longdesc>ID tai alias käynnistyksessä oletuksena näytettävälle komponentille.</longdesc>
        </local_schema>
        <local_schema locale="hu" short_desc="Az indításkor alapértelmezésként megjelenő összetevő azonosítója vagy álneve.">
                <longdesc>Az indításkor alapértelmezésként megjelenő összetevő azonosítója vagy álneve.</longdesc>
        </local_schema>
        <local_schema locale="tr" short_desc="Açılışta öntanımlı olarak gösterilecek bileşenin ID&apos;si ya da takma adı.">
                <longdesc>Açılışta öntanımlı olarak gösterilecek bileşenin ID&apos;si ya da takma adı.</longdesc>
        </local_schema>
        <local_schema locale="en_GB" short_desc="ID or alias of the component to be shown by default at start-up.">
                <longdesc>ID or alias of the component to be shown by default at start-up.</longdesc>
        </local_schema>
        <local_schema locale="cy" short_desc="ID neu ffugenw&apos;r gydran i&apos;w ddangos yn ragosodedig wrth gychwyn.">
                <longdesc>ID neu ffugenw&apos;r gydran i&apos;w ddangos yn ragosodedig wrth gychwyn.</longdesc>
        </local_schema>
        <local_schema locale="gl" short_desc="ID ou alias do compoñente que se amosará ao iniciar.">
                <longdesc>ID ou alias do compoñente que se amosará ao iniciar.</longdesc>
        </local_schema>
        <local_schema locale="hr" short_desc="Identifikacijski broj ili  alias komponente koja se uobičajeno prikazuje prilikom pokretanja.">
                <longdesc>Identifikacijski broj ili  alias komponente koja se uobičajeno prikazuje prilikom pokretanja.</longdesc>
        </local_schema>
        <local_schema locale="no" short_desc="ID eller alias for komponenten som skal være forvalgt ved oppstart.">
                <longdesc>ID eller alias for komponenten som skal være forvalgt ved oppstart.</longdesc>
        </local_schema>
        <local_schema locale="nn" short_desc="ID eller alias til komponenten som vert vist som standard ved oppstart.">
                <longdesc>ID eller alias til komponenten som vert vist som standard ved oppstart.</longdesc>
        </local_schema>
        <local_schema locale="it" short_desc="ID o alias del componente da visualizzare per default all’avvio.">
                <longdesc>ID o alias del componente da visualizzare per default all’avvio.</longdesc>
        </local_schema>
        <local_schema locale="bn" short_desc="আরম্ভের সময় বস্তুর যে ID অথবা উপনাম ডিফল্টভাবে প্রদর্শিত হবে।">
                <longdesc>আরম্ভের সময় বস্তুর যে ID অথবা উপনাম ডিফল্টভাবে প্রদর্শিত হবে।</longdesc>
        </local_schema>
        <local_schema locale="nl" short_desc="ID of alias van het component dat bij het opstarten moet worden weergegeven.">
                <longdesc>ID of alias van het component dat bij het opstarten moet worden weergegeven.</longdesc>
        </local_schema>
        <local_schema locale="cs" short_desc="ID nebo alias komponenty, kterou implicitně zobrazit po spuštění.">
                <longdesc>ID nebo alias komponenty, kterou implicitně zobrazit po spuštění.</longdesc>
        </local_schema>
        </entry>
        <entry name="toolbar_visible" mtime="1136302922" type="schema" stype="bool" owner="evolution">
        <local_schema locale="pt" short_desc="Barra de ferramentas está visível">
                <longdesc>Se a barra de ferramentas deverá ou não estar visível.</longdesc>
        </local_schema>
        <local_schema locale="uk" short_desc="Панель інструментів є видимою">
                <longdesc>Чи панель інструментів має бути видимою.</longdesc>
        </local_schema>
        <local_schema locale="en_CA" short_desc="Toolbar is visible">
                <longdesc>Whether the toolbar should be visible.</longdesc>
        </local_schema>
        <local_schema locale="ne" short_desc="टुलबार देख्न सकिने छ।">
                <longdesc>या टुलबार देख्न सकिने हुनु पर्दछ।</longdesc>
        </local_schema>
        <local_schema locale="bg" short_desc="Лентата с инструменти е видима">
                <longdesc>Дали лентата с инструменти трябва да е видима.</longdesc>
        </local_schema>
        <local_schema locale="zh_CN" short_desc="工具栏可见">
                <longdesc>工具栏是否可见。</longdesc>
        </local_schema>
        <local_schema locale="be" short_desc="Панель інструмэнтаў бачная">
                <longdesc>Ці мусіць панэль інструмэнтаў быць бачная.</longdesc>
        </local_schema>
        <local_schema locale="C" short_desc="Toolbar is visible">
                <default type="bool" value="true">
                </default>
                <longdesc>Whether the toolbar should be visible.</longdesc>
        </local_schema>
        <local_schema locale="nb" short_desc="Verktøylinjen er synlig">
                <longdesc>Om verktøylinjen skal være synlig.</longdesc>
        </local_schema>
        <local_schema locale="pt_BR" short_desc="A barra de ferramentas está visível">
                <longdesc>Se a barra de ferramentas deve estar visível.</longdesc>
        </local_schema>
        <local_schema locale="et" short_desc="Tööriistariba on nähtav">
                <longdesc>Millal tööriistariba peaks olema nähtav.</longdesc>
        </local_schema>
        <local_schema locale="pl" short_desc="Wiodoczność paska narzędzi">
                <longdesc>Określa, czy pasek narzędzi jest widoczny.</longdesc>
        </local_schema>
        <local_schema locale="es" short_desc="La barra de herramientas es visible">
                <longdesc>Indica si la barra de herramientas debería ser visible.</longdesc>
        </local_schema>
        <local_schema locale="vi" short_desc="Hiện thanh công cụ">
                <longdesc>Có nên hiển thị thanh công cụ hay không.</longdesc>
        </local_schema>
        <local_schema locale="ru" short_desc="Панель инструментов видимая">
                <longdesc>Должна ли панель инструментов быть видимой.</longdesc>
        </local_schema>
        <local_schema locale="id" short_desc="Batang tombol kelihatan">
                <longdesc>Tentukan apakah batang tombol kelihatan atau tidak</longdesc>
        </local_schema>
        <local_schema locale="ko" short_desc="도구 모음을 표시합니다">
                <longdesc>도구 모음을 표시할 지 여부.</longdesc>
        </local_schema>
        <local_schema locale="lt" short_desc="Įrankinė yra matoma">
                <longdesc>Ar įrankinė turi būti matoma.</longdesc>
        </local_schema>
        <local_schema locale="ca" short_desc="La barra d&apos;eines és visible">
                <longdesc>Si s&apos;ha de veure la barra d&apos;eines.</longdesc>
        </local_schema>
        <local_schema locale="sv" short_desc="Verktygsraden är synlig">
                <longdesc>Huruvida verktygsraden ska vara synlig.</longdesc>
        </local_schema>
        <local_schema locale="el" short_desc="Ορατή Εργαλειοθήκη">
                <longdesc>Αν θα είναι ορατή η εργαλειοθήκη.</longdesc>
        </local_schema>
        <local_schema locale="fr" short_desc="Barre d&apos;outil visible">
                <longdesc>Si la barre d&apos;outil doit être visible.</longdesc>
        </local_schema>
        <local_schema locale="ro" short_desc="Bara de unelte este vizibilă">
                <longdesc>Dacă bara de unelte să fie vizibilă.</longdesc>
        </local_schema>
        <local_schema locale="de" short_desc="Werkzeugleiste anzeigen">
                <longdesc>Soll die Werkzeugleiste angezeigt werden?</longdesc>
        </local_schema>
        <local_schema locale="sr@Latn" short_desc="Paleta alata je vidljiva">
                <longdesc>Da li da paleta alata bude vidljiva.</longdesc>
        </local_schema>
        <local_schema locale="pa" short_desc="ਸੰਦਪੱਟੀ ਉਪਲੱਬਧ ਹੈ">
                <longdesc>ਕੀ ਸੰਦ ਪੱਟੀ ਉਪਲੱਬਧ ਹੋਵੇ।</longdesc>
        </local_schema>
        <local_schema locale="gu" short_desc="સાધનપટ્ટી દ્રશ્યમાન છે">
                <longdesc>શું સાધનપટ્ટી દ્રશ્યમાન થશે.</longdesc>
        </local_schema>
        <local_schema locale="sr" short_desc="Палета алата је видљива">
                <longdesc>Да ли да палета алата буде видљива.</longdesc>
        </local_schema>
        <local_schema locale="ja" short_desc="ツールバーを表示する">
                <longdesc>ツールバーを表示するかどうかです。</longdesc>
        </local_schema>
        <local_schema locale="sq" short_desc="Paneli i instrumentëve është i dukshëm">
                <longdesc>Nëse paneli i instrumentëve duhet të jetë i dukshëm.</longdesc>
        </local_schema>
        <local_schema locale="da" short_desc="Værktøjslinjen er synlig">
                <longdesc>Om værktøjslinjen skal være synlig.</longdesc>
        </local_schema>
        <local_schema locale="xh" short_desc="Isithinteli-sixhobo esibonakalayo">
                <longdesc>Ukuba isithineli-sixhobo kufuneka sibonakale.</longdesc>
        </local_schema>
        <local_schema locale="zh_TW" short_desc="工具列可以看到">
                <longdesc>是否可以看到工具列。</longdesc>
        </local_schema>
        <local_schema locale="fi" short_desc="Työkalupalkki on näkyvissä">
                <longdesc>Näytetäänkö työkalupalkki.</longdesc>
        </local_schema>
        <local_schema locale="hu" short_desc="Az eszköztár látható">
                <longdesc>Az eszköztár látható legyen-e.</longdesc>
        </local_schema>
        <local_schema locale="tr" short_desc="Araç çubuğu görünür">
                <longdesc>Araç çubuğunun görünür olması.</longdesc>
        </local_schema>
        <local_schema locale="en_GB" short_desc="Toolbar is visible">
                <longdesc>Whether the toolbar should be visible.</longdesc>
        </local_schema>
        <local_schema locale="sk" short_desc="Lišta nástrojov je viditeľná">
                <longdesc>Či má byť viditeľná lišta nástrojov.</longdesc>
        </local_schema>
        <local_schema locale="cy" short_desc="Bar offer yn weladwy">
                <longdesc>A ddylai&apos;r bar offer fod yn weladwy.</longdesc>
        </local_schema>
        <local_schema locale="gl" short_desc="A barra de ferramentas é visible">
                <longdesc>Indica se a barra de ferramentas debería ser visible.</longdesc>
        </local_schema>
        <local_schema locale="no" short_desc="Verktøylinjen er synlig">
                <longdesc>Om verktøylinjen skal være synlig.</longdesc>
        </local_schema>
        <local_schema locale="nn" short_desc="Verktøylinja er synleg">
                <longdesc>Om verktøylinja skal vera synleg.</longdesc>
        </local_schema>
        <local_schema locale="it" short_desc="Barra degli strumenti visibile">
                <longdesc>Indica se la barra degli strumenti deve essere visibile.</longdesc>
        </local_schema>
        <local_schema locale="bn" short_desc="টুলবার প্রদর্শিত হচ্ছে">
                <longdesc>টুলবার প্রদর্শিত হবে কি না।</longdesc>
        </local_schema>
        <local_schema locale="fa" short_desc="نوار ابزار مرئی است">
                <longdesc>این که نوار ابزار مرئی باشد یا نه.</longdesc>
        </local_schema>
        <local_schema locale="nl" short_desc="Werkbalk is zichtbaar">
                <longdesc>Of de werkbalk zichtbaar is.</longdesc>
        </local_schema>
        <local_schema locale="cs" short_desc="Lišta nástrojů je viditelná">
                <longdesc>Jestli má být lišta nástrojů viditelná.</longdesc>
        </local_schema>
        </entry>
        <entry name="buttons_style" mtime="1136302922" type="schema" stype="string" owner="evolution">
        <local_schema locale="pt" short_desc="Estilo dos botões da janela">
                <longdesc>O estilo dos botões da janela. Pode ser &quot;text&quot;, &quot;icons&quot;, &quot;both&quot;, &quot;toolbar&quot;. Se estiver definido &quot;toolbar&quot;, o estilo dos botões é determinado pela definição da barra de ferramentas GNOME.</longdesc>
        </local_schema>
        <local_schema locale="uk" short_desc="Стиль кнопок вікон">
                <longdesc>Стиль кнопок вікон. Можливі варіанти: &quot;text&quot;, &quot;icons&quot;, &quot;both&quot;, &quot;toolbar&quot;. Якщо встановлено значення toolbar, стиль кнопок відповідає системним параметрам середовища GNOME.</longdesc>
        </local_schema>
        <local_schema locale="en_CA" short_desc="Window button style">
                <longdesc>The style of the window buttons. Can be &quot;text&quot;, &quot;icons&quot;, &quot;both&quot;, or &quot;toolbar&quot;. If &quot;toolbar&quot; is set, the style of the buttons is determined by the GNOME toolbar setting.</longdesc>
        </local_schema>
        <local_schema locale="ne" short_desc="सञ्झ्याल बटन शैली">
        </local_schema>
        <local_schema locale="bg" short_desc="Стил на бутоните на прозорците">
                <longdesc>Стилът на изобразяване на бутоните. Може да бъде „text“, „icons“, „both“, „toolbar“. Ако зададете „toolbar“, стилът на изобразяване ще зависи от стандартните настройки на GNOME.</longdesc>
        </local_schema>
        <local_schema locale="zh_CN" short_desc="窗口按钮样式">
                <longdesc>窗口按钮的样式。可以是文字、图标、二者、工具栏。如果设置为工具栏，则工具栏的样式由 GNOME 设置决定。</longdesc>
        </local_schema>
        <local_schema locale="be" short_desc="Стыль кнопак акна">
                <longdesc>Стыль кнопак вокнаў. Магчымыя варыянты: &quot;text&quot;, &quot;icons&quot;, &quot;both&quot;, &quot;toolbar&quot;. Калі ўсталяванае значэньне &quot;toolbar&quot;, стыль кнопак адпавядае сыстэмным парамэтрам асяродьдзя GNOME.</longdesc>
        </local_schema>
        <local_schema locale="C" short_desc="Window button style">
                <default type="string">
                        <stringvalue>toolbar</stringvalue>
                </default>
                <longdesc>The style of the window buttons.  Can be &quot;text&quot;, &quot;icons&quot;, &quot;both&quot;, &quot;toolbar&quot;.  If &quot;toolbar&quot; is set, the style of the buttons is determined by the GNOME toolbar setting.</longdesc>
        </local_schema>
        <local_schema locale="nb" short_desc="Knappestil for vindu">
                <longdesc>Stilen på vinduknappene. Kan være «text», «icons», «both» eller «toolbar». Hvis «toolbar» er satt vil stilen på knappene bli bestemt av GNOME «toolbar»-instillingene.</longdesc>
        </local_schema>
        <local_schema locale="pt_BR" short_desc="Estilo dos botões de janela">
                <longdesc>O estilo de botões de janela. Podem ser &quot;texto&quot;, &quot;ícones&quot;, &quot;ambos&quot;, &quot;barra de ferramentas&quot;. Se definido como &quot;barra de ferramentas&quot;, o estilo dos botões é determinado pela configuração da barra de ferramentas do GNOME.</longdesc>
        </local_schema>
        <local_schema locale="et" short_desc="Aknanupu stiil">
        </local_schema>
        <local_schema locale="pl" short_desc="Styl przycisków okna">
        </local_schema>
        <local_schema locale="es" short_desc="Estilo de los botones de ventana">
                <longdesc>El estilo de los botones de la ventana. Puede ser &quot;text&quot;, &quot;icons&quot;, &quot;both&quot;, &quot;toolbar&quot;. Si  se selecciona &quot;toolbar&quot;, el estilo de los botones se determina por la configuración de la barra de herramientas de Gnome.</longdesc>
        </local_schema>
        <local_schema locale="vi" short_desc="Kiểu nút cửa sổ">
                <longdesc>Kiểu dạng mọi cái nút cửa sổ. Có thể là «chữ», «ảnh», «cả hai» hay «thanh công cụ». Nếu lập «thanh công cụ» thì thiết lập thanh công cụ GNOME sẽ quyết định kiểu dạng các cái nút này.</longdesc>
        </local_schema>
        <local_schema locale="ru" short_desc="Стиль кнопок окон">
                <longdesc>Стиль кнопок окон. Возможные варианты: &quot;text&quot;, &quot;icons&quot;, &quot;both&quot;, &quot;toolbar&quot;. Если установлено значение &quot;toolbar&quot;, стиль кнопок соответствует системным параметрам среды GNOME.</longdesc>
        </local_schema>
        <local_schema locale="ko" short_desc="창 단추 모양새">
                <longdesc>창 단추의 모양새. &quot;text&quot;, &quot;icons&quot;, &quot;both&quot;, &quot;toolbar&quot; 사용 가능. &quot;toolbar&quot;일 경우 그놈 도구 모음 설정에 따라서 단추의 모양새가 결정됩니다.</longdesc>
        </local_schema>
        <local_schema locale="lt" short_desc="Lango mygtukų stilius">
                <longdesc>Lango mygtukų stilius. Gali būti „text“, „icons“, „both“, „toolbar“. Jeigu nurodyta „toolbar“, mygtukų stilius nurodomas GNOME įrankinės nustatymuose.</longdesc>
        </local_schema>
        <local_schema locale="ca" short_desc="Estil del botó de la finestra">
                <longdesc>L&apos;estil dels botons de la finestra. Pot ser &quot;text&quot;, &quot;icons&quot;, &quot;both&quot;, o &quot;toolbar&quot;. Si s&apos;habilita &quot;toolbar&quot;, l&apos;estil dels botons es determina mitjançant la configuració de la barra d&apos;eines del GNOME.</longdesc>
        </local_schema>
        <local_schema locale="sv" short_desc="Stil på fönsterknappar">
                <longdesc>Stilen på fönsterknapparna. Kan vara &quot;text&quot;, &quot;icons&quot; (ikoner), &quot;both&quot; (både och), &quot;toolbar&quot; (verktygsrad). Om &quot;toolbar&quot; är angivet kommer stilen på knapparna att avgöras utifrån verktygsradsinställningen i GNOME.</longdesc>
        </local_schema>
        <local_schema locale="el" short_desc="Στυλ κουμπιών παραθύρου">
                <longdesc>Το στυλ των κουμπιών παραθύρου. Μπορεί να είναι &quot;κείμενο&quot;, &quot;εικονίδια&quot;, &quot;και τα δύο&quot;, &quot;εργαλειοθήκη&quot;. Αν ορισθεί &quot;εργαλειοθήκη&quot;. το στυλ των κουμπιών καθορίζεται από τη ρύθμιση της εργαλειοθήκης του GNOME.</longdesc>
        </local_schema>
        <local_schema locale="fr" short_desc="Style des boutons de la fenêtre">
                <longdesc>Le styles des boutons de la fenêtre. Peut être « text » (texte), « icons » (icônes), « both » (les deux), « toolbar » (barre d&apos;outils). Si « toolbar » est choisi, le style des boutons est fixé par le réglage GNOME de la barre d&apos;outils.</longdesc>
        </local_schema>
        <local_schema locale="ro" short_desc="Stil de butoane pentru ferestre">
                <longdesc>Stilul butoanelor ferestrei. Poate fi „text”, „icons”, „both”, „toolbar”. Dacă este setat  „toolbar”, stilul butoanelor este determinat din setările bării de unelte GNOME.</longdesc>
        </local_schema>
        <local_schema locale="de" short_desc="Fensterknopfstil">
                <longdesc>Der Stil der Fensterknöpfe. Mögliche Einstellungen sind »text«, »icons«, »both« und »toolbar«. Wenn »toolbar« gesetzt wurde, wird der Stil anhand der GNOME-Einstellungen festgelegt.</longdesc>
        </local_schema>
        <local_schema locale="sr@Latn" short_desc="Stil dugmadi prozora">
                <longdesc>Stil dugmadi prozora. Može biti „tekst“, „ikone“, „oboje“, „paleta alata“. Ako je postavljeno „paleta alata“, Gnomovo podešavanje palete alata utvrđuje stil dugmadi.</longdesc>
        </local_schema>
        <local_schema locale="pa" short_desc="ਝਰੋਖਾ ਬਟਨ ਸ਼ੈਲੀ">
                <longdesc>ਝਰੋਖਾ ਬਟਨਾਂ ਦੀ ਸ਼ੈਲੀ ਹੈ। &quot;ਪਾਠ&quot;, &quot;ਆਈਕਾਨ&quot;, &quot;ਦੋਵੇਂ&quot;, &quot;ਸੰਦ-ਪੱਟੀ&quot; ਸੰਭਵ ਹੈ। ਜੇ &quot;ਸੰਦ-ਪੱਟੀ&quot; ਨੂੰ ਚੁਣਿਆ ਗਿਆ ਤਾਂ, ਗਨੋਮ ਸੰਦ-ਪੱਟੀ ਵਿਵਸਥਾ ਰਾਹੀਂ ਹੀ ਬਟਨਾਂ ਦੀ ਸ਼ੈਲੀ ਨਿਰਧਾਰਿਤ ਕੀਤੀ ਜਾਵੇਗੀ।</longdesc>
        </local_schema>
        <local_schema locale="gu" short_desc="વિન્ડો બટન શૈલી">
                <longdesc>વિન્ડો બટનોની શૈલી. &quot;લખાણ&quot;, &quot;ચિહ્નો&quot;, &quot;બંને&quot;, &quot;સાધનપટ્ટી&quot; હોઈ શકે. જો &quot;સાધનપટ્ટી&quot; સુયોજિત હોય, તો જીનોમ સાધનપટ્ટી સુયોજનો દ્વારા બટનોની શૈલી નક્કી થાય છે.</longdesc>
        </local_schema>
        <local_schema locale="sr" short_desc="Стил дугмади прозора">
                <longdesc>Стил дугмади прозора. Може бити „текст“, „иконе“, „обоје“, „палета алата“. Ако је постављено „палета алата“, Гномово подешавање палете алата утврђује стил дугмади.</longdesc>
        </local_schema>
        <local_schema locale="ja" short_desc="ウィンドウ・ボタンのスタイル">
                <longdesc>ウィンドウ・ボタンのスタイルです。ツールバーがセットされていたら、ツールバーのスタイルは GNOME デスクトップの設定に従います。利用可能な値: &quot;text&quot;、&quot;icons&quot;、&quot;both&quot;、&quot;toolbar&quot;</longdesc>
        </local_schema>
        <local_schema locale="sq" short_desc="Stili i pulsantëve të dritares">
                <longdesc>Stili i pulsantëve të dritares. Vlerat e lejuara janë &quot;text&quot;, &quot;icons&quot;, &quot;both&quot;, &quot;toolbar&quot;. Nëse caktohet &quot;toolbar&quot;, stili i pulsantëve përcaktohet nga rregullimet e shtyllës së intrumentëve GNOME.</longdesc>
        </local_schema>
        <local_schema locale="da" short_desc="Vinduesknap-stil">
                <longdesc>Stilen for vindueknapperne. Kan være &quot;text&quot;, &quot;icons&quot;, &quot;both&quot;, &quot;toolbar&quot;. Hvis &quot;toolbar&quot; er sat, vil knappernes stil blive afgjort af indstillingerne for Gnomes værktøjslinje.</longdesc>
        </local_schema>
        <local_schema locale="zh_TW" short_desc="視窗按鈕風格">
                <longdesc>視窗按鈕的風格。可以是「文字」、「圖示」、「兩者」、「工具列」。如果設為「工具列」，按鈕的風格會依 GNOME 工具列設定值決定。</longdesc>
        </local_schema>
        <local_schema locale="fi" short_desc="Ikkunan painikkeiden tyyli">
                <longdesc>Näytettävien painikkeiden tyyli. Voi olla &quot;text&quot;, &quot;icons&quot;, &quot;both&quot; tai &quot;toolbar&quot;. Jos &quot;toolbar&quot; on valittu, käytetään työkalupalkissa Gnomen asetusta.</longdesc>
        </local_schema>
        <local_schema locale="hu" short_desc="Ablak gombjainak stílusa">
                <longdesc>Az ablak gombjainak stílusa. Lehetséges értékek: &quot;text&quot; (szöveg), &quot;icons&quot; (ikonok), &quot;both&quot;, (mindkettő), &quot;toolbar&quot; (eszköztár). Ha a &quot;toolbar&quot; van beállítva, a gombok stílusa a GNOME hasonló beállításához igazodik.</longdesc>
        </local_schema>
        <local_schema locale="tr" short_desc="Pencere düğmesi biçemi">
                <longdesc>Pencere düğmelerinin biçemi. &quot;text&quot;, &quot;icons&quot;, &quot;both&quot;, &quot;toolbar&quot; olabilir. Eğer &quot;toolbar&quot; ayarlıysa, düğmelerin biçemi GNOME araç çubuğu ayarlarına göre belirlenir.</longdesc>
        </local_schema>
        <local_schema locale="en_GB" short_desc="Window button style">
                <longdesc>The style of the window buttons. Can be &quot;text&quot;, &quot;icons&quot;, &quot;both&quot;, &quot;toolbar&quot;. If &quot;toolbar&quot; is set, the style of the buttons is determined by the GNOME toolbar setting.</longdesc>
        </local_schema>
        <local_schema locale="cy" short_desc="Arddull botwm ffenest">
                <longdesc>Arddull botymau&apos;r ffenestr. Gall fod: &quot;testun&quot;, &quot;eiconau&quot;, &quot;y ddau&quot;, &quot;bar offer&quot;. Os mai &quot;bar offer&quot; sydd wedi ei osod, gosodiadau bar offer GNOME sy&apos;n penderfynu arddull y botymau.</longdesc>
        </local_schema>
        <local_schema locale="gl" short_desc="Estilo dos botóns de fiestra">
                <longdesc>O estilo dos botóns da fiestra. Pode ser &quot;text&quot;, &quot;icons&quot;, &quot;both&quot;, &quot;toolbar&quot;.Se se selecciona &quot;toolbar&quot;, o estilo dos botóns determinarase pola configuración da barra de ferramentas de Gnome.</longdesc>
        </local_schema>
        <local_schema locale="no" short_desc="Knappestil for vindu">
                <longdesc>Stilen på vinduknappene. Kan være «text», «icons», «both» eller «toolbar». Hvis «toolbar» er satt vil stilen på knappene bli bestemt av GNOME «toolbar»-instillingene.</longdesc>
        </local_schema>
        <local_schema locale="nn" short_desc="Vindaugeknappstil">
                <longdesc>Stil på vindaugeknappane. Kan vera «text», «icons»,«both» eller «toolbar». Når «toolbar» er valt vert stilen styrt av GNOME si verktøylinjeinnstilling.</longdesc>
        </local_schema>
        <local_schema locale="it" short_desc="Stile pulsanti finestra">
                <longdesc>Lo stile dei pulsanti finestra. Valori ammessi sono &quot;text&quot;, &quot;icons&quot;, &quot;both&quot;, &quot;toolbar&quot;. Se impostata a &quot;toolbar&quot;, lo stile dei pulsanti è determinato dalle impostazioni di GNOME per le barre strumenti.</longdesc>
        </local_schema>
        <local_schema locale="bn" short_desc="উইন্ডোর বাটনের বিন্যাস">
                <longdesc>উইন্ডোর মধ্যে অবস্থিত বাটনের বিন্যাস। সম্ভাব্য মান &quot;টেক্সট&quot;, &quot;আইকন&quot;, &quot;উভয়&quot;, &quot;টুলবার&quot;। &quot;টুলবার&quot; নির্ধারণ করা হলে GNOME টুলবারের বৈশিষ্ট্য অনুযায়ী বাটনেট বিন্যাস নির্দিষ্ট করা হয়।</longdesc>
        </local_schema>
        <local_schema locale="fa" short_desc="سبک دکمه‌ی پنجره">
        </local_schema>
        <local_schema locale="nl" short_desc="Vensterknoppenstijl">
                <longdesc>De stijl van de vensterknoppen. Kan zijn &quot;text&quot;, &quot;icons&quot;, &quot;both&quot;, of &quot;toolbar&quot;. Indien &quot;toolbar&quot; wordt gebruikt, wordt de stijl bepaald door de instelling van GNOME voor werkbalken.</longdesc>
        </local_schema>
        <local_schema locale="cs" short_desc="Styl tlačítek okna">
                <longdesc>Styl tlačítek okna. Může být &quot;text&quot;, &quot;icons&quot;, &quot;both&quot;, &quot;toolbar&quot;. Je-li nastaveno &quot;toolbar&quot;, styl tlačítek je určen nastavením lišt nástrojů GNOME.</longdesc>
        </local_schema>
        </entry>
        <entry name="buttons_visible" mtime="1136302922" type="schema" stype="bool" owner="evolution">
        <local_schema locale="pt" short_desc="Botões da janela são visíveis">
                <longdesc>Se os botões de janela deverão ser ou não visíveis.</longdesc>
        </local_schema>
        <local_schema locale="uk" short_desc="Кнопки вікон видимі">
                <longdesc>Чи панель кнопки вікон мають бути видимими.</longdesc>
        </local_schema>
        <local_schema locale="en_CA" short_desc="Window buttons are visible">
                <longdesc>Whether the window buttons should be visible.</longdesc>
        </local_schema>
        <local_schema locale="ne" short_desc="सञ्झ्याल बटनहरू देख्न सकिने छन।">
                <longdesc>या सञ्झ्याल बटनहरू देखिने हुनुपर्दछ।</longdesc>
        </local_schema>
        <local_schema locale="bg" short_desc="Бутоните на прозорците са видими">
                <longdesc>Дали бутоните на прозорците да са видими.</longdesc>
        </local_schema>
        <local_schema locale="zh_CN" short_desc="窗口按钮可见">
                <longdesc>窗口按钮是否可见。</longdesc>
        </local_schema>
        <local_schema locale="be" short_desc="Кнопкі акна бачныя">
                <longdesc>Ці мусяць быць бачныя кнопкі вокнаў.</longdesc>
        </local_schema>
        <local_schema locale="C" short_desc="Window buttons are visible">
                <default type="bool" value="true">
                </default>
                <longdesc>Whether the window buttons should be visible.</longdesc>
        </local_schema>
        <local_schema locale="nb" short_desc="Vindusknapper er synlige">
                <longdesc>Om vinduknappene skal være synlige.</longdesc>
        </local_schema>
        <local_schema locale="pt_BR" short_desc="Botões de janela são visíveis">
                <longdesc>Se os botões de janela devem estar visíveis.</longdesc>
        </local_schema>
        <local_schema locale="et" short_desc="Aknanupud on nähtavad">
                <longdesc>Millal aknanupud peaksid nähtavad olema.</longdesc>
        </local_schema>
        <local_schema locale="pl" short_desc="Przyciski okna są widoczne">
                <longdesc>Określa, czy przyciski okna są widoczne.</longdesc>
        </local_schema>
        <local_schema locale="es" short_desc="Los botones de la ventana son visibles">
                <longdesc>Indica si la los botones de la ventana deberían ser visibles.</longdesc>
        </local_schema>
        <local_schema locale="vi" short_desc="Hiển thị nút cửa sổ">
                <longdesc>Có nên hiển thị mọi cái nút trên cửa sổ hay không.</longdesc>
        </local_schema>
        <local_schema locale="ru" short_desc="Кнопки окон видимы">
                <longdesc>Должны ли быть видимыми кнопки окон.</longdesc>
        </local_schema>
        <local_schema locale="ko" short_desc="창 단추 표시할 지 여부">
                <longdesc>창 단추를 표시해야 하는 지 여부.</longdesc>
        </local_schema>
        <local_schema locale="lt" short_desc="Lango mygtukai yra matomi">
                <longdesc>Ar lango mygtukai turi būti matomi.</longdesc>
        </local_schema>
        <local_schema locale="ca" short_desc="Els botons de la finestra són visibles">
                <longdesc>Si s&apos;ha de veure els botons de la finestra.</longdesc>
        </local_schema>
        <local_schema locale="sv" short_desc="Fönsterknapparna är synliga">
                <longdesc>Huruvida fönsterknapparna ska vara synliga.</longdesc>
        </local_schema>
        <local_schema locale="el" short_desc="Τα κουμπιά παραθύρου είναι ορατά">
                <longdesc>Αν θα είναι ορατά τα κουμπιά παραθύρου.</longdesc>
        </local_schema>
        <local_schema locale="fr" short_desc="Les boutons de la fenêtre sont visibles">
                <longdesc>Indique si la barre d&apos;outil doit être visible.</longdesc>
        </local_schema>
        <local_schema locale="ro" short_desc="Butoanele ferestrei sunt vizibile">
                <longdesc>Dacă butoanele ferestrei să fie vizibile.</longdesc>
        </local_schema>
        <local_schema locale="de" short_desc="Fensterknöpfe sind sichtbar">
                <longdesc>Sollen die Fensterknöpfe angezeigt werden?</longdesc>
        </local_schema>
        <local_schema locale="sr@Latn" short_desc="Dugmad prozora su vidljiva">
                <longdesc>Da li da dugmad prozora budu vidljiva.</longdesc>
        </local_schema>
        <local_schema locale="pa" short_desc="ਝਰੋਖਾ ਬਟਨ ਦਿੱਖ ਹਨ।">
                <longdesc>ਕੀ ਝਰੋਖਾ ਬਟਨ ਵੇਖਾਈ ਦੇਣ।</longdesc>
        </local_schema>
        <local_schema locale="gu" short_desc="વિન્ડો બટનો દ્રશ્યમાન છે">
                <longdesc>શું વિન્ડો બટનો દેખાવા જોઈએ.</longdesc>
        </local_schema>
        <local_schema locale="sr" short_desc="Дугмад прозора су видљива">
                <longdesc>Да ли да дугмад прозора буду видљива.</longdesc>
        </local_schema>
        <local_schema locale="ja" short_desc="ウィンドウ・ボタンを表示する">
                <longdesc>ウィンドウ・ボタンを表示するかどうかです。</longdesc>
        </local_schema>
        <local_schema locale="sq" short_desc="Pulsantët e dritares janë të dukshëm">
                <longdesc>Nëse pulsantët e dritares duhet të jenë të dukshëm.</longdesc>
        </local_schema>
        <local_schema locale="da" short_desc="Vinduesknapper er synlige">
                <longdesc>Om vinduesknapperne skal være synlige.</longdesc>
        </local_schema>
        <local_schema locale="zh_TW" short_desc="視窗按鈕是可視的">
                <longdesc>是否可以看到視窗按鈕。</longdesc>
        </local_schema>
        <local_schema locale="fi" short_desc="Ikkunan napit näytetään">
                <longdesc>Näytetäänkö ikkunan napit.</longdesc>
        </local_schema>
        <local_schema locale="hu" short_desc="Az ablak gombjai láthatóak">
                <longdesc>Az eszköztárgombok láthatóak legyenek-e?</longdesc>
        </local_schema>
        <local_schema locale="tr" short_desc="Pencere düğmeleri görünür">
                <longdesc>Pencere düğmelerinin görünür olması.</longdesc>
        </local_schema>
        <local_schema locale="en_GB" short_desc="Window buttons are visible">
                <longdesc>Whether the window buttons should be visible.</longdesc>
        </local_schema>
        <local_schema locale="sk" short_desc="Tlačidlá okna sú viditeľné">
                <longdesc>Či majú byť viditeľné tlačidlá okna.</longdesc>
        </local_schema>
        <local_schema locale="cy" short_desc="Botymau ffenestri yn weladwy">
                <longdesc>A ddylai botymau ffenestri fod yn weladwy.</longdesc>
        </local_schema>
        <local_schema locale="gl" short_desc="Os botóns da fiestra son visibles">
                <longdesc>Indica se os botóns da fiestra deberían ser visibles.</longdesc>
        </local_schema>
        <local_schema locale="no" short_desc="Vindusknapper er synlige">
                <longdesc>Om vinduknappene skal være synlige.</longdesc>
        </local_schema>
        <local_schema locale="nn" short_desc="Vindaugeknappane er synlege">
                <longdesc>Om vindaugeknappane skal vere synlege.</longdesc>
        </local_schema>
        <local_schema locale="it" short_desc="Pulsanti finestra sono visibili">
                <longdesc>Indica se i pulsanti finestra devono essere visibili.</longdesc>
        </local_schema>
        <local_schema locale="bn" short_desc="উইন্ডোর বাটন প্রদর্শন করা হবে">
                <longdesc>উইন্ডোর বাটন প্রদর্শন করা হবে কি না।</longdesc>
        </local_schema>
        <local_schema locale="fa" short_desc="دکمه‌های پنجره مرئی‌اند">
                <longdesc>این که دکمه‌های پنجره مرئی باشد یا نه.</longdesc>
        </local_schema>
        <local_schema locale="nl" short_desc="Vensterknoppen zijn zichtbaar">
                <longdesc>Of de vensterknoppen zichtbaar zijn.</longdesc>
        </local_schema>
        <local_schema locale="cs" short_desc="Tlačítka okna jsou viditelná">
                <longdesc>Jestli mají být tlačítka okna viditelná.</longdesc>
        </local_schema>
        </entry>
        <entry name="height" mtime="1136302922" type="schema" stype="int" owner="evolution">
        <local_schema locale="pt" short_desc="Altura por omissão da janela">
                <longdesc>A altura por omissão da janela principal, em pixels.</longdesc>
        </local_schema>
        <local_schema locale="uk" short_desc="Типова висота вікна">
                <longdesc>Типова висота головного вікна, у точках.</longdesc>
        </local_schema>
        <local_schema locale="ga" short_desc="Airde Fuinneog Loicthe">
        </local_schema>
        <local_schema locale="en_CA" short_desc="Default window height">
                <longdesc>The default height for the main window, in pixels.</longdesc>
        </local_schema>
        <local_schema locale="ne" short_desc="पूर्वनिर्धारित सञ्झ्याल उचाई">
                <longdesc>पिक्सेलहरूमा मुख्य सञ्झ्यालको लागि पूर्वनिरधारित उचाई।</longdesc>
        </local_schema>
        <local_schema locale="bg" short_desc="Стандартна височина на прозореца">
                <longdesc>Стандартната височина на основния прозорец, в пиксели.</longdesc>
        </local_schema>
        <local_schema locale="zh_CN" short_desc="默认窗口高度">
                <longdesc>主窗口的默认高度，以像素计。</longdesc>
        </local_schema>
        <local_schema locale="be" short_desc="Прадвызначаная вышыня акна">
                <longdesc>Прадвызначаная вышыня акна, у піксэлях.</longdesc>
        </local_schema>
        <local_schema locale="C" short_desc="Default window height">
                <default type="int" value="480">
                </default>
                <longdesc>The default height for the main window, in pixels.</longdesc>
        </local_schema>
        <local_schema locale="nb" short_desc="Forvalgt vinduhøyde">
                <longdesc>Forvalgt høyde på hovedvinduet i piksler.</longdesc>
        </local_schema>
        <local_schema locale="pt_BR" short_desc="Altura padrão da janela">
                <longdesc>A altura padrão para a janela principal, em pixels.</longdesc>
        </local_schema>
        <local_schema locale="pl" short_desc="Domyślna wysokość okna">
                <longdesc>Domyślna wysokość głównego okna, w pikselach.</longdesc>
        </local_schema>
        <local_schema locale="et" short_desc="Vaikimisi akna kõrgus">
                <longdesc>Peaakna vaikimisi kõrgus pikslites.</longdesc>
        </local_schema>
        <local_schema locale="es" short_desc="Altura predeterminada de la ventana">
                <longdesc>Altura predeterminada de la ventana principal, en píxeles.</longdesc>
        </local_schema>
        <local_schema locale="vi" short_desc="Độ cao cửa sổ mặc định">
                <longdesc>Độ cao mặc định cửa của sổ chính, theo điểm ảnh.</longdesc>
        </local_schema>
        <local_schema locale="ru" short_desc="Высота окна по умолчанию">
                <longdesc>Высота основного окна по умолчанию, в пикселах.</longdesc>
        </local_schema>
        <local_schema locale="id" short_desc="Tinggi jendela awal">
        </local_schema>
        <local_schema locale="ko" short_desc="기본 창 높이">
                <longdesc>메인 창의 기본 높이, 픽셀 단위.</longdesc>
        </local_schema>
        <local_schema locale="lt" short_desc="Numatytasis lango aukštis">
                <longdesc>Numatytasis pagrindinio lango aukštis, taškais.</longdesc>
        </local_schema>
        <local_schema locale="az" short_desc="Ön qurğulu pəncərə hündürlüyü">
        </local_schema>
        <local_schema locale="ca" short_desc="Alçada predeterminada de la finestra">
                <longdesc>Alçada predeterminada de la finestra principal, en píxels.</longdesc>
        </local_schema>
        <local_schema locale="sv" short_desc="Standardfönsterhöjd">
                <longdesc>Standardhöjd för huvudfönstret, i bildpunkter.</longdesc>
        </local_schema>
        <local_schema locale="el" short_desc="Προκαθορισμένο ύψος παραθύρου">
                <longdesc>Το προεπιλεγμένο ύψος του κυρίως παραθύρου, σε εικονοστοιχεία.</longdesc>
        </local_schema>
        <local_schema locale="fr" short_desc="Hauteur par défaut de la fenêtre">
                <longdesc>Hauteur par défaut de la fenêtre principale, en pixels.</longdesc>
        </local_schema>
        <local_schema locale="ro" short_desc="Înălţime implicită fereastră">
                <longdesc>Înălţimea implicită a ferestrei principale, în pixeli.</longdesc>
        </local_schema>
        <local_schema locale="de" short_desc="Voreingestellte Fensterhöhe">
                <longdesc>Die Vorgabehöhe des Hauptfensters in Pixel.</longdesc>
        </local_schema>
        <local_schema locale="sr@Latn" short_desc="Podrazumevana visina prozora">
                <longdesc>Podrazumevana visina prozora za poruku, u pikselima.</longdesc>
        </local_schema>
        <local_schema locale="pa" short_desc="ਮੂਲ ਝਰੋਖਾ ਉਚਾਈ">
                <longdesc>ਸੁਨੇਹਾ ਝਰੋਖਾ ਦੀ ਮੂਲ ਉਚਾਈ, ਪਿਕਸਲ ਵਿੱਚ ਹੈ।</longdesc>
        </local_schema>
        <local_schema locale="gu" short_desc="મૂળભુત વિન્ડો ઊંચાઈ">
                <longdesc>મુખ્ય વિન્ડો માટે મૂળભુત ઊંચાઈ, પિક્સેલોમાં.</longdesc>
        </local_schema>
        <local_schema locale="sr" short_desc="Подразумевана висина прозора">
                <longdesc>Подразумевана висина прозора за поруку, у пикселима.</longdesc>
        </local_schema>
        <local_schema locale="ja" short_desc="ウィンドウの高さ (デフォルト)">
                <longdesc>メイン・ウィンドウのデフォルトの高さです (ピクセル単位)。</longdesc>
        </local_schema>
        <local_schema locale="ms" short_desc="Tinggi tetingkap default">
        </local_schema>
        <local_schema locale="sq" short_desc="Lartësia e prezgjedhur e dritares">
                <longdesc>Lartësia e prezgjedhur e dritares qendrore, në pixel.</longdesc>
        </local_schema>
        <local_schema locale="da" short_desc="Standardvindueshøjde">
                <longdesc>Standardhøjden for hovedvinduet, i billedpunkter.</longdesc>
        </local_schema>
        <local_schema locale="xh" short_desc="Misela ubude befestile">
        </local_schema>
        <local_schema locale="ar" short_desc="إرتفاع النّافذة الإفتراضي">
        </local_schema>
        <local_schema locale="zh_TW" short_desc="預設視窗高度">
                <longdesc>主視窗的預設高度，以像素計。</longdesc>
        </local_schema>
        <local_schema locale="fi" short_desc="Ikkunan oletuskorkeus">
                <longdesc>Pääikkunan oletuskorkeus pikseleinä.</longdesc>
        </local_schema>
        <local_schema locale="hu" short_desc="Alapértelmezett ablakmagasság">
                <longdesc>A főablak alapértelmezett magassága, képpontokban.</longdesc>
        </local_schema>
        <local_schema locale="tr" short_desc="Öntanımlı pencere yüksekliği">
                <longdesc>Ana pencerenin öntanımlı yüksekliği, piksel olarak.</longdesc>
        </local_schema>
        <local_schema locale="en_GB" short_desc="Default window height">
                <longdesc>The default height for the main window, in pixels.</longdesc>
        </local_schema>
        <local_schema locale="sk" short_desc="Štandardná výška okna">
                <longdesc>Predvolená výčka hlavného okna v bodoch.</longdesc>
        </local_schema>
        <local_schema locale="cy" short_desc="Uchder rhagosodedig ffenest">
                <longdesc>Uchder rhagosodedig y brif ffenestr, mewn picseli</longdesc>
        </local_schema>
        <local_schema locale="gl" short_desc="Altura predeterminada da fiestra">
                <longdesc>Altura predeterminada da fiestra principal, en píxeles.</longdesc>
        </local_schema>
        <local_schema locale="hr" short_desc="Uobičajena širina prozora">
        </local_schema>
        <local_schema locale="no" short_desc="Forvalgt vinduhøyde">
                <longdesc>Forvalgt høyde på hovedvinduet i piksler.</longdesc>
        </local_schema>
        <local_schema locale="nn" short_desc="Standard høgde på vindauget">
                <longdesc>Standardhøgde på hovudvindauget, i biletepunkt.</longdesc>
        </local_schema>
        <local_schema locale="it" short_desc="Altezza predefinita finestra">
                <longdesc>L&apos;altezza predefinita della finestra principale, in pixel.</longdesc>
        </local_schema>
        <local_schema locale="bn" short_desc="উইন্ডোর ডিফল্ট উচ্চতা">
                <longdesc>মূল উইন্ডোর ডিফল্ট উচ্চতা, পিক্সেলে ব্যক্ত।</longdesc>
        </local_schema>
        <local_schema locale="fa" short_desc="ارتفاع پیش‌فرض پنجره">
                <longdesc>ارتفاع پیش‌فرض پنجره‌ی اصلی، به نقطه.</longdesc>
        </local_schema>
        <local_schema locale="nl" short_desc="Standaard vensterhoogte">
                <longdesc>De standaardhoogte van het hoofdvenster in pixels.</longdesc>
        </local_schema>
        <local_schema locale="cs" short_desc="Implicitní výška okna">
                <longdesc>Implicitní výška hlavního okna v pixelech.</longdesc>
        </local_schema>
        <local_schema locale="th" short_desc="ความสูงหน้าต่างโดยปริยาย">
        </local_schema>
        </entry>
        <entry name="width" mtime="1136302892" type="schema" stype="int" owner="evolution">
        <local_schema locale="pt" short_desc="Largura por omissão da janela">
                <longdesc>A largura por omissão da janela principal, em pixels.</longdesc>
        </local_schema>
        <local_schema locale="uk" short_desc="Типова ширина вікна">
                <longdesc>Типова ширина головного вікна, у точках.</longdesc>
        </local_schema>
        <local_schema locale="ga" short_desc="Leitheid Fuinneog Loicthe">
        </local_schema>
        <local_schema locale="en_CA" short_desc="Default window width">
                <longdesc>The default width for the main window, in pixels.</longdesc>
        </local_schema>
        <local_schema locale="ne" short_desc="पूर्वनिर्धारित सञ्झ्याल चौडाई">
                <longdesc>पिक्सेलहरूमा मुख्य सञ्झ्यालको लागि पूर्वनिरधारित चौडाई।</longdesc>
        </local_schema>
        <local_schema locale="bg" short_desc="Стандартна ширина на прозореца">
                <longdesc>Стандартната ширина на основния прозорец, в пиксели.</longdesc>
        </local_schema>
        <local_schema locale="zh_CN" short_desc="默认窗口宽度">
                <longdesc>主窗口的默认宽度，以像素计。</longdesc>
        </local_schema>
        <local_schema locale="be" short_desc="Прадвызначаная шырыня акна">
                <longdesc>Прадвызначаная шырыня асноўнага акна, у піксэлях.</longdesc>
        </local_schema>
        <local_schema locale="C" short_desc="Default window width">
                <default type="int" value="640">
                </default>
                <longdesc>The default width for the main window, in pixels.</longdesc>
        </local_schema>
        <local_schema locale="nb" short_desc="Forvalgt vindubredde">
                <longdesc>Forvalgt bredde på hovedvinduet i piksler.</longdesc>
        </local_schema>
        <local_schema locale="pt_BR" short_desc="Largura padrão da janela">
                <longdesc>A largura padrão para a janela principal, em pixels.</longdesc>
        </local_schema>
        <local_schema locale="pl" short_desc="Domyślna szerokość okna">
                <longdesc>Domyślna szerokość głównego okna, w pikselach.</longdesc>
        </local_schema>
        <local_schema locale="et" short_desc="Vaikimisi akna laius.">
                <longdesc>Peaakna vaikimisi laius pikslites.</longdesc>
        </local_schema>
        <local_schema locale="es" short_desc="Anchura predeterminada de la ventana">
                <longdesc>La anchura predeterminada de la ventana principal, en píxeles.</longdesc>
        </local_schema>
        <local_schema locale="vi" short_desc="Độ rộng cửa sổ mặc định">
                <longdesc>Độ rộng mặc định cửa của sổ chính, theo điểm ảnh.</longdesc>
        </local_schema>
        <local_schema locale="ru" short_desc="Ширина окна по умолчанию">
                <longdesc>Ширина основного окна по умолчанию, в пикселах.</longdesc>
        </local_schema>
        <local_schema locale="id" short_desc="Lebar jendela awal">
        </local_schema>
        <local_schema locale="ko" short_desc="기본 창 너비">
                <longdesc>메인 창의 기본 너비, 픽셀 단위.</longdesc>
        </local_schema>
        <local_schema locale="lt" short_desc="Numatytasis lango plotis">
                <longdesc>Numatytasis pagrindinio lango plotis, taškais.</longdesc>
        </local_schema>
        <local_schema locale="az" short_desc="Ön qurğulu pəncərə eni">
        </local_schema>
        <local_schema locale="ca" short_desc="Amplada predeterminada de la finestra">
                <longdesc>Amplada predeterminada de la finestra principal, en píxels.</longdesc>
        </local_schema>
        <local_schema locale="sv" short_desc="Standardfönsterbredd">
                <longdesc>Standardbredd för huvudfönstret, i bildpunkter.</longdesc>
        </local_schema>
        <local_schema locale="el" short_desc="Προκαθορισμένο πλάτος παραθύρου">
                <longdesc>Το προκαθορισμένο πλάτος του κυρίως παραθύρου, σε εικονοστοιχεία.</longdesc>
        </local_schema>
        <local_schema locale="fr" short_desc="Largeur par défaut de la fenêtre">
                <longdesc>Largeur par défaut de la fenêtre principale, en pixels.</longdesc>
        </local_schema>
        <local_schema locale="ro" short_desc="Lăţime implicită fereastră">
                <longdesc>Lăţimea implicită a ferestrei principale, în pixeli.</longdesc>
        </local_schema>
        <local_schema locale="de" short_desc="Voreingestellte Fensterbreite">
                <longdesc>Die Vorgabebreite des Hauptfensters in Pixel.</longdesc>
        </local_schema>
        <local_schema locale="sr@Latn" short_desc="Podrazumevana širina prozora">
                <longdesc>Podrazumevana širina glavnog prozora, u pikselima.</longdesc>
        </local_schema>
        <local_schema locale="pa" short_desc="ਮੂਲ ਝਰੋਖਾ ਚੌੜਾਈ">
                <longdesc>ਸੁਨੇਹਾ ਝਰੋਖੇ ਦੀ ਮੂਲ ਚੌੜਾਈ, ਪਿਕਸਲ ਵਿੱਚ ਹੈ।</longdesc>
        </local_schema>
        <local_schema locale="gu" short_desc="મૂળભુત વિન્ડો પહોળાઈ">
                <longdesc>મુખ્ય વિન્ડો માટે મૂળભુત પહોળાઈ, પિક્સેલોમાં.</longdesc>
        </local_schema>
        <local_schema locale="sr" short_desc="Подразумевана ширина прозора">
                <longdesc>Подразумевана ширина главног прозора, у пикселима.</longdesc>
        </local_schema>
        <local_schema locale="ja" short_desc="ウィンドウの幅 (デフォルト)">
                <longdesc>メイン・ウィンドウのデフォルトの幅です (ピクセル単位)。</longdesc>
        </local_schema>
        <local_schema locale="ms" short_desc="Lebar tetingkap default">
        </local_schema>
        <local_schema locale="sq" short_desc="Gjerësia e prezgjedhur e dritares">
                <longdesc>Gjerësia e prezgjedhur e dritares qendrore, në pixel.</longdesc>
        </local_schema>
        <local_schema locale="da" short_desc="Standardvinduesbredde">
                <longdesc>Standardbredden for hovedvinduet, i billedpunkter.</longdesc>
        </local_schema>
        <local_schema locale="xh" short_desc="Misela ububanzi befestile">
        </local_schema>
        <local_schema locale="ar" short_desc="عرض النّافذة الإفتراضي">
        </local_schema>
        <local_schema locale="zh_TW" short_desc="預設視窗寬度">
                <longdesc>主視窗的預設寬度，以像素計。</longdesc>
        </local_schema>
        <local_schema locale="fi" short_desc="Ikkunan oletusleveys">
                <longdesc>Pääikkunan oletusleveys pikseleinä.</longdesc>
        </local_schema>
        <local_schema locale="hu" short_desc="Alapértelmezett ablakszélesség">
                <longdesc>A főablak alapértelmezett szélessége, képpontokban.</longdesc>
        </local_schema>
        <local_schema locale="tr" short_desc="Öntanımlı pencere genişliği">
                <longdesc>Ana pencerenin öntanımlı genişliği, piksel olarak.</longdesc>
        </local_schema>
        <local_schema locale="en_GB" short_desc="Default window width">
                <longdesc>The default width for the main window, in pixels.</longdesc>
        </local_schema>
        <local_schema locale="sk" short_desc="Štandardná šírka okna">
                <longdesc>Predvolená šírka hlavného okna v bodoch.</longdesc>
        </local_schema>
        <local_schema locale="cy" short_desc="Lled rhagosodedig ffenest">
                <longdesc>Lled rhagosodedig y brif ffenestr, mewn picseli</longdesc>
        </local_schema>
        <local_schema locale="gl" short_desc="Anchura predeterminada da fiestra">
                <longdesc>A anchura predeterminada da fiestra principal, en píxeles.</longdesc>
        </local_schema>
        <local_schema locale="hr" short_desc="Uobičajena visina prozora">
        </local_schema>
        <local_schema locale="no" short_desc="Forvalgt vindubredde">
                <longdesc>Forvalgt bredde på hovedvinduet i piksler.</longdesc>
        </local_schema>
        <local_schema locale="nn" short_desc="Standard breidde på vindauget">
                <longdesc>Standardbreidde på hovudvindauget, i bildepunkt.</longdesc>
        </local_schema>
        <local_schema locale="it" short_desc="Larghezza predefinita finestra">
                <longdesc>La larghezza predefinita della finestra principale, in pixel.</longdesc>
        </local_schema>
        <local_schema locale="bn" short_desc="উইন্ডোর ডিফল্ট প্রস্থ">
                <longdesc>মূল উইন্ডোর ডিফল্ট প্রস্থ, পিক্সেলে ব্যক্ত।</longdesc>
        </local_schema>
        <local_schema locale="fa" short_desc="عرض پیش‌فرض پنجره">
                <longdesc>عرض پیش‌فرض پنجره‌ی اصلی، به نقطه.</longdesc>
        </local_schema>
        <local_schema locale="nl" short_desc="Standaard vensterbreedte">
                <longdesc>De standaardbreedte van het hoofdvenster in pixels.</longdesc>
        </local_schema>
        <local_schema locale="cs" short_desc="Implicitní šířka okna">
                <longdesc>Implicitní šířka hlavního okna v pixelech.</longdesc>
        </local_schema>
        <local_schema locale="th" short_desc="ความกว้างของหน้าต่างโดยปริยาย">
        </local_schema>
        </entry>
</gconf>
