<?xml version="1.0"?>
<filterdescription>
<partset>
 	<part name="summary">
            <_title>Summary</_title>
            <input type="optionlist" name="summary-type">
                <option value="contains">
                    <_title>contains</_title>
                    <code>(contains? "summary" ${summary})</code>
                </option>
                <option value="not contains">
                    <_title>does not contain</_title>
                    <code>(not (contains? "summary" ${summary}))</code>
                </option>
            </input>
            <input type="string" name="summary"/>
        </part>
	
	<part name="description">
            <_title>Description</_title>
            <input type="optionlist" name="description-type">
                <option value="contains">
                    <_title>contains</_title>
                    <code>(contains? "description" ${description})</code>
                </option>
                <option value="not contains">
                    <_title>does not contain</_title>
                    <code>(not (contains? "description" ${description}))</code>
                </option>
            </input>
            <input type="string" name="description"/>
        </part>

	<part name="anyfield">
            <_title>Any Field</_title>
            <input type="optionlist" name="anyfield-type">
                <option value="contains">
                    <_title>contains</_title>
                    <code>(contains? "any" ${anyfield})</code>
                </option>
                <option value="not contains">
                    <_title>does not contain</_title>
                    <code>(not (contains? "any" ${anyfield}))</code>
                </option>
            </input>
            <input type="string" name="anyfield"/>
        </part>

	<part name="name2">
   	  <_title>Organizer</_title>
  	    <input type="optionlist" name="name-type">
  	     <option value="contains">
  	         <_title>contains</_title>
 	          <code>(contains? "organizer" ${name})</code>
 	     </option>
	      <option value="not contains">
 	        <_title>does not contain</_title>
	          <code>(not (contains? "organizer" ${name}))</code>
 	     </option>
    	 </input>
  	   <input type="string" name="name"/>
  	 </part>

<part name="name2">
     <_title>Classification</_title>
      <input type="optionlist" name="name-type">
       <option value="is">
           <_title>is</_title>
           <code>(contains? "classification" ${classification})</code>
      </option>
      <option value="is not">
           <_title>is not</_title>
           <code>(not(contains? "classification" ${classification}))</code>
      </option>
     </input>
     <input type="optionlist" name="classification">
      <option value="Public">
          <_title>Public</_title>
      </option>
      <option value="Private">
          <_title>Private</_title>
      </option>
      <option value="Confidential">
          <_title>Confidential</_title>
      </option>
     </input>	 
   </part>
 
 <part name="category">
  <_title>Category</_title>
   <input type="optionlist" name="category-type">
    <option value="is">
        <_title>is</_title>
	<code>(has-categories? ${category})</code>
    </option>
    <option value="is not">
       <_title>is not</_title>
      <code>(not(has-categories? ${category}))</code>
     </option>
    </input>
   <input type="optionlist" name="category">
    <option value="Anniversary">
        <_title>Anniversary</_title>
    </option>
    <option value="Holiday">
        <_title>Holiday</_title>
    </option>
    <option value="Ideas">
        <_title>Ideas</_title>
    </option>
    <option value="Status">
        <_title>Status</_title>
    </option>
    <option value="Holiday Cards">
        <_title>Holiday Cards</_title>
    </option>
    <option value="Hot Contacts">
        <_title>Hot Contacts</_title>
    </option>
    <option value="International">
        <_title>International</_title>
    </option>
    <option value="Next 7 days">
        <_title>Next 7 Days</_title>
    </option>
    <option value="Birthday">
        <_title>Birthday</_title>
    </option>
    <option value="VIP">
        <_title>VIP</_title>
    </option>
    <option value="Gifts">
        <_title>Gifts</_title>
    </option>
    <option value="Waiting">
        <_title>Waiting</_title>
    </option>
    <option value="Key Customer">
        <_title>Key Customer</_title>
    </option>
    <option value="Time &amp; Expenses">
        <_title>Time &amp; Expenses</_title>
    </option>
    <option value="Miscellaneous">
        <_title>Miscellaneous</_title>
    </option>
    <option value="Business">
        <_title>Business</_title>
    </option>
    <option value="Personal">
        <_title>Personal</_title>
    </option>
    <option value="Suppliers">
        <_title>Suppliers</_title>
    </option>
    <option value="Goals/Objectives">
        <_title>Goals/Objectives</_title>
    </option>
    <option value="Strategies">
        <_title>Strategies</_title>
    </option>
    <option value="Competition">
        <_title>Competition</_title>
    </option>
    <option value="Favourites">
        <_title>Favourites</_title>
    </option>
    <option value="Phone Calls">
        <_title>Phone Calls</_title>
    </option>
   </input>
 </part>

<part name="attachments">
  <_title>Attachments</_title>
  <input type="optionlist" name="match-type">
   <option value="exist">
    <_title>Exist</_title>
    <code>
	(has-attachments?)
     
    </code>
   </option>
   <option value="not exist">
    <_title>Do Not Exist</_title>
    <code>
     (not(has-attachments?))
    </code>
   </option>
  </input>
 </part>

 
</partset>

<ruleset>

    <rule grouping="any" source="demand">
      <_title>Summary Contains</_title>
	<partset>
        	<part name="summary">
	          <value name="summary-type" type="option" value="contains"/>
        	  <value name="summary" type="string"/>
        	</part>        
         </partset>
      <sources/>
    </rule>
    
    <rule grouping="any" source="demand">
      <_title>Description Contains</_title>
	<partset>
	        <part name="description">
        	  <value name="description-type" type="option" value="contains"/>
	          <value name="description" type="string"/>
        	</part>        
       </partset>
      <sources/>
    </rule>
    
    <rule grouping="any" source="demand">
      <_title>Any field contains</_title>
	<partset>
 	       <part name="anyfield">
        	  <value name="anyfield-type" type="option" value="contains"/>
	          <value name="anyfield" type="string"/>
        	</part>
        </partset>
      <sources/>
    </rule>
     
  </ruleset>

  </filterdescription>
