<?xml version="1.0"?>
<gconf>
        <entry name="sound" mtime="1149180575" type="schema" stype="string" owner="evolution-mail">
                <local_schema locale="pt" short_desc="Ficheiro de som de Notificação de Nova Mensagem">
                        <longdesc>Ficheiro de som a reproduzir ao chegarem novas mensagens.</longdesc>
                </local_schema>
                <local_schema locale="hi" short_desc="नया डाक सूचना ध्वनि फाइल">
                        <longdesc>नयी डाक आने पर ध्वनि संचिका चलाएं.</longdesc>
                </local_schema>
                <local_schema locale="zh_HK" short_desc="新電郵通知聲音檔案">
                        <longdesc>新電郵送到時要播放的音效檔案</longdesc>
                </local_schema>
                <local_schema locale="uk" short_desc="Звуковий файл сповіщення про нову пошту">
                        <longdesc>Звуковий файл, що відтворюється при отриманні нової пошти.</longdesc>
                </local_schema>
                <local_schema locale="ne" short_desc="नयाँ पत्र सूचना गर्ने ध्वनी फाइल">
                        <longdesc>ध्वनी फइल बजाउने जब नयाँ पत्र आउँछ।</longdesc>
                </local_schema>
                <local_schema locale="en_CA" short_desc="New Mail Notify sound file">
                        <longdesc>Sound file to play when new mail arrives.</longdesc>
                </local_schema>
                <local_schema locale="bg" short_desc="Нов звуков файл за информиране за поща">
                        <longdesc>Изпълнение на звуков файл при пристигане на ново писмо.</longdesc>
                </local_schema>
                <local_schema locale="zh_CN" short_desc="新建邮件通知声音文件">
                        <longdesc>新邮件到达时要播放的声音文件。</longdesc>
                </local_schema>
                <local_schema locale="be" short_desc="Файл гукавага паведамленьня аб новай пошце">
                        <longdesc>Гукавы файл, які аднаўляецца па атрыманьні новай пошты.</longdesc>
                </local_schema>
                <local_schema locale="ta" short_desc="புதிய மின்னஞ்சல் எனில் ஒலியெழுப்பு">
                        <longdesc>புதிய மின்னஞ்சல் வரும்போது இயக்க வேண்டிய ஒலி கோப்பு</longdesc>
                </local_schema>
                <local_schema locale="C" short_desc="New Mail Notify sound file">
                        <default type="string">
                                <stringvalue></stringvalue>
                        </default>
                        <longdesc>
          Sound file to play when new mail arrives.
         </longdesc>
                </local_schema>
                <local_schema locale="nb" short_desc="Lydfil for varsel om ny e-post">
                        <longdesc>Lydfil som skal spilles av når nye meldinger ankommer.</longdesc>
                </local_schema>
                <local_schema locale="pt_BR" short_desc="Arquivo de som para Notificação de Nova Mensagem">
                        <longdesc>Arquivo de som que deve ser tocado quando uma nova mensagem chega.</longdesc>
                </local_schema>
                <local_schema locale="eu" short_desc="Mezu berria iritsi dela jakinarazteko soinu-fitxategia">
                        <longdesc>Mezu berriak iristean jo beharreko soinu-fitxategia.</longdesc>
                </local_schema>
                <local_schema locale="pl" short_desc="Plik dźwięku powiadamiania o nowej poczcie">
                        <longdesc>Odtwarzany plik dźwięku po otrzymaniu nowej poczty.</longdesc>
                </local_schema>
                <local_schema locale="et" short_desc="Helifail uutest sõnumitest teatamiseks">
                        <longdesc>Helifail, mida esitatakse uute sõnumite saabumisel.</longdesc>
                </local_schema>
                <local_schema locale="es" short_desc="Archivo de sonido para notificar correo nuevo">
                        <longdesc>Reproduce un archivo de sonido cuando llegue correo nuevo.</longdesc>
                </local_schema>
                <local_schema locale="vi" short_desc="Tập tin âm thanh Thông báo Thư Mới">
                        <longdesc>Tập tin âm thanh cần phát khi nhận thư mới.</longdesc>
                </local_schema>
                <local_schema locale="ru" short_desc="Звуковой файл извещения о новой почте">
                        <longdesc>Звуковой файл, воспроизводимый при приходе новой почты.</longdesc>
                </local_schema>
                <local_schema locale="id" short_desc="Berkas suara untuk Pemberitahuan Email Baru">
                        <longdesc>Mainkan suara saat email datang.</longdesc>
                </local_schema>
                <local_schema locale="ko" short_desc="새 메일 알림 사운드 파일">
                        <longdesc>새 메일이 도착하면 소리를 연주합니다.</longdesc>
                </local_schema>
                <local_schema locale="lt" short_desc="Naujo pašto perspėjimų garso rinkmena">
                        <longdesc>Grojama garso rinkmena, kai gaunamas naujas paštas.</longdesc>
                </local_schema>
                <local_schema locale="az" short_desc="Yeni Məktub Bildirişi səs faylı">
                        <longdesc>Yeni məktub alındığında çalınacaq səs faylı.</longdesc>
                </local_schema>
                <local_schema locale="ca" short_desc="Fitxer de so de correu nou">
                        <longdesc>Fitxer de so que es reproduirà quan arribi correu nou.</longdesc>
                </local_schema>
                <local_schema locale="sv" short_desc="Ljudfil för avisering om ny post">
                        <longdesc>Ljudfil att spela då ny post anländer.</longdesc>
                </local_schema>
                <local_schema locale="el" short_desc="Αρχείο ήχου ειδοποίησης Νέου Μηνύματος">
                        <longdesc>Αρχείο για αναπαραγωγή ήχου κατά την άφιξη νέου μηνύματος.</longdesc>
                </local_schema>
                <local_schema locale="fr" short_desc="Fichier sonore de notification des nouveaux courriels">
                        <longdesc>Jouer un fichier son lors de l&apos;arrivée de nouveaux messages.</longdesc>
                </local_schema>
                <local_schema locale="ro" short_desc="Nou fişier de sunet pentru notificarea de mail">
                        <longdesc>Fişierul de sunet redat la sosirea unui mail nou.</longdesc>
                </local_schema>
                <local_schema locale="de" short_desc="Klangdatei zur Benachrichtigung bei neuen E-Mails">
                        <longdesc>Beim Eintreffen neuer E-Mails wiederzugebende Klangdatei.</longdesc>
                </local_schema>
                <local_schema locale="sr@Latn" short_desc="Zvučna datoteka za obaveštenje o novoj pošti">
                        <longdesc>Zvučna datoteka za puštanje kada stigne nova pošta.</longdesc>
                </local_schema>
                <local_schema locale="pa" short_desc="ਨਵੇਂ ਪੱਤਰ ਦੀ ਸੂਚਨਾ ਲਈ ਧੁਨੀ ਫਾਇਲ">
                        <longdesc>ਨਵਾਂ ਪੱਤਰ ਆਉਣ ਤੇ ਆਵਾਜ਼ ਫਾਇਲ ਨਿਰਧਾਰਿਤ ਕਰੋ।</longdesc>
                </local_schema>
                <local_schema locale="gu" short_desc="નવો મેઈલ ધ્વનિ ફાઈલ સૂચવે છે">
                        <longdesc>જ્યારે નવા મેઈલ આવે ત્યારે વગાડવાની ધ્વનિ ફાઈલ.</longdesc>
                </local_schema>
                <local_schema locale="sr" short_desc="Звучна датотека за обавештење о новој пошти">
                        <longdesc>Звучна датотека за пуштање када стигне нова пошта.</longdesc>
                </local_schema>
                <local_schema locale="ja" short_desc="新着メールの通知で使用するサウンド・ファイル">
                        <longdesc>新着メールが届いたら演奏するサウンド・ファイルです。</longdesc>
                </local_schema>
                <local_schema locale="sq" short_desc="File me tingullin për njoftimin e mesazheve të rinj">
                        <longdesc>File audio që duhet ekzekutuar kur arrijnë mesazhe të rinj.</longdesc>
                </local_schema>
                <local_schema locale="da" short_desc="Lydfil til påmindelse om ny e-post.">
                        <longdesc>Lydfilen der skal afspilles når ny e-post ankommer.</longdesc>
                </local_schema>
                <local_schema locale="xh" short_desc="Isandi sefayili Yokwazisa Nge-imeyili entsha">
                        <longdesc>Ifayili enesandi iyadlala xa kufika i-imeyili entsha.</longdesc>
                </local_schema>
                <local_schema locale="ar" short_desc="ملف صوت التّبليغ ببريدٍ جديد">
                        <longdesc>الصّوت الذي سيُعزف عند وصول بريدٍ جديد.</longdesc>
                </local_schema>
                <local_schema locale="zh_TW" short_desc="新郵件通知聲音檔案">
                        <longdesc>新郵件送到時要播放的音效檔案</longdesc>
                </local_schema>
                <local_schema locale="fi" short_desc="Uudesta postista huomauttava äänitiedosto">
                        <longdesc>Äänitiedosto joka soitetaan, kun uusia viestejä saapuu.</longdesc>
                </local_schema>
                <local_schema locale="hu" short_desc="Új levélről értesítő hangfájl">
                        <longdesc>Új üzenet beérkezésekor lejátszandó hangfájl.</longdesc>
                </local_schema>
                <local_schema locale="tr" short_desc="Yeni Mektup Bildirimi ses dosyası">
                        <longdesc>Yeni ileti ulaştığında çalınacak ses dosyası.</longdesc>
                </local_schema>
                <local_schema locale="en_GB" short_desc="New Mail Notify sound file">
                        <longdesc>Sound file to play when new mail arrives.</longdesc>
                </local_schema>
                <local_schema locale="cy" short_desc="Ffeil sain hysbysu am e-bost newydd">
                        <longdesc>Ffeil sain i&apos;w chwarae pan fo e-bost newydd yn cyrraedd.</longdesc>
                </local_schema>
                <local_schema locale="gl" short_desc="Ficheiro de son novo para notificar correo">
                        <longdesc>Reproducir un ficheiro de son cando chegue correo novo.</longdesc>
                </local_schema>
                <local_schema locale="hr" short_desc="Zvučna datoteka za obavijest o novopristigloj pošti">
                        <longdesc>Zvučna datoteka koju treba odsvirati pri pristizanju nove pošte.</longdesc>
                </local_schema>
                <local_schema locale="mk" short_desc="Нова звучна датотека за известување за нова пошта">
                        <longdesc>Звучна датотека за свирење кога пристигнува нова пошта.</longdesc>
                </local_schema>
                <local_schema locale="no" short_desc="Lydfil for varsel om ny e-post">
                        <longdesc>Lydfil som skal spilles av når nye meldinger ankommer.</longdesc>
                </local_schema>
                <local_schema locale="nn" short_desc="Lyd å spela ved ny e-post">
                        <longdesc>Lydfil å spela når det kjem ny e-post.</longdesc>
                </local_schema>
                <local_schema locale="it" short_desc="Nuovo file sonoro di notifica nuova posta">
                        <longdesc>File audio da riprodurre all&apos;arrivo di nuova posta.</longdesc>
                </local_schema>
                <local_schema locale="nl" short_desc="Geluidsbestand bij melding van nieuw bericht">
                        <longdesc>Geluidsbestand afspelen bij binnenkomst van nieuwe e-mail</longdesc>
                </local_schema>
                <local_schema locale="bn" short_desc="নতুন মেইল প্রাপ্তির ঘোষনার জন্য ব্যবহৃত শব্দের ফাইল">
                        <longdesc>নতুন মেইল এলে যে শব্দের ফাইল বাজানো হবে।</longdesc>
                </local_schema>
                <local_schema locale="fa" short_desc="پرونده‌ی صوتی اعلان نامه‌ی جدید">
                        <longdesc>پرونده‌ی صوتی که هنگام رسیدن نامه‌ی جدید پخش می‌شود.</longdesc>
                </local_schema>
                <local_schema locale="dz" short_desc="ཡིག་འཕྲིན་གསར་པའི་ བརྡ་བསྐུལ་གྱི་སྒྲ་སྐད་ཡིག་སྣོད།">
                        <longdesc>ཡིག་འཕྲིན་གསརཔ་ལྷོདཔ་ད་ གཏང་ནིའི་སྒྲ་སྐད་ཡིག་སྣོད།</longdesc>
                </local_schema>
                <local_schema locale="cs" short_desc="Soubor zvuku upozornění na novou poštu">
                        <longdesc>Souboru zvuku, který přehrát, když přijde nová pošta.</longdesc>
                </local_schema>
                <local_schema locale="th" short_desc="แฟ้มเสียงแจ้งเมลใหม่">
                        <longdesc>แฟ้มเสียงที่จะเล่นเมื่อมีเมลเข้ามาใหม่</longdesc>
                </local_schema>
        </entry>
        <entry name="type" mtime="1149180575" type="schema" stype="int" owner="evolution-mail">
                <local_schema locale="pt" short_desc="Tipo de Notificação de Nova Mensagem">
                        <longdesc>Especifica o tipo de Notificação de Nova Mensagem que o utilizador deseja.</longdesc>
                </local_schema>
                <local_schema locale="hi" short_desc="नयी डाक सूचना फाइल">
                        <longdesc>नये डाक सूचना के प्रकार निर्दिष्ट करें जिसे उपयोक्ता प्रयोग करना चाहता है.</longdesc>
                </local_schema>
                <local_schema locale="zh_HK" short_desc="新電郵通知類型">
                        <longdesc>指定使用者要使用的「新電郵通知」類型。</longdesc>
                </local_schema>
                <local_schema locale="uk" short_desc="Тип сповіщення про нову пошту">
                        <longdesc>Вказує бажаний тип сповіщення про нову пошту.</longdesc>
                </local_schema>
                <local_schema locale="ne" short_desc="नयाँ पत्र सूचना गर्ने प्रकार">
                        <longdesc>प्रयोगकर्ताले चाहेको नयाँ पत्र सूचना प्रकार निश्चित गर्छ।</longdesc>
                </local_schema>
                <local_schema locale="en_CA" short_desc="New Mail Notify type">
                        <longdesc>Specifies the type of New Mail Notification the user wishes to use.</longdesc>
                </local_schema>
                <local_schema locale="bg" short_desc="Нов тип информиране за поща">
                        <longdesc>Задаване вида на уведомяването за нова поща.</longdesc>
                </local_schema>
                <local_schema locale="zh_CN" short_desc="新建邮件通知类型">
                        <longdesc>指定用户想要使用的新邮件通知类型。</longdesc>
                </local_schema>
                <local_schema locale="be" short_desc="Тып паведамленья аб пошце">
                        <longdesc>Пазначае тып пажаданага паведамленьня аб новай пошце.</longdesc>
                </local_schema>
                <local_schema locale="ta" short_desc="புதிய மின்னஞ்சல் அறிவிப்பு வகை">
                        <longdesc>பயனர் விருப்பும் புதிய மின்னஞ்சல் வருகையை அறிவிக்கும் முறை</longdesc>
                </local_schema>
                <local_schema locale="C" short_desc="New Mail Notify type">
                        <default type="int" value="0">
                        </default>
                        <longdesc>
          Specifies the type of New Mail Notification the user wishes to use.
         </longdesc>
                </local_schema>
                <local_schema locale="nb" short_desc="Type varsel for ny e-post">
                        <longdesc>Spesifiserer typen av «Ny e-post advarsel» som ønskes brukt.</longdesc>
                </local_schema>
                <local_schema locale="pt_BR" short_desc="Tipo de Notificação de Nova Mensagem">
                        <longdesc>Especifica o tipo de notificação de nova mensagem que o usuário deseja usar.</longdesc>
                </local_schema>
                <local_schema locale="eu" short_desc="Mezu berriaren jakinarazpen-mota">
                        <longdesc>Erabili nahi den Mezu Berrien Jakinarazpenaren mota zehazten du.</longdesc>
                </local_schema>
                <local_schema locale="pl" short_desc="Rodzaj powiadamiania o nowej poczcie">
                        <longdesc>Określa rodzaj powiadamiania o nowej poczcie, jakiego chce użyć użytkownik.</longdesc>
                </local_schema>
                <local_schema locale="et" short_desc="Uuest sõnumist teatamise tüüp">
                        <longdesc>Kasutaja poolt valitud uuest sõnumist teavitamise tüüp.</longdesc>
                </local_schema>
                <local_schema locale="es" short_desc="Tipo de notificación de correo nuevo">
                        <longdesc>Especifica el tipo de notificación de correo nuevo que el usuario desea usar.</longdesc>
                </local_schema>
                <local_schema locale="vi" short_desc="Kiểu Thông báo Thư Mới">
                        <longdesc>Ghi rõ kiểu Thông báo Thư Mới người dùng muốn dùng.</longdesc>
                </local_schema>
                <local_schema locale="ru" short_desc="Тип извещения о новой почте">
                        <longdesc>Указывает тип желаемого извещения о новой почте.</longdesc>
                </local_schema>
                <local_schema locale="id" short_desc="Jenis Pemberitahuan Email Baru">
                        <longdesc>Tentukan jenis Notifikasi Email Baru yang diinginkan.</longdesc>
                </local_schema>
                <local_schema locale="ko" short_desc="새 메일 알림 종류">
                        <longdesc>사용자가 사용하려는 새 메일 알림 종류를 지정합니다.</longdesc>
                </local_schema>
                <local_schema locale="lt" short_desc="Perspėjimų apie naują paštą tipas">
                        <longdesc>Nurodo, kokį perspėjimo apie naujus laiškus tipą vartotojas norėtų naudoti.</longdesc>
                </local_schema>
                <local_schema locale="az" short_desc="Yeni Məktub Bildirişi növü">
                </local_schema>
                <local_schema locale="ca" short_desc="Tipus de notificació de correu nou">
                        <longdesc>Especifica el tipus de notificació de nou correu que l&apos;usuari destija usar.</longdesc>
                </local_schema>
                <local_schema locale="sv" short_desc="Typ av avisering om ny post">
                        <longdesc>Anger typen av avisering om ny e-post som användaren vill använda.</longdesc>
                </local_schema>
                <local_schema locale="el" short_desc="Τύπος ειδοποίησης νέου μηνύματος">
                        <longdesc>Καθορίζει τον τύπο της ειδοποίησης νέου μηνύματος που ο χρήστης επιθυμεί.</longdesc>
                </local_schema>
                <local_schema locale="fr" short_desc="Type de notification des nouveaux courriels">
                        <longdesc>Indique le type de notification d&apos;arrivée de courriel que l&apos;utilisateur désire utiliser.</longdesc>
                </local_schema>
                <local_schema locale="ro" short_desc="Tip nou de notificare pentru mail">
                        <longdesc>Specifică tipul de notificare pentru mesaje noi pe care utilizatorul doreşte să-l folosească.</longdesc>
                </local_schema>
                <local_schema locale="de" short_desc="Benachrichtigungstyp bei neuen E-Mails">
                        <longdesc>Legt den Typ der Benachrichtigung bei neuen E-Mails fest, den der Benutzer verwenden möchte.</longdesc>
                </local_schema>
                <local_schema locale="sr@Latn" short_desc="Tip obaveštenja o novoj pošti">
                        <longdesc>Navodi tip obaveštenja o novoj pošti koje korisnik želi da koristi.</longdesc>
                </local_schema>
                <local_schema locale="pa" short_desc="ਨਵਾਂ ਪੱਤਰ ਸੂਚਨਾ ਢੰਗ">
                        <longdesc>ਨਵਾਂ ਪੱਤਰ ਸੂਚਨਾ ਲਈ ਉਪਭੋਗਤਾ ਕੀ ਵਰਤਣੀ ਚਾਹੁੰਦਾ ਹੈ, ਨਿਰਧਾਰਿਤ ਕਰੋ।</longdesc>
                </local_schema>
                <local_schema locale="gu" short_desc="નવા મેઈલનો સૂચક પ્રકાર">
                        <longdesc>નવા મેઈલનું સૂચનનો પ્રકાર સ્પષ્ટ કરે છે જ્યારે વપરાશકર્તા તેને વાપરવાની ઈચ્છા ધરાવે છે.</longdesc>
                </local_schema>
                <local_schema locale="sr" short_desc="Тип обавештења о новој пошти">
                        <longdesc>Наводи тип обавештења о новој пошти које корисник жели да користи.</longdesc>
                </local_schema>
                <local_schema locale="ja" short_desc="新着メール通知の種類">
                        <longdesc>ユーザが使用する新着メール通知の種類を指定します。</longdesc>
                </local_schema>
                <local_schema locale="sq" short_desc="Lloji i njoftimit të mesazheve të rinj">
                        <longdesc>Specifikon llojin e njoftimit të mesazheve të rinj që përdoruesi dëshiron të përdorë.</longdesc>
                </local_schema>
                <local_schema locale="da" short_desc="Type af påmindelse om ny e-post">
                        <longdesc>Anfører typen af påmindelse om ny e-post, som brugeren ønsker at bruge.</longdesc>
                </local_schema>
                <local_schema locale="xh" short_desc="Uhlobo Lokwazisa Nge-imeyili entsha">
                        <longdesc>Ichaza uhlobo Lwesazisi Se-imeyili Entsha umsebenzisi anqwenela ukuyisebenzisa.</longdesc>
                </local_schema>
                <local_schema locale="ar" short_desc="نوع التّبليغ ببريدٍ جديد">
                        <longdesc>لتحديد فئة إشعار البريد الجديد التي يود المستخدم استخدامها.</longdesc>
                </local_schema>
                <local_schema locale="zh_TW" short_desc="新郵件通知類型">
                        <longdesc>指定使用者要使用的「新郵件通知」類型。</longdesc>
                </local_schema>
                <local_schema locale="fi" short_desc="Uutta postia-huomuksen tyyppi">
                        <longdesc>Määrittelee saapuneiden viestien huomautuksen, jota käyttäjä haluaa käyttää.</longdesc>
                </local_schema>
                <local_schema locale="hu" short_desc="Új levélről értesítés típusa">
                        <longdesc>A felhasználó által használni kívánt &quot;új levél értesítés&quot; típusa.</longdesc>
                </local_schema>
                <local_schema locale="tr" short_desc="Yeni Mektup Bildirimi türü">
                        <longdesc>Kullanıcının kullanmak istediği Yeni Mektup Uyarısı türünü belirtir.</longdesc>
                </local_schema>
                <local_schema locale="en_GB" short_desc="New Mail Notify type">
                        <longdesc>Specifies the type of New Mail Notification the user wishes to use.</longdesc>
                </local_schema>
                <local_schema locale="cy" short_desc="Math Hysbysu am Ebost Newydd">
                        <longdesc>Penodi&apos;r math o nodyn Hysbysu am Ebost Newydd mae&apos;r defnyddiwr am weld.</longdesc>
                </local_schema>
                <local_schema locale="gl" short_desc="Tipo novo de notificación de correo">
                        <longdesc>Especificar o tipo de notificación de correo novo que o usuario desexa empregar.</longdesc>
                </local_schema>
                <local_schema locale="hr" short_desc="Nova vrsta obavijesti o pristigloj pošti">
                        <longdesc>Određuje tip notifikacije o novoj pošti koju korisnik želi koristiti.</longdesc>
                </local_schema>
                <local_schema locale="mk" short_desc="Тип на известување за нова пошта">
                        <longdesc>Го назначува типот на известување за нова пошта кој корисникот сака да го користи.</longdesc>
                </local_schema>
                <local_schema locale="no" short_desc="Type varsel for ny e-post">
                        <longdesc>Spesifiserer typen av «Ny e-post advarsel» som ønskes brukt.</longdesc>
                </local_schema>
                <local_schema locale="nn" short_desc="Type varsling om ny e-post">
                        <longdesc>Oppgjev typen varsel brukaren vil ha når det kjem my e-post.</longdesc>
                </local_schema>
                <local_schema locale="it" short_desc="Nuovo tipo di notifica nuova posta">
                        <longdesc>Specifica il tipo di notifica posta in arrivo che l&apos;utente intende usare.</longdesc>
                </local_schema>
                <local_schema locale="nl" short_desc="Nieuwe mail meldingstype">
                        <longdesc>Geeft het type melding dat de gebruiker wenst te ontvangen bij nieuwe mail.</longdesc>
                </local_schema>
                <local_schema locale="bn" short_desc="নতুন মেইল প্রাপ্তির ঘোষনার ধরন">
                        <longdesc>ব্যবহারকারী যে ধরনের নতুন মেইলের সূচনা ব্যবহার করতে ইচ্ছুক তা উল্লেখ করে।</longdesc>
                </local_schema>
                <local_schema locale="fa" short_desc="نوع اعلان نامه‌ی جدید">
                        <longdesc>نوع اعلان نامه‌ی جدید که کاربر می‌خواهد استفاده کند را مشخص می‌کند.</longdesc>
                </local_schema>
                <local_schema locale="dz" short_desc="ཡིག་འཕྲིན་གསར་པའི་ བརྡ་བསྐུལ་གྱི་དབྱེ་བ།">
                        <longdesc>ལག་ལེན་པ་གིས་ ལག་ལེན་འཐབ་འདོད་ཡོད་མི་ ཡིག་འཕྲིན་བརྡ་བསྐུལ་གསར་པའི་དབྱེ་བ་དེ་ གསལ་བཀོད་འབད།</longdesc>
                </local_schema>
                <local_schema locale="cs" short_desc="Typ upozornění na novou poštu">
                        <longdesc>Určuje typ upozornění na novou poštu, které chce uživatel používat.</longdesc>
                </local_schema>
                <local_schema locale="th" short_desc="ชนิดของการแจ้งเมลใหม่">
                        <longdesc>ระบุชนิดของการแจ้งเมลใหม่ที่ผู้ใช้ต้องการใช้</longdesc>
                </local_schema>
        </entry>
</gconf>
