<?xml version="1.0"?>
<gconf>
        <entry name="height" mtime="1231173759" type="schema" stype="int" owner="evolution-mail">
                <local_schema locale="pt" short_desc="Altura por omissão da Janela de Mensagem">
                        <longdesc>Altura por omissão da janela de mensagem.</longdesc>
                </local_schema>
                <local_schema locale="hi" short_desc="संदेश विंडो मूलभूत ऊंचाई">
                </local_schema>
                <local_schema locale="zh_HK" short_desc="郵件視窗預設高度">
                        <longdesc>郵件視窗的預設高度。</longdesc>
                </local_schema>
                <local_schema locale="ps">
                        <longdesc>.د استوزې کړکۍ تلواله اوږدوالی</longdesc>
                </local_schema>
                <local_schema locale="uk" short_desc="Типова висота вікна повідомлення">
                        <longdesc>Типова висота вікна повідомлення.</longdesc>
                </local_schema>
                <local_schema locale="te" short_desc="సందేశ విండో అప్రమేయ ఎత్తు">
                        <longdesc>సందేశ విండో యొక్క అప్రమేయ ఎత్తు.</longdesc>
                </local_schema>
                <local_schema locale="ne" short_desc="सन्देश सञ्झ्याल पूर्वनिर्धारित उचाइ">
                </local_schema>
                <local_schema locale="en_CA" short_desc="Message Window default height">
                </local_schema>
                <local_schema locale="bg" short_desc="Стандартна височина на прозореца за писмата">
                        <longdesc>Стандартната височина на прозореца за писма.</longdesc>
                </local_schema>
                <local_schema locale="sr@latin" short_desc="Podrazumevana visina prozora za poruku">
                        <longdesc>Podrazumevana visina prozora za poruku.</longdesc>
                </local_schema>
                <local_schema locale="he" short_desc="Message Window default height">
                        <longdesc>Default height of the message window.</longdesc>
                </local_schema>
                <local_schema locale="ast" short_desc="Altor predetermináu de la ventana de mensaxes">
                        <longdesc>Altor predetermináu de la ventana del mensax.</longdesc>
                </local_schema>
                <local_schema locale="zh_CN" short_desc="信件窗口默认高度">
                        <longdesc>信件窗口的默认高度。</longdesc>
                </local_schema>
                <local_schema locale="be" short_desc="Прадвызначаная вышыня акна паведамленьня">
                </local_schema>
                <local_schema locale="ta" short_desc="செய்தி சாளரத்தின் இயல்பான உயரம்">
                        <longdesc>செய்தி சாளரத்தின் இயல்பான உயரம்</longdesc>
                </local_schema>
                <local_schema locale="nb" short_desc="Forvalgt høyde på meldingsvinduet">
                        <longdesc>Forvalgt høyde for meldingsvinduet.</longdesc>
                </local_schema>
                <local_schema locale="C" short_desc="Message Window default height">
                        <default type="int" value="400">
                        </default>
                        <longdesc>Default height of the message window.</longdesc>
                </local_schema>
                <local_schema locale="pt_BR" short_desc="Altura padrão da janela de mensagem">
                        <longdesc>Altura padrão da Janela de Mensagem.</longdesc>
                </local_schema>
                <local_schema locale="eu" short_desc="Mezuen leihoaren altuera lehenetsia">
                        <longdesc>Mezuen leihoaren altuera lehenetsia.</longdesc>
                </local_schema>
                <local_schema locale="pl" short_desc="Domyślna wysokość okna okna wiadomości">
                        <longdesc>Domyślna wysokość okna wiadomości.</longdesc>
                </local_schema>
                <local_schema locale="et" short_desc="Sõnumiakna vaikimisi kõrgus">
                        <longdesc>Sõnumiakna vaikimisi kõrgus.</longdesc>
                </local_schema>
                <local_schema locale="es" short_desc="Altura predeterminada de la ventana de mensajes">
                        <longdesc>Altura predeterminada de la ventana del mensaje.</longdesc>
                </local_schema>
                <local_schema locale="vi" short_desc="Độ cao mặc định của Cửa sổ thư">
                        <longdesc>Độ cao mặc định cửa Cửa sổ Thư.</longdesc>
                </local_schema>
                <local_schema locale="ru" short_desc="Высота окна сообщения по умолчанию">
                        <longdesc>Высота окна сообщения по умолчанию.</longdesc>
                </local_schema>
                <local_schema locale="lv" short_desc="Vēstules loga noklusētais augstums">
                </local_schema>
                <local_schema locale="id" short_desc="Tinggi default Jendela Pesan">
                </local_schema>
                <local_schema locale="ko" short_desc="메세지 창 기본 높이">
                        <longdesc>메세지 창의 기본 높이.</longdesc>
                </local_schema>
                <local_schema locale="lt" short_desc="Numatytasis laiško lango aukštis">
                        <longdesc>Numatytasis laiško lango aukštis.</longdesc>
                </local_schema>
                <local_schema locale="kn" short_desc="ಸಂದೇಶ ವಿಂಡೋದ ಡೀಫಾಲ್ಟ್‍ ಉದ್ದ">
                        <longdesc>ಮುಖ್ಯ ವಿಂಡೋದ ಡೀಫಾಲ್ಟ್‍ ಉದ್ದ.</longdesc>
                </local_schema>
                <local_schema locale="az" short_desc="İsmarış pəncərəsinin ön qurğulu hündürlüyü">
                </local_schema>
                <local_schema locale="ca" short_desc="Alçada predeterminada de la finestra de missatges">
                        <longdesc>Amplada predeterminada de la finestra de missatge.</longdesc>
                </local_schema>
                <local_schema locale="sv" short_desc="Standardhöjd för meddelandefönstret">
                        <longdesc>Standardhöjd för meddelandefönstret.</longdesc>
                </local_schema>
                <local_schema locale="el" short_desc="Προεπιλεγμένο ύψος του παραθύρου μηνύματος">
                        <longdesc>Προεπιλεγμένο ύψος του παραθύρου μηνύματος</longdesc>
                </local_schema>
                <local_schema locale="fr" short_desc="Hauteur par défaut de la fenêtre des messages">
                        <longdesc>Hauteur par défaut de la fenêtre des messages.</longdesc>
                </local_schema>
                <local_schema locale="ro" short_desc="Înălţimea implicită a ferestrei de mesaj">
                </local_schema>
                <local_schema locale="de" short_desc="Vorgabehöhe des Nachrichtenfensters">
                        <longdesc>Die Vorgabehöhe des Nachrichtenfensters.</longdesc>
                </local_schema>
                <local_schema locale="pa" short_desc="ਸੁਨੇਹਾ ਝਰੋਖੇ ਦੀ ਮੂਲ ਉਚਾਈ">
                        <longdesc>ਸੁਨੇਹਾ ਵਿੰਡੋ ਦੀ ਡਿਫਾਲਟ ਉਚਾਈ</longdesc>
                </local_schema>
                <local_schema locale="be@latin" short_desc="Zmoŭčanaja vyšynia akna lista">
                        <longdesc>Zmoŭčanaja vyšynia akna lista.</longdesc>
                </local_schema>
                <local_schema locale="gu" short_desc="સંદેશા વિન્ડોની મૂળભુત ઊંચાઈ">
                        <longdesc>સંદેશા વિન્ડોની મૂળભૂત ઊંચાઈ.</longdesc>
                </local_schema>
                <local_schema locale="sr" short_desc="Подразумевана висина прозора за поруку">
                        <longdesc>Подразумевана висина прозора за поруку.</longdesc>
                </local_schema>
                <local_schema locale="ja" short_desc="メッセージ・ウィンドウの高さ (デフォルト)">
                        <longdesc>メッセージ・ウィンドウのデフォルトの高さです。</longdesc>
                </local_schema>
                <local_schema locale="sq" short_desc="Lartësia e prezgjedhur e dritares së mesazhit">
                        <longdesc>Lartësia e paracaktuar e dritares së mesazhit.</longdesc>
                </local_schema>
                <local_schema locale="mr" short_desc="संदेश चौकट मुलभूत ऊंची">
                        <longdesc>संदेश चौकटीची मुलभूत ऊंची.</longdesc>
                </local_schema>
                <local_schema locale="da" short_desc="Standardhøjden på brevvinduet">
                        <longdesc>Standardhøjde af brevvinduet.</longdesc>
                </local_schema>
                <local_schema locale="as" short_desc="বাৰ্তাৰ উইন্ডোৰ ডিফল্ট উচ্চতা">
                </local_schema>
                <local_schema locale="xh" short_desc="Ubude Bommiselo Wefestile Yomyalezo">
                </local_schema>
                <local_schema locale="ar" short_desc="ارتفاع نافِذة الرسائل الإفتراضي">
                        <longdesc>الارتفاع الإفتراضي لنافذة الرسائل.</longdesc>
                </local_schema>
                <local_schema locale="zh_TW" short_desc="郵件視窗預設高度">
                        <longdesc>郵件視窗的預設高度。</longdesc>
                </local_schema>
                <local_schema locale="fi" short_desc="Viesti-ikkunan oletuskorkeus">
                        <longdesc>Viesti-ikkunan oletuskorkeus.</longdesc>
                </local_schema>
                <local_schema locale="hu" short_desc="Üzenetablak alapértelmezett magassága">
                        <longdesc>Az üzenetablak alapértelmezett magassága.</longdesc>
                </local_schema>
                <local_schema locale="tr" short_desc="İleti Penceresi öntanımlı yüksekliği">
                        <longdesc>İleti penceresinin öntanımlı yüksekliği.</longdesc>
                </local_schema>
                <local_schema locale="sl" short_desc="Privzeta višina okna za pisanje sporočil">
                        <longdesc>Privzeta višina okna za pisanje sporočil.</longdesc>
                </local_schema>
                <local_schema locale="en_GB" short_desc="Message Window default height">
                        <longdesc>Default height of the message window.</longdesc>
                </local_schema>
                <local_schema locale="ml" short_desc="സന്ദേശ ജാലകത്തിന്‍റെ ഡീഫോള്‍ട്ടായ ഉയരം">
                        <longdesc>സന്ദേശ ജാലകത്തിന്‍റെ ഡീഫോള്‍ട്ടായ ഉയരം </longdesc>
                </local_schema>
                <local_schema locale="mk" short_desc="Стандардна висина на прозорецот со пораки">
                        <longdesc>Стандардна висина на прозорецот за пораки.</longdesc>
                </local_schema>
                <local_schema locale="cy" short_desc="Uchder rhagosodedig Ffenest Neges">
                </local_schema>
                <local_schema locale="gl" short_desc="Altura predeterminada da ventá de mensaxes">
                        <longdesc>Altura predeterminada da ventá da mensaxe.</longdesc>
                </local_schema>
                <local_schema locale="hr" short_desc="Standardna visina prozora poruke">
                </local_schema>
                <local_schema locale="si" short_desc="Message Window default height">
                </local_schema>
                <local_schema locale="bn_IN" short_desc="বার্তার উইন্ডোর ডিফল্ট উচ্চতা">
                        <longdesc>কম্পোসার উইন্ডোর ডিফল্ট প্রস্থ।</longdesc>
                </local_schema>
                <local_schema locale="nn" short_desc="Standardhøgde på meldingsvindauget">
                        <longdesc>Standardhøgde på meldingsvindauget.</longdesc>
                </local_schema>
                <local_schema locale="it" short_desc="Altezza predefinita finestra messaggio">
                        <longdesc>Altezza predefinita della finestra del messaggio.</longdesc>
                </local_schema>
                <local_schema locale="nl" short_desc="Standaardhoogte berichtvenster">
                        <longdesc>Standaardhoogte van het berichtenvenster.</longdesc>
                </local_schema>
                <local_schema locale="bn" short_desc="বার্তার উইন্ডোর ডিফল্ট উচ্চতা">
                </local_schema>
                <local_schema locale="fa" short_desc="ارتفاع پیش‌فرض پنجره‌ی پیغام">
                </local_schema>
                <local_schema locale="dz" short_desc="འཕྲིན་དོན་སྒོ་སྒྲིག་གི་ སྔོན་སྒྲིག་མཐོ་ཚད།">
                        <longdesc>འཕྲིན་དོན་ སྒོ་སྒྲིག་གི་ སྔོན་སྒྲིག་མཐོ་ཚད། </longdesc>
                </local_schema>
                <local_schema locale="cs" short_desc="Výchozí výška okna zprávy">
                        <longdesc>Výchozí výška okna zprávy.</longdesc>
                </local_schema>
                <local_schema locale="th" short_desc="ความสูงปริยายของหน้าต่างข้อความ">
                        <longdesc>ความสูงปริยายของหน้าต่างข้อความ</longdesc>
                </local_schema>
        </entry>
        <entry name="width" mtime="1231173759" type="schema" stype="int" owner="evolution-mail">
                <local_schema locale="pt" short_desc="Largura por omissão da Janela de Mensagem">
                        <longdesc>Largura por omissão da janela de mensagem.</longdesc>
                </local_schema>
                <local_schema locale="hi" short_desc="संदेश विंडो मूलभूत चौड़ाई">
                </local_schema>
                <local_schema locale="zh_HK" short_desc="郵件視窗預設闊度">
                        <longdesc>郵件視窗的預設闊度。</longdesc>
                </local_schema>
                <local_schema locale="ps">
                        <longdesc>.د استوزه کړکۍ تلواله پلنوالی</longdesc>
                </local_schema>
                <local_schema locale="uk" short_desc="Типова ширина вікна повідомлення">
                        <longdesc>Типова висота вікна повідомлення.</longdesc>
                </local_schema>
                <local_schema locale="te" short_desc="సందేశ విండో అప్రమేయ వెడల్పు">
                        <longdesc>సందేశం విండో యొక్క అప్రమేయ వెడల్పు.</longdesc>
                </local_schema>
                <local_schema locale="ne" short_desc="सन्देश सञ्झ्याल पूर्वनिर्धारित चौडाइ">
                </local_schema>
                <local_schema locale="en_CA" short_desc="Message Window default width">
                </local_schema>
                <local_schema locale="bg" short_desc="Стандартна широчина на прозореца за писмата">
                        <longdesc>Стандартната широчина на прозореца за писма.</longdesc>
                </local_schema>
                <local_schema locale="sr@latin" short_desc="Podrazumevana širina prozora za poruku">
                        <longdesc>Podrazumevana širina prozora za poruku.</longdesc>
                </local_schema>
                <local_schema locale="he" short_desc="Message Window default width">
                        <longdesc>Default width of the message Window.</longdesc>
                </local_schema>
                <local_schema locale="ast" short_desc="Anchor predetermináu de la ventana de mensaxes">
                        <longdesc>Anchor predetermináu de la ventana de mensaxes.</longdesc>
                </local_schema>
                <local_schema locale="zh_CN" short_desc="信件窗口默认宽度">
                        <longdesc>信件窗口的默认宽度。</longdesc>
                </local_schema>
                <local_schema locale="be" short_desc="Прадвызначаная шырыня акна паведамленьня">
                </local_schema>
                <local_schema locale="ta" short_desc="செய்தி சாளரத்தின் இயல்பான அகலம்">
                        <longdesc>செய்தி சாளரத்தின் இயல்பான அகலம்</longdesc>
                </local_schema>
                <local_schema locale="nb" short_desc="Forvalgt bredde på meldingsvinduet">
                        <longdesc>Forvalgt bredde for meldingsvinduet.</longdesc>
                </local_schema>
                <local_schema locale="C" short_desc="Message Window default width">
                        <default type="int" value="600">
                        </default>
                        <longdesc>Default width of the message window.</longdesc>
                </local_schema>
                <local_schema locale="pt_BR" short_desc="Largura padrão da janela de mensagem">
                        <longdesc>Largura padrão da Janela de Mensagem.</longdesc>
                </local_schema>
                <local_schema locale="eu" short_desc="Mezuen leihoaren zabalera lehenetsia">
                        <longdesc>Mezuen leihoaren zabalera lehenetsia.</longdesc>
                </local_schema>
                <local_schema locale="pl" short_desc="Domyślna szerokość okna wiadomości">
                        <longdesc>Domyślna szerokość okna wiadomości.</longdesc>
                </local_schema>
                <local_schema locale="et" short_desc="Sõnumiakna vaikimisi laius">
                        <longdesc>Sõnumiakna vaikimisi laius.</longdesc>
                </local_schema>
                <local_schema locale="es" short_desc="Anchura predeterminada de la ventana de mensajes">
                        <longdesc>Anchura predeterminada de la ventana de mensajes.</longdesc>
                </local_schema>
                <local_schema locale="vi" short_desc="Độ rộng mặc định của Cửa sổ thư">
                        <longdesc>Độ rộng mặc định cửa Cửa sổ Thư.</longdesc>
                </local_schema>
                <local_schema locale="ru" short_desc="Ширина окна сообщения по умолчанию">
                        <longdesc>Ширина окна сообщения по умолчанию.</longdesc>
                </local_schema>
                <local_schema locale="lv" short_desc="Vēstules loga noklusētais platums">
                </local_schema>
                <local_schema locale="id" short_desc="Lebar default Jendela Pesan">
                </local_schema>
                <local_schema locale="ko" short_desc="메세지 창 기본 너비">
                        <longdesc>메세지 창의 기본 너비.</longdesc>
                </local_schema>
                <local_schema locale="lt" short_desc="Numatytasis laiško lango plotis">
                        <longdesc>Numatytasis laiško lango plotis.</longdesc>
                </local_schema>
                <local_schema locale="kn" short_desc="ಸಂದೇಶ ವಿಂಡೋದ ಡೀಫಾಲ್ಟ್‍ ಅಗಲ">
                        <longdesc>ಸಂದೇಶ ವಿಂಡೋದ ಡೀಫಾಲ್ಟ್‍ ಅಗಲ.</longdesc>
                </local_schema>
                <local_schema locale="az" short_desc="İsmarış pəncərəsinin ön qurğulu eni">
                </local_schema>
                <local_schema locale="ca" short_desc="Amplada predeterminada de la finestra de missatges">
                        <longdesc>Amplada predeterminada de la finestra dels missatges.</longdesc>
                </local_schema>
                <local_schema locale="sv" short_desc="Standardbredd för meddelandefönstret">
                        <longdesc>Standardbredd för meddelandefönstret.</longdesc>
                </local_schema>
                <local_schema locale="el" short_desc="Προεπιλεγμένο πλάτος του παραθύρου μηνύματος">
                        <longdesc>Προκαθορισμένο πλάτος του παραθύρου μηνύματος</longdesc>
                </local_schema>
                <local_schema locale="fr" short_desc="Largeur par défaut de la fenêtre des messages">
                        <longdesc>Largeur par défaut de la fenêtre des messages.</longdesc>
                </local_schema>
                <local_schema locale="ro" short_desc="Lăţimea implicită a ferestrei de mesaje">
                </local_schema>
                <local_schema locale="de" short_desc="Vorgabebreite des Nachrichtenfensters">
                        <longdesc>Die Vorgabebreite des Nachrichtenfensters.</longdesc>
                </local_schema>
                <local_schema locale="pa" short_desc="ਸੁਨੇਹਾ ਝਰੋਖੇ ਦੀ ਮੂਲ ਚੌੜਾਈ">
                        <longdesc>ਸੁਨੇਹਾ ਵਿੰਡੋ ਦੀ ਡਿਫਾਲਟ ਚੌੜਾਈ ਹੈ।</longdesc>
                </local_schema>
                <local_schema locale="be@latin" short_desc="Zmoŭčanaja šyrynia akna lista">
                        <longdesc>Zmoŭčanaja šyrynia akna lista.</longdesc>
                </local_schema>
                <local_schema locale="gu" short_desc="સંદેશા વિન્ડોની મૂળભુત પહોળાઈ">
                        <longdesc>સંદેશા વિન્ડોની મૂળભૂત પહોળાઈ.</longdesc>
                </local_schema>
                <local_schema locale="sr" short_desc="Подразумевана ширина прозора за поруку">
                        <longdesc>Подразумевана ширина прозора за поруку.</longdesc>
                </local_schema>
                <local_schema locale="ja" short_desc="メッセージ・ウィンドウの幅 (デフォルト)">
                        <longdesc>メッセージ・ウィンドウのデフォルトの幅です。</longdesc>
                </local_schema>
                <local_schema locale="sq" short_desc="Gjerësia e prezgjedhur e dritares së mesazhit">
                        <longdesc>Gjerësia e paracaktuar e dritares së mesazhit.</longdesc>
                </local_schema>
                <local_schema locale="mr" short_desc="संदेश चौकट मुलभूत रूंदी">
                        <longdesc>संदेश चौकटची मुलभूत रुंदी.</longdesc>
                </local_schema>
                <local_schema locale="da" short_desc="Standardbredden på brevvinduet">
                        <longdesc>Standardbredde af brevvinduet.</longdesc>
                </local_schema>
                <local_schema locale="as" short_desc="বাৰ্তাৰ উইন্ডোৰ ডিফল্ট প্ৰস্থা">
                </local_schema>
                <local_schema locale="xh" short_desc="Ububanzi Bommiselo Wefestile Yomyalezo">
                </local_schema>
                <local_schema locale="ar" short_desc="العرض الافتراضي لنافذة الرسالة">
                        <longdesc>العرض الإفتراضي لنافذة الرسائل.</longdesc>
                </local_schema>
                <local_schema locale="zh_TW" short_desc="郵件視窗預設寬度">
                        <longdesc>郵件視窗的預設寬度。</longdesc>
                </local_schema>
                <local_schema locale="fi" short_desc="Viestiikkunan oletusleveys">
                        <longdesc>Viesti-ikkunan oletusleveys.</longdesc>
                </local_schema>
                <local_schema locale="hu" short_desc="Üzenetablak alapértelmezett szélessége">
                        <longdesc>Az üzenetablak alapértelmezett szélessége.</longdesc>
                </local_schema>
                <local_schema locale="tr" short_desc="İleti Penceresi öntanımlı genişliği">
                        <longdesc>İleti penceresinin öntanımlı genişliği.</longdesc>
                </local_schema>
                <local_schema locale="sl" short_desc="Privzeta širina okna za pisanje sporočil">
                        <longdesc>Privzeta širina okna za pisanje sporočil.</longdesc>
                </local_schema>
                <local_schema locale="en_GB" short_desc="Message Window default width">
                        <longdesc>Default width of the message window.</longdesc>
                </local_schema>
                <local_schema locale="ml" short_desc="സന്ദേശ ജാലകത്തിന്‍റെ ഡീഫോള്‍ട്ടായ വീതി">
                        <longdesc>സന്ദേശ ജാലകത്തിന്‍റെ ഡീഫോള്‍ട്ടായ വീതി </longdesc>
                </local_schema>
                <local_schema locale="mk" short_desc="Стандардна ширина на прозорецот за пораки">
                        <longdesc>Стандардна ширина на прозорецот за пораки.</longdesc>
                </local_schema>
                <local_schema locale="cy" short_desc="Lled rhagosodedig Ffenest Neges">
                </local_schema>
                <local_schema locale="gl" short_desc="Largura predeterminada da ventá de mensaxes">
                        <longdesc>Largura predeterminada da ventá da mensaxe.</longdesc>
                </local_schema>
                <local_schema locale="hr" short_desc="Širina prozora poruke">
                </local_schema>
                <local_schema locale="si" short_desc="Message Window default width">
                </local_schema>
                <local_schema locale="bn_IN" short_desc="বার্তার উইন্ডোর ডিফল্ট প্রস্থা">
                        <longdesc>বার্তা উইন্ডোর ডিফল্ট প্রস্থ।</longdesc>
                </local_schema>
                <local_schema locale="nn" short_desc="Standardbreidde på meldingsvindauget">
                        <longdesc>Standardbreidde på meldingsvindauget.</longdesc>
                </local_schema>
                <local_schema locale="it" short_desc="Larghezza predefinita finestra messaggio">
                        <longdesc>Larghezza predefinita della finestra del messaggio.</longdesc>
                </local_schema>
                <local_schema locale="nl" short_desc="Standaardbreedte berichtvenster">
                        <longdesc>Standaardbreedte van het berichtenvenster.</longdesc>
                </local_schema>
                <local_schema locale="bn" short_desc="বার্তার উইন্ডোর ডিফল্ট প্রস্থা">
                </local_schema>
                <local_schema locale="fa" short_desc="عرض پیش‌فرض پنجره‌ی پیغام">
                </local_schema>
                <local_schema locale="dz" short_desc="འཕྲིན་དོན་སྒོ་སྒྲིག་གི་ སྔོན་སྒྲིག་རྒྱ་ཚད།">
                        <longdesc>འཕྲིན་དོན་ ཝིན་ཌོ་གི་ སྔོན་སྒྲིག་ རྒྱ་ཚད། </longdesc>
                </local_schema>
                <local_schema locale="cs" short_desc="Výchozí šířka okna zprávy">
                        <longdesc>Výchozí šířka okna zprávy.</longdesc>
                </local_schema>
                <local_schema locale="th" short_desc="ความกว้างปริยายของหน้าต่างข้อความ">
                        <longdesc>ความกว้างปริยายของหน้าต่างข้อความ</longdesc>
                </local_schema>
        </entry>
</gconf>
