<?xml version="1.0"?>
<mime-type xmlns="http://www.freedesktop.org/standards/shared-mime-info" type="audio/ac3"><!--Created automatically by update-mime-database. DO NOT EDIT!--><comment>Dolby Digital audio</comment><comment xml:lang="az">Dolby Digital audio</comment><comment xml:lang="bg">&#x410;&#x443;&#x434;&#x438;&#x43E; &#x444;&#x430;&#x439;&#x43B;, &#x444;&#x43E;&#x440;&#x43C;&#x430;&#x442; Dolby Digital</comment><comment xml:lang="cs">Zvuk Dolby Digital</comment><comment xml:lang="cy">Sain Dolby Digital</comment><comment xml:lang="de">Dolby Digital-Audio</comment><comment xml:lang="el">&#x3C8;&#x3B7;&#x3C6;&#x3B9;&#x3B1;&#x3BA;&#x3CC;&#x3C2; &#x389;&#x3C7;&#x3BF;&#x3C2; Dolby</comment><comment xml:lang="eo">a&#x16D;dio en Dolby Digital</comment><comment xml:lang="es">Audio Dolby Digital</comment><comment xml:lang="eu">Dolby audio digitala</comment><comment xml:lang="fi">Dolby Digital -&#xE4;&#xE4;ni</comment><comment xml:lang="fr">audio Dolby Digital audio</comment><comment xml:lang="hu">Dolby Digital hang</comment><comment xml:lang="it">Audio Dolby Digital</comment><comment xml:lang="ja">&#x30C9;&#x30EB;&#x30D3;&#x30FC;&#x30C7;&#x30B8;&#x30BF;&#x30EB;&#x30AA;&#x30FC;&#x30C7;&#x30A3;&#x30AA;</comment><comment xml:lang="ko">&#xB3CC;&#xBE44; &#xB514;&#xC9C0;&#xD138; &#xC624;&#xB514;&#xC624;</comment><comment xml:lang="ms">Audio Digital Dolby</comment><comment xml:lang="nb">Dolby digital lyd</comment><comment xml:lang="nl">Dolby Digital-geluid</comment><comment xml:lang="nn">Dolby Digital lyd</comment><comment xml:lang="no">Dolby digital lyd</comment><comment xml:lang="pl">Plik d&#x17A;wi&#x119;kowy Dolby Digital</comment><comment xml:lang="pt">&#xE1;udio Dolby Digital</comment><comment xml:lang="pt_BR">&#xC1;udio Dolby Digital</comment><comment xml:lang="sq">Audio Dolby Digital</comment><comment xml:lang="sr">&#x414;&#x438;&#x433;&#x438;&#x442;&#x430;&#x43B;&#x43D;&#x438; Dolby &#x437;&#x432;&#x443;&#x447;&#x43D;&#x438; &#x437;&#x430;&#x43F;&#x438;&#x441;</comment><comment xml:lang="sv">Dolby Digital-ljud</comment><comment xml:lang="uk">&#x417;&#x432;&#x443;&#x43A; Dolby Digital</comment><comment xml:lang="zh_CN">&#x675C;&#x6BD4;&#x6570;&#x5B57;&#x97F3;&#x9891;</comment></mime-type>
