<?xml version="1.0"?>
<mime-type xmlns="http://www.freedesktop.org/standards/shared-mime-info" type="audio/basic"><!--Created automatically by update-mime-database. DO NOT EDIT!--><comment>ULAW (Sun) audio</comment><comment xml:lang="az">ULAW (Sun) audio fayl&#x131;</comment><comment xml:lang="bg">&#x410;&#x443;&#x434;&#x438;&#x43E; &#x444;&#x430;&#x439;&#x43B;, &#x444;&#x43E;&#x440;&#x43C;&#x430;&#x442; ULAW&#xB7;(Sun)</comment><comment xml:lang="cs">Zvuk ULAW (Sun)</comment><comment xml:lang="cy">Sain ULAW (Sun)</comment><comment xml:lang="de">ULAW (Sun)-Audio</comment><comment xml:lang="el">&#x3AE;&#x3C7;&#x3BF;&#x3C2; ULAW (Sun)</comment><comment xml:lang="eo">ULAW-a&#x16D;dio (Sun)</comment><comment xml:lang="es">Audio ULAW (Sun)</comment><comment xml:lang="eu">ULAW (sun) audioa</comment><comment xml:lang="fi">ULAW (Sun) -&#xE4;&#xE4;ni</comment><comment xml:lang="fr">ULAW (Sun) audio</comment><comment xml:lang="hu">ULAW (Sun) hang</comment><comment xml:lang="it">Audio ULAW (Sun)</comment><comment xml:lang="ja">ULAW (Sun) &#x30AA;&#x30FC;&#x30C7;&#x30A3;&#x30AA;</comment><comment xml:lang="ko">ULAW (Sun) &#xC624;&#xB514;&#xC624;</comment><comment xml:lang="ms">Audio ULAW (Sun)</comment><comment xml:lang="nb">ULAW-lyd (Sun)</comment><comment xml:lang="nl">ULAW (Sun) geluid</comment><comment xml:lang="nn">ULAW (Sun)-lyd</comment><comment xml:lang="no">ULAW-lyd (Sun)</comment><comment xml:lang="pl">Plik d&#x17A;wi&#x119;kowy ULAW (Sun)</comment><comment xml:lang="pt">&#xE1;udio ULAW (Sun)</comment><comment xml:lang="pt_BR">&#xC1;udio ULAW (Sun)</comment><comment xml:lang="sq">Audio ULAW (Sun)</comment><comment xml:lang="sr">ULAW (Sun) &#x437;&#x432;&#x443;&#x447;&#x43D;&#x438; &#x437;&#x430;&#x43F;&#x438;&#x441;</comment><comment xml:lang="sv">ULAW-ljud (Sun)</comment><comment xml:lang="uk">&#x417;&#x432;&#x443;&#x43A; ULAW (Sun)</comment><comment xml:lang="zh_CN">ULAW (Sun) &#x97F3;&#x9891;</comment></mime-type>
