<?xml version="1.0"?>
<mime-type xmlns="http://www.freedesktop.org/standards/shared-mime-info" type="audio/midi"><!--Created automatically by update-mime-database. DO NOT EDIT!--><alias type="audio/x-midi"/><comment>MIDI audio</comment><comment xml:lang="az">MIDI audio fayl&#x131;</comment><comment xml:lang="bg">&#x410;&#x443;&#x434;&#x438;&#x43E; &#x444;&#x430;&#x439;&#x43B;, &#x444;&#x43E;&#x440;&#x43C;&#x430;&#x442; MIDI</comment><comment xml:lang="cs">Zvuk MIDI</comment><comment xml:lang="cy">Sain MIDI</comment><comment xml:lang="de">MIDI-Audio</comment><comment xml:lang="el">&#x3AE;&#x3C7;&#x3BF;&#x3C2; MIDI</comment><comment xml:lang="eo">MIDI-a&#x16D;dio</comment><comment xml:lang="es">Audio MIDI</comment><comment xml:lang="eu">MIDI audioa</comment><comment xml:lang="fi">MIDI-&#xE4;&#xE4;ni</comment><comment xml:lang="fr">audio MIDI</comment><comment xml:lang="hu">MIDI-hang</comment><comment xml:lang="it">Audio MIDI</comment><comment xml:lang="ja">MIDI &#x30AA;&#x30FC;&#x30C7;&#x30A3;&#x30AA;</comment><comment xml:lang="ko">&#xBBF8;&#xB514; &#xC624;&#xB514;&#xC624;</comment><comment xml:lang="ms">Audio MIDI</comment><comment xml:lang="nb">MIDI-lyd</comment><comment xml:lang="nl">MIDI-geluid</comment><comment xml:lang="nn">MIDI-lyd</comment><comment xml:lang="no">MIDI-lyd</comment><comment xml:lang="pl">Plik d&#x17A;wi&#x119;kowy MIDI</comment><comment xml:lang="pt">&#xE1;udio MIDI</comment><comment xml:lang="pt_BR">&#xC1;udio MIDI</comment><comment xml:lang="sq">Audio MIDI</comment><comment xml:lang="sr">MIDI &#x437;&#x432;&#x443;&#x447;&#x43D;&#x438; &#x437;&#x430;&#x43F;&#x438;&#x441;</comment><comment xml:lang="sv">MIDI-ljud</comment><comment xml:lang="uk">&#x417;&#x432;&#x443;&#x43A; MIDI</comment><comment xml:lang="zh_CN">MIDI &#x97F3;&#x9891;</comment></mime-type>
