<?xml version="1.0"?>
<mime-type xmlns="http://www.freedesktop.org/standards/shared-mime-info" type="audio/mpeg"><!--Created automatically by update-mime-database. DO NOT EDIT!--><alias type="audio/x-mp3"/><comment>MP3 audio</comment><comment xml:lang="az">MP3 audio fayl&#x131;</comment><comment xml:lang="bg">&#x410;&#x443;&#x434;&#x438;&#x43E; &#x444;&#x430;&#x439;&#x43B;, &#x444;&#x43E;&#x440;&#x43C;&#x430;&#x442; MP3</comment><comment xml:lang="cs">Zvuk MP3</comment><comment xml:lang="cy">Sain MP3</comment><comment xml:lang="de">MP3-Audio</comment><comment xml:lang="el">&#x3AE;&#x3C7;&#x3BF;&#x3C2; MP3</comment><comment xml:lang="eo">MP3-a&#x16D;dio</comment><comment xml:lang="es">Audio MP3</comment><comment xml:lang="eu">MP3 audioa</comment><comment xml:lang="fi">MP3-&#xE4;&#xE4;ni</comment><comment xml:lang="fr">audio MP3</comment><comment xml:lang="hu">MP3-hang</comment><comment xml:lang="it">Audio MP3</comment><comment xml:lang="ja">MP3 &#x30AA;&#x30FC;&#x30C7;&#x30A3;&#x30AA;</comment><comment xml:lang="ko">MP3 &#xC624;&#xB514;&#xC624;</comment><comment xml:lang="ms">Audio MP3</comment><comment xml:lang="nb">MP3-lyd</comment><comment xml:lang="nl">MP3-geluid</comment><comment xml:lang="nn">MP3-lyd</comment><comment xml:lang="no">MP3-lyd</comment><comment xml:lang="pl">Plik d&#x17A;wi&#x119;kowy MP3</comment><comment xml:lang="pt">&#xE1;udio MP3</comment><comment xml:lang="pt_BR">&#xC1;udio MP3</comment><comment xml:lang="ru">MP3 &#x430;&#x443;&#x434;&#x438;&#x43E;</comment><comment xml:lang="sq">Audio MP3</comment><comment xml:lang="sr">MP3 &#x437;&#x432;&#x443;&#x447;&#x43D;&#x438; &#x437;&#x430;&#x43F;&#x438;&#x441;</comment><comment xml:lang="sv">MP3-ljud</comment><comment xml:lang="uk">&#x417;&#x432;&#x443;&#x43A; MP3</comment><comment xml:lang="zh_CN">MP3 &#x97F3;&#x9891;</comment></mime-type>
