<?xml version="1.0"?>
<mime-type xmlns="http://www.freedesktop.org/standards/shared-mime-info" type="audio/prs.sid"><!--Created automatically by update-mime-database. DO NOT EDIT!--><comment>Commodore 64 audio</comment><comment xml:lang="bg">&#x410;&#x443;&#x434;&#x438;&#x43E; &#x444;&#x430;&#x439;&#x43B;, &#x444;&#x43E;&#x440;&#x43C;&#x430;&#x442; Commodore 64</comment><comment xml:lang="cs">Zvuk Commodore 64</comment><comment xml:lang="de">Commodore 64-Audio</comment><comment xml:lang="el">&#x3AE;&#x3C7;&#x3BF;&#x3C2; Commodore 64</comment><comment xml:lang="eo">a&#x16D;dio de Commodore 64</comment><comment xml:lang="es">Audio de Commodore 64</comment><comment xml:lang="eu">Commodore 64 Audioa</comment><comment xml:lang="fi">Commodore 64 -&#xE4;&#xE4;ni</comment><comment xml:lang="fr">audio Commodore 64</comment><comment xml:lang="hu">Commodore 64-hang</comment><comment xml:lang="it">Audio Commodore 64</comment><comment xml:lang="ja">Commodore 64 &#x30AA;&#x30FC;&#x30C7;&#x30A3;&#x30AA;</comment><comment xml:lang="ko">Commodore 64 &#xC624;&#xB514;&#xC624;</comment><comment xml:lang="ms">Audio Commodore 64</comment><comment xml:lang="nb">Commodore 64-lyd</comment><comment xml:lang="nl">Commodore 64-geluid</comment><comment xml:lang="nn">Commodore 64-lyd</comment><comment xml:lang="no">Commodore 64-lyd</comment><comment xml:lang="pl">Plik d&#x17A;wi&#x119;kowy Commodore 64</comment><comment xml:lang="pt">&#xE1;udio Commodore 64</comment><comment xml:lang="pt_BR">&#xC1;udio Commodore 64</comment><comment xml:lang="sq">Audio Commodore 64</comment><comment xml:lang="sr">&#x41A;&#x43E;&#x43C;&#x43E;&#x434;&#x43E;&#x440; 64 &#x437;&#x432;&#x443;&#x447;&#x43D;&#x438; &#x437;&#x430;&#x43F;&#x438;&#x441;</comment><comment xml:lang="sv">Commodore 64-ljud</comment><comment xml:lang="uk">&#x417;&#x432;&#x443;&#x43A; Commodore 64</comment><comment xml:lang="zh_CN">Commodore 64 &#x97F3;&#x9891;</comment></mime-type>
