<?xml version="1.0"?>
<mime-type xmlns="http://www.freedesktop.org/standards/shared-mime-info" type="audio/x-adpcm"><!--Created automatically by update-mime-database. DO NOT EDIT!--><comment>PCM audio</comment><comment xml:lang="az">PCM audio fayl&#x131;</comment><comment xml:lang="bg">&#x410;&#x443;&#x434;&#x438;&#x43E; &#x444;&#x430;&#x439;&#x43B;, &#x444;&#x43E;&#x440;&#x43C;&#x430;&#x442; PCM</comment><comment xml:lang="cs">Zvuk PCM</comment><comment xml:lang="cy">Sain PCM</comment><comment xml:lang="de">PCM-Audio</comment><comment xml:lang="el">&#x3AE;&#x3C7;&#x3BF;&#x3C2; PCM</comment><comment xml:lang="eo">PCM-a&#x16D;dio</comment><comment xml:lang="es">Audio PCM</comment><comment xml:lang="eu">PCM audioa</comment><comment xml:lang="fi">PCM-&#xE4;&#xE4;ni</comment><comment xml:lang="fr">audio PCM</comment><comment xml:lang="hu">PCM-hang</comment><comment xml:lang="it">Audio PCM</comment><comment xml:lang="ja">PCM &#x30AA;&#x30FC;&#x30C7;&#x30A3;&#x30AA;</comment><comment xml:lang="ko">PCM &#xC624;&#xB514;&#xC624;</comment><comment xml:lang="ms">Audio PCM</comment><comment xml:lang="nb">PCM-lyd</comment><comment xml:lang="nl">PCM-geluid</comment><comment xml:lang="nn">PCM-lyd</comment><comment xml:lang="no">PCM-lyd</comment><comment xml:lang="pl">Plik d&#x17A;wi&#x119;kowy PCM</comment><comment xml:lang="pt">&#xE1;udio PCM</comment><comment xml:lang="pt_BR">&#xC1;udio PCM</comment><comment xml:lang="sq">Audio PCM</comment><comment xml:lang="sr">PCM &#x437;&#x432;&#x443;&#x447;&#x43D;&#x438; &#x437;&#x430;&#x43F;&#x438;&#x441;</comment><comment xml:lang="sv">PCM-ljud</comment><comment xml:lang="uk">&#x417;&#x432;&#x443;&#x43A; PCM</comment><comment xml:lang="zh_CN">PCM &#x97F3;&#x9891;</comment></mime-type>
