<?xml version="1.0"?>
<mime-type xmlns="http://www.freedesktop.org/standards/shared-mime-info" type="audio/x-aiff"><!--Created automatically by update-mime-database. DO NOT EDIT!--><comment>AIFF/Amiga/Mac audio</comment><comment xml:lang="az">AIFF/Amiga/Mac audio fayl&#x131;</comment><comment xml:lang="bg">&#x410;&#x443;&#x434;&#x438;&#x43E; &#x444;&#x430;&#x439;&#x43B;, &#x444;&#x43E;&#x440;&#x43C;&#x430;&#x442; AIFF/Amiga/Mac</comment><comment xml:lang="cs">Zvuk AIFF/Amiga/Mac</comment><comment xml:lang="cy">Sain AIFF/Amiga/Mac</comment><comment xml:lang="de">AIFF/Amiga/Mac-Audio</comment><comment xml:lang="el">&#x3AE;&#x3C7;&#x3BF;&#x3C2; AIFF/Amiga/Mac</comment><comment xml:lang="eo">AIFF/Amiga/Mac-a&#x16D;dio</comment><comment xml:lang="es">Audio AIFF/Amiga/Mac</comment><comment xml:lang="eu">AIFF/Amiga/Mac audioa</comment><comment xml:lang="fi">AIFF/Amiga/Mac-&#xE4;&#xE4;ni</comment><comment xml:lang="fr">audio AIFF/Amiga/Mac</comment><comment xml:lang="hu">AIFF/Amiga/Mac-hang</comment><comment xml:lang="ja">AIFF/Amiga/Mac &#x30AA;&#x30FC;&#x30C7;&#x30A3;&#x30AA;</comment><comment xml:lang="ko">AIFF/Amiga/Mac &#xC624;&#xB514;&#xC624;</comment><comment xml:lang="ms">Audio AIFF/Amiga/Mac</comment><comment xml:lang="nb">AIFF/Amiga/Mac-lyd</comment><comment xml:lang="nl">AIFF/Amiga/Mac-geluid</comment><comment xml:lang="nn">AIFF/Amiga/Mac-lyd</comment><comment xml:lang="no">AIFF/Amiga/Mac-lyd</comment><comment xml:lang="pl">Plik d&#x17A;wi&#x119;kowy AIFF/Amiga/Mac</comment><comment xml:lang="pt">&#xE1;udio AIFF/Amiga/Mac</comment><comment xml:lang="pt_BR">&#xC1;udio AIFF/Amiga/Mac</comment><comment xml:lang="sq">Audio AIFF/Amiga/Mac</comment><comment xml:lang="sr">AIFF/&#x410;&#x43C;&#x438;&#x433;&#x430;/&#x41C;&#x435;&#x43A;&#x438;&#x43D;&#x442;&#x43E;&#x448; &#x437;&#x432;&#x443;&#x447;&#x43D;&#x438; &#x437;&#x430;&#x43F;&#x438;&#x441;</comment><comment xml:lang="sv">AIFF/Amiga/Mac-ljud</comment><comment xml:lang="uk">&#x417;&#x432;&#x443;&#x43A; AIFF/Amiga/Mac</comment><comment xml:lang="zh_CN">AIFF/Amiga/Mac &#x97F3;&#x9891;</comment></mime-type>
