<?xml version="1.0"?>
<mime-type xmlns="http://www.freedesktop.org/standards/shared-mime-info" type="audio/x-aiffc"><!--Created automatically by update-mime-database. DO NOT EDIT!--><comment>AIFF audio</comment><comment xml:lang="az">AIFF audio fayl&#x131;</comment><comment xml:lang="bg">&#x410;&#x443;&#x434;&#x438;&#x43E; &#x444;&#x430;&#x439;&#x43B;, &#x444;&#x43E;&#x440;&#x43C;&#x430;&#x442; AIFF</comment><comment xml:lang="cs">Zvuk AIFF</comment><comment xml:lang="cy">Sain AIFF</comment><comment xml:lang="de">AIFF-Audio</comment><comment xml:lang="el">&#x389;&#x3C7;&#x3BF;&#x3C2; AIFF</comment><comment xml:lang="eo">AIFF-a&#x16D;dio</comment><comment xml:lang="es">Audio AIFF</comment><comment xml:lang="eu">AIFF audioa</comment><comment xml:lang="fi">AIFF-&#xE4;&#xE4;ni</comment><comment xml:lang="fr">audio AIFF</comment><comment xml:lang="hu">AIFF-hang</comment><comment xml:lang="it">Audio AIFF</comment><comment xml:lang="ja">AIFF &#x30AA;&#x30FC;&#x30C7;&#x30A3;&#x30AA;</comment><comment xml:lang="ko">AIFF &#xC624;&#xB514;&#xC624;</comment><comment xml:lang="ms">Audio AIFF</comment><comment xml:lang="nb">AIFF-lyd</comment><comment xml:lang="nl">AIFF-geluid</comment><comment xml:lang="nn">AIFF-lyd</comment><comment xml:lang="no">AIFF-lyd</comment><comment xml:lang="pl">Plik d&#x17A;wi&#x119;kowy AIFF</comment><comment xml:lang="pt">&#xE1;udio AIFF</comment><comment xml:lang="pt_BR">&#xC1;udio AIFF</comment><comment xml:lang="sq">Audio AIFF</comment><comment xml:lang="sr">AIFF &#x437;&#x432;&#x443;&#x447;&#x43D;&#x438; &#x437;&#x430;&#x43F;&#x438;&#x441;</comment><comment xml:lang="sv">AIFF-ljud</comment><comment xml:lang="uk">&#x417;&#x432;&#x443;&#x43A; AIFF</comment><comment xml:lang="zh_CN">AIFF &#x97F3;&#x9891;</comment></mime-type>
