<?xml version="1.0"?>
<mime-type xmlns="http://www.freedesktop.org/standards/shared-mime-info" type="audio/x-aifc"><!--Created automatically by update-mime-database. DO NOT EDIT!--><comment>AIFC audio</comment><comment xml:lang="az">AIFC audio fayl&#x131;</comment><comment xml:lang="bg">&#x410;&#x443;&#x434;&#x438;&#x43E; &#x444;&#x430;&#x439;&#x43B;, &#x444;&#x43E;&#x440;&#x43C;&#x430;&#x442; AIFC</comment><comment xml:lang="cs">Zvuk AIFC</comment><comment xml:lang="cy">Sain AIFC</comment><comment xml:lang="de">AIFC-Audio</comment><comment xml:lang="el">&#x3AE;&#x3C7;&#x3BF;&#x3C2; AIFC</comment><comment xml:lang="eo">AIFC-a&#x16D;dio</comment><comment xml:lang="es">Audio AIFC</comment><comment xml:lang="eu">AIFC audioa</comment><comment xml:lang="fi">AIFC-&#xE4;&#xE4;ni</comment><comment xml:lang="fr">audio AIFC</comment><comment xml:lang="hu">AIFC-hang</comment><comment xml:lang="it">Audio AIFC</comment><comment xml:lang="ja">AIFC &#x30AA;&#x30FC;&#x30C7;&#x30A3;&#x30AA;</comment><comment xml:lang="ko">AIFC &#xC624;&#xB514;&#xC624;</comment><comment xml:lang="ms">Audio AIFC</comment><comment xml:lang="nb">AIFC-lyd</comment><comment xml:lang="nl">AIFC-geluid</comment><comment xml:lang="nn">AIFC-lyd</comment><comment xml:lang="no">AIFC-lyd</comment><comment xml:lang="pl">Plik d&#x17A;wi&#x119;kowy AIFC</comment><comment xml:lang="pt">&#xE1;udio AIFC</comment><comment xml:lang="pt_BR">&#xC1;udio AIFC</comment><comment xml:lang="sq">Audio AIFC</comment><comment xml:lang="sr">AIFC &#x437;&#x432;&#x443;&#x447;&#x43D;&#x438; &#x437;&#x430;&#x43F;&#x438;&#x441;</comment><comment xml:lang="sv">AIFC-ljud</comment><comment xml:lang="uk">&#x417;&#x432;&#x443;&#x43A; AIFC</comment><comment xml:lang="zh_CN">AIFC &#x97F3;&#x9891;</comment></mime-type>
