<?xml version="1.0"?>
<mime-type xmlns="http://www.freedesktop.org/standards/shared-mime-info" type="audio/x-flac"><!--Created automatically by update-mime-database. DO NOT EDIT!--><comment>FLAC audio</comment><comment xml:lang="bg">&#x410;&#x443;&#x434;&#x438;&#x43E; &#x444;&#x430;&#x439;&#x43B;, &#x444;&#x43E;&#x440;&#x43C;&#x430;&#x442; FLAC</comment><comment xml:lang="cs">Zvuk FLAC</comment><comment xml:lang="de">FLAC-Audio</comment><comment xml:lang="el">&#x389;&#x3C7;&#x3BF;&#x3C2; FLAC</comment><comment xml:lang="eo">FLAC-a&#x16D;dio</comment><comment xml:lang="es">Audio FLAC</comment><comment xml:lang="eu">FLAC audioa</comment><comment xml:lang="fi">FLAC-&#xE4;&#xE4;ni</comment><comment xml:lang="fr">audio FLAC</comment><comment xml:lang="hu">FLAC-hang</comment><comment xml:lang="it">Audio FLAC</comment><comment xml:lang="ja">FLAC &#x30AA;&#x30FC;&#x30C7;&#x30A3;&#x30AA;</comment><comment xml:lang="ko">FLAC &#xC624;&#xB514;&#xC624;</comment><comment xml:lang="ms">Audio FLAC</comment><comment xml:lang="nb">FLAC-lyd</comment><comment xml:lang="nl">FLAC-geluid</comment><comment xml:lang="nn">FLAC-lyd</comment><comment xml:lang="no">FLAC-lyd</comment><comment xml:lang="pl">Plik d&#x17A;wi&#x119;kowy FLAC</comment><comment xml:lang="pt">&#xE1;udio FLAC</comment><comment xml:lang="pt_BR">&#xC1;udio FLAC</comment><comment xml:lang="ru">FLAC &#x430;&#x443;&#x434;&#x438;&#x43E;</comment><comment xml:lang="sq">Audio FLAC</comment><comment xml:lang="sr">FLAC &#x437;&#x432;&#x443;&#x447;&#x43D;&#x438; &#x437;&#x430;&#x43F;&#x438;&#x441;</comment><comment xml:lang="sv">FLAC-ljud</comment><comment xml:lang="uk">&#x417;&#x432;&#x443;&#x43A; FLAC</comment><comment xml:lang="zh_CN">FLAC &#x97F3;&#x9891;</comment></mime-type>
