<?xml version="1.0"?>
<mime-type xmlns="http://www.freedesktop.org/standards/shared-mime-info" type="audio/x-it"><!--Created automatically by update-mime-database. DO NOT EDIT!--><comment>Impulse Tracker audio</comment><comment xml:lang="az">Impulse Tracker audio fayl&#x131;</comment><comment xml:lang="bg">&#x410;&#x443;&#x434;&#x438;&#x43E; &#x444;&#x430;&#x439;&#x43B;, &#x444;&#x43E;&#x440;&#x43C;&#x430;&#x442; Impulse Tracker</comment><comment xml:lang="cs">Zvuk Impulse Tracker</comment><comment xml:lang="cy">Sain Impulse Tracker</comment><comment xml:lang="de">Impulse Tracker-Audio</comment><comment xml:lang="el">&#x3AE;&#x3C7;&#x3BF;&#x3C2; Impulse Tracker</comment><comment xml:lang="eo">a&#x16D;dio de Impulse Tracker</comment><comment xml:lang="es">Audio Impulse Tracker</comment><comment xml:lang="eu">Impulse Tracker audioa</comment><comment xml:lang="fi">Impulse Tracker -&#xE4;&#xE4;ni</comment><comment xml:lang="fr">audio Impulse Tracker</comment><comment xml:lang="hu">Impulse Tracker hang</comment><comment xml:lang="it">Audio Impulse Tracker</comment><comment xml:lang="ja">Impulse Tracker &#x30AA;&#x30FC;&#x30C7;&#x30A3;&#x30AA;</comment><comment xml:lang="ko">Impulse Tracker &#xC624;&#xB514;&#xC624;</comment><comment xml:lang="ms">Audio Impulse Tracker</comment><comment xml:lang="nb">Impulse Tracker-lyd</comment><comment xml:lang="nl">Impulse Tracker-geluid</comment><comment xml:lang="nn">Impulse Tracker lyd</comment><comment xml:lang="no">Impulse Tracker-lyd</comment><comment xml:lang="pl">Plik d&#x17A;wi&#x119;kowy Impulse Trackera</comment><comment xml:lang="pt">&#xE1;udio Impulse Tracker</comment><comment xml:lang="pt_BR">&#xC1;udio Impulse Tracker</comment><comment xml:lang="sq">Audio Impulse Tracker</comment><comment xml:lang="sr">Impulse Tracker &#x437;&#x432;&#x443;&#x447;&#x43D;&#x438; &#x437;&#x430;&#x43F;&#x438;&#x441;</comment><comment xml:lang="sv">Impulse Tracker-ljud</comment><comment xml:lang="uk">&#x417;&#x432;&#x443;&#x43A; Impulse Tracker</comment><comment xml:lang="zh_CN">Impulse Tracker &#x97F3;&#x9891;</comment></mime-type>
