<?xml version="1.0"?>
<mime-type xmlns="http://www.freedesktop.org/standards/shared-mime-info" type="audio/x-mod"><!--Created automatically by update-mime-database. DO NOT EDIT!--><comment>Amiga SoundTracker audio</comment><comment xml:lang="bg">&#x410;&#x443;&#x434;&#x438;&#x43E; &#x444;&#x430;&#x439;&#x43B;, &#x444;&#x43E;&#x440;&#x43C;&#x430;&#x442; Amiga SoundTracker</comment><comment xml:lang="cs">Zvuk Amiga SoundTracker</comment><comment xml:lang="de">Amiga SoundTracker-Audio</comment><comment xml:lang="el">&#x3AE;&#x3C7;&#x3BF;&#x3C2; Amiga SoundTracker</comment><comment xml:lang="eo">a&#x16D;dio de Amiga SoundTracker</comment><comment xml:lang="es">Audio de Amiga SoundTracker</comment><comment xml:lang="eu">Amiga soundtracker audioa</comment><comment xml:lang="fi">Amiga SoundTracker -&#xE4;&#xE4;ni</comment><comment xml:lang="fr">audio SoundTracker Amiga</comment><comment xml:lang="hu">Amiga SoundTracker hang</comment><comment xml:lang="it">Audio SoundTracker Amiga</comment><comment xml:lang="ja">Amiga SoundTracker &#x30AA;&#x30FC;&#x30C7;&#x30A3;&#x30AA;</comment><comment xml:lang="ko">Amiga SoundTracker &#xC624;&#xB514;&#xC624;</comment><comment xml:lang="ms">Audio Amiga Soundtracker</comment><comment xml:lang="nb">Amiga SoundTracker-lyd</comment><comment xml:lang="nl">Amiga SoundTracker-geluid</comment><comment xml:lang="nn">Amiga soundtracker-lyd</comment><comment xml:lang="no">Amiga SoundTracker-lyd</comment><comment xml:lang="pl">Plik d&#x17A;wi&#x119;kowy Amiga SoundTracker</comment><comment xml:lang="pt">&#xE1;udio SoundTracker do Amiga</comment><comment xml:lang="pt_BR">&#xC1;udio Amiga SoundTracker</comment><comment xml:lang="sq">Audio Amiga SoundTracker</comment><comment xml:lang="sr">&#x410;&#x43C;&#x438;&#x433;&#x430; soundtracker &#x437;&#x432;&#x443;&#x43A;</comment><comment xml:lang="sv">Amiga SoundTracker-ljud</comment><comment xml:lang="uk">&#x417;&#x432;&#x443;&#x43A; Amiga SoundTracker</comment><comment xml:lang="zh_CN">Amiga SoundTracker &#x97F3;&#x9891;</comment></mime-type>
