<?xml version="1.0"?>
<mime-type xmlns="http://www.freedesktop.org/standards/shared-mime-info" type="audio/x-mp3-playlist"><!--Created automatically by update-mime-database. DO NOT EDIT!--><comment>MP3 playlist</comment><comment xml:lang="bg">&#x421;&#x43F;&#x438;&#x441;&#x44A;&#x43A; &#x441;&#x44A;&#x441; &#x437;&#x432;&#x443;&#x446;&#x438;, MP3</comment><comment xml:lang="cs">Seznam skladeb MP3</comment><comment xml:lang="de">MP3-Wiedergabeliste</comment><comment xml:lang="el">&#x39B;&#x3AF;&#x3C3;&#x3C4;&#x3B1; &#x3B1;&#x3BD;&#x3B1;&#x3C0;&#x3B1;&#x3C1;&#x3B1;&#x3B3;&#x3C9;&#x3B3;&#x3AE;&#x3C2; MP3</comment><comment xml:lang="eo">MP3-leglisto</comment><comment xml:lang="es">Lista de reproducci&#xF3;n MP3</comment><comment xml:lang="eu">MP3 erreprodukzio-zerrenda</comment><comment xml:lang="fi">MP3-soittolista</comment><comment xml:lang="fr">liste d'&#xE9;coute MP3</comment><comment xml:lang="hu">MP3-lej&#xE1;tsz&#xF3;lista</comment><comment xml:lang="it">Scaletta MP3</comment><comment xml:lang="ja">MP3 &#x6F14;&#x594F;&#x30EA;&#x30B9;&#x30C8;</comment><comment xml:lang="ko">MP3 &#xC5F0;&#xC8FC;&#xBAA9;&#xB85D;</comment><comment xml:lang="ms">Senaraimain MP3</comment><comment xml:lang="nb">MP3-spilleliste</comment><comment xml:lang="nl">MP3-afspeellijst</comment><comment xml:lang="nn">MP3-speleliste</comment><comment xml:lang="no">MP3-spilleliste</comment><comment xml:lang="pl">Lista odtwarzania MP3</comment><comment xml:lang="pt">lista de reprodu&#xE7;&#xE3;o de MP3</comment><comment xml:lang="pt_BR">Lista de Reprodu&#xE7;&#xE3;o MP3</comment><comment xml:lang="sq">List&#xEB; titujsh MP3</comment><comment xml:lang="sr">MP3 &#x441;&#x43F;&#x438;&#x441;&#x430;&#x43A; &#x43F;&#x435;&#x441;&#x430;&#x43C;&#x430;</comment><comment xml:lang="sv">MP3-spellista</comment><comment xml:lang="uk">&#x421;&#x43F;&#x438;&#x441;&#x43E;&#x43A; &#x43F;&#x440;&#x43E;&#x433;&#x440;&#x430;&#x432;&#x430;&#x43D;&#x43D;&#x44F; MP3</comment><comment xml:lang="zh_CN">MP3 &#x64AD;&#x653E;&#x5217;&#x8868;</comment></mime-type>
