<?xml version="1.0"?>
<mime-type xmlns="http://www.freedesktop.org/standards/shared-mime-info" type="audio/x-mpegurl"><!--Created automatically by update-mime-database. DO NOT EDIT!--><comment>MP3 audio (streamed)</comment><comment xml:lang="bg">&#x410;&#x443;&#x434;&#x438;&#x43E; &#x444;&#x430;&#x439;&#x43B;, &#x444;&#x43E;&#x440;&#x43C;&#x430;&#x442; MP3, &#x43F;&#x43E;&#x442;&#x43E;&#x447;&#x435;&#x43D;</comment><comment xml:lang="cs">Zvuk MP3 (stream)</comment><comment xml:lang="de">MP3-Audio (Stream)</comment><comment xml:lang="el">&#x3AE;&#x3C7;&#x3BF;&#x3C2; MP3 (&#x3B5;&#x3BA;&#x3C0;&#x3B5;&#x3BC;&#x3C0;&#x3CC;&#x3BC;&#x3B5;&#x3BD;&#x3BF;&#x3C2;)</comment><comment xml:lang="eo">MP3-a&#x16D;dio (flui&#x11D;ata)</comment><comment xml:lang="es">Audio MP3 (en flujo)</comment><comment xml:lang="eu">MP3 audioa (korrontea)</comment><comment xml:lang="fi">MP3-&#xE4;&#xE4;ni (virtaus)</comment><comment xml:lang="fr">audio MP3 (en stream)</comment><comment xml:lang="hu">MP3-hang (sug&#xE1;rzott)</comment><comment xml:lang="ja">MP3 &#x30AA;&#x30FC;&#x30C7;&#x30A3;&#x30AA; (&#x30B9;&#x30C8;&#x30EA;&#x30FC;&#x30E0;)</comment><comment xml:lang="ko">MP3 &#xC624;&#xB514;&#xC624; (&#xC2A4;&#xD2B8;&#xB9BC;)</comment><comment xml:lang="ms">Audio MP3 (aliran)</comment><comment xml:lang="nb">MP3-lyd (streaming)</comment><comment xml:lang="nl">MP3-geluid (gestroomd)</comment><comment xml:lang="nn">Strauma MP3-lyd</comment><comment xml:lang="no">MP3-lyd (streaming)</comment><comment xml:lang="pl">D&#x17A;wi&#x119;k MP3 (strumie&#x144;)</comment><comment xml:lang="pt">&#xE1;udio MP3 (em fluxo)</comment><comment xml:lang="pt_BR">&#xC1;udio MP3 (em fluxo)</comment><comment xml:lang="sq">Audio MP3 (streamed)</comment><comment xml:lang="sr">MP3 &#x437;&#x432;&#x443;&#x447;&#x43D;&#x438; &#x437;&#x430;&#x43F;&#x438;&#x441; (&#x43D;&#x435;&#x43F;&#x440;&#x435;&#x43A;&#x438;&#x434;&#x430;&#x43D;)</comment><comment xml:lang="sv">MP3-ljud (fl&#xF6;de)</comment><comment xml:lang="uk">&#x417;&#x432;&#x443;&#x43A; MP3 (&#x43F;&#x43E;&#x442;&#x43E;&#x43A;&#x43E;&#x432;&#x438;&#x439;)</comment><comment xml:lang="zh_CN">MP3 &#x6D41;&#x5F0F;&#x97F3;&#x9891;</comment></mime-type>
