<?xml version="1.0"?>
<mime-type xmlns="http://www.freedesktop.org/standards/shared-mime-info" type="audio/x-ms-asx"><!--Created automatically by update-mime-database. DO NOT EDIT!--><comment>Playlist</comment><comment xml:lang="az">&#xC7;al&#x11F;&#x131; siyah&#x131;s&#x131;</comment><comment xml:lang="bg">&#x421;&#x43F;&#x438;&#x441;&#x44A;&#x43A; &#x441; &#x43F;&#x435;&#x441;&#x43D;&#x438;</comment><comment xml:lang="cs">Seznam skladeb</comment><comment xml:lang="cy">Rhestr Chwarae</comment><comment xml:lang="de">Wiedergabeliste</comment><comment xml:lang="el">&#x39B;&#x3AF;&#x3C3;&#x3C4;&#x3B1; &#x3B1;&#x3BD;&#x3B1;&#x3C0;&#x3B1;&#x3C1;&#x3B1;&#x3B3;&#x3C9;&#x3B3;&#x3AE;&#x3C2;</comment><comment xml:lang="eo">Leglisto</comment><comment xml:lang="es">Lista de reproducci&#xF3;n</comment><comment xml:lang="eu">Erreprodukzio-zerrenda</comment><comment xml:lang="fi">soittolista</comment><comment xml:lang="fr">Playlist</comment><comment xml:lang="hu">Lej&#xE1;tsz&#xF3;lista</comment><comment xml:lang="it">Playlist</comment><comment xml:lang="ja">&#x6F14;&#x594F;&#x30EA;&#x30B9;&#x30C8;</comment><comment xml:lang="ko">&#xC5F0;&#xC8FC;&#xBAA9;&#xB85D;</comment><comment xml:lang="ms">Senaraimain</comment><comment xml:lang="nb">Spilleliste</comment><comment xml:lang="nl">Afspeellijst</comment><comment xml:lang="nn">Speleliste</comment><comment xml:lang="no">Spilleliste</comment><comment xml:lang="pl">Lista odtwarzania</comment><comment xml:lang="pt">lista de reprodu&#xE7;&#xE3;o</comment><comment xml:lang="pt_BR">Lista de reprodu&#xE7;&#xE3;o</comment><comment xml:lang="sq">Lista e riprodhimit t&#xEB; melodive</comment><comment xml:lang="sr">&#x421;&#x43F;&#x438;&#x441;&#x430;&#x43A; &#x43F;&#x435;&#x441;&#x430;&#x43C;&#x430;</comment><comment xml:lang="sv">Spellista</comment><comment xml:lang="uk">&#x421;&#x43F;&#x438;&#x441;&#x43E;&#x43A; &#x43F;&#x440;&#x43E;&#x433;&#x440;&#x430;&#x432;&#x430;&#x43D;&#x43D;&#x44F;</comment><comment xml:lang="zh_CN">&#x64AD;&#x653E;&#x5217;&#x8868;</comment></mime-type>
