<?xml version="1.0"?>
<mime-type xmlns="http://www.freedesktop.org/standards/shared-mime-info" type="audio/x-pn-realaudio"><!--Created automatically by update-mime-database. DO NOT EDIT!--><comment>RealAudio broadcast</comment><comment xml:lang="az">RealAudio yay&#x131;m&#x131;</comment><comment xml:lang="bg">&#x415;&#x43C;&#x438;&#x441;&#x438;&#x44F;, &#x444;&#x43E;&#x440;&#x43C;&#x430;&#x442; RealAudio</comment><comment xml:lang="cs">Vys&#xED;l&#xE1;n&#xED; RealAudio</comment><comment xml:lang="cy">Darllediad RealAudio</comment><comment xml:lang="de">RealAudio-Broadcast</comment><comment xml:lang="el">&#x3AE;&#x3C7;&#x3BF;&#x3C2; &#x3B5;&#x3BA;&#x3C0;&#x3BF;&#x3BC;&#x3C0;&#x3AE;&#x3C2; RealAudio</comment><comment xml:lang="eo">RealAudio-disa&#x16D;digo</comment><comment xml:lang="es">Difusi&#xF3;n RealAudio</comment><comment xml:lang="eu">RealAudio difusioa</comment><comment xml:lang="fi">RealAudio-yleisl&#xE4;hetys</comment><comment xml:lang="fr">diffusion RealAudio</comment><comment xml:lang="hu">RealAudio-sug&#xE1;rz&#xE1;s</comment><comment xml:lang="ja">RealAudio &#x30D6;&#x30ED;&#x30FC;&#x30C9;&#x30AD;&#x30E3;&#x30B9;&#x30C8;</comment><comment xml:lang="ko">&#xB9AC;&#xC5BC;&#xC624;&#xB514;&#xC624; &#xBC29;&#xC1A1;</comment><comment xml:lang="ms">Siaran RealAudio</comment><comment xml:lang="nb">RealAudio-sending</comment><comment xml:lang="nl">RealAudio-uitzending</comment><comment xml:lang="nn">RealAudio-kringkasting</comment><comment xml:lang="no">RealAudio-sending</comment><comment xml:lang="pl">Przekaz RealAudio</comment><comment xml:lang="pt">emiss&#xE3;o RealAudio</comment><comment xml:lang="pt_BR">Transmiss&#xE3;o do RealAudio</comment><comment xml:lang="sq">Broadcast RealAudio</comment><comment xml:lang="sr">RealAudio &#x435;&#x43C;&#x438;&#x442;&#x43E;&#x432;&#x430;&#x45A;&#x435;</comment><comment xml:lang="sv">RealAudio-uts&#xE4;ndning</comment><comment xml:lang="uk">&#x420;&#x430;&#x434;&#x456;&#x43E;&#x43C;&#x43E;&#x432;&#x43B;&#x435;&#x43D;&#x43D;&#x44F; RealAudio</comment><comment xml:lang="zh_CN">RealAudio &#x5E7F;&#x64AD;</comment><alias type="audio/vnd.rn-realaudio"/></mime-type>
