<?xml version="1.0"?>
<mime-type xmlns="http://www.freedesktop.org/standards/shared-mime-info" type="audio/x-riff"><!--Created automatically by update-mime-database. DO NOT EDIT!--><comment>RIFF audio</comment><comment xml:lang="az">RIFF audio fayl&#x131;</comment><comment xml:lang="bg">&#x410;&#x443;&#x434;&#x438;&#x43E; &#x444;&#x430;&#x439;&#x43B;, &#x444;&#x43E;&#x440;&#x43C;&#x430;&#x442; RIFF</comment><comment xml:lang="cs">Zvuk RIFF</comment><comment xml:lang="cy">Sain RIFF</comment><comment xml:lang="de">RIFF-Audio</comment><comment xml:lang="el">&#x3AE;&#x3C7;&#x3BF;&#x3C2; RIFF</comment><comment xml:lang="eo">RIFF-a&#x16D;dio</comment><comment xml:lang="es">Audio RIFF</comment><comment xml:lang="eu">RIFF audioa</comment><comment xml:lang="fi">RIFF-&#xE4;&#xE4;ni</comment><comment xml:lang="fr">audio RIFF</comment><comment xml:lang="hu">RIFF-k&#xE9;p</comment><comment xml:lang="it">Audio RIFF</comment><comment xml:lang="ja">RIFF &#x30AA;&#x30FC;&#x30C7;&#x30A3;&#x30AA;</comment><comment xml:lang="ko">RIFF &#xC624;&#xB514;&#xC624;</comment><comment xml:lang="ms">Audio RIFF</comment><comment xml:lang="nb">RIFF-lyd</comment><comment xml:lang="nl">RIFF-geluid</comment><comment xml:lang="nn">RIFF-lyd</comment><comment xml:lang="no">RIFF-lyd</comment><comment xml:lang="pl">Plik d&#x17A;wi&#x119;kowy RIFF</comment><comment xml:lang="pt">&#xE1;udio RIFF</comment><comment xml:lang="pt_BR">&#xC1;udio RIFF</comment><comment xml:lang="sq">Audio RIFF</comment><comment xml:lang="sr">RIFF &#x437;&#x432;&#x443;&#x447;&#x43D;&#x438; &#x437;&#x430;&#x43F;&#x438;&#x441;</comment><comment xml:lang="sv">RIFF-ljud</comment><comment xml:lang="uk">&#x417;&#x432;&#x443;&#x43A; RIFF</comment><comment xml:lang="zh_CN">RIFF &#x97F3;&#x9891;</comment></mime-type>
