<?xml version="1.0"?>
<mime-type xmlns="http://www.freedesktop.org/standards/shared-mime-info" type="audio/x-s3m"><!--Created automatically by update-mime-database. DO NOT EDIT!--><comment>Scream Tracker 3 audio</comment><comment xml:lang="az">Scream Tracker 3 audio fayl&#x131;</comment><comment xml:lang="bg">&#x410;&#x443;&#x434;&#x438;&#x43E; &#x444;&#x430;&#x439;&#x43B;, &#x444;&#x43E;&#x440;&#x43C;&#x430;&#x442; Scream Tracker 3</comment><comment xml:lang="cs">Skladba Scream Tracker 3</comment><comment xml:lang="cy">Sain Scream Tracker 3</comment><comment xml:lang="de">Scream Tracker 3-Audio</comment><comment xml:lang="el">&#x3AE;&#x3C7;&#x3BF;&#x3C2; Scream Tracker 3</comment><comment xml:lang="eo">a&#x16D;dio de Scream Tracker 3</comment><comment xml:lang="es">Audio Scream Tracker 3</comment><comment xml:lang="eu">Scream Tracker 3 audioa</comment><comment xml:lang="fi">Scream Tracker 3 -&#xE4;&#xE4;ni</comment><comment xml:lang="fr">aiudio Scream Tracker 3</comment><comment xml:lang="hu">Scream Tracker 3-hang</comment><comment xml:lang="it">Audio Scream Tracker 3</comment><comment xml:lang="ja">Scream Tracker 3 &#x30AA;&#x30FC;&#x30C7;&#x30A3;&#x30AA;</comment><comment xml:lang="ko">Scream Tracker 3 &#xC624;&#xB514;&#xC624;</comment><comment xml:lang="ms">Audio Scream Tracker 3</comment><comment xml:lang="nb">Scream Tracker 3-lyd</comment><comment xml:lang="nl">Scream Tracker 3-geluid</comment><comment xml:lang="nn">Sream Tracker 3 lyd</comment><comment xml:lang="no">Scream Tracker 3-lyd</comment><comment xml:lang="pl">Plik d&#x17A;wi&#x119;kowy Scream Trackera 3</comment><comment xml:lang="pt">&#xE1;udio Scream Tracker 3</comment><comment xml:lang="pt_BR">&#xC1;udio Scream Tracker 3</comment><comment xml:lang="sq">Audio Scream Tracker 3</comment><comment xml:lang="sr">Scream Tracker 3 &#x437;&#x432;&#x443;&#x447;&#x43D;&#x438; &#x437;&#x430;&#x43F;&#x438;&#x441;</comment><comment xml:lang="sv">Scream Tracker 3-ljud</comment><comment xml:lang="uk">&#x417;&#x432;&#x443;&#x43A; Scream Tracker 3</comment><comment xml:lang="zh_CN">Scheme Tracker 3 &#x97F3;&#x9891;</comment></mime-type>
