<?xml version="1.0"?>
<mime-type xmlns="http://www.freedesktop.org/standards/shared-mime-info" type="audio/x-scpls"><!--Created automatically by update-mime-database. DO NOT EDIT!--><comment>MP3 ShoutCast playlist</comment><comment xml:lang="bg">&#x421;&#x43F;&#x438;&#x441;&#x44A;&#x43A; &#x441;&#x44A;&#x441; &#x437;&#x432;&#x443;&#x446;&#x438;, &#x444;&#x43E;&#x440;&#x43C;&#x430;&#x442; MP3&#xB7;ShoutCast</comment><comment xml:lang="cs">Seznam skladeb MP3 ShoutCast</comment><comment xml:lang="de">MP3-ShoutCast-Wiedergabeliste</comment><comment xml:lang="el">&#x39B;&#x3AF;&#x3C3;&#x3C4;&#x3B1; &#x3B1;&#x3BD;&#x3B1;&#x3C0;&#x3B1;&#x3C1;&#x3B1;&#x3B3;&#x3C9;&#x3B3;&#x3AE;&#x3C2; MP3 ShoutCast</comment><comment xml:lang="eo">MP3-leglisto de ShoutCast</comment><comment xml:lang="es">Lista de reproducci&#xF3;n MP3 ShoutCast</comment><comment xml:lang="eu">MP3 ShoutCast erreprodukzio-zerrenda</comment><comment xml:lang="fi">MP3 ShoutCast -soittolista</comment><comment xml:lang="fr">list d'&#xE9;coute MP3 ShoutCast</comment><comment xml:lang="hu">MP3 ShoutCast-lej&#xE1;tsz&#xF3;lista</comment><comment xml:lang="it">Scaletta MP3 ShoutCast</comment><comment xml:lang="ja">MP3 ShoutCast &#x6F14;&#x594F;&#x30EA;&#x30B9;&#x30C8;</comment><comment xml:lang="ko">MP3 ShoutCast &#xC5F0;&#xC8FC;&#xBAA9;&#xB85D;</comment><comment xml:lang="ms">Senaraimain ShoutCast MP3</comment><comment xml:lang="nb">MP3 ShoutCast-spilleliste</comment><comment xml:lang="nl">MP3 ShoutCast-afspeellijst</comment><comment xml:lang="nn">MP3 ShoutCast-speleliste</comment><comment xml:lang="no">MP3 ShoutCast-spilleliste</comment><comment xml:lang="pl">Lista odtwarzania MP3 ShoutCast</comment><comment xml:lang="pt">lista de reprodu&#xE7;&#xE3;o MP3 ShoutCast</comment><comment xml:lang="pt_BR">Lista de Reprodu&#xE7;&#xE3;o MP3 ShoutCast</comment><comment xml:lang="sq">List&#xEB; titujsh MP3 ShoutCast</comment><comment xml:lang="sr">MP3 ShoutCast &#x441;&#x43F;&#x438;&#x441;&#x430;&#x43A; &#x43F;&#x435;&#x441;&#x430;&#x43C;&#x430;</comment><comment xml:lang="sv">MP3 ShoutCast-spellista</comment><comment xml:lang="uk">&#x421;&#x43F;&#x438;&#x441;&#x43E;&#x43A; &#x43F;&#x440;&#x43E;&#x433;&#x440;&#x430;&#x432;&#x430;&#x43D;&#x43D;&#x44F; MP3 ShoutCast</comment><comment xml:lang="zh_CN">MP3 ShoutCast &#x64AD;&#x653E;&#x5217;&#x8868;</comment></mime-type>
