<?xml version="1.0"?>
<mime-type xmlns="http://www.freedesktop.org/standards/shared-mime-info" type="audio/x-voc"><!--Created automatically by update-mime-database. DO NOT EDIT!--><comment>VOC audio</comment><comment xml:lang="az">VOC audio fayl&#x131;</comment><comment xml:lang="bg">&#x410;&#x443;&#x434;&#x438;&#x43E; &#x444;&#x430;&#x439;&#x43B;, &#x444;&#x43E;&#x440;&#x43C;&#x430;&#x442; VOC</comment><comment xml:lang="cs">Zvuk VOC</comment><comment xml:lang="cy">Sain VOC</comment><comment xml:lang="de">VOC-Audio</comment><comment xml:lang="el">&#x3AE;&#x3C7;&#x3BF;&#x3C2; VOC</comment><comment xml:lang="eo">VOC-a&#x16D;dio</comment><comment xml:lang="es">Audio VOC</comment><comment xml:lang="eu">VOC audioa</comment><comment xml:lang="fi">VOC-&#xE4;&#xE4;ni</comment><comment xml:lang="fr">audio VOC</comment><comment xml:lang="hu">VOC-hang</comment><comment xml:lang="it">Audio VOC</comment><comment xml:lang="ja">VOC &#x30AA;&#x30FC;&#x30C7;&#x30A3;&#x30AA;</comment><comment xml:lang="ko">VOC &#xC624;&#xB514;&#xC624;</comment><comment xml:lang="ms">Audio VOC</comment><comment xml:lang="nb">VOC-lyd</comment><comment xml:lang="nl">VOC-geluid</comment><comment xml:lang="nn">VOC-lyd</comment><comment xml:lang="no">VOC-lyd</comment><comment xml:lang="pl">Plik d&#x17A;wi&#x119;kowy VOC</comment><comment xml:lang="pt">&#xE1;udio VOC</comment><comment xml:lang="pt_BR">&#xC1;udio VOC</comment><comment xml:lang="sq">Audio VOC</comment><comment xml:lang="sr">VOC &#x437;&#x432;&#x443;&#x447;&#x43D;&#x438; &#x437;&#x430;&#x43F;&#x438;&#x441;</comment><comment xml:lang="sv">VOC-ljud</comment><comment xml:lang="uk">&#x417;&#x432;&#x443;&#x43A; VOC</comment><comment xml:lang="zh_CN">VOC &#x97F3;&#x9891;</comment></mime-type>
