<?xml version="1.0"?>
<mime-type xmlns="http://www.freedesktop.org/standards/shared-mime-info" type="audio/x-wav"><!--Created automatically by update-mime-database. DO NOT EDIT!--><alias type="audio/wav"/><alias type="audio/vnd.wave"/><comment>WAV audio</comment><comment xml:lang="az">WAV audio fayl&#x131;</comment><comment xml:lang="bg">&#x410;&#x443;&#x434;&#x438;&#x43E; &#x444;&#x430;&#x439;&#x43B;, &#x444;&#x43E;&#x440;&#x43C;&#x430;&#x442; WAV</comment><comment xml:lang="cs">Zvuk WAV</comment><comment xml:lang="cy">Sain WAV</comment><comment xml:lang="de">WAV-Audio</comment><comment xml:lang="el">&#x3AE;&#x3C7;&#x3BF;&#x3C2; WAV</comment><comment xml:lang="eo">WAV-a&#x16D;dio</comment><comment xml:lang="es">Audio WAV</comment><comment xml:lang="eu">WAV audioa</comment><comment xml:lang="fi">WAV-&#xE4;&#xE4;ni</comment><comment xml:lang="fr">audio WAV</comment><comment xml:lang="hu">WAV-hang</comment><comment xml:lang="it">Audio WAV</comment><comment xml:lang="ja">WAV &#x30AA;&#x30FC;&#x30C7;&#x30A3;&#x30AA;</comment><comment xml:lang="ko">WAV &#xC624;&#xB514;&#xC624;</comment><comment xml:lang="ms">Audio VOC</comment><comment xml:lang="nb">WAV-lyd</comment><comment xml:lang="nl">WAV-geluid</comment><comment xml:lang="nn">WAV-lyd</comment><comment xml:lang="no">WAV-lyd</comment><comment xml:lang="pl">Plik d&#x17A;wi&#x119;kowy WAV</comment><comment xml:lang="pt">&#xE1;udio WAV</comment><comment xml:lang="pt_BR">&#xC1;udio WAV</comment><comment xml:lang="ru">WAV &#x430;&#x443;&#x434;&#x438;&#x43E;</comment><comment xml:lang="sq">Audio WAV</comment><comment xml:lang="sr">WAV &#x437;&#x432;&#x443;&#x447;&#x43D;&#x438; &#x437;&#x430;&#x43F;&#x438;&#x441;</comment><comment xml:lang="sv">WAV-ljud</comment><comment xml:lang="uk">&#x417;&#x432;&#x443;&#x43A; WAV</comment><comment xml:lang="zh_CN">WAV &#x97F3;&#x9891;</comment></mime-type>
