<?xml version="1.0"?>
<mime-type xmlns="http://www.freedesktop.org/standards/shared-mime-info" type="audio/x-xi"><!--Created automatically by update-mime-database. DO NOT EDIT!--><comment>Scream Tracker instrument</comment><comment xml:lang="az">Scream Tracker instrumenti</comment><comment xml:lang="bg">&#x418;&#x43D;&#x441;&#x442;&#x440;&#x443;&#x43C;&#x435;&#x43D;&#x442; &#x43D;&#x430; Scream Tracker</comment><comment xml:lang="cs">N&#xE1;stroj pro Scream Tracker</comment><comment xml:lang="cy">Offeryn Scream Tracker</comment><comment xml:lang="de">Scream Tracker-Instrument</comment><comment xml:lang="el">&#x3BC;&#x3BF;&#x3C5;&#x3C3;&#x3B9;&#x3BA;&#x3CC; &#x3CC;&#x3C1;&#x3B3;&#x3B1;&#x3BD;&#x3BF; Scream Tracker</comment><comment xml:lang="eo">instrumento de Scream Tracker</comment><comment xml:lang="es">Instrumento Scream Tracker</comment><comment xml:lang="eu">Scream Tracker instrumentua</comment><comment xml:lang="fi">Scream Tracker -soitin</comment><comment xml:lang="fr">instrument Scream Tracker</comment><comment xml:lang="hu">Scream Tracker-hangszer</comment><comment xml:lang="it">Strumento Scream Tracker</comment><comment xml:lang="ja">Scream Tracker &#x30A4;&#x30F3;&#x30B9;&#x30C8;&#x30A5;&#x30EB;&#x30E1;&#x30F3;&#x30C8;</comment><comment xml:lang="ko">Scream Tracker &#xC545;&#xAE30;</comment><comment xml:lang="ms">Instrumen Scream Tracker</comment><comment xml:lang="nb">Scream Tracker-instrument</comment><comment xml:lang="nl">Scream Tracker-instrument</comment><comment xml:lang="nn">Scream Tracker instrument</comment><comment xml:lang="no">Scream Tracker-instrument</comment><comment xml:lang="pl">Instrument Scream Tracker</comment><comment xml:lang="pt">instrumento Scream Tracker</comment><comment xml:lang="pt_BR">Instrumento Scream Tracker</comment><comment xml:lang="sq">Instrument Scream Tracker</comment><comment xml:lang="sr">Scream Tracker &#x438;&#x43D;&#x441;&#x442;&#x440;&#x443;&#x43C;&#x435;&#x43D;&#x442;</comment><comment xml:lang="sv">Scream Tracker-instrument</comment><comment xml:lang="uk">&#x406;&#x43D;&#x441;&#x442;&#x440;&#x443;&#x43C;&#x435;&#x43D;&#x442; Scream Tracker</comment><comment xml:lang="zh_CN">Scream Tracker &#x4E50;&#x5668;</comment></mime-type>
