<?xml version="1.0"?>
<mime-type xmlns="http://www.freedesktop.org/standards/shared-mime-info" type="audio/x-xm"><!--Created automatically by update-mime-database. DO NOT EDIT!--><comment>FastTracker II audio</comment><comment xml:lang="az">FastTracker II audio fayl&#x131;</comment><comment xml:lang="bg">&#x410;&#x443;&#x434;&#x438;&#x43E; &#x444;&#x430;&#x439;&#x43B;, &#x444;&#x43E;&#x440;&#x43C;&#x430;&#x442; FastTracker II</comment><comment xml:lang="cs">Zvuk FastTracker II</comment><comment xml:lang="cy">Sain FastTracker II</comment><comment xml:lang="de">FastTracker II-Audio</comment><comment xml:lang="el">&#x3AE;&#x3C7;&#x3BF;&#x3C2; FastTracker II</comment><comment xml:lang="eo">a&#x16D;dio de FastTracker II</comment><comment xml:lang="es">Audio FastTracker II</comment><comment xml:lang="eu">FastTracker II.ren audioa</comment><comment xml:lang="fi">FastTracker II -&#xE4;&#xE4;ni</comment><comment xml:lang="fr">audio FastTracker II</comment><comment xml:lang="hu">FastTracker II-hang</comment><comment xml:lang="it">Audio FastTracker II</comment><comment xml:lang="ja">FastTracker II &#x30AA;&#x30FC;&#x30C7;&#x30A3;&#x30AA;</comment><comment xml:lang="ko">FastTracker II &#xC624;&#xB514;&#xC624;</comment><comment xml:lang="ms">Audio FastTracker II</comment><comment xml:lang="nb">FastTracker II-lyd</comment><comment xml:lang="nl">FastTracker II-geluid</comment><comment xml:lang="nn">FastTracker II lyd</comment><comment xml:lang="no">FastTracker II-lyd</comment><comment xml:lang="pl">Plik d&#x17A;wi&#x119;kowy FastTrackera II</comment><comment xml:lang="pt">&#xE1;udio FastTracker II</comment><comment xml:lang="pt_BR">&#xC1;udio FastTracker II</comment><comment xml:lang="sq">Audio FastTracker II</comment><comment xml:lang="sr">FastTracker II &#x430;&#x443;&#x434;&#x438;&#x43E; &#x437;&#x430;&#x43F;&#x438;&#x441;</comment><comment xml:lang="sv">FastTracker II-ljud</comment><comment xml:lang="uk">&#x417;&#x432;&#x443;&#x43A; FastTracker II</comment><comment xml:lang="zh_CN">FastTracker II &#x97F3;&#x9891;</comment></mime-type>
