<Root>
  <commands>
    <cmd name="MessageBrowserClose" _label="Close" _tip="Close this window"
	 pixtype="stock" pixname="Close" accel="*Control*w"/>
  </commands>

  <menu>
    <submenu name="File" _label="_File">
      <placeholder name="FileOps"/>

      <separator f="" name="emailmessage1"/>

      <placeholder name="Print"/>

      <separator f="" name="emailmessage2"/>

      <menuitem name="MessageBrowserClose" verb=""
		_label="_Close"/>

    </submenu>

    <submenu name="Edit" _label="_Edit">
      <placeholder name="EditPlaceholder"/>
    </submenu>

    <submenu name="View" _label="_View">
      <placeholder name="MailViewType"/>

      <placeholder name="MailMessageZoom"/>
      <separator f="" name="CharsetSeparator"/>
    </submenu>

    <placeholder name="MessagePlaceholder">
      <submenu name="Message" _label="_Message">
        <placeholder name="MessageTopActions"/>

        <separator f="" name="emailglobal"/>

        <placeholder name="MessageNavigation"/>

        <placeholder name="MailListActions"/>

        <placeholder name="MailMessageActions"/>

        <separator f="" name="emaillist5"/>

        <placeholder name="MessageRuleCreate"/>

    </submenu>
    </placeholder>


<!--
    <placeholder name="MessagePlaceholder">
      <submenu name="Message" _label="_Message">

        <placeholder name="ComponentActionsPlaceholder">
          <placeholder name="MailMessageActions"/>
      </placeholder>
    </submenu>
    </placeholder>
-->

  </menu>

  <dockitem name="Toolbar" 
            relief="none" 
            behavior="exclusive"
	    _tip="Main toolbar">
    <placeholder name="MailMessageToolbar"/>
    <separator f="" name="emailmessage"/>
    <placeholder name="MailNextButtons"/>
  </dockitem>
</Root>
