<?xml version="1.0"?>
<gconf>
        <entry name="cursor_size" mtime="1157589608" schema="/schemas/desktop/gnome/peripherals/mouse/cursor_size"/>
        <entry name="cursor_theme" mtime="1157589608" schema="/schemas/desktop/gnome/peripherals/mouse/cursor_theme"/>
        <entry name="cursor_font" mtime="1157589608" schema="/schemas/desktop/gnome/peripherals/mouse/cursor_font"/>
        <entry name="locate_pointer" mtime="1157589608" schema="/schemas/desktop/gnome/peripherals/mouse/locate_pointer"/>
        <entry name="double_click" mtime="1157589608" schema="/schemas/desktop/gnome/peripherals/mouse/double_click"/>
        <entry name="drag_threshold" mtime="1157589608" schema="/schemas/desktop/gnome/peripherals/mouse/drag_threshold"/>
        <entry name="motion_threshold" mtime="1157589608" schema="/schemas/desktop/gnome/peripherals/mouse/motion_threshold"/>
        <entry name="motion_acceleration" mtime="1157589608" schema="/schemas/desktop/gnome/peripherals/mouse/motion_acceleration"/>
        <entry name="single_click" mtime="1157589608" schema="/schemas/desktop/gnome/peripherals/mouse/single_click"/>
        <entry name="left_handed" mtime="1157589608" schema="/schemas/desktop/gnome/peripherals/mouse/left_handed"/>
</gconf>
