<?xml version="1.0"?>
<gconf>
        <entry name="start_offline" mtime="1231171146" type="schema" stype="bool" owner="evolution">
                <local_schema locale="pt" short_desc="Iniciar em modo desligado">
                        <longdesc>Se o Evolution irá iniciar em modo desligado ou ligado.</longdesc>
                </local_schema>
                <local_schema locale="hi" short_desc="ऑफलाइन मोड में आरंभ करें">
                        <longdesc>क्या एवोल्यूशन ऑफलाइन मोड में आरंभ होगा बजाय ऑनलाइन मोड के.</longdesc>
                </local_schema>
                <local_schema locale="zh_HK" short_desc="以離線模式啟動">
                        <longdesc>Evolution 是否以離線模式啟動取代線上模式。</longdesc>
                </local_schema>
                <local_schema locale="ps" short_desc="په ناليکه اکر کې پېلول">
                </local_schema>
                <local_schema locale="uk" short_desc="Запуск у автономному режимі">
                        <longdesc>Якщо встановлено, Evolution буде запускатись у автономному режимі замість мережного режиму.</longdesc>
                </local_schema>
                <local_schema locale="te" short_desc="ఆఫ్‌లైన్ రీతినందు ప్రారంభించుము">
                        <longdesc>ఆన్‌లైన్ రీతి కి బదులుగా ఎవాల్యూషన్ ఆఫ్‌లైన్ రీతినందు ప్రారంభించబడాలా.</longdesc>
                </local_schema>
                <local_schema locale="ne" short_desc="अफलाइन मोडमा सुरु गर्नुहोस्">
                        <longdesc>या अनलाइन मोडको सट्टामा अफलाइन मोडमा इभोल्युसन सुरुआत हुनेछ ।</longdesc>
                </local_schema>
                <local_schema locale="en_CA" short_desc="Start in offline mode">
                        <longdesc>Whether Evolution will start up in offline mode instead of online mode.</longdesc>
                </local_schema>
                <local_schema locale="bg" short_desc="Стартиране в режим „Изключен“">
                        <longdesc>Дали Evolution да стартира в режим „Изключен“, вместо в режим „Включен“.</longdesc>
                </local_schema>
                <local_schema locale="sr@latin" short_desc="Počni rad van mreže">
                        <longdesc>Da li će se Evolucija pokrenuti u režimu za rad van mreže.</longdesc>
                </local_schema>
                <local_schema locale="he" short_desc="Start in offline mode">
                        <longdesc>Whether Evolution will start up in offline mode instead of online mode.</longdesc>
                </local_schema>
                <local_schema locale="ast" short_desc="Aniciar en mou desconeutáu">
                </local_schema>
                <local_schema locale="zh_CN" short_desc="以脱机模式启动">
                        <longdesc>是否以脱机模式而非联机模式启动 Evolution。</longdesc>
                </local_schema>
                <local_schema locale="be" short_desc="Запуск у адлучаным рэжыме">
                        <longdesc>Калі гэты ключ усталяваны, Evolution будзе запускацца ў адлучаным рэжыме.</longdesc>
                </local_schema>
                <local_schema locale="ta" short_desc="இணையம் இல்லாமல் துவக்கு">
                        <longdesc>எவல்யூஷன் இணைப்பு முறையை விட இணைப்பில்லாத முறையில் துவங்குமா.</longdesc>
                </local_schema>
                <local_schema locale="nb" short_desc="Start i frakoblet modus">
                        <longdesc>Om Evolution skal startes i frakoblet modus i stedet for tilkoblet modus.</longdesc>
                </local_schema>
                <local_schema locale="C" short_desc="Start in offline mode">
                        <default type="bool" value="false">
                        </default>
                        <longdesc> Whether Evolution will start up in offline mode instead of online mode.
	</longdesc>
                </local_schema>
                <local_schema locale="pt_BR" short_desc="Iniciar no modo desconectado">
                        <longdesc>Se o Evolution deve iniciar em modo desconectado em vez de modo conectado.</longdesc>
                </local_schema>
                <local_schema locale="eu" short_desc="Hasi lineaz kanpo">
                        <longdesc>Evolution lineaz kanpoko moduan abiarazi behar den edo ez</longdesc>
                </local_schema>
                <local_schema locale="pl" short_desc="Rozpoczyna w trybie bez podłączenia">
                        <longdesc>Określa, czy Evolution będzie uruchomiony w trybie bez podłączenia do sieci, zamiast z podłączeniem.</longdesc>
                </local_schema>
                <local_schema locale="et" short_desc="Alustamine võrguvabas olekus">
                        <longdesc>Millal Evolution alustab võrgurežiimi asemel võrguvabas režiimis.</longdesc>
                </local_schema>
                <local_schema locale="es" short_desc="Iniciar en modo desconectado">
                        <longdesc>Indica si Evolution se iniciará en modo desconectado en vez de en modo conectado.</longdesc>
                </local_schema>
                <local_schema locale="vi" short_desc="Khởi chạy trong chế độ ngoại tuyến">
                        <longdesc>Có nên khỏi chạy trình Evolution trong chế độ ngoại tuyến thay vào chế độ trực tuyến hay không.</longdesc>
                </local_schema>
                <local_schema locale="ru" short_desc="Запуск в автономном режиме">
                        <longdesc>Если этот ключ установлен, Evolution будет запускаться в автономном режиме.</longdesc>
                </local_schema>
                <local_schema locale="lv" short_desc="Startēt atsaistes režīmā">
                        <longdesc>Nav svarigi Evolution startēsies ārlīnijas režīma vai pieslēgtajā režimā.</longdesc>
                </local_schema>
                <local_schema locale="id" short_desc="Jalankan dalam moda offline">
                        <longdesc>Apakah Evolution akan dimulai dalam mode offline atau online.</longdesc>
                </local_schema>
                <local_schema locale="ko" short_desc="오프라인 모드에서 시작">
                        <longdesc>에볼루션이 처음에 온라인이 아니라 오프라인 모드로 시작하는 지 여부.</longdesc>
                </local_schema>
                <local_schema locale="lt" short_desc="Paleisti neprisijungiant">
                        <longdesc>Ar Evolution bus paleidžiama atsijungimo veiksenoje, vietoje prisijungimo veiksenos.</longdesc>
                </local_schema>
                <local_schema locale="kn" short_desc="ಆಫ್‌ಲೈನ್‌ ವಿಧಾನದಲ್ಲಿ ಆರಂಭಿಸು">
                        <longdesc>ಆನ್‌ಲೈನ್‌ ವಿಧಾನದ ಬದಲಿಗೆ ಆಫ್‌ಲೈನ್‌ ವಿಧಾನದಲ್ಲಿ ಎವಲ್ಯೂಶನ್ ಆರಂಭಗೊಳ್ಳಬೇಕೆ.</longdesc>
                </local_schema>
                <local_schema locale="az" short_desc="Xətdən qopuq modda başla">
                </local_schema>
                <local_schema locale="ca" short_desc="Inicia en mode fora de línia">
                        <longdesc>Si l&apos;Evolution s&apos;inicia en mode fora de línia en comptes del mode en línia.</longdesc>
                </local_schema>
                <local_schema locale="sv" short_desc="Starta i frånkopplat läge">
                        <longdesc>Huruvida Evolution kommer att starta i frånkopplat läge istället för anslutet läge.</longdesc>
                </local_schema>
                <local_schema locale="el" short_desc="Εκκίνηση σε λειτουργία χωρίς σύνδεση">
                        <longdesc>Αν το Evolution θα ξεκινάει σε κατάσταση εργασίας χωρίς σύνδεση αντί να είναι με σύνδεση.</longdesc>
                </local_schema>
                <local_schema locale="fr" short_desc="Démarrer en mode hors ligne">
                        <longdesc>Indique si Evolution doit démarrer en mode hors ligne plutôt qu&apos;en mode connecté.</longdesc>
                </local_schema>
                <local_schema locale="ro" short_desc="Porneşte în mod deconectat">
                        <longdesc>Dacă Evolution va porni în mod deconectat, în loc de mod conectat.</longdesc>
                </local_schema>
                <local_schema locale="de" short_desc="Im Offline-Modus starten">
                        <longdesc>Soll Evolution im Offline- statt im Online-Modus gestartet werden?</longdesc>
                </local_schema>
                <local_schema locale="pa" short_desc="ਆਫਲਾਇਨ ਮੋਡ ਵਿੱਚ ਸ਼ੁਰੂ">
                        <longdesc>ਕੀ ਈਵੇਲੂਸ਼ਨ ਆਫਲਾਇਨ ਢੰਗ ਨਾਲ ਸ਼ੁਰੂ ਕੀਤਾ ਜਾਵੇਗਾ, ਨਾਕਿ ਆਨਲਾਇਨ।</longdesc>
                </local_schema>
                <local_schema locale="be@latin" short_desc="Pačynaj u režymie offline">
                        <longdesc>Akreślivaje, ci ŭklučać Evolution u režymie offline zamiest online.</longdesc>
                </local_schema>
                <local_schema locale="gu" short_desc="ઓફલાઈન સ્થિતિમાં શરુ કરો">
                        <longdesc>શું ઈવોલ્યશન ઓનલાઈન સ્થિતિની જગ્યાઓ ઓફલાઈન સ્થિતિમાં શરૂ થશે.</longdesc>
                </local_schema>
                <local_schema locale="sr" short_desc="Почни рад ван мреже">
                        <longdesc>Да ли ће се Еволуција покренути у режиму за рад ван мреже.</longdesc>
                </local_schema>
                <local_schema locale="ms" short_desc="Mulakan dalam mod luar talian">
                </local_schema>
                <local_schema locale="ja" short_desc="オフライン・モードで起動するかどうか">
                        <longdesc>オンライン・モードではなく、オフライン・モードで Evolution を起動するかどうかです。</longdesc>
                </local_schema>
                <local_schema locale="sq" short_desc="Fillo në modalitetin jashtë linje">
                        <longdesc>Nëse Evolution duhet të niset në modalitetin jashtë linje në vend të modalitetit në linjë.</longdesc>
                </local_schema>
                <local_schema locale="mr" short_desc="ऑफलाईन पध्दती मध्ये सुरू करा">
                        <longdesc>Evolution ऑनलाईन ऐवजी ऑफलाईन पध्दतीत सुरू करायचे.</longdesc>
                </local_schema>
                <local_schema locale="da" short_desc="Start i afkoblet tilstand">
                        <longdesc>Om Evolution starter i afkoblet tilstand istedet for opkoblet tilstand.</longdesc>
                </local_schema>
                <local_schema locale="as" short_desc="অফলাইন মোডে আৰম্ভ কৰা হ&apos;ব">
                        <longdesc>Evolution অনলাইন মোডেৰ পৰিবৰ্তে অফলাইন মোডে আৰম্ভ কৰা হ&apos;ব কিনা।</longdesc>
                </local_schema>
                <local_schema locale="xh" short_desc="Yiqalise ungekho kwi-intanethi">
                </local_schema>
                <local_schema locale="ar" short_desc="بدأ دون اتصال بالإنترنت">
                        <longdesc>ما إن كان إيفُليوشن سيبدأ التشغيل في وضع عدم الاتصال بدلًا من وضع الاتصال.</longdesc>
                </local_schema>
                <local_schema locale="zh_TW" short_desc="以離線模式啟動">
                        <longdesc>Evolution 是否以離線模式啟動取代線上模式。</longdesc>
                </local_schema>
                <local_schema locale="fi" short_desc="Aloita yhteydettömässä tilassa">
                        <longdesc>Käynnistetäänkö Evolution yhteydettömässä vai yhteydellisessä tilassa.</longdesc>
                </local_schema>
                <local_schema locale="hu" short_desc="Indítás kapcsolat nélküli módban">
                        <longdesc>Ha be van állítva, az Evolution kapcsolat nélküli módban fog indulni, kapcsolódott mód helyett.</longdesc>
                </local_schema>
                <local_schema locale="tr" short_desc="Çevrimdışı kipte başla">
                        <longdesc>Evolution&apos;un çevrim içi kip yerine çevirim dışı kipte başlaması.</longdesc>
                </local_schema>
                <local_schema locale="sl" short_desc="Začni v ne-mrežnem načinu">
                        <longdesc>Ali naj se Evolution zažene v načinu brez povezave namestu z povezavo.</longdesc>
                </local_schema>
                <local_schema locale="en_GB" short_desc="Start in offline mode">
                        <longdesc>Whether Evolution will start up in offline mode instead of online mode.</longdesc>
                </local_schema>
                <local_schema locale="sk" short_desc="Spustiť v režime off-line">
                </local_schema>
                <local_schema locale="ml" short_desc="ഓഫ്‍ലൈന്‍ മോഡില്‍ ആരംഭിക്കുക">
                        <longdesc>ഓഫ്‍ലൈന്‍ മോഡിന് പകരം Evolution ഓണ്‍‍ലൈന്‍ മോഡില്‍ ആരംഭിക്കുമോ എന്ന്.</longdesc>
                </local_schema>
                <local_schema locale="mk" short_desc="Стартувај во офлајн режим">
                        <longdesc>Дали Evolution ќе стартува во офлајн режим наместо онлајн.</longdesc>
                </local_schema>
                <local_schema locale="cy" short_desc="Dechreuwch ym modd all-lein">
                        <longdesc>A fydd Evolution yn cychwyn yn y modd all-lein yn lle&apos;r modd ar-lein.</longdesc>
                </local_schema>
                <local_schema locale="gl" short_desc="Iniciar en modo sen conexión">
                        <longdesc>Se o Evolution se iniciará en modo sen conexión en vez de en modo conectado.</longdesc>
                </local_schema>
                <local_schema locale="hr" short_desc="Počni sa radom bez mreže">
                </local_schema>
                <local_schema locale="si" short_desc="Start in offline mode">
                        <longdesc>Whether Evolution will start up in offline mode instead of online mode.</longdesc>
                </local_schema>
                <local_schema locale="bn_IN" short_desc="অফলাইন মোডে আরম্ভ করা হবে">
                        <longdesc>Evolution অনলাইন মোডের পরিবর্তে অফলাইন মোডে আরম্ভ করা হবে কিনা।</longdesc>
                </local_schema>
                <local_schema locale="nn" short_desc="Start i fråkopla modus">
                        <longdesc>Om Evolution vil starte opp i fråkopla modus i staden for tilkopla modus.</longdesc>
                </local_schema>
                <local_schema locale="it" short_desc="Avvia in modalità fuori rete">
                        <longdesc>Indica se Evolution è avviato in modalità fuori rete invece che in modalità in rete.</longdesc>
                </local_schema>
                <local_schema locale="nl" short_desc="Beginnen in offline stand">
                        <longdesc>Of Evolution opstart in offline-modus in plaats van online-modus.</longdesc>
                </local_schema>
                <local_schema locale="bn" short_desc="অফলাইন মোডে আরম্ভ করা হবে">
                        <longdesc>Evolution অনলাইন মোডের পরিবর্তে অফলাইন মোডে আরম্ভ করা হবে কিনা।</longdesc>
                </local_schema>
                <local_schema locale="fa" short_desc="شروع با حالت برون‌خط">
                        <longdesc>این که اوولوشن به جای حالت برخط با حالت برون‌خط راه‌اندازی شود یا نه.</longdesc>
                </local_schema>
                <local_schema locale="dz" short_desc="ཨོཕ་ལ་ཡིན་ ཐབས་ལམ་ནང་ འགོ་བཙུགས།">
                        <longdesc>ཨི་བོ་ལུ་ཤཱན་དེ་ ཨཱོན་ལ་ཡིན་ ཐབས་ལམ་གྱི་ཚབ་ལུ་ ཨོཕ་ལ་ཡིན་་ ཐབས་ལམ་ནང་ འགོ་བཙུགས་ནི་ཨིན་ན།</longdesc>
                </local_schema>
                <local_schema locale="cs" short_desc="Spustit v režimu off-line">
                        <longdesc>Jestli se má Evolution spouštět v režimu off-line místo on-line.</longdesc>
                </local_schema>
                <local_schema locale="th" short_desc="เริ่มในโหมดออฟไลน์">
                        <longdesc>กำหนดว่า Evolution จะเริ่มทำงานในโหมดออฟไลน์แทนโหมดออนไลน์หรือไม่</longdesc>
                </local_schema>
        </entry>
        <entry name="skip_warning_dialog" mtime="1231171146" type="schema" stype="bool" owner="evolution">
                <local_schema locale="pt" short_desc="Saltar o diálogo de aviso de versão de desenvolvimento">
                        <longdesc>Se o diálogo de aviso de versão Evolution de desenvolvimento é ou não apresentado.</longdesc>
                </local_schema>
                <local_schema locale="hi" short_desc="विकास चेतावनी संवाद छोड़ें">
                        <longdesc>एवोल्यूशन के विकास संस्करण में क्या चेतावनी संवाद छोड़ा जा सकता है.</longdesc>
                </local_schema>
                <local_schema locale="zh_HK" short_desc="忽略開發警告對話盒">
                        <longdesc>是否省略 Evulution 開發版本的警告對話盒。</longdesc>
                </local_schema>
                <local_schema locale="uk" short_desc="Чи пропускати діалогове вікно попередження про тестову версію">
                        <longdesc>Якщо встановлено, діалогове вікно попередження про тестову версію Evolution не відображається.</longdesc>
                </local_schema>
                <local_schema locale="te" short_desc="అభివృద్ది హెచ్చరిక డైలాగ్ ను వదిలివేస్తుంది">
                        <longdesc>ఎవాల్యూషన్ యొక్క అభివృద్దీకరణ వర్షన్ లందు హెచ్చరిక డైలాగ్ వదిలేయాలా వద్దా.</longdesc>
                </local_schema>
                <local_schema locale="ne" short_desc="विकास चेतावनी संवाद फड्काउनुहोस्">
                        <longdesc>या इभोल्युसनको विकास संस्करणमा चेतावनी संवाद फड्काइएको छ ।</longdesc>
                </local_schema>
                <local_schema locale="en_CA" short_desc="Skip development warning dialogue">
                        <longdesc>Whether the warning dialogue in development versions of Evolution is skipped.</longdesc>
                </local_schema>
                <local_schema locale="bg" short_desc="Пропускане на диалоговия прозорец с предупреждението за разработващата се версия">
                        <longdesc>Дали предупредителното съобщение в нестабилните версии на Evolution, да бъде показвано.</longdesc>
                </local_schema>
                <local_schema locale="sr@latin" short_desc="Preskoči prozorče sa upozorenjem o razvoju">
                        <longdesc>Da li će prozorče sa upozorenjem u razvojnim verzijama Evolucije biti prikazano.</longdesc>
                </local_schema>
                <local_schema locale="he" short_desc="Skip development warning dialog">
                        <longdesc>Whether the warning dialog in development versions of Evolution is skipped.</longdesc>
                </local_schema>
                <local_schema locale="ast" short_desc="Saltar el diálogu d&apos;alvertencia de desendolcu">
                </local_schema>
                <local_schema locale="zh_CN" short_desc="跳过开发警告对话框">
                        <longdesc>是否跳过 Evoltuion 开发版本的警告。</longdesc>
                </local_schema>
                <local_schema locale="be" short_desc="Абмінаць дыялёг папярэджаньня аб пробнай вэрсіі">
                        <longdesc>Калі гэты ключ усталяваны, дыялёг папярэджаньня ў пробных вэрсіях Evolution не адлюстроўваецца.</longdesc>
                </local_schema>
                <local_schema locale="ta" short_desc="மேம்பாடு எச்சரிக்கை உரையாடலை தவிர்">
                        <longdesc>எவல்யூஷன் வளர்ச்சி பதிப்புகளில் எச்சரிக்கை உரையாடல் தவிர்க்கப்படலாமா.</longdesc>
                </local_schema>
                <local_schema locale="nb" short_desc="Hopp over varseldialogen om utviklingsversjonen">
                        <longdesc>Om advarselsdialogen i utviklingsversjoner av Evolution blir hoppet over.</longdesc>
                </local_schema>
                <local_schema locale="C" short_desc="Skip development warning dialog">
                        <default type="bool" value="false">
                        </default>
                        <longdesc>Whether the warning dialog in development versions of Evolution is skipped.</longdesc>
                </local_schema>
                <local_schema locale="pt_BR" short_desc="Pular diálogo de alerta de desenvolvimento">
                        <longdesc>O diálogo de alerta em versões de desenvolvimento deve ser pulado.</longdesc>
                </local_schema>
                <local_schema locale="eu" short_desc="Saltatu garapen-abisuaren elkarrizketa-koadroa">
                        <longdesc>Garapen-abisuaren elkarrizketa-koadroa saltatu behar den edo ez</longdesc>
                </local_schema>
                <local_schema locale="pl" short_desc="Pominięcie ostrzegawczego okna o rozwojowej wersji">
                        <longdesc>Określa, czy okno ostrzegające o rozwojowej wersji Evolution nie będzie wyświetlane.</longdesc>
                </local_schema>
                <local_schema locale="et" short_desc="Arendushoiatuse dialoogi jäetakse vahele">
                        <longdesc>Kas Evolutioni arendusversioonis tuleb hoiatusdialoogist üle hüpata või mitte.</longdesc>
                </local_schema>
                <local_schema locale="es" short_desc="Saltar el diálogo de advertencia de desarrollo">
                        <longdesc>Indica si se omite el diálogo de advertencia en las versiones de desarrollo de Evolution.</longdesc>
                </local_schema>
                <local_schema locale="vi" short_desc="Bỏ qua hộp thoại cảnh báo phát triển">
                        <longdesc>Có nên bỏ qua hộp thoại cảnh báo trong phiên bản phát triển Evolution hay không.</longdesc>
                </local_schema>
                <local_schema locale="ru" short_desc="Пропускать диалог предупреждения о тестовой версии">
                        <longdesc>Если этот ключ установлен, диалог предупреждения в тестовых версиях Evolution не отображается.</longdesc>
                </local_schema>
                <local_schema locale="lv" short_desc="Parlēkt pāri izstrādes brīdinājuma dialogam">
                        <longdesc>Vai bridīnājuma dialogs Evolution izstrādes versijās tiek izlaists.</longdesc>
                </local_schema>
                <local_schema locale="id" short_desc="Lewatkan dialog peringatan pengembangan">
                        <longdesc>Apakah kotak peringatan versi development Evolution akan dilewatkan.</longdesc>
                </local_schema>
                <local_schema locale="ko" short_desc="개발 버전 경고 건너 뛰기">
                        <longdesc>에볼루션 개발 버전의 경고 대화 상자를 건너 뛸지 여부.</longdesc>
                </local_schema>
                <local_schema locale="lt" short_desc="Praleisti bandomosios versijos perspėjimo langą">
                        <longdesc>Ar perspėjimas apie bandomąją Evolution versiją bus praleidžiamas.</longdesc>
                </local_schema>
                <local_schema locale="kn" short_desc="ವಿಕಸನಾ ಎಚ್ಚರಿಕೆಯ ಸಂವಾದವನ್ನು ಉಪೇಕ್ಷಿಸಲಾಗುತ್ತಿದೆ">
                        <longdesc>ಎವಲ್ಯೂಶನ್‌ನ ವಿಕಸನಾ ಆವೃತ್ತಿಯಲ್ಲಿ ಎಚ್ಚರಿಕಾ ಪೆಟ್ಟಿಗೆಯನ್ನು ಆಲಕ್ಷಿಸಲಾಗಿತ್ತೆ.</longdesc>
                </local_schema>
                <local_schema locale="ca" short_desc="Omet el diàleg d&apos;avís de versió de desenvolupament">
                        <longdesc>Si s&apos;ha de mostrar el diàleg d&apos;avís per a indicar que s&apos;està executant una versió de desenvolupament de l&apos;Evolution.</longdesc>
                </local_schema>
                <local_schema locale="sv" short_desc="Hoppa över varningsdialogen för utveckling">
                        <longdesc>Huruvida varningsdialogen i utvecklingsversioner av Evolution hoppas över.</longdesc>
                </local_schema>
                <local_schema locale="el" short_desc="Παράκαμψη του διάλογος προειδοποίησης ανάπτυξης">
                        <longdesc>Αν θα παρακάπτεται ο διάλογος προειδοποίησης στις υπό ανάπτυξη εκδόσεις του Evolution.</longdesc>
                </local_schema>
                <local_schema locale="fr" short_desc="Ignorer les dialogues d&apos;avertissement de développement">
                        <longdesc>Indique si les fenêtres d&apos;avertissement de la version de développement d&apos;Evolution sont ignorées.</longdesc>
                </local_schema>
                <local_schema locale="ro" short_desc="Sări peste dialogul de avertizare al versiunii de dezvoltare">
                        <longdesc>Dacă dialogul de avertisment din versiunile de dezvoltare Evolution să fie dezactivate.</longdesc>
                </local_schema>
                <local_schema locale="de" short_desc="Entwicklungs-Warndialog nicht anzeigen">
                        <longdesc>Soll der Warndialog in Evolution-Entwicklerversionen nicht angezeigt werden?</longdesc>
                </local_schema>
                <local_schema locale="pa" short_desc="ਵਿਕਾਸ ਚੇਤਾਵਨੀ ਪੁੱਛਗਿੱਛ ਡਾਈਲਾਗ ਛੱਡੋ">
                        <longdesc>ਕੀ ਈਵੇਲੂਸ਼ਨ ਦੀ ਵਿਕਾਸ ਵਰਜਨ ਡਾਈਲਾਗ ਨੂੰ ਵੇਖਾਇਆ ਨਾ ਜਾਵੇ।</longdesc>
                </local_schema>
                <local_schema locale="be@latin" short_desc="Minaj akno aściarohi pra niestabilnuju versiju prahramy">
                        <longdesc>Akreślivaje, ci nie pakazvać akno aściarohi niestabilnaj versii Evolution.</longdesc>
                </local_schema>
                <local_schema locale="gu" short_desc="વિકાસ ચેતવણી સંવાદ અવગણો">
                        <longdesc>શું ઈવોલ્યુશનની વિકાસ આવૃત્તિઓમાંનો ચેતવણી સંવાદ અવગણાયેલ છે.</longdesc>
                </local_schema>
                <local_schema locale="sr" short_desc="Прескочи прозорче са упозорењем о развоју">
                        <longdesc>Да ли ће прозорче са упозорењем у развојним верзијама Еволуције бити приказано.</longdesc>
                </local_schema>
                <local_schema locale="ja" short_desc="開発版であることを警告するダイアログをスキップするかどうか">
                        <longdesc>Evolution の開発バージョンである旨を警告するダイアログを表示しないようにするかどうかです。</longdesc>
                </local_schema>
                <local_schema locale="sq" short_desc="Kapërce dialogun e paralajmërimit të versionit në zhvillim">
                        <longdesc>Nëse dritarja e dialogut të paralajmërimit tek versioni në zhvillim i Evolution duhet kapërcyer.</longdesc>
                </local_schema>
                <local_schema locale="mr" short_desc="प्रगती सावधानता संवाद वगळा">
                        <longdesc>Evolution च्या प्रगतीशील आवृत्ती मध्ये सावधानता संवाद वगळायचे.</longdesc>
                </local_schema>
                <local_schema locale="da" short_desc="Spring advarselsvinduet for udviklingsversionen over">
                        <longdesc>Vælg om advarselsvinduet i udviklingsversionen af Evolution springes over.</longdesc>
                </local_schema>
                <local_schema locale="as" short_desc="ডিভেলপমেন্টেৰ সতৰ্কবাণীৰ ডায়লগটি এড়িয়ে এগিয়ে যাওয়া হ&apos;ব">
                        <longdesc>Evolution ডিভেলপমেন্ট সংস্কৰণে সতৰ্কবাণীৰ ডায়লগ বাক্সেৰ প্ৰদৰ্শন এড়িয়ে যাওয়া হ&apos;ব কি না।</longdesc>
                </local_schema>
                <local_schema locale="ar" short_desc="تخطّي مربع حوار التحذير من استخدام إصدار التطوير">
                        <longdesc>ما إن كان سيتم تخطي مربع حوار التحذير في إصدارات التطوير من إيفُليوشن.</longdesc>
                </local_schema>
                <local_schema locale="zh_TW" short_desc="忽略開發警告對話盒">
                        <longdesc>是否省略 Evulution 開發版本的警告對話盒。</longdesc>
                </local_schema>
                <local_schema locale="fi" short_desc="Ohita kehitysversiovaroitus">
                        <longdesc>Piilotetaanko varoitusikkuna Evolutionin kehitysversion käytöstä vai ei.</longdesc>
                </local_schema>
                <local_schema locale="hu" short_desc="A fejlesztői verzióra figyelmeztető párbeszédablak átugrása">
                        <longdesc>Ha be van állítva, az Evolution fejlesztői verzióiban nem jelenik meg a figyelmeztető ablak.</longdesc>
                </local_schema>
                <local_schema locale="tr" short_desc="Geliştirme uyarı penceresini geç">
                        <longdesc>Evolution geliştirme sürümlerindeki uyarı penceresinin atlanması.</longdesc>
                </local_schema>
                <local_schema locale="sl" short_desc="Preskoči opozorilo o razvoju">
                        <longdesc>Ali naj se opozorilno okno v razvojnih različicah Evolution preskoči.</longdesc>
                </local_schema>
                <local_schema locale="en_GB" short_desc="Skip development warning dialogue">
                        <longdesc>Whether the warning dialogue in development versions of Evolution is skipped.</longdesc>
                </local_schema>
                <local_schema locale="mk" short_desc="Прескокни го дијалогот за предупредување за развој">
                        <longdesc>Дали дијалогот за предупредување во развојните верзии на Evolution е изоставен.</longdesc>
                </local_schema>
                <local_schema locale="cy" short_desc="Hepgor deialog rhybudd datblygiad">
                        <longdesc>A fydd y ddeialog rhybudd mewn fersiynau datblygu o Evolution yn cael ei hepgor.</longdesc>
                </local_schema>
                <local_schema locale="gl" short_desc="Saltar o diálogo de aviso de desenvolvemento">
                        <longdesc>Se se salta o diálogo de aviso nas versión de desenvolvemento do Evolution.</longdesc>
                </local_schema>
                <local_schema locale="hr" short_desc="Preskoči dijalog s upozorenjem o razvojnoj inačici">
                </local_schema>
                <local_schema locale="si" short_desc="Skip development warning dialog">
                        <longdesc>Whether the warning dialog in development versions of Evolution is skipped.</longdesc>
                </local_schema>
                <local_schema locale="bn_IN" short_desc="ডিভেলপমেন্টের সতর্কবাণীর ডায়লগটি এড়িয়ে এগিয়ে যাওয়া হবে">
                        <longdesc>Evolution ডিভেলপমেন্ট সংস্করণে সতর্কবাণীর ডায়লগ বাক্সের প্রদর্শন এড়িয়ে যাওয়া হবে কি না।</longdesc>
                </local_schema>
                <local_schema locale="nn" short_desc="Om utviklarversjonsvindauget skal hoppast over">
                        <longdesc>Om åtvaringsvindauget utviklarversjonane av Evolution skal droppast.</longdesc>
                </local_schema>
                <local_schema locale="it" short_desc="Omette dialogo avvertimento sviluppo">
                        <longdesc>Indica se è omesso il dialogo di avvertimento nelle versioni di sviluppo di Evolution.</longdesc>
                </local_schema>
                <local_schema locale="nl" short_desc="Waarschuwingsdialoog voor instabiele versie overslaan">
                        <longdesc>Of het waarschuwingsdialoog voor de ontwikkelingsversies van Evolution wordt overgeslagen.</longdesc>
                </local_schema>
                <local_schema locale="bn" short_desc="ডিভেলপমেন্টের সতর্কবাণীর ডায়লগটি এড়িয়ে এগিয়ে যাওয়া হবে">
                        <longdesc>Evolution ডিভেলপমেন্ট সংস্করণে সতর্কবাণীর ডায়লগ বাক্সের প্রদর্শন এড়িয়ে যাওয়া হবে কি না।</longdesc>
                </local_schema>
                <local_schema locale="fa" short_desc="پرش از محاوره‌ی اخطار نسخه‌ی در حال ساخت">
                        <longdesc>این که محاوره‌ی اخطار در نسخه‌های در حال ساخت اوولوشن نشان داده نشود.</longdesc>
                </local_schema>
                <local_schema locale="dz" short_desc="གོང་འཕེལ་ཉེན་བརྡའི་ ཌའི་ལོག་གོམ་སྟེ་འགྱོ།">
                        <longdesc>ཨི་བོ་ལུ་ཤཱན་གྱི་ གོང་འཕེལ་ཐོན་རིམ་ནང་གི་ ཉེན་བརྡའི་ཌའི་ལོག་དེ་ གོམ་སྟེ་འགྱོ་ཡི་ག</longdesc>
                </local_schema>
                <local_schema locale="cs" short_desc="Přeskakovat dialog varování o vývoji">
                        <longdesc>Jestli se přeskakuje dialog varování ve vývojových verzích Evolution.</longdesc>
                </local_schema>
                <local_schema locale="th" short_desc="ข้ามกล่องโต้ตอบเตือนสถานะกำลังพัฒนา">
                        <longdesc>กำหนดว่าจะข้ามกล่องโต้ตอบเตือนเมื่อใช้ Evolution รุ่นกำลังพัฒนาหรือไม่</longdesc>
                </local_schema>
        </entry>
</gconf>
