<?xml version="1.0" encoding="utf-8"?>
<mime-type xmlns="http://www.freedesktop.org/standards/shared-mime-info" type="application/gnunet-directory">
<!--Created automatically by update-mime-database. DO NOT EDIT!-->
  <comment>GNUnet search file</comment>
  <comment xml:lang="be@latin">fajł pošuku GNUnet</comment>
  <comment xml:lang="ca">fitxer de cerca GNUnet</comment>
  <comment xml:lang="cs">Vyhledávací soubor GNUnet</comment>
  <comment xml:lang="es">Archivo de búsqueda GNUnet</comment>
  <comment xml:lang="fi">GNUnet-hakutiedosto</comment>
  <comment xml:lang="fr">fichier de recherche GNUnet</comment>
  <comment xml:lang="ga">comhad cuardaigh GNUnet</comment>
  <comment xml:lang="hu">GNUnet keresési fájl</comment>
  <comment xml:lang="id">Berkas telusur GNUnet</comment>
  <comment xml:lang="it">File ricerca GNUnet</comment>
  <comment xml:lang="ko">GNUnet 찾기 파일</comment>
  <comment xml:lang="lt">GNUnet paieškos rinkmena</comment>
  <comment xml:lang="nb">GNUnet søkefil</comment>
  <comment xml:lang="nl">GNUnet-zoekbestand</comment>
  <comment xml:lang="pt_BR">Arquivo de pesquisa do GNUnet</comment>
  <comment xml:lang="sv">GNUnet-sökfil</comment>
  <comment xml:lang="vi">Tập tin tìm kiếm GNUnet</comment>
</mime-type>
