<?xml version="1.0" encoding="utf-8"?>
<mime-type xmlns="http://www.freedesktop.org/standards/shared-mime-info" type="application/oda">
<!--Created automatically by update-mime-database. DO NOT EDIT!-->
  <comment>ODA document</comment>
  <comment xml:lang="az">ODA sənədi</comment>
  <comment xml:lang="be@latin">Dakument ODA</comment>
  <comment xml:lang="bg">Документ — ODA</comment>
  <comment xml:lang="ca">document ODA</comment>
  <comment xml:lang="cs">Dokument ODA</comment>
  <comment xml:lang="cy">Dogfen ODA</comment>
  <comment xml:lang="da">ODA-dokument</comment>
  <comment xml:lang="de">ODA-Dokument</comment>
  <comment xml:lang="el">έγγραφο ODA</comment>
  <comment xml:lang="en_GB">ODA document</comment>
  <comment xml:lang="eo">ODA-dokumento</comment>
  <comment xml:lang="es">documento ODA</comment>
  <comment xml:lang="eu">ODA dokumentua</comment>
  <comment xml:lang="fi">ODA-asiakirja</comment>
  <comment xml:lang="fr">document ODA</comment>
  <comment xml:lang="ga">cáipéis ODA</comment>
  <comment xml:lang="hu">ODA-dokumentum</comment>
  <comment xml:lang="id">Dokumen ODA</comment>
  <comment xml:lang="it">Documento ODA</comment>
  <comment xml:lang="ja">ODA ドキュメント</comment>
  <comment xml:lang="ko">ODA 문서</comment>
  <comment xml:lang="lt">ODA dokumentas</comment>
  <comment xml:lang="ms">Dokumen ODA</comment>
  <comment xml:lang="nb">ODA-dokument</comment>
  <comment xml:lang="nl">ODA-document</comment>
  <comment xml:lang="nn">ODA-dokument</comment>
  <comment xml:lang="pl">Dokument ODA</comment>
  <comment xml:lang="pt">documento ODA</comment>
  <comment xml:lang="pt_BR">Documento ODA</comment>
  <comment xml:lang="ru">документ ODA</comment>
  <comment xml:lang="sq">Dokument ODA</comment>
  <comment xml:lang="sr">ODA документ</comment>
  <comment xml:lang="sv">ODA-dokument</comment>
  <comment xml:lang="uk">Документ ODA</comment>
  <comment xml:lang="vi">Tài liệu ODA</comment>
  <comment xml:lang="zh_CN">ODA 文档</comment>
  <comment xml:lang="zh_TW">ODA 文件</comment>
  <acronym>ODA</acronym>
  <expanded-acronym>Office Document Architecture</expanded-acronym>
  <generic-icon name="x-office-document"/>
</mime-type>
