<?xml version="1.0" encoding="utf-8"?>
<mime-type xmlns="http://www.freedesktop.org/standards/shared-mime-info" type="application/pdf">
<!--Created automatically by update-mime-database. DO NOT EDIT!-->
  <comment>PDF document</comment>
  <comment xml:lang="be@latin">Dakument PDF</comment>
  <comment xml:lang="bg">Документ — PDF</comment>
  <comment xml:lang="ca">document PDF</comment>
  <comment xml:lang="cs">Dokument PDF</comment>
  <comment xml:lang="da">PDF-dokument</comment>
  <comment xml:lang="de">PDF-Dokument</comment>
  <comment xml:lang="el">έγγραφο PDF</comment>
  <comment xml:lang="en_GB">PDF document</comment>
  <comment xml:lang="eo">PDF-dokumento</comment>
  <comment xml:lang="es">documento PDF</comment>
  <comment xml:lang="eu">PDF dokumentua</comment>
  <comment xml:lang="fi">PDF-asiakirja</comment>
  <comment xml:lang="fr">document PDF</comment>
  <comment xml:lang="ga">cáipéis PDF</comment>
  <comment xml:lang="hu">PDF-dokumentum</comment>
  <comment xml:lang="id">Dokumen PDF</comment>
  <comment xml:lang="it">Documento PDF</comment>
  <comment xml:lang="ja">PDF ドキュメント</comment>
  <comment xml:lang="ko">PDF 문서</comment>
  <comment xml:lang="lt">PDF dokumentas</comment>
  <comment xml:lang="ms">Dokumen PDF</comment>
  <comment xml:lang="nb">PDF-dokument</comment>
  <comment xml:lang="nl">PDF-document</comment>
  <comment xml:lang="nn">PDF-dokument</comment>
  <comment xml:lang="pl">Dokument PDF</comment>
  <comment xml:lang="pt">documento PDF</comment>
  <comment xml:lang="pt_BR">Documento PDF</comment>
  <comment xml:lang="ru">документ PDF</comment>
  <comment xml:lang="sq">Dokument PDF</comment>
  <comment xml:lang="sr">PDF документ</comment>
  <comment xml:lang="sv">PDF-dokument</comment>
  <comment xml:lang="uk">Документ PDF</comment>
  <comment xml:lang="vi">Tài liệu PDF</comment>
  <comment xml:lang="zh_CN">PDF 文档</comment>
  <comment xml:lang="zh_TW">PDF 文件</comment>
  <acronym>PDF</acronym>
  <expanded-acronym>Portable Document Format</expanded-acronym>
  <generic-icon name="x-office-document"/>
  <alias type="application/x-pdf"/>
  <alias type="image/pdf"/>
</mime-type>
