<?xml version="1.0" encoding="utf-8"?>
<mime-type xmlns="http://www.freedesktop.org/standards/shared-mime-info" type="application/vnd.ms-access">
<!--Created automatically by update-mime-database. DO NOT EDIT!-->
  <comment>JET database</comment>
  <comment xml:lang="be@latin">Baza źviestak JET</comment>
  <comment xml:lang="bg">База от данни — JET</comment>
  <comment xml:lang="ca">base de dades JET</comment>
  <comment xml:lang="cs">Databáze JET</comment>
  <comment xml:lang="de">JET-Datenbank</comment>
  <comment xml:lang="en_GB">JET database</comment>
  <comment xml:lang="es">base de datos JET</comment>
  <comment xml:lang="eu">JET datubasea</comment>
  <comment xml:lang="fi">JET-tietokanta</comment>
  <comment xml:lang="fr">base de données JET</comment>
  <comment xml:lang="ga">bunachar sonraí JET</comment>
  <comment xml:lang="hu">JET adatbázis</comment>
  <comment xml:lang="id">Basis data JET</comment>
  <comment xml:lang="it">Database JET</comment>
  <comment xml:lang="ko">JET 데이터베이스</comment>
  <comment xml:lang="lt">JET duomenų bazė</comment>
  <comment xml:lang="nb">JET-database</comment>
  <comment xml:lang="nl">JET-gegevensbank</comment>
  <comment xml:lang="nn">JET-database</comment>
  <comment xml:lang="pl">Baza Danych JET</comment>
  <comment xml:lang="pt_BR">Banco de dados JET</comment>
  <comment xml:lang="ru">база данных JET</comment>
  <comment xml:lang="sv">JET-databas</comment>
  <comment xml:lang="uk">База даних JET</comment>
  <comment xml:lang="vi">Cơ sở dữ liệu JET</comment>
  <acronym>JET</acronym>
  <expanded-acronym>Joint Engine Technology</expanded-acronym>
  <generic-icon name="x-office-document"/>
  <alias type="application/x-msaccess"/>
  <alias type="application/msaccess"/>
  <alias type="application/vnd.msaccess"/>
  <alias type="application/x-msaccess"/>
  <alias type="application/mdb"/>
  <alias type="application/x-mdb"/>
</mime-type>
