<?xml version="1.0" encoding="utf-8"?>
<mime-type xmlns="http://www.freedesktop.org/standards/shared-mime-info" type="application/vnd.stardivision.math">
<!--Created automatically by update-mime-database. DO NOT EDIT!-->
  <comment>StarMath formula</comment>
  <comment xml:lang="be@latin">Formuła StarMath</comment>
  <comment xml:lang="bg">Формула — StarMath</comment>
  <comment xml:lang="ca">fórmula de StarMath</comment>
  <comment xml:lang="cs">Vzorec StarMath</comment>
  <comment xml:lang="da">StarMath-formel</comment>
  <comment xml:lang="de">StarMath-Formel</comment>
  <comment xml:lang="el">μαθηματικός τύπος StarMath</comment>
  <comment xml:lang="en_GB">StarMath formula</comment>
  <comment xml:lang="eo">StarMath-formulo</comment>
  <comment xml:lang="es">fórmula de StarMath</comment>
  <comment xml:lang="eu">StarMath formula</comment>
  <comment xml:lang="fi">StarMath-kaava</comment>
  <comment xml:lang="fr">formule StarMath</comment>
  <comment xml:lang="ga">foirmle StarMath</comment>
  <comment xml:lang="hu">StarMath-képlet</comment>
  <comment xml:lang="id">Formula StarMath</comment>
  <comment xml:lang="it">Formula StarMath</comment>
  <comment xml:lang="ja">StarMath 計算式</comment>
  <comment xml:lang="ko">StarMath 수식</comment>
  <comment xml:lang="lt">StarMath formulė</comment>
  <comment xml:lang="ms">Formula StarMath</comment>
  <comment xml:lang="nb">StarMath-formel</comment>
  <comment xml:lang="nl">StarMath-formule</comment>
  <comment xml:lang="nn">StarMath-formel</comment>
  <comment xml:lang="pl">Formuła StarMath</comment>
  <comment xml:lang="pt">fórmula do StarMath</comment>
  <comment xml:lang="pt_BR">Fórmula do StarMath</comment>
  <comment xml:lang="sq">Formulë StarMath</comment>
  <comment xml:lang="sr">StarMath формула</comment>
  <comment xml:lang="sv">StarMath-formel</comment>
  <comment xml:lang="uk">Формула StarMath</comment>
  <comment xml:lang="vi">Công thức StarMath</comment>
  <comment xml:lang="zh_CN">StarMath 公式</comment>
  <comment xml:lang="zh_TW">StarMath 算式</comment>
  <generic-icon name="x-office-document"/>
</mime-type>
