<?xml version="1.0" encoding="utf-8"?>
<mime-type xmlns="http://www.freedesktop.org/standards/shared-mime-info" type="application/vnd.lotus-1-2-3">
<!--Created automatically by update-mime-database. DO NOT EDIT!-->
  <comment>Lotus 1-2-3 spreadsheet</comment>
  <comment xml:lang="az">Lotus 1-2-3 hesab cədvəli</comment>
  <comment xml:lang="be@latin">Raźlikovy arkuš Lotus 1-2-3</comment>
  <comment xml:lang="bg">Таблица — Lotus 1-2-3</comment>
  <comment xml:lang="ca">full de càlcul de Lotus 1-2-3</comment>
  <comment xml:lang="cs">Sešit Lotus 1-2-3</comment>
  <comment xml:lang="cy">Taenlen Lotus 1-2-3</comment>
  <comment xml:lang="da">Lotus 1-2-3-regneark</comment>
  <comment xml:lang="de">Lotus 1-2-3-Tabelle</comment>
  <comment xml:lang="el">λογιστικό φύλλο Lotus 1-2-3</comment>
  <comment xml:lang="en_GB">Lotus 1-2-3 spreadsheet</comment>
  <comment xml:lang="eo">sterntabelo de Lotus 1-2-3</comment>
  <comment xml:lang="es">hoja de cálculo de Lotus 1-2-3</comment>
  <comment xml:lang="eu">Lotus 1-2-3 kalkulu-orria</comment>
  <comment xml:lang="fi">Lotus 1-2-3 -taulukko</comment>
  <comment xml:lang="fr">feuille de calcul Lotus 1-2-3</comment>
  <comment xml:lang="ga">scarbhileog Lotus 1-2-3</comment>
  <comment xml:lang="hu">Lotus 1-2-3-munkafüzet</comment>
  <comment xml:lang="id">Lembar sebar Lotus 1-2-3</comment>
  <comment xml:lang="it">Foglio di calcolo Lotus 1-2-3</comment>
  <comment xml:lang="ja">Lotus 1-2-3 スプレッドシート</comment>
  <comment xml:lang="ko">Lotus 1-2-3 스프레드시트</comment>
  <comment xml:lang="lt">Lotus 1-2-3 skaičialentė</comment>
  <comment xml:lang="ms">Hamparan Lotus 1-2-3</comment>
  <comment xml:lang="nb">Lotus 1-2-3 regneark</comment>
  <comment xml:lang="nl">Lotus 1-2-3-rekenblad</comment>
  <comment xml:lang="nn">Lotus 1-2-3 rekneark</comment>
  <comment xml:lang="pl">Arkusz Lotus 1-2-3</comment>
  <comment xml:lang="pt">folha de cálculo Lotus 1-2-3</comment>
  <comment xml:lang="pt_BR">Planilha do Lotus 1-2-3</comment>
  <comment xml:lang="ru">электронная таблица Lotus 1-2-3</comment>
  <comment xml:lang="sq">Fletë llogaritëse Lotus 1-2-3</comment>
  <comment xml:lang="sr">Lotus 1-2-3 табеларни прорачун</comment>
  <comment xml:lang="sv">Lotus 1-2-3-kalkylblad</comment>
  <comment xml:lang="uk">Ел.таблиця Lotus 1-2-3</comment>
  <comment xml:lang="vi">Bảng tính Lotus 1-2-3</comment>
  <comment xml:lang="zh_CN">Lotus 1-2-3 工作簿</comment>
  <comment xml:lang="zh_TW">Lotus 1-2-3 試算表</comment>
  <generic-icon name="x-office-spreadsheet"/>
  <alias type="application/x-lotus123"/>
  <alias type="application/x-123"/>
  <alias type="application/lotus123"/>
  <alias type="application/wk1"/>
</mime-type>
