<?xml version="1.0" encoding="utf-8"?>
<mime-type xmlns="http://www.freedesktop.org/standards/shared-mime-info" type="application/vnd.ms-excel">
<!--Created automatically by update-mime-database. DO NOT EDIT!-->
  <comment>Excel spreadsheet</comment>
  <comment xml:lang="be@latin">Raźlikovy akruš Excel</comment>
  <comment xml:lang="bg">Таблица — Excel</comment>
  <comment xml:lang="ca">full de càlcul d'Excel</comment>
  <comment xml:lang="cs">Sešit Excel</comment>
  <comment xml:lang="de">Excel-Tabelle</comment>
  <comment xml:lang="en_GB">Excel spreadsheet</comment>
  <comment xml:lang="es">hoja de cálculo de Excel</comment>
  <comment xml:lang="eu">Excel kalkulu-orria</comment>
  <comment xml:lang="fi">Excel-taulukko</comment>
  <comment xml:lang="fr">feuille de calcul Excel</comment>
  <comment xml:lang="ga">scarbhileog Excel</comment>
  <comment xml:lang="hu">Excel táblázat</comment>
  <comment xml:lang="id">Lembar sebar Excel</comment>
  <comment xml:lang="it">Foglio di calcolo Excel</comment>
  <comment xml:lang="ko">엑셀 스프레드시트</comment>
  <comment xml:lang="lt">Excel skaičialentė</comment>
  <comment xml:lang="nb">Excel regneark</comment>
  <comment xml:lang="nl">Excel-rekenblad</comment>
  <comment xml:lang="nn">Excel-rekneark</comment>
  <comment xml:lang="pl">Arkusz Excel</comment>
  <comment xml:lang="pt_BR">Planilha do Excel</comment>
  <comment xml:lang="ru">электронная таблица Excel</comment>
  <comment xml:lang="sv">Excel-kalkylblad</comment>
  <comment xml:lang="uk">Ел.таблиця Excel</comment>
  <comment xml:lang="vi">Bảng tính Excel</comment>
  <generic-icon name="x-office-spreadsheet"/>
  <alias type="application/msexcel"/>
  <alias type="application/x-msexcel"/>
</mime-type>
