<?xml version="1.0" encoding="utf-8"?>
<mime-type xmlns="http://www.freedesktop.org/standards/shared-mime-info" type="application/x-awk">
<!--Created automatically by update-mime-database. DO NOT EDIT!-->
  <comment>AWK script</comment>
  <comment xml:lang="az">AWK skripti</comment>
  <comment xml:lang="be@latin">Skrypt AWK</comment>
  <comment xml:lang="bg">Скрипт — AWK</comment>
  <comment xml:lang="ca">script AWK</comment>
  <comment xml:lang="cs">Skript AWK</comment>
  <comment xml:lang="cy">Sgript AWK</comment>
  <comment xml:lang="da">AWK-program</comment>
  <comment xml:lang="de">AWK-Skript</comment>
  <comment xml:lang="el">πρόγραμμα εντολών AWK</comment>
  <comment xml:lang="en_GB">AWK script</comment>
  <comment xml:lang="eo">AWK-skripto</comment>
  <comment xml:lang="es">script en AWK</comment>
  <comment xml:lang="eu">AWK script-a</comment>
  <comment xml:lang="fi">AWK-komentotiedosto</comment>
  <comment xml:lang="fr">script AWK</comment>
  <comment xml:lang="ga">script AWK</comment>
  <comment xml:lang="hu">AWK-parancsfájl</comment>
  <comment xml:lang="id">Skrip AWK</comment>
  <comment xml:lang="it">Script AWK</comment>
  <comment xml:lang="ja">AWK スクリプト</comment>
  <comment xml:lang="ko">AWK 스크립트</comment>
  <comment xml:lang="lt">AWK scenarijus</comment>
  <comment xml:lang="ms">Skrip AWK</comment>
  <comment xml:lang="nb">AWK-skript</comment>
  <comment xml:lang="nl">AWK-script</comment>
  <comment xml:lang="nn">WAK-skript</comment>
  <comment xml:lang="pl">Skrypt AWK</comment>
  <comment xml:lang="pt">'script' AWK</comment>
  <comment xml:lang="pt_BR">Script AWK</comment>
  <comment xml:lang="ru">скрипт AWK</comment>
  <comment xml:lang="sq">Script AWK</comment>
  <comment xml:lang="sr">AWK скрипта</comment>
  <comment xml:lang="sv">AWK-skript</comment>
  <comment xml:lang="uk">Сценарій AWK</comment>
  <comment xml:lang="vi">Văn lệnh AWK</comment>
  <comment xml:lang="zh_CN">AWK 脚本</comment>
  <comment xml:lang="zh_TW">AWK 描述語言檔</comment>
  <sub-class-of type="application/x-executable"/>
  <sub-class-of type="text/plain"/>
  <generic-icon name="text-x-script"/>
</mime-type>
