<?xml version="1.0" encoding="utf-8"?>
<mime-type xmlns="http://www.freedesktop.org/standards/shared-mime-info" type="application/x-font-speedo">
<!--Created automatically by update-mime-database. DO NOT EDIT!-->
  <comment>Speedo font</comment>
  <comment xml:lang="az">Speedo yazı növü</comment>
  <comment xml:lang="be@latin">Šryft Speedo</comment>
  <comment xml:lang="bg">Шрифт — Speedo</comment>
  <comment xml:lang="ca">tipus de lletra Speedo</comment>
  <comment xml:lang="cs">Písmo Speedo</comment>
  <comment xml:lang="cy">Ffont Speedo</comment>
  <comment xml:lang="da">Speedo-skrifttype</comment>
  <comment xml:lang="de">Speedo-Schrift</comment>
  <comment xml:lang="el">γραμματοσειρά Speedo</comment>
  <comment xml:lang="en_GB">Speedo font</comment>
  <comment xml:lang="eo">Speedo-tiparo</comment>
  <comment xml:lang="es">tipografía Speedo</comment>
  <comment xml:lang="eu">Speedo letra-tipoa</comment>
  <comment xml:lang="fi">Speedo-kirjasin</comment>
  <comment xml:lang="fr">police Speedo</comment>
  <comment xml:lang="ga">cló Speedo</comment>
  <comment xml:lang="hu">Speedo-betűkészlet</comment>
  <comment xml:lang="id">Fonta Speedo</comment>
  <comment xml:lang="it">Tipo carattere Speedo</comment>
  <comment xml:lang="ja">Speedo フォント</comment>
  <comment xml:lang="ko">Speedo 글꼴</comment>
  <comment xml:lang="lt">Speedo šriftas</comment>
  <comment xml:lang="ms">Font Speedo</comment>
  <comment xml:lang="nb">Speedo-skrifttype</comment>
  <comment xml:lang="nl">Speedo-lettertype</comment>
  <comment xml:lang="nn">Speedo-skrifttype</comment>
  <comment xml:lang="pl">Czcionka Speedo</comment>
  <comment xml:lang="pt">tipo de letra Speedo</comment>
  <comment xml:lang="pt_BR">Fonte Speedo</comment>
  <comment xml:lang="sq">Gërma Speedo</comment>
  <comment xml:lang="sr">Speedo фонт</comment>
  <comment xml:lang="sv">Speedo-typsnitt</comment>
  <comment xml:lang="uk">Шрифт Speedo</comment>
  <comment xml:lang="vi">Phông chữ Speedo</comment>
  <comment xml:lang="zh_CN">Speedo 字体</comment>
  <comment xml:lang="zh_TW">Speedo 字型檔</comment>
  <generic-icon name="font-x-generic"/>
</mime-type>
