<?xml version="1.0" encoding="utf-8"?>
<mime-type xmlns="http://www.freedesktop.org/standards/shared-mime-info" type="application/x-font-pcf">
<!--Created automatically by update-mime-database. DO NOT EDIT!-->
  <comment>PCF font</comment>
  <comment xml:lang="az">PCF yazı növü</comment>
  <comment xml:lang="be@latin">Šryft PCF</comment>
  <comment xml:lang="bg">Шрифт — PCF</comment>
  <comment xml:lang="ca">tipus de lletra PCF</comment>
  <comment xml:lang="cs">Písmo PCF</comment>
  <comment xml:lang="cy">Ffont PCF</comment>
  <comment xml:lang="da">PCF-skrifttype</comment>
  <comment xml:lang="de">PCF-Schrift</comment>
  <comment xml:lang="el">γραμματοσειρά PCF</comment>
  <comment xml:lang="en_GB">PCF font</comment>
  <comment xml:lang="eo">PCF-tiparo</comment>
  <comment xml:lang="es">tipografía PCF</comment>
  <comment xml:lang="eu">PCF letra-tipoa</comment>
  <comment xml:lang="fi">PCF-kirjasin</comment>
  <comment xml:lang="fr">police PCF</comment>
  <comment xml:lang="ga">cló PCF</comment>
  <comment xml:lang="hu">PCF-betűkészlet</comment>
  <comment xml:lang="id">Fonta PCF</comment>
  <comment xml:lang="it">Tipo carattere PCF</comment>
  <comment xml:lang="ja">PCF フォント</comment>
  <comment xml:lang="ko">PCF 글꼴</comment>
  <comment xml:lang="lt">PCF šriftas</comment>
  <comment xml:lang="ms">Font PCF</comment>
  <comment xml:lang="nb">PCF-skrifttype</comment>
  <comment xml:lang="nl">PCF-lettertype</comment>
  <comment xml:lang="nn">PCF-skrifttype</comment>
  <comment xml:lang="pl">Czcionka PCF</comment>
  <comment xml:lang="pt">tipo de letra PCF</comment>
  <comment xml:lang="pt_BR">Fonte PCF</comment>
  <comment xml:lang="ru">шрифт PCF</comment>
  <comment xml:lang="sq">Gërma PCF</comment>
  <comment xml:lang="sr">PCF фонт</comment>
  <comment xml:lang="sv">PCF-typsnitt</comment>
  <comment xml:lang="uk">Шрифт PCF</comment>
  <comment xml:lang="vi">Phông chữ PCF</comment>
  <comment xml:lang="zh_CN">PCF 字体</comment>
  <comment xml:lang="zh_TW">PCF 字型檔</comment>
  <generic-icon name="font-x-generic"/>
</mime-type>
