<?xml version="1.0" encoding="utf-8"?>
<mime-type xmlns="http://www.freedesktop.org/standards/shared-mime-info" type="application/x-gzip">
<!--Created automatically by update-mime-database. DO NOT EDIT!-->
  <comment>Gzip archive</comment>
  <comment xml:lang="be@latin">Archiŭ gzip</comment>
  <comment xml:lang="bg">Архив — gzip</comment>
  <comment xml:lang="ca">arxiu gzip</comment>
  <comment xml:lang="cs">Archiv gzip</comment>
  <comment xml:lang="es">archivador Gzip</comment>
  <comment xml:lang="eu">Gzip artxiboa</comment>
  <comment xml:lang="fi">Gzip-arkisto</comment>
  <comment xml:lang="fr">archive gzip</comment>
  <comment xml:lang="ga">cartlann Gzip</comment>
  <comment xml:lang="hu">Gzip archívum</comment>
  <comment xml:lang="id">Arsip Gzip</comment>
  <comment xml:lang="it">Archivio gzip</comment>
  <comment xml:lang="ko">gzip 압축파일</comment>
  <comment xml:lang="lt">Gzip archyvas</comment>
  <comment xml:lang="nb">Gzip-arkiv</comment>
  <comment xml:lang="nl">Gzip-archief</comment>
  <comment xml:lang="pt_BR">Pacote Gzip</comment>
  <comment xml:lang="ru">архив gzip</comment>
  <comment xml:lang="sv">Gzip-arkiv</comment>
  <comment xml:lang="vi">Kho nén gzip</comment>
  <generic-icon name="package-x-generic"/>
</mime-type>
