<?xml version="1.0" encoding="utf-8"?>
<mime-type xmlns="http://www.freedesktop.org/standards/shared-mime-info" type="application/x-gzpdf">
<!--Created automatically by update-mime-database. DO NOT EDIT!-->
  <comment>PDF document (gzip-compressed)</comment>
  <comment xml:lang="be@latin">Dakument PDF (gzip-skampresavany)</comment>
  <comment xml:lang="bg">Документ — PDF, компресиран с gzip</comment>
  <comment xml:lang="ca">document PDF (comprimit amb gzip)</comment>
  <comment xml:lang="cs">Dokument PDF (komprimovaný pomocí gzip)</comment>
  <comment xml:lang="de">PDF-Dokument (gzip-komprimiert)</comment>
  <comment xml:lang="es">documento PDF (comprimido con gzip)</comment>
  <comment xml:lang="eu">PDF dokumentua (gzip-ekin konprimitua)</comment>
  <comment xml:lang="fi">PDF-asiakirja (gzip-pakattu)</comment>
  <comment xml:lang="fr">document PDF (compressé gzip)</comment>
  <comment xml:lang="ga">cáipéis PDF (comhbhrúite le gzip)</comment>
  <comment xml:lang="hu">PDF dokumentum (gzip-tömörítésű)</comment>
  <comment xml:lang="id">Dokumen PDF (terkompresi gzip)</comment>
  <comment xml:lang="it">Documento PDF (compresso con gzip)</comment>
  <comment xml:lang="ko">PDF 문서 (gzip으로 압축)</comment>
  <comment xml:lang="lt">PDF dokumentas (suglaudintas su gzip)</comment>
  <comment xml:lang="nb">PDF-dokument (gzip-komprimert)</comment>
  <comment xml:lang="nl">PDF-document (ingepakt met gzip)</comment>
  <comment xml:lang="pl">Dokument PDF (kompresja gzip)</comment>
  <comment xml:lang="pt_BR">Documento PDF (compactado com gzip)</comment>
  <comment xml:lang="sv">PDF-dokument (gzip-komprimerat)</comment>
  <comment xml:lang="uk">Документ PDF (стиснений gzip)</comment>
  <comment xml:lang="vi">Tài liệu PDF (đã nén gzip)</comment>
  <sub-class-of type="application/x-gzip"/>
  <generic-icon name="x-office-document"/>
</mime-type>
