<?xml version="1.0" encoding="utf-8"?>
<mime-type xmlns="http://www.freedesktop.org/standards/shared-mime-info" type="application/x-java">
<!--Created automatically by update-mime-database. DO NOT EDIT!-->
  <comment>Java class</comment>
  <comment xml:lang="be@latin">Klasa Java</comment>
  <comment xml:lang="bg">Клас на Java</comment>
  <comment xml:lang="ca">classe Java</comment>
  <comment xml:lang="cs">Třída Java</comment>
  <comment xml:lang="da">Java-klasse</comment>
  <comment xml:lang="de">Java-Klasse</comment>
  <comment xml:lang="el">κλάση Java</comment>
  <comment xml:lang="en_GB">Java class</comment>
  <comment xml:lang="eo">Java-klaso</comment>
  <comment xml:lang="es">clase Java</comment>
  <comment xml:lang="eu">Java-ko klasea</comment>
  <comment xml:lang="fi">Java-luokka</comment>
  <comment xml:lang="fr">classe Java</comment>
  <comment xml:lang="ga">aicme Java</comment>
  <comment xml:lang="hu">Java-osztály</comment>
  <comment xml:lang="id">Kelas Java</comment>
  <comment xml:lang="it">Classe Java</comment>
  <comment xml:lang="ja">Java クラス</comment>
  <comment xml:lang="ko">자바 클래스</comment>
  <comment xml:lang="lt">Java klasė</comment>
  <comment xml:lang="ms">Kelas Java</comment>
  <comment xml:lang="nb">Java-klasse</comment>
  <comment xml:lang="nl">Java-klasse</comment>
  <comment xml:lang="nn">Java-klasse</comment>
  <comment xml:lang="pl">Klasa Java</comment>
  <comment xml:lang="pt">classe Java</comment>
  <comment xml:lang="pt_BR">Classe Java</comment>
  <comment xml:lang="ru">класс Java</comment>
  <comment xml:lang="sq">Klasë Java</comment>
  <comment xml:lang="sr">Јава класа</comment>
  <comment xml:lang="sv">Java-klass</comment>
  <comment xml:lang="uk">Клас Java</comment>
  <comment xml:lang="vi">Hạng Java</comment>
  <comment xml:lang="zh_CN">Java 类</comment>
  <comment xml:lang="zh_TW">Java class</comment>
</mime-type>
