<?xml version="1.0" encoding="utf-8"?>
<mime-type xmlns="http://www.freedesktop.org/standards/shared-mime-info" type="application/x-kformula">
<!--Created automatically by update-mime-database. DO NOT EDIT!-->
  <comment>KFormula formula</comment>
  <comment xml:lang="be@latin">Formuła KFormula</comment>
  <comment xml:lang="bg">Формула — KFormula</comment>
  <comment xml:lang="ca">fórmula de KFormula</comment>
  <comment xml:lang="cs">Vzorec KFormula</comment>
  <comment xml:lang="da">KFormula-formel</comment>
  <comment xml:lang="de">KFormula-Formel</comment>
  <comment xml:lang="el">μαθηματικός τύπος KFormula</comment>
  <comment xml:lang="en_GB">KFormula formula</comment>
  <comment xml:lang="eo">KFormula-formulo</comment>
  <comment xml:lang="es">fórmula de KFormula</comment>
  <comment xml:lang="eu">KFormula formula</comment>
  <comment xml:lang="fi">KFormula-kaava</comment>
  <comment xml:lang="fr">formule KFormula</comment>
  <comment xml:lang="ga">foirmle KFormula</comment>
  <comment xml:lang="hu">KFormula-képlet</comment>
  <comment xml:lang="id">Formula KFormula</comment>
  <comment xml:lang="it">Formula KFormula</comment>
  <comment xml:lang="ja">KFormula 計算式</comment>
  <comment xml:lang="ko">KFormula 수식</comment>
  <comment xml:lang="lt">KFormula formulė</comment>
  <comment xml:lang="ms">Formula KFormula</comment>
  <comment xml:lang="nb">KFormula-formel</comment>
  <comment xml:lang="nl">KFormula-formule</comment>
  <comment xml:lang="nn">KFormula-formel</comment>
  <comment xml:lang="pl">Formuła KFormula</comment>
  <comment xml:lang="pt">fórmula KFormula</comment>
  <comment xml:lang="pt_BR">Fórmula do KFormula</comment>
  <comment xml:lang="ru">формула KFormula</comment>
  <comment xml:lang="sq">Formulë KFormula</comment>
  <comment xml:lang="sr">KFormula формула</comment>
  <comment xml:lang="sv">KFormula-formel</comment>
  <comment xml:lang="uk">Формула KFormula</comment>
  <comment xml:lang="vi">Công thức KFormula</comment>
  <comment xml:lang="zh_CN">KFormula 公式</comment>
  <comment xml:lang="zh_TW">KFormula 算式</comment>
  <generic-icon name="x-office-document"/>
</mime-type>
