<?xml version="1.0" encoding="utf-8"?>
<mime-type xmlns="http://www.freedesktop.org/standards/shared-mime-info" type="application/x-lha">
<!--Created automatically by update-mime-database. DO NOT EDIT!-->
  <comment>LHA archive</comment>
  <comment xml:lang="az">LHA arxivi</comment>
  <comment xml:lang="be@latin">Archiŭ LHA</comment>
  <comment xml:lang="bg">Архив — LHA</comment>
  <comment xml:lang="ca">arxiu LHA</comment>
  <comment xml:lang="cs">Archiv LHA</comment>
  <comment xml:lang="cy">Archif LHA</comment>
  <comment xml:lang="da">LHA-arkiv</comment>
  <comment xml:lang="de">LHA-Archiv</comment>
  <comment xml:lang="el">αρχείο LHA</comment>
  <comment xml:lang="en_GB">LHA archive</comment>
  <comment xml:lang="eo">LHA-arkivo</comment>
  <comment xml:lang="es">archivador LHA</comment>
  <comment xml:lang="eu">LHA artxiboa</comment>
  <comment xml:lang="fi">LHA-arkisto</comment>
  <comment xml:lang="fr">archive LHA</comment>
  <comment xml:lang="ga">cartlann LHA</comment>
  <comment xml:lang="hu">LHA-archívum</comment>
  <comment xml:lang="id">Arsip LHA</comment>
  <comment xml:lang="it">Archivio LHA</comment>
  <comment xml:lang="ja">LHA アーカイブ</comment>
  <comment xml:lang="ko">LHA 압축파일</comment>
  <comment xml:lang="lt">LHA archyvas</comment>
  <comment xml:lang="ms">Arkib LHA</comment>
  <comment xml:lang="nb">LHA-arkiv</comment>
  <comment xml:lang="nl">LHA-archief</comment>
  <comment xml:lang="nn">LHA-arkiv</comment>
  <comment xml:lang="pl">Archiwum LHA</comment>
  <comment xml:lang="pt">arquivo LHA</comment>
  <comment xml:lang="pt_BR">Pacote LHA</comment>
  <comment xml:lang="ru">архив LHA</comment>
  <comment xml:lang="sq">Arkiv LHA</comment>
  <comment xml:lang="sr">LHA архива</comment>
  <comment xml:lang="sv">LHA-arkiv</comment>
  <comment xml:lang="uk">Архів LHA</comment>
  <comment xml:lang="vi">Kho nén LHA</comment>
  <comment xml:lang="zh_CN">LHA 压缩包</comment>
  <comment xml:lang="zh_TW">LHA 保存檔</comment>
  <generic-icon name="package-x-generic"/>
</mime-type>
