<?xml version="1.0" encoding="utf-8"?>
<mime-type xmlns="http://www.freedesktop.org/standards/shared-mime-info" type="application/x-n64-rom">
<!--Created automatically by update-mime-database. DO NOT EDIT!-->
  <comment>Nintendo64 ROM</comment>
  <comment xml:lang="be@latin">Nintendo64 ROM</comment>
  <comment xml:lang="bg">ROM — Nintendo64</comment>
  <comment xml:lang="ca">ROM de Nintendo64</comment>
  <comment xml:lang="cs">ROM pro Nintendo64</comment>
  <comment xml:lang="da">Nintendo64-rom</comment>
  <comment xml:lang="de">Nintendo64-ROM</comment>
  <comment xml:lang="el">εικόνα μνήμης ROM Nintendo64</comment>
  <comment xml:lang="en_GB">Nintendo64 ROM</comment>
  <comment xml:lang="eo">Nintendo64-NLM</comment>
  <comment xml:lang="es">ROM de Nintendo64</comment>
  <comment xml:lang="eu">Nintendo64-ko ROMa</comment>
  <comment xml:lang="fi">Nintendo64-ROM</comment>
  <comment xml:lang="fr">ROM Nintendo64</comment>
  <comment xml:lang="ga">ROM Nintendo64</comment>
  <comment xml:lang="hu">Nintendo64 ROM</comment>
  <comment xml:lang="id">Memori baca-saja Nintendo64</comment>
  <comment xml:lang="it">ROM Nintendo64</comment>
  <comment xml:lang="ja">Nintendo64 ROM</comment>
  <comment xml:lang="ko">닌텐도64 롬</comment>
  <comment xml:lang="lt">Nintendo64 ROM</comment>
  <comment xml:lang="ms">ROM Nintendo64</comment>
  <comment xml:lang="nb">Nintendo64-ROM</comment>
  <comment xml:lang="nl">Nintendo64-ROM</comment>
  <comment xml:lang="nn">Nintendo64-ROM</comment>
  <comment xml:lang="pl">Plik ROM konsoli Nintendo64</comment>
  <comment xml:lang="pt">ROM Nintendo64</comment>
  <comment xml:lang="pt_BR">ROM do Nintendo64</comment>
  <comment xml:lang="ru">Nintendo64 ROM</comment>
  <comment xml:lang="sq">ROM Nintendo64</comment>
  <comment xml:lang="sr">Нинтендо64 РОМ</comment>
  <comment xml:lang="sv">Nintendo64-rom</comment>
  <comment xml:lang="uk">ПЗП Nintendo64</comment>
  <comment xml:lang="vi">ROM Nintendo64</comment>
  <comment xml:lang="zh_CN">Nintendo64 ROM</comment>
  <comment xml:lang="zh_TW">超任64 ROM</comment>
  <generic-icon name="application-x-executable"/>
</mime-type>
