<?xml version="1.0" encoding="utf-8"?>
<mime-type xmlns="http://www.freedesktop.org/standards/shared-mime-info" type="application/x-object">
<!--Created automatically by update-mime-database. DO NOT EDIT!-->
  <comment>object code</comment>
  <comment xml:lang="be@latin">abjektny kod</comment>
  <comment xml:lang="bg">Обектен код</comment>
  <comment xml:lang="ca">codi objecte</comment>
  <comment xml:lang="cs">Objektový kód</comment>
  <comment xml:lang="da">objektkode</comment>
  <comment xml:lang="de">Objekt-Code</comment>
  <comment xml:lang="el">μεταφρασμένος κώδικας</comment>
  <comment xml:lang="en_GB">object code</comment>
  <comment xml:lang="eo">celkodo</comment>
  <comment xml:lang="es">código objeto</comment>
  <comment xml:lang="eu">objektu kodea</comment>
  <comment xml:lang="fi">objektikoodi</comment>
  <comment xml:lang="fr">code objet</comment>
  <comment xml:lang="ga">cód réada</comment>
  <comment xml:lang="hu">tárgykód</comment>
  <comment xml:lang="id">kode object</comment>
  <comment xml:lang="it">Codice oggetto</comment>
  <comment xml:lang="ja">オブジェクトコード</comment>
  <comment xml:lang="ko">개체 코드</comment>
  <comment xml:lang="lt">objektinis kodas</comment>
  <comment xml:lang="ms">Kod objek</comment>
  <comment xml:lang="nb">objektkode</comment>
  <comment xml:lang="nl">objectcode</comment>
  <comment xml:lang="nn">objektkode</comment>
  <comment xml:lang="pl">kod w postaci skompilowanej</comment>
  <comment xml:lang="pt">código de objecto</comment>
  <comment xml:lang="pt_BR">código objeto</comment>
  <comment xml:lang="sq">kod objekti</comment>
  <comment xml:lang="sr">објектни ко̂д</comment>
  <comment xml:lang="sv">objektkod</comment>
  <comment xml:lang="uk">об'єктний код</comment>
  <comment xml:lang="vi">mã đối tượng</comment>
  <comment xml:lang="zh_CN">目标代码</comment>
  <generic-icon name="x-office-document"/>
</mime-type>
