<?xml version="1.0" encoding="utf-8"?>
<mime-type xmlns="http://www.freedesktop.org/standards/shared-mime-info" type="application/x-oleo">
<!--Created automatically by update-mime-database. DO NOT EDIT!-->
  <comment>GNU Oleo spreadsheet</comment>
  <comment xml:lang="be@latin">Raźlikovy arkuš GNU Oleo</comment>
  <comment xml:lang="bg">Таблица — GNU Oleo</comment>
  <comment xml:lang="ca">full de càlcul de GNU Oleo</comment>
  <comment xml:lang="cs">Sešit GNU Oleo</comment>
  <comment xml:lang="da">GNU Oleo-regneark</comment>
  <comment xml:lang="de">GNU-Oleo-Tabelle</comment>
  <comment xml:lang="el">λογιστικό φύλλο GNU Oleo</comment>
  <comment xml:lang="en_GB">GNU Oleo spreadsheet</comment>
  <comment xml:lang="eo">sterntabelo de GNU Oleo</comment>
  <comment xml:lang="es">hoja de cálculo de GNU Oleo</comment>
  <comment xml:lang="eu">GNU Oleo kalkulu-orria</comment>
  <comment xml:lang="fi">GNU Oleo -taulukko</comment>
  <comment xml:lang="fr">feuille de calcul GNU Oleo</comment>
  <comment xml:lang="ga">scarbhileog GNU Oleo</comment>
  <comment xml:lang="hu">GNU Oleo-munkafüzet</comment>
  <comment xml:lang="id">Lembar sebar GNU Oleo</comment>
  <comment xml:lang="it">Foglio di calcolo GNU Oleo</comment>
  <comment xml:lang="ja">GNU Oleo スプレッドシート</comment>
  <comment xml:lang="ko">GNU Oleo 스프레드시트</comment>
  <comment xml:lang="lt">GNU Oleo skaičialentė</comment>
  <comment xml:lang="ms">Hamparan GNU Oleo</comment>
  <comment xml:lang="nb">GNU Oleo regneark</comment>
  <comment xml:lang="nl">GNU Oleo-rekenblad</comment>
  <comment xml:lang="nn">GNU Oleo-rekneark</comment>
  <comment xml:lang="pl">Arkusz GNU Oleo</comment>
  <comment xml:lang="pt">folha de cálculo GNU Oleo</comment>
  <comment xml:lang="pt_BR">Planilha do GNU Oleo</comment>
  <comment xml:lang="ru">электронная таблица GNU Oleo</comment>
  <comment xml:lang="sq">Fletë llogaritjesh GNU Oleo</comment>
  <comment xml:lang="sr">ГНУ Oleo табеларни прорачун</comment>
  <comment xml:lang="sv">GNU Oleo-kalkylblad</comment>
  <comment xml:lang="uk">Ел.таблиця GNU Oleo</comment>
  <comment xml:lang="vi">Bảng tính Oleo của GNU</comment>
  <comment xml:lang="zh_CN">GNU Oleo 工作簿</comment>
  <comment xml:lang="zh_TW">GNU Oleo 試算表</comment>
  <generic-icon name="x-office-spreadsheet"/>
</mime-type>
