<?xml version="1.0" encoding="utf-8"?>
<mime-type xmlns="http://www.freedesktop.org/standards/shared-mime-info" type="application/x-php">
<!--Created automatically by update-mime-database. DO NOT EDIT!-->
  <comment>PHP script</comment>
  <comment xml:lang="az">PHP skripti</comment>
  <comment xml:lang="be@latin">Skrypt PHP</comment>
  <comment xml:lang="bg">Скрипт — PHP</comment>
  <comment xml:lang="ca">script PHP</comment>
  <comment xml:lang="cs">Skript PHP</comment>
  <comment xml:lang="cy">Sgript PHP</comment>
  <comment xml:lang="da">PHP-program</comment>
  <comment xml:lang="de">PHP-Skript</comment>
  <comment xml:lang="el">πρόγραμμα εντολών PHP</comment>
  <comment xml:lang="en_GB">PHP script</comment>
  <comment xml:lang="eo">PHP-skripto</comment>
  <comment xml:lang="es">script en PHP</comment>
  <comment xml:lang="eu">PHP script-a</comment>
  <comment xml:lang="fi">PHP-komentotiedosto</comment>
  <comment xml:lang="fr">script PHP</comment>
  <comment xml:lang="ga">script PHP</comment>
  <comment xml:lang="hu">PHP-parancsfájl</comment>
  <comment xml:lang="id">Skrip PHP</comment>
  <comment xml:lang="it">Script PHP</comment>
  <comment xml:lang="ja">PHP スクリプト</comment>
  <comment xml:lang="ko">PHP 스크립트</comment>
  <comment xml:lang="lt">PHP scenarijus</comment>
  <comment xml:lang="ms">Skrip PHP</comment>
  <comment xml:lang="nb">PHP-skript</comment>
  <comment xml:lang="nl">PHP-script</comment>
  <comment xml:lang="nn">PHP-skript</comment>
  <comment xml:lang="pl">Skrypt w PHP</comment>
  <comment xml:lang="pt">'script' PHP</comment>
  <comment xml:lang="pt_BR">Script PHP</comment>
  <comment xml:lang="ru">скрипт PHP</comment>
  <comment xml:lang="sq">Script PHP</comment>
  <comment xml:lang="sr">PHP скрипта</comment>
  <comment xml:lang="sv">PHP-skript</comment>
  <comment xml:lang="uk">Сценарій PHP</comment>
  <comment xml:lang="vi">Văn lệnh PHP</comment>
  <comment xml:lang="zh_CN">PHP 脚本</comment>
  <comment xml:lang="zh_TW">PHP 描述語言檔</comment>
  <sub-class-of type="text/plain"/>
  <generic-icon name="text-x-script"/>
</mime-type>
