<?xml version="1.0" encoding="utf-8"?>
<mime-type xmlns="http://www.freedesktop.org/standards/shared-mime-info" type="application/x-shellscript">
<!--Created automatically by update-mime-database. DO NOT EDIT!-->
  <comment>shell script</comment>
  <comment xml:lang="az">qabıq skripti</comment>
  <comment xml:lang="be@latin">skrypt abałonki</comment>
  <comment xml:lang="bg">Скрипт на обвивката</comment>
  <comment xml:lang="ca">script d'intèrpret d'ordres</comment>
  <comment xml:lang="cs">Skript shellu</comment>
  <comment xml:lang="cy">sgript plisgyn</comment>
  <comment xml:lang="da">skalprogram</comment>
  <comment xml:lang="de">Shell-Skript</comment>
  <comment xml:lang="el">αρχείο εντολών φλοιού</comment>
  <comment xml:lang="en_GB">shell script</comment>
  <comment xml:lang="eo">ŝelskripto</comment>
  <comment xml:lang="es">script en shell</comment>
  <comment xml:lang="eu">shell script-a</comment>
  <comment xml:lang="fi">komentotulkin komentotiedosto</comment>
  <comment xml:lang="fr">script shell</comment>
  <comment xml:lang="ga">script bhlaoisce</comment>
  <comment xml:lang="hu">héj-parancsfájl</comment>
  <comment xml:lang="id">skrip shell</comment>
  <comment xml:lang="it">Script shell</comment>
  <comment xml:lang="ja">シェルスクリプト</comment>
  <comment xml:lang="ko">쉘 스크립트</comment>
  <comment xml:lang="lt">shell scenarijus</comment>
  <comment xml:lang="ms">Skrip shell</comment>
  <comment xml:lang="nb">skallskript</comment>
  <comment xml:lang="nl">shellscript</comment>
  <comment xml:lang="nn">skalskript</comment>
  <comment xml:lang="pl">skrypt powłoki</comment>
  <comment xml:lang="pt">'script' de consola</comment>
  <comment xml:lang="pt_BR">script shell</comment>
  <comment xml:lang="ru">скрипт оболочки</comment>
  <comment xml:lang="sq">script shell</comment>
  <comment xml:lang="sr">скрипта љуске</comment>
  <comment xml:lang="sv">skalskript</comment>
  <comment xml:lang="uk">сценарій оболонки</comment>
  <comment xml:lang="vi">văn lệnh trình bao</comment>
  <comment xml:lang="zh_CN">shell 脚本</comment>
  <sub-class-of type="application/x-executable"/>
  <sub-class-of type="text/plain"/>
  <alias type="text/x-sh"/>
  <generic-icon name="text-x-script"/>
</mime-type>
