<?xml version="1.0" encoding="utf-8"?>
<mime-type xmlns="http://www.freedesktop.org/standards/shared-mime-info" type="application/x-smaf">
<!--Created automatically by update-mime-database. DO NOT EDIT!-->
  <comment>SMAF audio</comment>
  <comment xml:lang="be@latin">Aŭdyjo SMAF</comment>
  <comment xml:lang="ca">àudio SMAF</comment>
  <comment xml:lang="cs">Zvuk SMAF</comment>
  <comment xml:lang="es">audio SMAF</comment>
  <comment xml:lang="fi">SMAF-ääni</comment>
  <comment xml:lang="fr">audio SMAF</comment>
  <comment xml:lang="ga">fuaim SMAF</comment>
  <comment xml:lang="hu">SMAF hang</comment>
  <comment xml:lang="id">Audio SMAF</comment>
  <comment xml:lang="it">Audio SMAF</comment>
  <comment xml:lang="ko">SMAF 오디오</comment>
  <comment xml:lang="lt">SMAF garsas</comment>
  <comment xml:lang="nb">SMAF-lyd</comment>
  <comment xml:lang="nl">SMAF-audio</comment>
  <comment xml:lang="pt_BR">Áudio SMAF</comment>
  <comment xml:lang="sv">SMAF-ljud</comment>
  <comment xml:lang="vi">Âm thanh SMAF</comment>
  <acronym>SMAF</acronym>
  <expanded-acronym>Synthetic music Mobile Application Format</expanded-acronym>
  <generic-icon name="audio-x-generic"/>
  <alias type="application/vnd.smaf"/>
</mime-type>
