<?xml version="1.0" encoding="utf-8"?>
<mime-type xmlns="http://www.freedesktop.org/standards/shared-mime-info" type="application/x-sms-rom">
<!--Created automatically by update-mime-database. DO NOT EDIT!-->
  <comment>Sega Master System/Game Gear ROM</comment>
  <comment xml:lang="be@latin">Sega Master System/Game Gear ROM</comment>
  <comment xml:lang="bg">ROM — Sega Master System/Game Gear</comment>
  <comment xml:lang="ca">ROM de Sega Master System/Game Gear</comment>
  <comment xml:lang="cs">ROM pro Sega Master System/Game Gear</comment>
  <comment xml:lang="es">ROM de Sega Master System/Game Gear</comment>
  <comment xml:lang="eu">Sega Master System/Game Gear-eko ROMa</comment>
  <comment xml:lang="fi">Sega Master System/Game Gear -ROM</comment>
  <comment xml:lang="fr">ROM Sega Master System/Game Gear</comment>
  <comment xml:lang="ga">ROM Sega Master System/Game Gear</comment>
  <comment xml:lang="hu">Sega Master System/Game Gear ROM</comment>
  <comment xml:lang="id">Memori baca-saja Sega Master System/Game Gear</comment>
  <comment xml:lang="it">ROM Sega Master System/Game Gear</comment>
  <comment xml:lang="ko">Sega Master System/Game Gear 롬</comment>
  <comment xml:lang="lt">Sega Master System/Game Gear ROM</comment>
  <comment xml:lang="nb">Sega Master System/Game Gear-ROM</comment>
  <comment xml:lang="nl">Sega Master System/Game Gear-ROM</comment>
  <comment xml:lang="pt_BR">ROM do Master System/Game Gear</comment>
  <comment xml:lang="sv">Sega Master System/Game Gear-rom</comment>
  <comment xml:lang="vi">ROM Sega Master System/Game Gear</comment>
  <generic-icon name="application-x-executable"/>
</mime-type>
