<?xml version="1.0" encoding="utf-8"?>
<mime-type xmlns="http://www.freedesktop.org/standards/shared-mime-info" type="application/x-sqlite2">
<!--Created automatically by update-mime-database. DO NOT EDIT!-->
  <comment>SQLite2 database</comment>
  <comment xml:lang="be@latin">Baza źviestak SQLite2</comment>
  <comment xml:lang="bg">База от данни — SQLite2</comment>
  <comment xml:lang="ca">base de dades SQLite2</comment>
  <comment xml:lang="cs">Databáze SQLite2</comment>
  <comment xml:lang="de">SQLite3-Datenbank</comment>
  <comment xml:lang="en_GB">SQLite2 database</comment>
  <comment xml:lang="es">base de datos SQLite2</comment>
  <comment xml:lang="eu">SQLite2 datubasea</comment>
  <comment xml:lang="fi">SQLite2-tietokanta</comment>
  <comment xml:lang="fr">base de données SQLite2</comment>
  <comment xml:lang="ga">bunachar sonraí SQLite2</comment>
  <comment xml:lang="hu">SQLite2 adatbázis</comment>
  <comment xml:lang="id">Basis data SQLite2</comment>
  <comment xml:lang="it">Database SQLite2</comment>
  <comment xml:lang="ko">SQLite2 데이터베이스</comment>
  <comment xml:lang="lt">SQLite2 duomenų bazė</comment>
  <comment xml:lang="nb">SQLite2-database</comment>
  <comment xml:lang="nl">SQLite2-gegevensbank</comment>
  <comment xml:lang="nn">SQLite2-database</comment>
  <comment xml:lang="pl">Baza danych SQLite2</comment>
  <comment xml:lang="pt_BR">Banco de dados do SQLite2</comment>
  <comment xml:lang="sv">SQLite2-databas</comment>
  <comment xml:lang="uk">База даних SQLite2</comment>
  <comment xml:lang="vi">Cơ sở dữ liệu SQLite2</comment>
</mime-type>
