<?xml version="1.0" encoding="utf-8"?>
<mime-type xmlns="http://www.freedesktop.org/standards/shared-mime-info" type="application/x-tex-pk">
<!--Created automatically by update-mime-database. DO NOT EDIT!-->
  <comment>packed font file</comment>
  <comment xml:lang="be@latin">zapakavany fajł šryftu</comment>
  <comment xml:lang="bg">Шрифт — компресиран</comment>
  <comment xml:lang="ca">fitxer empaquetat de tipus de lletra</comment>
  <comment xml:lang="cs">Komprimovaný soubor písma</comment>
  <comment xml:lang="da">pakket skrifttypefil</comment>
  <comment xml:lang="de">gepackte Schriftdatei</comment>
  <comment xml:lang="el">αρχείο συμπιεσμένης γραμματοσειράς</comment>
  <comment xml:lang="en_GB">packed font file</comment>
  <comment xml:lang="eo">pakigita tipara dosiero</comment>
  <comment xml:lang="es">archivo de tipografía empaquetada</comment>
  <comment xml:lang="eu">Letra-tipo fitxategi paketatua</comment>
  <comment xml:lang="fi">pakattu kirjasintiedosto</comment>
  <comment xml:lang="fr">fichier de polices empaquetées</comment>
  <comment xml:lang="ga">comhad cló pacáilte</comment>
  <comment xml:lang="hu">packed font-fájl</comment>
  <comment xml:lang="id">berkas fonta terkemas</comment>
  <comment xml:lang="it">File tipo carattere condensato</comment>
  <comment xml:lang="ja">パックされたフォントファイル</comment>
  <comment xml:lang="ko">글꼴 묶음 파일</comment>
  <comment xml:lang="lt">supakuota šrifto rinkmena</comment>
  <comment xml:lang="ms">Fail font dipek</comment>
  <comment xml:lang="nb">pakket skriftfil</comment>
  <comment xml:lang="nl">ingepakt lettertypebestand</comment>
  <comment xml:lang="nn">pakka skrifttypefil</comment>
  <comment xml:lang="pl">plik ze spakowaną czcionką</comment>
  <comment xml:lang="pt">ficheiro de fontes empacotadas</comment>
  <comment xml:lang="pt_BR">arquivo de fonte empacotado</comment>
  <comment xml:lang="sq">file i paketuar gërmash</comment>
  <comment xml:lang="sr">пакована датотека са фонтом</comment>
  <comment xml:lang="sv">packad typsnittsfil</comment>
  <comment xml:lang="uk">упакований файл шрифту</comment>
  <comment xml:lang="vi">tập tin phông chữ đã đóng gói</comment>
  <comment xml:lang="zh_CN">打包的字体文件</comment>
  <generic-icon name="font-x-generic"/>
</mime-type>
