<?xml version="1.0" encoding="utf-8"?>
<mime-type xmlns="http://www.freedesktop.org/standards/shared-mime-info" type="application/x-ufraw">
<!--Created automatically by update-mime-database. DO NOT EDIT!-->
  <comment>UFRaw ID image</comment>
  <comment xml:lang="be@latin">Vyjava UFRaw ID</comment>
  <comment xml:lang="ca">imatge ID UFRaw</comment>
  <comment xml:lang="cs">Obrázek ID UFRaw</comment>
  <comment xml:lang="es">imagen de identificación UFRaw</comment>
  <comment xml:lang="fi">UFRaw ID -kuva</comment>
  <comment xml:lang="fr">image ID UFRaw</comment>
  <comment xml:lang="ga">íomhá aitheantais UFRaw</comment>
  <comment xml:lang="hu">UFRaw azonosítófájl</comment>
  <comment xml:lang="id">Citra UFRaw ID</comment>
  <comment xml:lang="it">Immagine UFRaw ID</comment>
  <comment xml:lang="ko">UFRaw ID 그림</comment>
  <comment xml:lang="lt">UFRaw ID paveikslėlis</comment>
  <comment xml:lang="nb">UFRaw ID-bilde</comment>
  <comment xml:lang="nl">UFRaw ID-afbeelding</comment>
  <comment xml:lang="pt_BR">Imagem ID do UFRaw</comment>
  <comment xml:lang="sv">UFRaw ID-bild</comment>
  <comment xml:lang="vi">Ảnh ID UFRaw</comment>
  <acronym>UFRaw</acronym>
  <expanded-acronym>Unidentified Flying Raw</expanded-acronym>
  <sub-class-of type="text/xml"/>
  <generic-icon name="image-x-generic"/>
</mime-type>
