<?xml version="1.0" encoding="utf-8"?>
<mime-type xmlns="http://www.freedesktop.org/standards/shared-mime-info" type="application/x-zoo">
<!--Created automatically by update-mime-database. DO NOT EDIT!-->
  <comment>Zoo archive</comment>
  <comment xml:lang="az">Zoo arxivi</comment>
  <comment xml:lang="be@latin">Archiŭ zoo</comment>
  <comment xml:lang="bg">Архив — zoo</comment>
  <comment xml:lang="ca">arxiu zoo</comment>
  <comment xml:lang="cs">Archiv zoo</comment>
  <comment xml:lang="cy">Archif zoo</comment>
  <comment xml:lang="es">archivador Zoo</comment>
  <comment xml:lang="eu">Zoo artxiboa</comment>
  <comment xml:lang="fi">Zoo-arkisto</comment>
  <comment xml:lang="fr">archive zoo</comment>
  <comment xml:lang="ga">cartlann Zoo</comment>
  <comment xml:lang="hu">Zoo archívum</comment>
  <comment xml:lang="id">Arsip Zoo</comment>
  <comment xml:lang="it">Archivio zoo</comment>
  <comment xml:lang="ko">Zoo 압축파일</comment>
  <comment xml:lang="lt">Zoo archyvas</comment>
  <comment xml:lang="nb">Zoo-arkiv</comment>
  <comment xml:lang="nl">Zoo-archief</comment>
  <comment xml:lang="pt_BR">Pacote Zoo</comment>
  <comment xml:lang="ru">архив Zoo</comment>
  <comment xml:lang="sv">Zoo-arkiv</comment>
  <comment xml:lang="vi">Kho nén zoo</comment>
  <generic-icon name="package-x-generic"/>
</mime-type>
