<?xml version="1.0" encoding="utf-8"?>
<mime-type xmlns="http://www.freedesktop.org/standards/shared-mime-info" type="application/xslt+xml">
<!--Created automatically by update-mime-database. DO NOT EDIT!-->
  <comment>XSLT stylesheet</comment>
  <comment xml:lang="be@latin">Arkuš stylaŭ XSLT</comment>
  <comment xml:lang="bg">Стилове — XSLT</comment>
  <comment xml:lang="ca">full d'estil XSLT</comment>
  <comment xml:lang="cs">Styl XSLT</comment>
  <comment xml:lang="da">XSLT-stilark</comment>
  <comment xml:lang="de">XSLT-Stylesheet</comment>
  <comment xml:lang="el">φύλλο στυλ XSLT</comment>
  <comment xml:lang="en_GB">XSLT stylesheet</comment>
  <comment xml:lang="eo">XSLT-stilfolio</comment>
  <comment xml:lang="es">hoja de estilo XSLT</comment>
  <comment xml:lang="eu">XSLT estilo-orria</comment>
  <comment xml:lang="fi">XSLT-tyylitiedosto</comment>
  <comment xml:lang="fr">feuille de style XSLT</comment>
  <comment xml:lang="ga">stílbhileog XSLT</comment>
  <comment xml:lang="hu">XSLT-stíluslap</comment>
  <comment xml:lang="id">Lembar gaya XSLT</comment>
  <comment xml:lang="it">Foglio di stile XSLT</comment>
  <comment xml:lang="ja">XSLT スタイルシート</comment>
  <comment xml:lang="ko">XSLT 스타일시트</comment>
  <comment xml:lang="lt">XSLT stiliaus aprašas</comment>
  <comment xml:lang="ms">Helaian Gaya XSLT</comment>
  <comment xml:lang="nb">XSLT-stilark</comment>
  <comment xml:lang="nl">XSLT-stijlblad</comment>
  <comment xml:lang="nn">XSLT-stilark</comment>
  <comment xml:lang="pl">Arkusz stylów XSLT</comment>
  <comment xml:lang="pt">folha de estilos XSLT</comment>
  <comment xml:lang="pt_BR">Folha de estilo XSLT</comment>
  <comment xml:lang="sq">Fletë stili XSLT</comment>
  <comment xml:lang="sr">Датотека са XSLT стилом</comment>
  <comment xml:lang="sv">XSLT-stilmall</comment>
  <comment xml:lang="uk">Стильова сторінка XSLT</comment>
  <comment xml:lang="vi">Tờ kiểu dáng XSLT</comment>
  <comment xml:lang="zh_CN">XSLT 样式表</comment>
  <acronym>XSLT</acronym>
  <expanded-acronym>eXtensible Stylesheet Language Transformation</expanded-acronym>
  <sub-class-of type="application/xml"/>
  <generic-icon name="text-x-generic"/>
</mime-type>
