<Root>
  <commands>
    <cmd name="ContactDelete"
	 _tip="Delete selected contacts"
	 pixtype="stock" pixname="gtk-delete"
	 accel="*Control*d"/>

    <cmd name="ContactsPrint"
	 _tip="Print selected contacts"
	 pixtype="stock" pixname="gtk-print"
	 accel="*Control*p"/>

    <cmd name="ContactsPrintPreview"
	 _tip="Previews the contacts to be printed"
	 pixtype="stock" pixname="gtk-print-preview"/>

    <cmd name="ContactsView"
	 _tip="View the current contact"
	 accel="*Control*o"/>

    <cmd name="ContactStop"
	 _tip="Stop Loading"
	 pixtype="stock" pixname="gtk-stop"/>

    <cmd name="ContactsCut" _label="Cut" _tip="Cut the selection"
	 pixtype="stock" pixname="gtk-cut"
	 accel="*Control*x"/>

    <cmd name="ContactsCopy" _label="Copy"
	 _tip="Copy the selection"
	 pixtype="stock" pixname="gtk-copy"
	 accel="*Control*c"/>

    <cmd name="ContactsPaste" _label="Paste"
	 _tip="Paste the clipboard"
	 pixtype="stock" pixname="gtk-paste"
	 accel="*Control*v"/>

    <cmd name="ContactsSelectAll" _label="Select All"
	 _tip="Select all contacts"
	 accel="*Control*a"/>

    <cmd name="ContactsSaveAsVCard" _label="Save as VCard..."
	 _tip="Save selected contacts as a VCard."
	 pixtype="stock" pixname="gtk-save-as"
	 accel="*Control**Alt*s"/>

    <cmd name="ContactsSendContactToOther" _label="Forward Contact"
	 _tip="Send selected contacts to another person."/>

    <cmd name="ContactsSendMessageToContact" _label="Send message to contact"
	 _tip="Send a message to the selected contacts."/>

    <cmd name="ContactsCopyToFolder" _label="Copy to Folder..."
	 _tip="Copy Selected Contacts to Another Folder..."
	 accel="*Control**Shift*y"/>

    <cmd name="ContactsMoveToFolder" _label="Move to Folder..."
	 _tip="Move Selected Contacts to Another Folder..."
	 accel="*Control**Shift*v"/>

    <cmd name="ContactsViewPreview" _label="Contact _Preview"
	 _tip="Show contact preview window"
	 accel="*Control*m"
	 type="toggle"/>
  </commands>

  <menu>
    <submenu name="File">
      <placeholder name="FileOps">
	<menuitem name="ContactsView"
		  verb="" _label="_Open"/>
	<menuitem name="ContactsSaveAsVCard"
		  verb="" _label="_Save as VCard..."/>
      </placeholder>

      <placeholder name="Print">
	<menuitem name="ContactsPrintPreview" verb=""
		  _label="Print Pre_view"/>
	<menuitem name="ContactsPrint" verb=""
		  _label="_Print..."/>
      </placeholder>

    </submenu>

    <submenu name="View" _label="_View">
      <menuitem name="ContactsViewPreview" verb="" _label="Contact _Preview"/>
    </submenu>

    <submenu name="Edit" _label="_Edit">
      <placeholder name="EditPlaceholder">
	<menuitem name="ContactsSelectAll" verb="" _label="_Select All"/>

	<separator f="" name="eadbk2"/>

	<menuitem name="ContactsCut" verb="" _label="C_ut"/>
	
	<menuitem name="ContactsCopy" verb="" _label="_Copy"/>
	
	<menuitem name="ContactsPaste" verb="" _label="_Paste"/>

	<separator f="" name="eadbk6"/>

	<menuitem name="ContactDelete" verb="" _label="_Delete"/>
      </placeholder>
    </submenu>

    <placeholder name="ActionsPlaceholder">
    <submenu name="Actions" _label="_Actions">
	<menuitem name="ContactsSendContactToOther"
		  _label="_Forward Contact..." verb=""/>

	<menuitem name="ContactsSendMessageToContact"
		  _label="_Send Message to Contact..." verb=""/>
	<menuitem name="ContactActionStop" verb="ContactStop" _label="Stop"/>

	<separator f="" name="eadbk5"/>

	<menuitem name="ContactsCopyToFolder" _label="_Copy to Folder..." verb=""/>
	<menuitem name="ContactsMoveToFolder" _label="_Move to Folder..." verb=""/>
    </submenu>
    </placeholder>

  </menu>

  <dockitem name="Toolbar">
    <toolitem name="ContactsPrint" verb=""
	      _label="Print"/>

    <toolitem name="ContactDelete" verb=""
	      _label="Delete"/>

    <toolitem name="ContactStop" verb=""
	      _label="Stop"/>

  </dockitem>

  <keybindings>
    <accel name="Delete" verb="ContactDelete"/>
    <accel name="BackSpace" verb="ContactDelete"/>
    <accel name="F16" verb="ContactsCopy"/>
    <accel name="F18" verb="ContactsPaste"/>
    <accel name="F20" verb="ContactsCut"/>
  </keybindings>

</Root>
