<Root>

  <commands>   <!-- Alphabetical by name, yo -->

    <cmd name="EditCut"
     _tip="Cut selected message(s) to the clipboard"
     accel="*Control*x" pixtype="stock" pixname="gtk-cut"/>

    <cmd name="EditCopy"
     _tip="Copy selected message(s) to the clipboard"
     accel="*Control*c" pixtype="stock" pixname="gtk-copy"/>

    <cmd name="EditPaste"
     _tip="Paste message(s) from the clipboard"
     accel="*Control*v" pixtype="stock" pixname="gtk-paste"/>

    <cmd name="EditInvertSelection"
     _tip="Select all and only the messages that are not currently selected"
     accel="*Control**Shift*i"/>

    <cmd name="EditSelectAll"
     _tip="Select all visible messages"
     accel="*Control*a"/>

    <cmd name="EditSelectThread"
     _tip="Select all messages in the same thread as the selected message"
     accel="*Control*h"/>

    <cmd name="ChangeFolderProperties"
     _tip="Change the properties of this folder"
     pixtype="pixbuf"/>

    <cmd name="FolderExpunge"
     _tip="Permanently remove all deleted messages from this folder"
     accel="*Control*e"/>

    <cmd name="FolderDelete"
     _tip="Permanently remove this folder"/>

    <cmd name="FolderRename"
     _tip="Change the name of this folder"/>

    <cmd name="HideDeleted" _tip="Hide deleted messages rather than displaying them with a line through them"
     type="toggle" />

    <cmd name="ViewHideRead" _tip="Temporarily hide all messages that have already been read"
     pixtype="pixbuf" />

    <cmd name="ViewHideSelected" _tip="Temporarily hide the selected messages"
     pixtype="pixbuf" />

    <cmd name="ViewShowAll" _tip="Show messages that have been temporarily hidden"
     pixtype="pixbuf" />

    <cmd name="ViewThreaded"
     _tip="Threaded Message list"
     accel="*Control*t"
     type="toggle" />

  </commands>

  <keybindings>

  </keybindings>

  <menu>

    <submenu name="View">

      <placeholder name="MailMessageView">
        <menuitem name="ViewThreaded" verb="" _label="Group By _Threads"/>
        <menuitem name="HideDeleted" verb="" _label="Hide _Deleted Messages"/>
 	<separator f="" name="emaillist"/>
	<menuitem name="ViewHideSelected" verb="" _label="Hide S_elected Messages"/>
	<menuitem name="ViewHideRead" verb="" _label="Hide _Read Messages"/>
	<menuitem name="ViewShowAll" verb="" _label="Sh_ow Hidden Messages"/>
      </placeholder>

    </submenu>

    <placeholder name="MessagePlaceholder">
      <submenu name="Message" _label="_Message">
        <placeholder name="MessageTopActions"/>

        <separator f="" name="emailglobal"/>

        <placeholder name="MessageNavigation"/>
	<placeholder name="MailListActions"/>
        <placeholder name="MailMessageActions"/>

        <separator f="" name="emaillist5"/>

        <placeholder name="MessageRuleCreate"/>

      </submenu>
    </placeholder>

    <placeholder name="FolderPlaceholder">
      <submenu name="Folder" _label="F_older">

        <placeholder name="MessagesInFolder">
          <menuitem name="EditSelectAll" verb="" _label="Select _All Messages"/>
          <menuitem name="EditSelectThread" verb="" _label="Select Message _Thread"/>
          <menuitem name="MessageMarkAllAsRead" verb="" _label="Mar_k Messages as Read"/>
          <menuitem name="FolderExpunge" verb="" _label="E_xpunge"/>
        </placeholder>

 	<placeholder name="FolderOps">
	  <menuitem name="FolderRename" verb="" _label="_Rename..."/>
	  <menuitem name="FolderDelete" verb="" _label="_Delete" pixtype="stock" pixname="gtk-delete"/>

 	  <separator f="" name="FolderOps1"/>
          <menuitem name="ChangeFolderProperties" verb="" _label="_Properties"/>
 	</placeholder>

      </submenu>
    </placeholder>

<!--
    <submenu name="Actions" _label="_Actions">
      <placeholder name="ComponentActionsPlaceholder">
        <placeholder name="MailListActions">
        </placeholder>
      </placeholder>
    </submenu>
-->

  </menu>

</Root>
