<Root>
	<commands>
<!--
	        <cmd name="FileSave" _label="Save"
		_tip="Save the current file" pixtype="stock" pixname="Save"
		accel="*Ctrl*s"/>
-->
	        <cmd name="FileClose" _label="Close"
		_tip="Close the current file" pixtype="stock" pixname="Close"
		accel="*Ctrl*w"/>

		<cmd name="FileSaveClose" _label="Save and Close"
		_tip="Save the current file and close the window"
		pixtype="stock" pixname="Save" accel="*Ctrl*s"/>

		<cmd name="FormatHtml" _label="H_TML" _tip="Send the mail in HTML format"
		type="toggle" state="0"/> 
	</commands>

        <keybindings>

        </keybindings>

	<menu>

		<submenu name="File" _label="_File">

			<placeholder name="FileOps"/>

<!--
			<menuitem name="FileSave" verb="" _label="_Save"/>
-->
			<menuitem name="FileSaveClose" verb="" _label="Save and _Close" accel="*Control*Return"/>

			<placeholder name="Print" delimit="top"/>

			<separator f=""/>

			<menuitem name="FileClose" verb="" _label="C_lose"/>
		</submenu>


		<submenu name="Edit" _label="_Edit">
			 <placeholder name="EditUndoRedo"/>
			 <separator f=""/>
			 <placeholder name="EditCutCopyPaste"/>
			 <separator f=""/>
			 <placeholder name="EditFindReplace"/>
			 <separator f=""/>
			 <placeholder name="EditMisc"/>
		</submenu>

		<submenu name="Format" _label="For_mat">
			<menuitem name="FormatHtml" verb=""/>
		
			<separator/>
			<placeholder name="FormatParagraph"/>
		</submenu>

                <submenu name="Insert" _label="_Insert">
	  
                	<placeholder name="Component">
	                </placeholder>
                </submenu>

		<placeholder name="Component"/>
	</menu>

	<dockitem name="Toolbar" behavior="exclusive" look="system">
		<toolitem name="FileSaveClose" verb=""/>
	</dockitem>

</Root>
