<Root>

  <commands>   <!-- Alphabetical by name, yo -->

    <cmd name="EmptyTrash"
     _tip="Permanently remove all deleted messages from all folders"/>

    <cmd name="MailStop"
     _tip="Cancel the current mail operation"
     pixtype="stock" pixname="gtk-stop"/>

    <cmd name="FolderCreate"
     _tip="Create a new folder for storing mail"
     accel="*Control**Shift*f"
     pixtype="pixbuf"/>

    <cmd name="FolderCopy"
     _tip="Copy the selected folder into another folder"
     pixtype="pixbuf"/>

    <cmd name="FolderMove"
     _tip="Move the selected folder into another folder"
     pixtype="pixbuf"/>

    <cmd name="ToolsFilters"
     _tip="Create or edit rules for filtering new mail"/>

    <cmd name="ToolsSubscriptions"
     _tip="Subscribe or unsubscribe to folders on remote servers"/>

    <cmd name="ToolsVFolders"
     _tip="Create or edit Search Folder definitions"/>

    <cmd name="ViewPreview"
     _tip="Show message preview window"
     accel="*Control*m"
     type="toggle"/>

  </commands>

  <keybindings>
	  <accel name="slash" id="FocusSearch"/>
  </keybindings>

  <menu>

    <submenu name="File">
      <placeholder name="EmptyTrashPlaceholder">
      <menuitem name="EmptyTrash" verb="" _label="Empty _Trash" pixtype="stock" pixname="gtk-delete"/>
      </placeholder>
    </submenu>

    <submenu name="View" _label="_View">
      <placeholder name="ViewPreview">
        <menuitem name="ViewPreview" verb="" _label="Message _Preview"/>
      </placeholder>

      <separator f="" name="emailglobal"/>
      <placeholder name="MailMessageFilter"/>
      <placeholder name="MailMessageView"/>

<!-- This is the menu we want to replace "Current View" with
      <submenu name="ViewAs" _label="Message _List As">
        <placeholder name="CurrentView"/>
      </submenu>
-->
      
      <placeholder name="MailViewType">
        <separator f="" name="MailViewOps"/>
      </placeholder>

      <placeholder name="MailMessageZoom"/>
      <placeholder name="MailListView"/>
    </submenu>

    <submenu name="Edit">
      <placeholder name="EditPlaceholder">
        <placeholder name="MailListEdit"/>
        <placeholder name="MailMessageEdit"/>
        <placeholder name="MailListEditFlags"/>
      </placeholder>

      <placeholder name="MailFilterTools">
        <menuitem name="ToolsFilters" verb="" _label="Message F_ilters"/>
      </placeholder>

      <placeholder name="MailVFolderTools">
        <menuitem name="ToolsVFolders" verb="" _label="Search F_olders"/>
      </placeholder>
    </submenu>

    <placeholder name="FolderPlaceholder">
      <submenu name="Folder" _label="F_older">

        <menuitem name="FolderCreate" verb="" _label="_New..." pixtype="pixbuf"/>
<!--
        <menuitem name="CreateVFolder" verb="CreateVFolder" _label="_New Search _Folder (FIXME)"/>
-->
        <menuitem name="ToolsSubscriptions" verb="" _label="_Subscriptions"/>

 	<separator f="" name="Folder1"/>

        <menuitem name="FolderCopy" verb="" _label="_Copy Folder To..."/>
        <menuitem name="FolderMove" verb="" _label="_Move Folder To..."/>

 	<separator f="" name="Folder2"/>

        <placeholder name="MessagesInFolder"/>

 	<separator f="" name="Folder3"/>

 	<placeholder name="FolderOps"/>        

      </submenu>
    </placeholder>

  </menu>

  <dockitem name="Toolbar">

    <placeholder name="MailMessageToolbar"/>

    <toolitem name="MailStop" verb=""
     _label="Cancel"/>

    <separator f="" name="emailglobal1"/>

    <placeholder name="MailNextButtons"/>

  </dockitem>

</Root>
