<?xml version="1.0"?>
<gconf>
        <entry name="audio_dir" mtime="1231173197" type="schema" stype="string" owner="evolution-calendar">
                <local_schema locale="pt" short_desc="Directório de gravação para alarmes audio">
                        <longdesc>Directório onde gravar ficheiros audio de alarme</longdesc>
                </local_schema>
                <local_schema locale="hi" short_desc="एलार्म ऑडियो के लिए निर्देशिका सहेजें">
                        <longdesc>एलार्म ऑडियो फाइल सहेजने के लिए निर्देशिका </longdesc>
                </local_schema>
                <local_schema locale="zh_HK" short_desc="儲存鬧鈴音效檔目錄">
                        <longdesc>用來存放鬧鈴音效檔的目錄</longdesc>
                </local_schema>
                <local_schema locale="uk" short_desc="Каталог для збереження звукових файлів будильника">
                        <longdesc>Каталог для збереження звукових файлів будильника</longdesc>
                </local_schema>
                <local_schema locale="te" short_desc="హెచ్చరిక శ్రవణ కు వివరమును దాయుము">
                        <longdesc>హెచ్చరిక శ్రవణ దస్త్రాలను వివరంలో దాయుము </longdesc>
                </local_schema>
                <local_schema locale="ne" short_desc="सचेतक अडियोको लागि डाइरेक्टरी बचत गर्नुहोस्">
                        <longdesc>सचेतक अडियो फाइल बचत गर्नका लागि डाइरेक्टरी</longdesc>
                </local_schema>
                <local_schema locale="bg" short_desc="Папка за запазване на аудио файловете за алармите">
                        <longdesc>Папка за аудио файловете за алармите</longdesc>
                </local_schema>
                <local_schema locale="sr@latin" short_desc="Direktorijum za čuvanje zvučnih alarma">
                        <longdesc>Direktorijum za čuvanje zvučnih datoteka alarma</longdesc>
                </local_schema>
                <local_schema locale="he" short_desc="Save directory for alarm audio">
                        <longdesc>Directory for saving alarm audio files</longdesc>
                </local_schema>
                <local_schema locale="ast" short_desc="Direutoriu au atroxar los sonío de les alarmes">
                        <longdesc>Direutoriu pa guardar los ficheros de sonío d&apos;alertes.</longdesc>
                </local_schema>
                <local_schema locale="zh_CN" short_desc="保存提醒音频的目录">
                        <longdesc>保存提醒音频文件的目录</longdesc>
                </local_schema>
                <local_schema locale="be" short_desc="Каталёг для захоўваньня будзільнікавых мэлёдый">
                        <longdesc>Каталёг для захоўваньня будзільнікавых мэлёдый</longdesc>
                </local_schema>
                <local_schema locale="ta" short_desc="எச்சரிக்கை ஒலிகளை சேமிக்க அடைவு">
                        <longdesc>எச்ச்சரிக்கை ஒலி கோப்புகளுக்கு சேமிக்க அடைவு</longdesc>
                </local_schema>
                <local_schema locale="nb" short_desc="Katalog for lagring av alarmlyd">
                        <longdesc>Katalog for lagring av lydfiler for alarm</longdesc>
                </local_schema>
                <local_schema locale="C" short_desc="Save directory for alarm audio">
                        <longdesc>
           Directory for saving alarm audio files
         </longdesc>
                </local_schema>
                <local_schema locale="pt_BR" short_desc="Salvar diretório para o áudio do alarme">
                        <longdesc>Diretório para salvar os arquivos de áudio do alarme</longdesc>
                </local_schema>
                <local_schema locale="eu" short_desc="Gorde alarmen audioen direktorioa">
                        <longdesc>Direktorioa alarmen audioko fitxategiak gordetzeko</longdesc>
                </local_schema>
                <local_schema locale="pl" short_desc="Katalog zapisu plików dźwiękowych alarmów">
                        <longdesc>Katalog do zapisywania plików dźwiękowych alarmów</longdesc>
                </local_schema>
                <local_schema locale="et" short_desc="Alarmide audio salvestamise kataloog">
                        <longdesc>Alarmi audiofailide salvestamise kataloog</longdesc>
                </local_schema>
                <local_schema locale="es" short_desc="Directorio donde guardar los sonidos de las alertas">
                        <longdesc>Directorio para guardar los archivos de sonidos de alertas</longdesc>
                </local_schema>
                <local_schema locale="vi" short_desc="Thư mục lưu âm thanh báo động">
                        <longdesc>Thư mục vào đó cần lưu các tập tin âm thanh báo động</longdesc>
                </local_schema>
                <local_schema locale="ru" short_desc="Каталог для сохранения звуковых файлов будильника">
                        <longdesc>Каталог для сохранения звуковых файлов будильника</longdesc>
                </local_schema>
                <local_schema locale="oc">
                        <longdesc>Repertòri ont enregistrar los fichièrs audio per las alarmas</longdesc>
                </local_schema>
                <local_schema locale="lv" short_desc="Trauksmes skaņu glabāšanas mape">
                        <longdesc>Mape brīdinājuma skaņu failu glabāšanai</longdesc>
                </local_schema>
                <local_schema locale="ko" short_desc="알람 오디오 저장 디렉토리">
                        <longdesc>알림 오디오 파일을 저장할 디렉토리</longdesc>
                </local_schema>
                <local_schema locale="kn" short_desc="ಕೋಶವನ್ನು ಅಲಾರಂ ಆಡಿಯೋಗೆ ಉಳಿಸು">
                        <longdesc>ಅಲಾರಂನ ಧ್ವನಿ ಕಡತಗಳನ್ನು ಉಳಿಸಲು ಇರುವ ಕಡತಕೋಶ</longdesc>
                </local_schema>
                <local_schema locale="lt" short_desc="Įrašyti aliarmo garso aplanką">
                        <longdesc>Aplankas aliarmo garsų failams saugoti</longdesc>
                </local_schema>
                <local_schema locale="ca" short_desc="Directori on desar sons per a les alarmes">
                        <longdesc>Directori per a desar els fitxers de so d&apos;alarmes</longdesc>
                </local_schema>
                <local_schema locale="sv" short_desc="Katalog för sparade alarmljud">
                        <longdesc>Katalog för sparade alarmljudfiler</longdesc>
                </local_schema>
                <local_schema locale="el" short_desc="Κατάλογος αποθήκευσης για ήχους ειδοποίησης ">
                        <longdesc>Κατάλογος για αποθήκευση αρχείων ήχου ειδοποίησης</longdesc>
                </local_schema>
                <local_schema locale="fr" short_desc="Répertoire de sauvegarde des alarmes audio">
                        <longdesc>Répertoire de sauvegarde des fichiers d&apos;alarmes audio</longdesc>
                </local_schema>
                <local_schema locale="ro" short_desc="Directorul de salvare pentru alarme audio">
                        <longdesc>Director pentru salvarea fişierelor audio pentru alarme</longdesc>
                </local_schema>
                <local_schema locale="de" short_desc="Speichern des Ordners für die Alarm-Audiodateien">
                        <longdesc>Ordner für das Speichern der Alarm-Audiodateien</longdesc>
                </local_schema>
                <local_schema locale="pa" short_desc="ਅਲਾਰਮ ਆਡੀਓ ਲਈ ਡਾਇਰੈਕਟਰੀ ਸੰਭਾਲੋ">
                        <longdesc>ਅਲਾਰਮ ਆਡੀਓ ਫਾਇਲਾਂ ਨੂੰ ਸੰਭਾਲਣ ਲਈ ਡਾਇਰੈਕਟਰੀ</longdesc>
                </local_schema>
                <local_schema locale="be@latin" short_desc="Kataloh zapisu hukavych fajłaŭ nahadvańniaŭ">
                        <longdesc>Kataloh, dzie zapisvać hukavyja fajły nahadvańnia</longdesc>
                </local_schema>
                <local_schema locale="gu" short_desc="એલાર્મ ઓડિયો માટે ડિરેક્ટરી સંગ્રહો">
                        <longdesc>એલાર્મ ઓડિયો ફાઈલો સંગ્રહવા માટેની ડિરેક્ટરી</longdesc>
                </local_schema>
                <local_schema locale="sr" short_desc="Директоријум за чување звучних аларма">
                        <longdesc>Директоријум за чување звучних датотека аларма</longdesc>
                </local_schema>
                <local_schema locale="ja" short_desc="アラームの楽曲ファイルを保存するフォルダです。">
                        <longdesc>アラームのファイルを保存するフォルダ</longdesc>
                </local_schema>
                <local_schema locale="sq" short_desc="Directory e ruajtjes për alarmin audio">
                        <longdesc>Directory për të ruajtur files audio të alarmeve</longdesc>
                </local_schema>
                <local_schema locale="mr" short_desc="सतर्कता ऑडीओ करीता संचयन संचयीका">
                        <longdesc>सतर्कता ऑडीओ फाइल संचयीत करण्याकरीता संचयीका</longdesc>
                </local_schema>
                <local_schema locale="da" short_desc="Mappe hvor alarmlyd gemmes">
                        <longdesc>Mappe hvor alarm lydfiler skal gemmes i</longdesc>
                </local_schema>
                <local_schema locale="as" short_desc="সতৰ্কবাণীৰ অডিও-ৰ জন্য ডিৰেক্টৰি সংৰক্ষণ কৰক">
                        <longdesc>সতৰ্কবাণীৰ জন্য ব্যৱহৃত অডিও ফাইল ধাৰণকাৰী ডিৰেক্টৰি</longdesc>
                </local_schema>
                <local_schema locale="ar" short_desc="دليل الحفظ لأصوات المنبهات">
                        <longdesc>الدليل الذي تُحفَظ فيه ملفات أصوات المنبهات</longdesc>
                </local_schema>
                <local_schema locale="zh_TW" short_desc="儲存鬧鈴音效檔目錄">
                        <longdesc>用來存放鬧鈴音效檔的目錄</longdesc>
                </local_schema>
                <local_schema locale="fi" short_desc="Äänihälytysten tiedostojen tallennuskansio">
                        <longdesc>Kansio, johon äänimerkkien tiedostot tallennetaan</longdesc>
                </local_schema>
                <local_schema locale="hu" short_desc="Riasztási hangok mentési könyvtára">
                        <longdesc>Könyvtár a riasztás hangfájlok mentéséhez</longdesc>
                </local_schema>
                <local_schema locale="tr" short_desc="Alarm sesi için kayıt dizini">
                        <longdesc>Alarm ses dosyalarını kaydetmek için dizin</longdesc>
                </local_schema>
                <local_schema locale="sl" short_desc="Shrani mapo za zvočni alarm">
                        <longdesc>Mapa za shranjevanje zvočnih datotek za alarm</longdesc>
                </local_schema>
                <local_schema locale="en_GB" short_desc="Save directory for alarm audio">
                        <longdesc>Directory for saving alarm audio files</longdesc>
                </local_schema>
                <local_schema locale="mk" short_desc="Зачувај го директориумот за звуци за аларм">
                        <longdesc>Директориум за зачувување на аудио датотеките за аларм</longdesc>
                </local_schema>
                <local_schema locale="cy" short_desc="Cyfeiriadur cadw sain larwm">
                        <longdesc>Ym mha gyfeiriadur i arbed ffeiliau sain larymau</longdesc>
                </local_schema>
                <local_schema locale="gl" short_desc="Directorio onde gardar a alarma de son">
                        <longdesc>Directorio para gardar ficheiros de alarma de son</longdesc>
                </local_schema>
                <local_schema locale="si" short_desc="Save directory for alarm audio">
                        <longdesc>Directory for saving alarm audio files</longdesc>
                </local_schema>
                <local_schema locale="bn_IN" short_desc="সতর্কবাণীর অডিও-র জন্য ডিরেক্টরি সংরক্ষণ করুন">
                        <longdesc>সতর্কবাণীর জন্য ব্যবহৃত অডিও ফাইল ধারণকারী ডিরেক্টরি</longdesc>
                </local_schema>
                <local_schema locale="it" short_desc="Directory di salvataggio per allarmi audio">
                        <longdesc>Directory per salvare file audio di allarme</longdesc>
                </local_schema>
                <local_schema locale="nl" short_desc="Map voor alarmgeluiden">
                        <longdesc>Map voor het opslaan van alarm-geluidsbestanden</longdesc>
                </local_schema>
                <local_schema locale="bn" short_desc="সতর্কবাণীর অডিও-র জন্য ডিরেক্টরি সংরক্ষণ করুন">
                        <longdesc>সতর্কবাণীর জন্য ব্যবহৃত অডিও ফাইল ধারণকারী ডিরেক্টরি</longdesc>
                </local_schema>
                <local_schema locale="dz" short_desc="འཇིགས་བརྡ་རྣར་ཉན་གྱི་དོན་ལུ་ སྣོད་ཐོ་སྲུང་བཞག་འབད་">
                        <longdesc>འཇིགས་བརྡ་རྣར་ཉན་ཡིག་སྣོད་ཚུ་ལག་ལེན་འཐབ་ནིའི་དོན་ལུ་ སྣོད་ཐོ་</longdesc>
                </local_schema>
                <local_schema locale="cs" short_desc="Uložte adresář pro zvukový alarm">
                        <longdesc>Adresář pro ukládání zvukových souborů alarmů</longdesc>
                </local_schema>
                <local_schema locale="th" short_desc="ไดเรกทอรีสำหรับบันทึกเสียงเตือน">
                        <longdesc>ไดเรกทอรีสำหรับบันทึกแฟ้มเสียงเตือน</longdesc>
                </local_schema>
        </entry>
</gconf>
