{
    "id": "rct2.terrain_surface.sand",
    "authors": [
        "Chris Sawyer",
        "Simon Foster"
    ],
    "version": "1.0",
    "originalId": "0000008B|#RCT2SSY|00000000",
    "sourceGame": [
        "rct2",
        "rct1"
    ],
    "objectType": "terrain_surface",
    "properties": {
        "price": 100,
        "mapColours": [
            40,
            40
        ],
        "smoothWithSelf": true,
        "smoothWithOther": true
    },
    "images": [
        "$G1[5580]",
        "$G1[28983..28988]",
        "$G1[2086..2142]"
    ],
    "strings": {
        "name": {
            "en-GB": "Sand",
            "de-DE": "Sand",
            "nl-NL": "Zand",
            "pt-BR": "Areia",
            "ja-JP": "砂",
            "fr-FR": "Sable",
            "pl-PL": "Piasek",
            "ko-KR": "모래",
            "eo-ZZ": "Sablo",
            "ca-ES": "Sorra",
            "fi-FI": "Hiekka",
            "zh-CN": "沙子"
        }
    }
}
