{
    "id": "rct2.terrain_surface.grid_yellow",
    "authors": [
        "Chris Sawyer",
        "Simon Foster"
    ],
    "version": "1.0",
    "originalId": "0000008B|#RCT2SIY|00000000",
    "sourceGame": [
        "rct2",
        "rct1ll"
    ],
    "objectType": "terrain_surface",
    "properties": {
        "colour": "bright_yellow",
        "mapColours": [
            54,
            10
        ],
        "price": 110
    },
    "images": [
        "$G1[5588]",
        "$G1[2257..2313]"
    ],
    "strings": {
        "name": {
            "en-GB": "Grid (Yellow)",
            "de-DE": "Gitter (gelb)",
            "nl-NL": "Geel raster",
            "pt-BR": "Malha (amarela)",
            "ja-JP": "グリッド (黄)",
            "fr-FR": "Grille (jaune)",
            "pl-PL": "Krata (Żółta)",
            "ko-KR": "격자 (노란색)",
            "eo-ZZ": "Krado (Flava)",
            "sv-SE": "Rutnät (gult)",
            "ca-ES": "Graella (groga)",
            "fi-FI": "Ruudukko (keltainen)",
            "zh-CN": "网格(黄)"
        }
    }
}
