{
    "id": "rct2.terrain_surface.grid_purple",
    "authors": [
        "Chris Sawyer",
        "Simon Foster"
    ],
    "version": "1.0",
    "originalId": "0000008B|#RCT2SIP|00000000",
    "sourceGame": [
        "rct2",
        "rct1ll"
    ],
    "objectType": "terrain_surface",
    "properties": {
        "colour": "bright_purple",
        "mapColours": [
            162,
            10
        ],
        "price": 110
    },
    "images": [
        "$G1[5589]",
        "$G1[2257..2313]"
    ],
    "strings": {
        "name": {
            "en-GB": "Grid (Purple)",
            "de-DE": "Gitter (lila)",
            "nl-NL": "Paars raster",
            "pt-BR": "Malha (roxa)",
            "ja-JP": "グリッド (紫)",
            "fr-FR": "Grille (violet)",
            "pl-PL": "Krata (Fioletowa)",
            "ko-KR": "격자 (보라색)",
            "eo-ZZ": "Krado (Purpura)",
            "sv-SE": "Rutnät (lila)",
            "ca-ES": "Graella (lila)",
            "fi-FI": "Ruudukko (violetti)",
            "zh-CN": "网格(紫)"
        }
    }
}
