{
    "id": "rct2.terrain_surface.grid_green",
    "authors": [
        "Chris Sawyer",
        "Simon Foster"
    ],
    "version": "1.0",
    "originalId": "0000008B|#RCT2SIG|00000000",
    "sourceGame": [
        "rct2",
        "rct1ll"
    ],
    "objectType": "terrain_surface",
    "properties": {
        "colour": "bright_green",
        "mapColours": [
            102,
            10
        ],
        "price": 110
    },
    "images": [
        "$G1[5590]",
        "$G1[2257..2313]"
    ],
    "strings": {
        "name": {
            "en-GB": "Grid (Green)",
            "de-DE": "Gitter (grün)",
            "nl-NL": "Groen raster",
            "pt-BR": "Malha (verde)",
            "ja-JP": "グリッド (緑)",
            "fr-FR": "Grille (vert)",
            "pl-PL": "Krata (Zielona)",
            "ko-KR": "격자 (녹색)",
            "eo-ZZ": "Krado (Verda)",
            "sv-SE": "Rutnät (grönt)",
            "ca-ES": "Graella (verda)",
            "fi-FI": "Ruudukko (vihreä)",
            "zh-CN": "网格(绿)"
        }
    }
}
