{
    "id": "rct2.terrain_surface.sand_red",
    "authors": [
        "Chris Sawyer",
        "Simon Foster"
    ],
    "version": "1.0",
    "originalId": "0000008B|#RCT2SSR|00000000",
    "sourceGame": "rct2",
    "objectType": "terrain_surface",
    "properties": {
        "price": 110,
        "mapColours": [
            111,
            111
        ],
        "smoothWithSelf": true,
        "smoothWithOther": true
    },
    "images": [
        "$G1[5591]",
        "$G1[28971..28976]",
        "$G1[2029..2085]"
    ],
    "strings": {
        "name": {
            "en-GB": "Sand (Red)",
            "de-DE": "Sand (rot)",
            "nl-NL": "Rood zand",
            "pt-BR": "Areia (vermelha)",
            "ja-JP": "砂 (赤)",
            "fr-FR": "Sable (rouge)",
            "pl-PL": "Piasek (Czerwony)",
            "ko-KR": "모래 (적색)",
            "eo-ZZ": "Sablo (Ruĝa)",
            "sv-SE": "Sand (röd)",
            "ca-ES": "Sorra (vermella)",
            "fi-FI": "Hiekka (punainen)",
            "zh-CN": "沙子(红色)"
        }
    }
}
