{
    "id": "rct2.terrain_surface.sand_brown",
    "authors": [
        "Chris Sawyer",
        "Simon Foster"
    ],
    "version": "1.0",
    "originalId": "0000008B|#RCT2SSA|00000000",
    "sourceGame": "rct2",
    "objectType": "terrain_surface",
    "properties": {
        "price": 110,
        "mapColours": [
            222,
            222
        ],
        "smoothWithSelf": true,
        "smoothWithOther": true
    },
    "images": [
        "$G1[5592]",
        "$G1[28965..28970]",
        "$G1[1972..2028]"
    ],
    "strings": {
        "name": {
            "en-GB": "Sand (Brown)",
            "de-DE": "Sand (braun)",
            "nl-NL": "Bruin zand",
            "pt-BR": "Areia (marrom)",
            "ja-JP": "砂 (褐)",
            "fr-FR": "Sable (marron)",
            "pl-PL": "Piasek (Brązowy)",
            "ko-KR": "모래 (갈색)",
            "eo-ZZ": "Sablo (Bruna)",
            "sv-SE": "Sand (brun)",
            "ca-ES": "Sorra (marró)",
            "fi-FI": "Hiekka (ruskea)",
            "zh-CN": "沙子(棕色)"
        }
    }
}
