<?xml version="1.0"?>
<gconf>
        <entry name="autoconfig_url" mtime="1231171146" schema="/schemas/apps/evolution/shell/network_config/autoconfig_url"/>
        <entry name="ignore_hosts" mtime="1231171146" schema="/schemas/apps/evolution/shell/network_config/ignore_hosts"/>
        <entry name="authentication_password" mtime="1231171146" schema="/schemas/apps/evolution/shell/network_config/authentication_password"/>
        <entry name="authentication_user" mtime="1231171146" schema="/schemas/apps/evolution/shell/network_config/authentication_user"/>
        <entry name="use_authentication" mtime="1231171146" schema="/schemas/apps/evolution/shell/network_config/use_authentication"/>
        <entry name="use_http_proxy" mtime="1231171146" schema="/schemas/apps/evolution/shell/network_config/use_http_proxy"/>
        <entry name="socks_host" mtime="1231171146" schema="/schemas/apps/evolution/shell/network_config/socks_host"/>
        <entry name="socks_port" mtime="1231171146" schema="/schemas/apps/evolution/shell/network_config/socks_port"/>
        <entry name="secure_host" mtime="1231171146" schema="/schemas/apps/evolution/shell/network_config/secure_host"/>
        <entry name="secure_port" mtime="1231171146" schema="/schemas/apps/evolution/shell/network_config/secure_port"/>
        <entry name="http_host" mtime="1231171146" schema="/schemas/apps/evolution/shell/network_config/http_host"/>
        <entry name="http_port" mtime="1231171146" schema="/schemas/apps/evolution/shell/network_config/http_port"/>
        <entry name="proxy_type" mtime="1231171146" schema="/schemas/apps/evolution/shell/network_config/proxy_type"/>
</gconf>
