<?xml version="1.0"?>
<gconf>
        <entry name="show_preview" mtime="1166404240" type="schema" stype="bool" owner="evolution-addressbook">
                <local_schema locale="pt" short_desc="Apresentar o painel de antevisão">
                        <longdesc>Se apresentar ou não o painel de antevisão.</longdesc>
                </local_schema>
                <local_schema locale="hi" short_desc="पूर्वावलोकन पट्टी दिखाएं">
                        <longdesc>क्या पूर्वावलोकन पट्टी दिखाया जाना है.</longdesc>
                </local_schema>
                <local_schema locale="zh_HK" short_desc="顯示預覽窗格">
                        <longdesc>是否顯示預覽窗格。</longdesc>
                </local_schema>
                <local_schema locale="uk" short_desc="Показувати панель попереднього перегляду">
                        <longdesc>Показувати панель попереднього перегляду.</longdesc>
                </local_schema>
                <local_schema locale="ne" short_desc="पूर्वावलोकन फलक देखाउनुहोस्">
                        <longdesc>या कुनै पूर्वावलोकन फलक देखाउनुहोस्।</longdesc>
                </local_schema>
                <local_schema locale="en_CA" short_desc="Show preview pane">
                        <longdesc>Whether to show the preview pane.</longdesc>
                </local_schema>
                <local_schema locale="bg" short_desc="Показване на предварителния преглед на писмата">
                        <longdesc>Показване на панела „Предварителен преглед на писмата“.</longdesc>
                </local_schema>
                <local_schema locale="zh_CN" short_desc="显示预览面板">
                        <longdesc>是否显示预览面板。</longdesc>
                </local_schema>
                <local_schema locale="be" short_desc="Паказваць панэль перадпрагляду">
                        <longdesc>Цт мусіць адлюстроўвацца панэль перадпрагляду.</longdesc>
                </local_schema>
                <local_schema locale="ta" short_desc="முன்பார்வை பலகத்தை காட்டு">
                        <longdesc>முன்பார்வை பலகத்தை காட்டு வேண்டுமா.</longdesc>
                </local_schema>
                <local_schema locale="nb" short_desc="Vis forhåndsvisningsområdet">
                        <longdesc>Om forhåndsvisningsområdet skal vises.</longdesc>
                </local_schema>
                <local_schema locale="C" short_desc="Show preview pane">
                        <default type="bool" value="true">
                        </default>
                        <longdesc>Whether to show the preview pane.</longdesc>
                </local_schema>
                <local_schema locale="pt_BR" short_desc="Exibir o painel de visualização">
                        <longdesc>Quando exibir o painel de visualização.</longdesc>
                </local_schema>
                <local_schema locale="eu" short_desc="Erakutsi aurrebistako panela">
                        <longdesc>Erakutsi/ezkutatu aurrebistaren panela</longdesc>
                </local_schema>
                <local_schema locale="pl" short_desc="Wyświetlanie panelu podglądu">
                        <longdesc>Określa, czy wyświetlać panel podglądu.</longdesc>
                </local_schema>
                <local_schema locale="et" short_desc="Eelvaatluspaani kuvamine">
                        <longdesc>Millal kuvada eelvaatluspaani.</longdesc>
                </local_schema>
                <local_schema locale="es" short_desc="Mostrar el panel de vista previa">
                        <longdesc>Indica si se muestra el panel de vista previa.</longdesc>
                </local_schema>
                <local_schema locale="vi" short_desc="Hiện ô Xem thử">
                        <longdesc>Có nên hiển thị ô cửa sổ xem thử hay không.</longdesc>
                </local_schema>
                <local_schema locale="ru" short_desc="Показывать панель предварительного просмотра">
                        <longdesc>Показывать ли панель предварительного просмотра.</longdesc>
                </local_schema>
                <local_schema locale="id" short_desc="Tampilkan panel pratinjau">
                        <longdesc>Apakah menampilkan panel pracetak.</longdesc>
                </local_schema>
                <local_schema locale="lv" short_desc="Parādīt priekšskates lauku">
                        <longdesc>Norādīt, vai tiek rādīts priekšskates lauks.</longdesc>
                </local_schema>
                <local_schema locale="ko" short_desc="미리 보기 창 보기">
                        <longdesc>미리 보기 창을 볼지 여부.</longdesc>
                </local_schema>
                <local_schema locale="lt" short_desc="Rodyti peržiūros skydelį">
                        <longdesc>Ar rodyti peržiūros skydelį.</longdesc>
                </local_schema>
                <local_schema locale="ca" short_desc="Subfinestra de previsualització">
                        <longdesc>Si s&apos;ha de mostrar la subfinestra de previsualització.</longdesc>
                </local_schema>
                <local_schema locale="sv" short_desc="Visa förhandsgranskningspanelen">
                        <longdesc>Huruvida förhandsgranskningspanelen ska visas.</longdesc>
                </local_schema>
                <local_schema locale="el" short_desc="Προβολή του ταμπλό προεπισκόπησης">
                        <longdesc>Αν θα εμφανίζεται το ταμπλό της προεπισκόπησης.</longdesc>
                </local_schema>
                <local_schema locale="fr" short_desc="Afficher le panneau d&apos;aperçu">
                        <longdesc>Indiquer s&apos;il faut afficher le panneau d&apos;aperçu.</longdesc>
                </local_schema>
                <local_schema locale="ro" short_desc="Afişează panoul de previzualizare">
                        <longdesc>Dacă să afişeze panoul de previzualizare.</longdesc>
                </local_schema>
                <local_schema locale="de" short_desc="Vorschaufeld anzeigen">
                        <longdesc>Soll das Vorschaufeld angezeigt werden?</longdesc>
                </local_schema>
                <local_schema locale="sr@Latn" short_desc="Prikaži površ za pregled">
                        <longdesc>Da li se prikazuje površ za pregled.</longdesc>
                </local_schema>
                <local_schema locale="pa" short_desc="ਦਰਿਸ਼ ਪੱਟੀ ਵੇਖਾਓ">
                        <longdesc>ਕੀ ਦਰਿਸ਼ ਪੱਟੀ ਵੇਖਾਉਣੀ ਹੈ</longdesc>
                </local_schema>
                <local_schema locale="gu" short_desc="પૂર્વદર્શન તકતી બતાવો">
                        <longdesc>શું પૂર્વદર્શન તકતી બતાવવી.</longdesc>
                </local_schema>
                <local_schema locale="sr" short_desc="Прикажи површ за преглед">
                        <longdesc>Да ли се приказује површ за преглед.</longdesc>
                </local_schema>
                <local_schema locale="ja" short_desc="プレビュー・ペインの表示">
                        <longdesc>プレビュー・ペインを表示するかどうかです。</longdesc>
                </local_schema>
                <local_schema locale="sq" short_desc="Shfaq panelin e pamjes së parë">
                        <longdesc>Nëse duhet shfaqur paneli i pamjes së parë.</longdesc>
                </local_schema>
                <local_schema locale="mr" short_desc="पूर्वदर्शन तावदान दाखवा">
                        <longdesc>पूर्वदर्शन तावदान दाखवावे कि नाही.</longdesc>
                </local_schema>
                <local_schema locale="da" short_desc="Vis forhåndsvisningsruden">
                        <longdesc>Om forhåndsvisningsruden vises.</longdesc>
                </local_schema>
                <local_schema locale="zh_TW" short_desc="顯示預覽窗格">
                        <longdesc>是否顯示預覽窗格。</longdesc>
                </local_schema>
                <local_schema locale="fi" short_desc="Näytä Esikatselupaneeli">
                        <longdesc>Näytetäänkö esikatselupaneeli.</longdesc>
                </local_schema>
                <local_schema locale="hu" short_desc="Előnézet mutatása">
                        <longdesc>Megjelenítse-e az előnézeti ablaktáblát?</longdesc>
                </local_schema>
                <local_schema locale="tr" short_desc="Önizleme panelini göster">
                        <longdesc>Önizleme panelinin nerede gösterileceği göster.</longdesc>
                </local_schema>
                <local_schema locale="sl" short_desc="Prikaži pano predogleda">
                        <longdesc>Ali naj bo prikazan pano predogleda.</longdesc>
                </local_schema>
                <local_schema locale="en_GB" short_desc="Show preview pane">
                        <longdesc>Whether to show the preview pane.</longdesc>
                </local_schema>
                <local_schema locale="sk" short_desc="Zobraziť panel náhľadu">
                        <longdesc>Či zobraziť panel náhľadu.</longdesc>
                </local_schema>
                <local_schema locale="ml" short_desc="ക്രമീകരിച്ചശേഷം സ്ക്രീനില്‍ കാണുന്നതിനുളള പാളി">
                        <longdesc>ക്രമീകരിച്ചശേഷം സ്ക്രീനില്‍ കാണുന്നതിനുളള പാളി കാണിക്കണമോ എന്ന്.</longdesc>
                </local_schema>
                <local_schema locale="cy" short_desc="Dangos cwarel rhagolwg">
                        <longdesc>P&apos;un ai i ddangos y cwarel rhagolwg.</longdesc>
                </local_schema>
                <local_schema locale="gl" short_desc="Amosar o panel de vista previa">
                        <longdesc>Indica se se amosa o panel de vista previa.</longdesc>
                </local_schema>
                <local_schema locale="mk" short_desc="Покажи прегледник">
                        <longdesc>Дали да се покажува прегледникот.</longdesc>
                </local_schema>
                <local_schema locale="bn_IN" short_desc="পূর্বপ্রদর্শন পেইন প্রদর্শন করা হবে">
                        <longdesc>পূর্বপ্রদর্শন পেইন প্রদর্শন করা হবে কি না।</longdesc>
                </local_schema>
                <local_schema locale="nn" short_desc="Vis førehandsframsyningsfeltet">
                        <longdesc>Om førehandsframsyningsfeltet skal visast.</longdesc>
                </local_schema>
                <local_schema locale="it" short_desc="Mostra riquadro d&apos;anteprima">
                        <longdesc>Indica se mostrare il riquadro d&apos;anteprima.</longdesc>
                </local_schema>
                <local_schema locale="or" short_desc="ପୂର୍ବାଲୋକନ ଫଳକକୁ ଦେଖାନ୍ତୁ">
                        <longdesc>ପୂର୍ବାଲୋକନ ଫଳକକୁ ଦେଖାଯିବକି ନାହିଁ।</longdesc>
                </local_schema>
                <local_schema locale="nl" short_desc="Het voorbeeldpaneel tonen">
                        <longdesc>Of het voorbeeldpaneel wordt getoond</longdesc>
                </local_schema>
                <local_schema locale="bn" short_desc="পূর্বপ্রদর্শন পেইন প্রদর্শন করা হবে">
                        <longdesc>পূর্বপ্রদর্শন পেইন প্রদর্শন করা হবে কি না।</longdesc>
                </local_schema>
                <local_schema locale="fa" short_desc="نشان دادن قاب پیش‌نمایش">
                        <longdesc>این که قاب پیش‌نمایش نشان داده بشود یا نه.</longdesc>
                </local_schema>
                <local_schema locale="dz" short_desc="སྔོན་ལྟའི་པེན་སྟོན།">
                        <longdesc>སྔོན་ལྟའི་པེན་ སྟོན་ནི་ཨིན་ན།</longdesc>
                </local_schema>
                <local_schema locale="cs" short_desc="Zobrazovat panel náhledu">
                        <longdesc>Jestli zobrazovat panel náhledu.</longdesc>
                </local_schema>
                <local_schema locale="th" short_desc="แสดงช่องแสดงตัวอย่าง">
                        <longdesc>กำหนดว่าจะแสดงช่องแสดงตัวอย่างหรือไม่</longdesc>
                </local_schema>
        </entry>
        <entry name="vpane_position" mtime="1166404240" type="schema" stype="int" owner="evolution-addressbook">
                <local_schema locale="pt" short_desc="Posição vertical do painel">
                        <longdesc>Posição do painel vertical, entre as vistas de cartão e lista e o painel de antevisão, em pixels.</longdesc>
                </local_schema>
                <local_schema locale="hi" short_desc="लंबवत पट्टी स्थिति">
                        <longdesc>उर्ध्वाधर पट्टी की अवस्थिति, कार्ड व सूची दृश्य के बीच और पूर्वालोकन पट्टी, पिक्सेल में.</longdesc>
                </local_schema>
                <local_schema locale="zh_HK" short_desc="垂直窗格位置">
                        <longdesc>垂直窗格的位置，在卡片、清單檢視與預覽窗格之間，以像素計。</longdesc>
                </local_schema>
                <local_schema locale="uk" short_desc="Позиція вертикальної панелі">
                        <longdesc>Позиція вертикальної панелі між переглядом картки та списку, та панеллю попереднього перегляду, у точках.</longdesc>
                </local_schema>
                <local_schema locale="ne" short_desc="ठाडो फलक स्थिति">
                        <longdesc>पिक्सेलमा, ठाडो फलकको अवस्था, कार्ड र दृश्य सूचीको बीचमा र पूर्वावलोकन कक्ष।</longdesc>
                </local_schema>
                <local_schema locale="en_CA" short_desc="Vertical pane position">
                        <longdesc>Position of the vertical pane, between the card and list views and the preview pane, in pixels.</longdesc>
                </local_schema>
                <local_schema locale="bg" short_desc="Разположение на вертикалния панел">
                        <longdesc>Разположение в пиксели на вертикалния панел между визитките, списъка и панела за преглед.</longdesc>
                </local_schema>
                <local_schema locale="zh_CN" short_desc="垂直面板的位置">
                        <longdesc>卡片和列表视图及预览面板之间垂直面板的位置，以像素计。</longdesc>
                </local_schema>
                <local_schema locale="be" short_desc="Пазыцыя вэртыкальнай панэлі">
                        <longdesc>Пазыцыя вэртыкальнай панэли паміж аглядам карткі й сьпісу й панэляй папярэдняга прагляду, у піксэлях.</longdesc>
                </local_schema>
                <local_schema locale="ta" short_desc="செங்குத்து பலக நிலை">
                        <longdesc>அட்டை மற்றும் பட்டியல் பார்வைகள் மற்றும் துன்பார்வை பலகம் ஆகியவற்றுக்கிடையே உள்ள செங்குத்து பலகத்தின் நிலை, பிக்ஸல்களில்.</longdesc>
                </local_schema>
                <local_schema locale="nb" short_desc="Posisjon til vertikalt felt">
                        <longdesc>Plassering til vertikalt felt mellom kort- og listevisningen og forhåndsvisningsfeltet, i piksler.</longdesc>
                </local_schema>
                <local_schema locale="C" short_desc="Vertical pane position">
                        <longdesc>Position of the vertical pane, between the card and list views and the preview pane, in pixels.</longdesc>
                </local_schema>
                <local_schema locale="pt_BR" short_desc="Posição do painel vertical">
                        <longdesc>Posição da divisão vertical, entre as visões de cartão e lista e o painel de visualização, em pixels.</longdesc>
                </local_schema>
                <local_schema locale="eu" short_desc="Panel bertikalaren kokapena">
                        <longdesc>Panel bertikalaren kokalekua pixeletan, txartelen eta  zerrenda-ikuspegien eta aurrebistaren panelaren artean.</longdesc>
                </local_schema>
                <local_schema locale="pl" short_desc="Pozycja panelu pionowego">
                        <longdesc>Położenie panelu pionowego, pomiędzy widokami kart, list oraz panelem podglądu, w pikselach.</longdesc>
                </local_schema>
                <local_schema locale="et" short_desc="Püstpaani asukoht">
                        <longdesc>Püstpaani asukoht pikslites - kaartide ja loendivaadete ning eelvaatepaani vahel.</longdesc>
                </local_schema>
                <local_schema locale="es" short_desc="Posición vertical del panel">
                        <longdesc>Posición del panel vertical, entre las vistas de tarjeta y lista y el panel de vista previa, en píxeles.</longdesc>
                </local_schema>
                <local_schema locale="vi" short_desc="Vị trí ô cửa sổ dọc">
                        <longdesc>Vị trí của ô cửa sổ dọc giữa ô xem thẻ và ô xem danh sách và ô cửa sổ xem thử, theo điểm ảnh.</longdesc>
                </local_schema>
                <local_schema locale="ru" short_desc="Позиция вертикальной панели">
                        <longdesc>Позиция вертикальной панели между обзором карточки и списка и панелью предварительного просмотра, в пикселах.</longdesc>
                </local_schema>
                <local_schema locale="id" short_desc="Posisi panel vertikal">
                        <longdesc>Posisi panel vertikal, antara kartu dan daftar tampil dan panel pracetak, dalam piksel.</longdesc>
                </local_schema>
                <local_schema locale="lv" short_desc="Vertikāla paneļa pozīcija">
                        <longdesc>Vertikālā paneļa atrašanās vieta pikseļos, starp kontaktu un sarakstu skatiem un priekšskates lauku.</longdesc>
                </local_schema>
                <local_schema locale="ko" short_desc="세로 창 위치">
                        <longdesc>세로 창의 위치, 카드와 리스트보기와 미리 보기 창의 사이, 픽셀 단위.</longdesc>
                </local_schema>
                <local_schema locale="lt" short_desc="Vertikalaus skydelio pozicija">
                        <longdesc>Vertikalaus skydelio padėtis taškeliais tarp kortelių, sąrašo ir peržiūros vaizdų.</longdesc>
                </local_schema>
                <local_schema locale="ca" short_desc="Posició de la subfinestra vertical">
                        <longdesc>Posició de la subfinestra vertical, entre la visualització de targeta i llista i la subfinestra de previsualització, en píxels.</longdesc>
                </local_schema>
                <local_schema locale="sv" short_desc="Vertikal panelposition">
                        <longdesc>Position för den vertikala panelen, mellan kort- och listvyerna och förhandsgranskningspanelen, i bildpunkter.</longdesc>
                </local_schema>
                <local_schema locale="el" short_desc="Τοποθεσία κάθετου ταμπλό">
                        <longdesc>Τοποθεσία του κάθετου ταμπλό ανάμεσα στις προβολές καρτέλας, λίστας και ταμπλό προεπισκόπησης, σε εικονοστοιχεία.</longdesc>
                </local_schema>
                <local_schema locale="fr" short_desc="Position du panneau vertical">
                        <longdesc>Position du panneau vertical, entre les cartes, la vue en liste et le panneau d&apos;aperçu, en pixels.</longdesc>
                </local_schema>
                <local_schema locale="ro" short_desc="Poziţia panoului vertical">
                        <longdesc>Poziţia panoului vertical, între vizualizările de carduri şi de liste şi panoul de previzualizare, în pixeli.</longdesc>
                </local_schema>
                <local_schema locale="de" short_desc="Position der vertikalen Schiebeleiste">
                        <longdesc>Die Position der vertikalen Leiste zwischen den Karten- und Listenansichten und dem Vorschaufeld in Pixel.</longdesc>
                </local_schema>
                <local_schema locale="sr@Latn" short_desc="Položaj uspravne površi">
                        <longdesc>Položaj uspravne površi, između karte i liste pregleda i panela za pregled, u pikselima.</longdesc>
                </local_schema>
                <local_schema locale="pa" short_desc="ਲੰਬਕਾਰੀ ਬਾਹੀ ਸਥਿਤੀ">
                        <longdesc>ਲੰਬਕਾਰੀ ਬਾਹੀ ਦੀ ਸਥਿਤੀ, ਜੋ ਕਿ ਕਾਰਡ ਅਤੇ ਸੂਚੀ ਦਰਿਸ਼ ਅਤੇ ਦਿੱਖ ਬਾਹੀ ਵਿੱਚ ਵਿੱਚ ਹੈ, (ਪਿਕਸਲ ਵਿੱਚ)।</longdesc>
                </local_schema>
                <local_schema locale="gu" short_desc="ઊભી તકતીની સ્થિતિ">
                        <longdesc>ઊભી તકતીની સ્થિતિ, કાર્ડ અને યાદી દેખાવો અને પૂર્વદર્શન તકતી વચ્ચે, પિક્સેલમાં.</longdesc>
                </local_schema>
                <local_schema locale="sr" short_desc="Положај усправне површи">
                        <longdesc>Положај усправне површи, између карте и листе прегледа и панела за преглед, у пикселима.</longdesc>
                </local_schema>
                <local_schema locale="ja" short_desc="垂直方向ペインの位置">
                        <longdesc>カードと一覧ビューとプレビュー・ペインの間にある垂直ペインの位置 (ピクセル単位) です。</longdesc>
                </local_schema>
                <local_schema locale="sq" short_desc="Pozicioni i panelit vertikal">
                        <longdesc>Pozicioni i panelit vertikal, në pixel, midis paraqitjes me tesera ose me listë dhe panelit të pamjes së parë.</longdesc>
                </local_schema>
                <local_schema locale="mr" short_desc="उभे तावदान स्थिती">
                </local_schema>
                <local_schema locale="da" short_desc="Vertikal position for ruden">
                        <longdesc>Positionen for den vertikale rude, mellem kort- og listevisningerne og forhåndsvisningsruden, i billedpunkter.</longdesc>
                </local_schema>
                <local_schema locale="zh_TW" short_desc="垂直窗格位置">
                        <longdesc>垂直窗格的位置，在名片、清單檢視與預覽窗格之間，以像素計。</longdesc>
                </local_schema>
                <local_schema locale="fi" short_desc="Vaakapaneelin sijainti">
                        <longdesc>Vaakapaneelin sijainti pikseleinä  kortti- listanäkymän ja esikatselupaneelin välissä.</longdesc>
                </local_schema>
                <local_schema locale="hu" short_desc="Függőleges ablaktábla pozíciója">
                        <longdesc>A függőleges ablaktábla pozíciója a névjegy- és listanézetek, és az előnézeti ablaktábla között, képpontokban.</longdesc>
                </local_schema>
                <local_schema locale="tr" short_desc="Dikey panel pozisyonu">
                        <longdesc>Dikey panelin pozisyonu, kart, liste görünümleri ve öngörüm paneli arasında, piksel olarak.</longdesc>
                </local_schema>
                <local_schema locale="sl" short_desc="Položaj navpičnega panoja">
                        <longdesc>Položaj navpičnega panoja med pogledom vizitk in pogledom seznama ter panojem predogleda (v pikah).</longdesc>
                </local_schema>
                <local_schema locale="en_GB" short_desc="Vertical pane position">
                        <longdesc>Position of the vertical pane, between the card and list views and the preview pane, in pixels.</longdesc>
                </local_schema>
                <local_schema locale="sk" short_desc="Vertikálna poloha panelu">
                </local_schema>
                <local_schema locale="ml" short_desc="മുകളില്‍ നിന്നും താഴേക്കുളള പാളിയുടെ സ്ഥാനം">
                </local_schema>
                <local_schema locale="cy" short_desc="Lleoliad cwarel fertigol">
                        <longdesc>Lleoliad y cwarel fertigol, rhwng y golygon cerdyn a rhestr a&apos;r cwarel rhagolwg, mewn picseli.</longdesc>
                </local_schema>
                <local_schema locale="gl" short_desc="Posición vertical do panel">
                        <longdesc>Posición do panel vertical, entre as vistas de tarxeta e lista e o panel de vista previa, en píxeles.</longdesc>
                </local_schema>
                <local_schema locale="mk" short_desc="Позиција на вертикалната лента">
                        <longdesc>Позиција на вертикалниот панел, помеѓу погледот на карти и листи и панелот за приказ, во пиксели.</longdesc>
                </local_schema>
                <local_schema locale="bn_IN" short_desc="উলম্ভ পেইনের অবস্থান">
                        <longdesc>পিক্সেলের দ্বারা নির্ধারিত উলম্ব পেইনের অবস্থান, কার্ড ও লিস্ট প্রদর্শন ক্ষেত্রে ও পূর্বপ্রদর্শন পেইনের মধ্যবর্তী অংশে।</longdesc>
                </local_schema>
                <local_schema locale="nn" short_desc="Plassering av loddrett felt">
                        <longdesc>Plasseringa til det loddrette feltet, mellom kort- listeframsyningane og førehandsframsyninga, i biletepunkt.</longdesc>
                </local_schema>
                <local_schema locale="it" short_desc="Posizione riquadro verticale">
                        <longdesc>Posizione del riquadro verticale, in pixel, tra la vista a tessere o a lista e il riquadro di anteprima.</longdesc>
                </local_schema>
                <local_schema locale="or" short_desc="ଭୂଲମ୍ବ ଫଳକ ଅବସ୍ଥିତି">
                </local_schema>
                <local_schema locale="nl" short_desc="Positie van verticale paneel">
                        <longdesc>Positie van het verticale paneel, tussen de kaart- en lijstweergave en het voorbeeldpaneel, in pixels.</longdesc>
                </local_schema>
                <local_schema locale="bn" short_desc="উলম্ভ পেইনের অবস্থান">
                        <longdesc>পিক্সেলের দ্বারা নির্ধারিত উলম্ব পেইনের অবস্থান, কার্ড ও লিস্ট প্রদর্শন ক্ষেত্রে ও পূর্বপ্রদর্শন পেইনের মধ্যবর্তী অংশে।</longdesc>
                </local_schema>
                <local_schema locale="fa" short_desc="موقعیت قاب عمودی">
                        <longdesc>وضعیت قاب کناری،‌ بین نمای کارت و فهرست و قاب پیش‌نمایش،‌ به نقطه.</longdesc>
                </local_schema>
                <local_schema locale="dz" short_desc="ཀེར་ཕྲང་པེན་གྱི་གནས་ས།">
                        <longdesc>ཤོག་བྱང་དང་ ཐོ་ཡིག་མཐོང་སྣང་ དེ་ལས་ སྔོན་ལྟའི་པེན་གྱི་བར་ན་ ཀེར་ཕྲང་པེན་གྱི་གནས་ས་ པིག་སེལ་ནང་།</longdesc>
                </local_schema>
                <local_schema locale="cs" short_desc="Umístění svislého panelu">
                        <longdesc>Umístění svislého panelu mezi zobrazením karty a seznamu a panelem náhledu v pixelech.</longdesc>
                </local_schema>
                <local_schema locale="th" short_desc="ตำแหน่งเส้นกั้นช่องแนวดิ่ง">
                        <longdesc>ตำแหน่งของเส้นกั้นช่องแนวดิ่ง ระหว่างช่องแสดงนามบัตรและรายการ กับช่องแสดงตัวอย่าง ในหน่วยพิกเซล</longdesc>
                </local_schema>
        </entry>
</gconf>
