<?xml version="1.0"?>
<gconf>
        <entry name="empty_date" mtime="1212488843" type="schema" stype="int" owner="evolution-mail">
                <local_schema locale="pt" short_desc="A última vez em que foi esvaziado o lixo">
                        <longdesc>A última vez em que o lixo foi esvaziado, em dias desde a epoch.</longdesc>
                </local_schema>
                <local_schema locale="hi" short_desc="अंतिम बार जब रद्दी खाली किया गया था">
                        <longdesc>अंतिम समय जब रद्दी खाली करें चलाया गया, खास समय से दिनों में</longdesc>
                </local_schema>
                <local_schema locale="zh_HK" short_desc="上次清空回收筒的時間">
                        <longdesc>上次執行清單回收筒的時間，從紀元後算起的日數。</longdesc>
                </local_schema>
                <local_schema locale="uk" short_desc="Час останнього очищення смітника">
                        <longdesc>Останній раз, коли виконувалось очищення смітника, у дніх з початку епохи.</longdesc>
                </local_schema>
                <local_schema locale="te" short_desc="చివరిసారి ఖాళీ చెత్తకుండి నడుపబడింది">
                        <longdesc>గతసారి ఖాళీ చెత్తకుండి నడుస్తున్నది, రోజులలో epoch నుండి.</longdesc>
                </local_schema>
                <local_schema locale="ne" short_desc="अन्तिम पटक खाली रद्दीटोकरी चलाइएको थियो">
                        <longdesc>इपोक देखिको दिनहरूमा अन्तिम पटकको खाली रद्दीकोटोकरी चलाइएको थियो ।</longdesc>
                </local_schema>
                <local_schema locale="en_CA" short_desc="Last time empty trash was run">
                        <longdesc>The last time empty trash was run, in days since the epoch.</longdesc>
                </local_schema>
                <local_schema locale="bg" short_desc="Последният път, когато е изпразвано кошчето">
                        <longdesc>Последният път, когато е изчиствано кошчето, в дни от „Епохата“.</longdesc>
                </local_schema>
                <local_schema locale="he" short_desc="Last time empty trash was run">
                        <longdesc>The last time empty trash was run, in days since the epoch.</longdesc>
                </local_schema>
                <local_schema locale="zh_CN" short_desc="上次清空回收站的时间">
                        <longdesc>上次清空回收站的时间，以新纪元后的天数显示。</longdesc>
                </local_schema>
                <local_schema locale="be" short_desc="Час апошняга спусташэньня сьметніцы">
                        <longdesc>Час апошняга спусташэньня сьметніцы, у днях з пачатку эпохі.</longdesc>
                </local_schema>
                <local_schema locale="ta" short_desc="கடைசியாக குப்பைகாலி இயக்கப்பட்ட நேரம்">
                        <longdesc>epoch க்கு முன் கடைசியா குப்பை காலி இயக்கப்பட்ட நேரம்</longdesc>
                </local_schema>
                <local_schema locale="nb" short_desc="Sist gang papirkurven ble tømt">
                        <longdesc>Sist gang papirkurven ble tømt i dager.</longdesc>
                </local_schema>
                <local_schema locale="C" short_desc="Last time empty trash was run">
                        <default type="int" value="0">
                        </default>
                        <longdesc>
	The last time empty trash was run, in days since the epoch.
         </longdesc>
                </local_schema>
                <local_schema locale="pt_BR" short_desc="A última vez que a lixeira foi esvaziada">
                        <longdesc>A última vez que a lixeira foi esvaziada, em dias desde a época.</longdesc>
                </local_schema>
                <local_schema locale="eu" short_desc="Zakarrontzia hustu zen azken aldia">
                        <longdesc>Zakarrontzia hustu zen azken aldia, garaiaren hasieratik iragandako egunetan.</longdesc>
                </local_schema>
                <local_schema locale="pl" short_desc="Ostanie opróżnianie śmietnika">
                        <longdesc>Czas ostatniego opróżniania śmietnika, w dniach od epoki.</longdesc>
                </local_schema>
                <local_schema locale="et" short_desc="Viimane kord kui prügikasti tühjendati">
                        <longdesc>Viimane prügikasti tühjendamise aeg päevades alates epohhi algusest.</longdesc>
                </local_schema>
                <local_schema locale="es" short_desc="Última vez que se vació la papelera">
                        <longdesc>La última vez que se vació la papelera, en días desde la época.</longdesc>
                </local_schema>
                <local_schema locale="vi" short_desc="Lần cuối cùng đã đổ rác">
                        <longdesc>Lần cuối cùng đã chạy đổ rác, theo ngày từ kỷ nguyên bắt đầu.</longdesc>
                </local_schema>
                <local_schema locale="ru" short_desc="Время последней очистки корзины">
                        <longdesc>Время последней очистки корзины, в днях с начала эпохи.</longdesc>
                </local_schema>
                <local_schema locale="lv" short_desc="Pēdējā atkritumu tīrīšanas reize">
                        <longdesc>Pēdējā reize, kad tika tīrīti atkritumi.</longdesc>
                </local_schema>
                <local_schema locale="id" short_desc="Kali terakhir pengosongan sampah dilakukan">
                        <longdesc>Saat terakhir pengosongan tong sampah dilakukan, dalam hari sejak terakhir.</longdesc>
                </local_schema>
                <local_schema locale="ko" short_desc="마지막으로 휴지통을 비운 시각">
                        <longdesc>마지막으로 휴지통을 비운 시각, 1970년 1월 1일부터 지난 날 수.</longdesc>
                </local_schema>
                <local_schema locale="lt" short_desc="Kada paskutinį kartą buvo išvalyta šiukšlinė">
                        <longdesc>Kada paskutinį kartą buvo išvalyta šiukšlinė, dienomis nuo epochos.</longdesc>
                </local_schema>
                <local_schema locale="az" short_desc="Zibilin ən son boşaldıldığı tarix">
                </local_schema>
                <local_schema locale="ca" short_desc="La darrera vegada que es va buidar la paperera">
                        <longdesc>La darrera vegada que es va buidar la paperera, en dies des de l&apos;inici de l&apos;època Unix (01.01.1970).</longdesc>
                </local_schema>
                <local_schema locale="sv" short_desc="Senaste tid när tömning av papperskorgen kördes">
                        <longdesc>Den senaste dagen som tömning av papperskorgen gjordes, i dagar sedan epoken.</longdesc>
                </local_schema>
                <local_schema locale="el" short_desc="Η τελευταία φορά που έγινε άδειασμα απορριμμάτων">
                        <longdesc>Η τελευταία φορά που έγινε άδειασμα απορριμμάτων, σε ημέρες από την εποχή.</longdesc>
                </local_schema>
                <local_schema locale="fr" short_desc="Dernière fois où la corbeille a été vidée">
                        <longdesc>La dernière fois que la corbeille a été vidée, en jours depuis le 1/1/1970.</longdesc>
                </local_schema>
                <local_schema locale="ro" short_desc="Ultima dată la care a fost golit gunoiul">
                        <longdesc>Data la care s-a golit ultima dată gunoiul, in zile pornind de la epocă.</longdesc>
                </local_schema>
                <local_schema locale="de" short_desc="Letzte Müllleerung">
                        <longdesc>Die Zeit seit der letzten Müllleerung in Tagen seit dem 01.01.1970.</longdesc>
                </local_schema>
                <local_schema locale="sr@Latn" short_desc="Poslednje vreme pražnjenja smeća">
                        <longdesc>Vreme pražnjenja smeća, u danima od početka epohe.</longdesc>
                </local_schema>
                <local_schema locale="pa" short_desc="ਆਖਰੀ ਵਾਰ ਰੱਦ ਖਾਲੀ ਕਰਨ ਦਾ ਸਮਾਂ">
                        <longdesc>ਕਾਫੀ ਦਿਨ ਪਹਿਲਾਂ ਰੱਦੀ ਖਾਲੀ ਕੀਤੀ ਸੀ।</longdesc>
                </local_schema>
                <local_schema locale="be@latin" short_desc="Apošniaje aparažnieńnie śmietnicy">
                        <longdesc>Čas apošniaha aparažnieńnia śmietnicy, u dniach ad epochi.</longdesc>
                </local_schema>
                <local_schema locale="gu" short_desc="છેલ્લી વખતે ખાલી કચરાપેટી ચાલી હતી">
                        <longdesc>છેલ્લે વખતે ખાલી કચરાપેટી ચાલી હતી, દિવસોમાં ઈપોકથી.</longdesc>
                </local_schema>
                <local_schema locale="sr" short_desc="Последње време пражњења смећа">
                        <longdesc>Време пражњења смећа, у данима од почетка епохе.</longdesc>
                </local_schema>
                <local_schema locale="ja" short_desc="最後にゴミ箱を空にした時間">
                        <longdesc>最後にゴミ箱を空にした時間 (1970-01-01 からの経過日数) です。</longdesc>
                </local_schema>
                <local_schema locale="sq" short_desc="Hera e fundit kur është zbrazur koshi">
                        <longdesc>Hera e fundit që është zbrazur koshi, shprehur në ditë.</longdesc>
                </local_schema>
                <local_schema locale="mr" short_desc="शेवटच्यावेळी रिकामे कचरापेटी कार्यरत करण्यात आले">
                        <longdesc>महत्वाची घटना घडल्या पासून, दिवसांमध्ये शेवटच्यावेळी रिकामे कचरापेटी चालविले गेले ती वेळ.</longdesc>
                </local_schema>
                <local_schema locale="da" short_desc="Sidst gang tøm affald blev udført">
                        <longdesc>Sidste gang affaldet blev tømt, målt i dage siden epoken.</longdesc>
                </local_schema>
                <local_schema locale="as" short_desc="শেষ যেবাৰ আবৰ্জনা পৰিষ্কাৰ কৰা হয়েছিল">
                        <longdesc>আবৰ্জনাৰ বাক্স সৰ্বশেষ ফাঁকা কৰাৰ সময়কাল, দিন হিসাবে।</longdesc>
                </local_schema>
                <local_schema locale="xh" short_desc="Ilixa lokugqibela kuchithwa umgqomo">
                        <longdesc>Ngelixa lokugqibela kuphunyezwa ukuchithwa komgqomo, ngentsuku ukusuka ngexesha elithile.</longdesc>
                </local_schema>
                <local_schema locale="ar" short_desc="آخر مرة أفرغت فيها سلة المهملات">
                        <longdesc>آخر مرة تم فيها إفراغ سلة المهملات، محسوبة بالأيام منذ تاريخ بدء الحساب.</longdesc>
                </local_schema>
                <local_schema locale="zh_TW" short_desc="上次清空回收筒的時間">
                        <longdesc>上次執行清單回收筒的時間，從紀元後算起的日數。</longdesc>
                </local_schema>
                <local_schema locale="fi" short_desc="Roskakori tyhjennettiin viimeksi">
                        <longdesc>Viimeisimmän roskakorin tyhjennyksen unix-aikaleima.</longdesc>
                </local_schema>
                <local_schema locale="hu" short_desc="Utolsó kukaürítés ideje">
                        <longdesc>A kukaürítés utolsó időpontja napokban, a kezdet óta.</longdesc>
                </local_schema>
                <local_schema locale="tr" short_desc="En son çöp boşaltma işlemi yapıldığı zaman">
                        <longdesc>Çöp boşaltma işleminin yapıldığı en son zaman, gün olarak epoktan bu güne.</longdesc>
                </local_schema>
                <local_schema locale="sl" short_desc="Čas zadnjega praznjenja koša">
                        <longdesc>Čas zadnjega praznjenja koša (v dneh od praznjenja).</longdesc>
                </local_schema>
                <local_schema locale="en_GB" short_desc="Last time empty wastebasket was run">
                        <longdesc>The last time empty wastebasket was run, in days since the epoch.</longdesc>
                </local_schema>
                <local_schema locale="ml" short_desc="അവസാനമായി എപ്പോഴാണ് ചവറ്റുകുട്ട ശൂന്യമാക്കിയത്">
                </local_schema>
                <local_schema locale="mk" short_desc="Последен пат кога е испразнето ѓубрето">
                        <longdesc>Последен пат кога е испразнето ѓубрето, во денови.</longdesc>
                </local_schema>
                <local_schema locale="cy" short_desc="Y tro diwethaf rhedwyd y broses o wagio&apos;r sbwriel">
                        <longdesc>Y tro diwethaf rhedwyd y broses i wacáu&apos;r sbwriel, mewn diwrnodau ers yr epoc.</longdesc>
                </local_schema>
                <local_schema locale="gl" short_desc="Última vez que se baleirou o lixo">
                        <longdesc>A última vez que se baleirou o lixo, en días desde a época.</longdesc>
                </local_schema>
                <local_schema locale="hr" short_desc="Zadnji put je bio pokrenut prazni koš za smeće">
                        <longdesc>Zadnji put kada je program koša za smeće bio pokrenut, u danima od pokretanja sustava.</longdesc>
                </local_schema>
                <local_schema locale="bn_IN" short_desc="শেষ যেবার আবর্জনা পরিষ্কার করা হয়েছিল">
                        <longdesc>আবর্জনার বাক্স সর্বশেষ ফাঁকা করার সময়কাল, দিন হিসাবে।</longdesc>
                </local_schema>
                <local_schema locale="nn" short_desc="Sist gong papirkorga vart tømt">
                        <longdesc>Tida papirkorga vart tømt sist, i dagar sidan epoch.</longdesc>
                </local_schema>
                <local_schema locale="it" short_desc="L&apos;ultima volta che è stato svuotato il cestino">
                        <longdesc>L&apos;ultima volta che è stato svuotato il cestino, in giorni da epoch.</longdesc>
                </local_schema>
                <local_schema locale="nl" short_desc="De laatste keer dat de prullenbak geleegd was">
                        <longdesc>De vorige keer dat de prullenbak werd geleegd, in dagen sinds de epoch.</longdesc>
                </local_schema>
                <local_schema locale="bn" short_desc="শেষ যেবার আবর্জনা পরিষ্কার করা হয়েছিল">
                        <longdesc>আবর্জনার বাক্স সর্বশেষ ফাঁকা করার সময়কাল, দিন হিসাবে।</longdesc>
                </local_schema>
                <local_schema locale="fa" short_desc="آخرین باری که زباله‌دان خالی‌کن اجرا شد">
                        <longdesc>آخرین باری که فرمان خالی کردن زباله‌دان اجرا شد، به روز از آغاز زمان.</longdesc>
                </local_schema>
                <local_schema locale="dz" short_desc="མཐའ་མཇུག་ཕྱགས་ཧོད་སྟོངམ་ བཏོན་པའི་དུས་ཚོད།">
                        <longdesc>གལ་ཅན་དུས་ཚོད་ལས་ཚུར་ ཕྱགས་ཧོད་སྟོངམ་སྟོན་པའི་ མཐའ་མཇུག་གི་དུས་ཚོད་ ཉིན་གྲངས་ནང་།</longdesc>
                </local_schema>
                <local_schema locale="cs" short_desc="Datum, kdy bylo naposledy spuštěno vyprázdnění koše">
                        <longdesc>Datum, kdy bylo naposledy spuštěno vyprazdňování koše ve dnech od epoch.</longdesc>
                </local_schema>
                <local_schema locale="th" short_desc="เวลาเทขยะครั้งสุดท้าย">
                        <longdesc>เวลาเทขยะครั้งสุดท้าย เป็นวันนับจากจุดเริ่มนับเวลายูนิกซ์</longdesc>
                </local_schema>
        </entry>
        <entry name="empty_on_exit_days" mtime="1212488843" type="schema" stype="int" owner="evolution-mail">
                <local_schema locale="pt" short_desc="Número mínimo de dias antes de esvaziar o lixo ao sair">
                        <longdesc>Tempo mínimo entre esvaziar o lixo ao sair, em dias.</longdesc>
                </local_schema>
                <local_schema locale="hi" short_desc="छोड़ने पर रद्दी को खाली करने पर न्यूनतम दिन">
                        <longdesc>छोड़ने पर रद्दी को खाली करने पर न्यूनतम समय. दिनों में</longdesc>
                </local_schema>
                <local_schema locale="zh_HK" short_desc="結束時清空回收筒最少間隔天數">
                        <longdesc>結束時清空回收筒最少間隔天數。</longdesc>
                </local_schema>
                <local_schema locale="uk" short_desc="Мінімальна кількість днів між очищенням смітника при виході">
                        <longdesc>Мінімальний проміжок часу між очищенням смітника при завершенні програми, у днях.</longdesc>
                </local_schema>
                <local_schema locale="te" short_desc="బయటకువచ్చిన తర్వాత చెత్తకుండీను ఖాళీచేయుటకు మధ్యలో కనీస రోజులు">
                        <longdesc>బయటకువచ్చిన తర్వాత చెత్తకుండీను ఖాళీచేయుటకు మధ్యలో కనీస సమయం, రోజులలో.</longdesc>
                </local_schema>
                <local_schema locale="ne" short_desc="रद्दीटोकरी खाली गरेर अन्त्य गर्ने समयबीचमा न्युनतम दिनहरू">
                        <longdesc>रद्दीटोकरी खाली गरेर अन्त्य गर्ने समयबीच न्युनतम समय, दिनहरूमा ।</longdesc>
                </local_schema>
                <local_schema locale="en_CA" short_desc="Minimum days between emptying the trash on exit">
                        <longdesc>Minimum time between emptying the trash on exit, in days.</longdesc>
                </local_schema>
                <local_schema locale="bg" short_desc="Минимален брой дни между изчистване на кошчето при затваряне на програмата">
                        <longdesc>Минимално време между изчистването на кошчето при затваряне на програмата, в дни.</longdesc>
                </local_schema>
                <local_schema locale="he" short_desc="Minimum days between emptying the trash on exit">
                        <longdesc>Minimum time between emptying the trash on exit, in days.</longdesc>
                </local_schema>
                <local_schema locale="zh_CN" short_desc="退出时清空回收站的最少天数">
                        <longdesc>退出时清空回收站的最少天数。</longdesc>
                </local_schema>
                <local_schema locale="be" short_desc="Мінімальная колькасьць дзён паміж спусташэньнем сметніцы ў часе выхаду">
                        <longdesc>Мінімальная колькасьць дзён паміж спусташэньнем сметніцы ў часе выхаду, у днях.</longdesc>
                </local_schema>
                <local_schema locale="ta" short_desc="வெளியேறும் போது குப்பையை காலி செய்ய தேவையான குறைந்தபட்ச நாட்கள்.">
                        <longdesc>வெளியேறும் போது குப்பையை காலி செய்ய தேவையான நாட்கள்</longdesc>
                </local_schema>
                <local_schema locale="nb" short_desc="Minimum antall dager mellom tømming av papirkurven ved avslutting">
                        <longdesc>Minste tidsperiode mellom tømming av papirkurven ved avslutting, i dager.</longdesc>
                </local_schema>
                <local_schema locale="C" short_desc="Minimum days between emptying the trash on exit">
                        <default type="int" value="0">
                        </default>
                        <longdesc>
	Minimum time between emptying the trash on exit, in days.
         </longdesc>
                </local_schema>
                <local_schema locale="pt_BR" short_desc="Número mínimo em dias para esvaziar a lixeira ao sair">
                        <longdesc>Intervalo mínimo para esvaziar a lixeira ao sair, em dias.</longdesc>
                </local_schema>
                <local_schema locale="eu" short_desc="Irtetzean zakarrontzia husteko gutxieneko egun-kopurua">
                        <longdesc>Irtetzean zakarrontzia husteko gutxieneko denbora (egunetan).</longdesc>
                </local_schema>
                <local_schema locale="pl" short_desc="Minimalna liczba dni pomiędzy opróżnieniami śmietnika przy wyjściu">
                        <longdesc>Minimalny okres czasu w dniach, pomiędzy opróżnieniami śmietnika przy wyjściu.</longdesc>
                </local_schema>
                <local_schema locale="et" short_desc="Vähim arv päevi prügikasti tühjendamiste vahel töö lõpetamisel">
                        <longdesc>Vähim arv päevi prügikasti tühjendamiste vahel programmi töö lõpetamisel.</longdesc>
                </local_schema>
                <local_schema locale="es" short_desc="Días mínimos entre el vaciado de la papelera a la salida">
                        <longdesc>Tiempo mínimo entre el vaciado de la papelera a la salida, en días.</longdesc>
                </local_schema>
                <local_schema locale="vi" short_desc="Số ngày tối thiểu giữa hai lần đổ rác khi thoát.">
                        <longdesc>Thời gian tối thiểu giữa hai lần sổ rác khi thoát, theo ngày.</longdesc>
                </local_schema>
                <local_schema locale="ru" short_desc="Минимальное количество дней между очисткой корзины при выходе">
                        <longdesc>Минимальное время между очисткой корзины при выходе, в днях.</longdesc>
                </local_schema>
                <local_schema locale="lv" short_desc="Minimālais dienu skaits starp atkritumu izmešanu izejot">
                        <longdesc>Minimālais dienu skaits starp atkritumu izmešanu izejot, dienās.</longdesc>
                </local_schema>
                <local_schema locale="id" short_desc="Hari paling sedikit antara mengosongkan sampah pada saat keluar">
                        <longdesc>Waktu paling sedikit antara mengosongkan sampah pada saat keluar, dalam hari.</longdesc>
                </local_schema>
                <local_schema locale="ko" short_desc="끝날 때 휴지통을 비울 최소 날짜 간격">
                        <longdesc>끝날 때 휴지통을 비울 최소 시간 간격.</longdesc>
                </local_schema>
                <local_schema locale="lt" short_desc="Mažiausias dienų skaičius tarp šiukšlinės išvalymų uždarant programą">
                        <longdesc>Mažiausias laikotarpis tarp šiukšlinės išvalymų uždarant programą, dienomis.</longdesc>
                </local_schema>
                <local_schema locale="az" short_desc="Çıxışda zibilin boşaldılması üçün minimal gün">
                        <longdesc>Çıxışda zibilin boşaldılması üçün minimal zaman, gün olaraq.</longdesc>
                </local_schema>
                <local_schema locale="ca" short_desc="Mínim nombre de dies entre buidatges de la paperera en sortir">
                        <longdesc>Temps mínim entre buidatges de la paperera en sortir, en dies.</longdesc>
                </local_schema>
                <local_schema locale="sv" short_desc="Minsta antalet dagar mellan tömning av papperskorgen vid avslut">
                        <longdesc>Minsta tiden mellan tömning av papperskorgen vid avslut, i dagar.</longdesc>
                </local_schema>
                <local_schema locale="el" short_desc="Ελάχιστο όριο ημερών μεταξύ το άδειασμα του κάδου κατα την έξοδο">
                        <longdesc>Ελάχιστο όριο μεταξύ το άδειασμα του κάδου κατα την έξοδο, σε ημέρες.</longdesc>
                </local_schema>
                <local_schema locale="fr" short_desc="Nombre minimum de jours entre les vidages de corbeille en quittant">
                        <longdesc>Durée minimum en jours avant de vider la corbeille en quittant.</longdesc>
                </local_schema>
                <local_schema locale="ro" short_desc="Numărul minim de zile pentru golirea gunoiului la ieşire">
                        <longdesc>Durata de timp minimă pentru golirea gunoiului la ieşire, în zile.</longdesc>
                </local_schema>
                <local_schema locale="de" short_desc="Minimale Anzahl der Tage zwischen dem Leeren des Mülls beim Beenden">
                        <longdesc>Minimale Anzahl der Tage zwischen dem Leeren des Mülls beim Beenden.</longdesc>
                </local_schema>
                <local_schema locale="sr@Latn" short_desc="Najmanje dana između pražnjenja smeća na izlazu">
                        <longdesc>Najmanje vreme između pražnjenja smeća na izlazu, u danima.</longdesc>
                </local_schema>
                <local_schema locale="pa" short_desc="ਬੰਦ ਕਰਨ ਤੇ ਰੱਦੀ ਖਾਲੀ ਕਰਨ ਲਈ ਘੱਟੋ-ਘੱਟ ਦਿਨ">
                        <longdesc>ਬੰਦ ਕਰਨ ਤੇ ਰੱਦੀ ਖਾਲੀ ਕਰਨ ਲਈ ਘੱਟੋ-ਘੱਟ ਅੰਤਰਾਲ ਦਿਨਾਂ ਵਿੱਚ ਹੈ।</longdesc>
                </local_schema>
                <local_schema locale="be@latin" short_desc="Minimalnaja kolkaść dzion pierad aparažnieńniem śmietnicy pry vyjści">
                        <longdesc>Minimalny čas u dniach pierad aparažnieńniem smietnicy pry vyjści.</longdesc>
                </local_schema>
                <local_schema locale="gu" short_desc="બહાર નીકળવા પર કચરાપેટીને ખાલી કરતી વખતે લાગતા ન્યુનતમ દિવસો">
                        <longdesc>બહાર નીકળવા પર કચરાપેટીને ખાલી કરતી વખતે લાગતા ન્યુનતમ દિવસો, દિવસોમાં.</longdesc>
                </local_schema>
                <local_schema locale="sr" short_desc="Најмање дана између пражњења смећа на излазу">
                        <longdesc>Најмање време између пражњења смећа на излазу, у данима.</longdesc>
                </local_schema>
                <local_schema locale="ja" short_desc="終了時にゴミ箱を空にするまでの最短の日数">
                        <longdesc>終了時にゴミ箱のフォルダを空にするまでの最短の日数です。</longdesc>
                </local_schema>
                <local_schema locale="sq" short_desc="Numri minimum i ditëve para se të zbrazet koshi kur mbyllet programi">
                        <longdesc>Koha minimum para zbrazjes së koshit në dalje, në ditë.</longdesc>
                </local_schema>
                <local_schema locale="mr" short_desc="बाहेर पडतेवेळी कचरापेटी रिकामे करण्यापासून किमान दिवस">
                        <longdesc>बाहेर पडतेवेळी कचरापेटी रिकामे करण्यापासून किमान वेळ, दिवसात.</longdesc>
                </local_schema>
                <local_schema locale="da" short_desc="Minimum antal dage mellem tømning af affald ved afslutning">
                        <longdesc>Minimum tid mellem tømning af affald ved afslutning i dage.</longdesc>
                </local_schema>
                <local_schema locale="as" short_desc="সবৰ্নিম্ন যে সংখ্যক দিন অপেক্ষা কৰে প্ৰস্থানেৰ সময় আবৰ্জনা পৰিষ্কাৰ কৰা হ&apos;ব">
                        <longdesc>সবৰ্নিম্ন যে সংখ্যক দিন অপেক্ষা কৰে প্ৰস্থানেৰ সময় আবৰ্জনা পৰিষ্কাৰ কৰা হ&apos;ব</longdesc>
                </local_schema>
                <local_schema locale="xh" short_desc="Ubuncinane beentsuku phakathi kokuchithwa komgqomo xa uphuma">
                        <longdesc>Ubuncinane bexesha phakathi kokuchithwa komgqomo xa uphuma, ngeentsuku.</longdesc>
                </local_schema>
                <local_schema locale="ar" short_desc="الحد الأدنى بالأيام بين مرات إفراغ سلة المهملات عند الخروج">
                        <longdesc>الوقت الأدني بين مرات إفراغ سلة المهملات عند الخروج، بالأيام.</longdesc>
                </local_schema>
                <local_schema locale="zh_TW" short_desc="結束時清空回收筒最少間隔天數">
                        <longdesc>結束時清空回收筒最少間隔天數。</longdesc>
                </local_schema>
                <local_schema locale="fi" short_desc="Lyhin aika päivinä, jonka kuluttua roskakori tyhjennetään suljettaessa">
                        <longdesc>Vähimmäisaika roskakorin tyhjennysten välillä (päiviä).</longdesc>
                </local_schema>
                <local_schema locale="hu" short_desc="A Kuka két kilépéskori ürítése közötti napok minimális száma">
                        <longdesc>A kuka két kilépéskori ürítése közti idő napokban.</longdesc>
                </local_schema>
                <local_schema locale="tr" short_desc="Çıkışta çöpün boşaltılması için asgari gün">
                        <longdesc>Çıkışta çöpün boşaltılması için asgari geçmesi gereken zaman, gün olarak.</longdesc>
                </local_schema>
                <local_schema locale="sl" short_desc="Najmanjše število dni med praznjenji koša">
                        <longdesc>Najmanjši čas med praznjenji koša (v dneh).</longdesc>
                </local_schema>
                <local_schema locale="en_GB" short_desc="Minimum number of days between emptying the wastebasket on exit">
                        <longdesc>Minimum time between emptying the wastebasket on exit, in days.</longdesc>
                </local_schema>
                <local_schema locale="ml" short_desc="പുറത്ത് കടക്കുന്പോള്‍ ചവറ്റുകുട്ട കാലിയാക്കുന്നതിനുളള ഏറ്റവും കുറഞ്ഞ ദിവസം">
                        <longdesc>പുറത്ത് കടക്കുന്പോള്‍ ചവറ്റുകുട്ട കാലിയാക്കുന്നതിനുളള ഏറ്റവും കുറഞ്ഞ സമയം, ദിവസങ്ങളില്‍.</longdesc>
                </local_schema>
                <local_schema locale="mk" short_desc="Минимум денови меѓу празнењето ѓубре при излез">
                        <longdesc>Минимум време меѓу празнењето ѓубре при излез, во денови.</longdesc>
                </local_schema>
                <local_schema locale="cy" short_desc="Nifer lleiaf o ddyddiau rhwng gwagio&apos;r sbwriel wrth adael">
                        <longdesc>Lleiafswm amser rhwng gwagio&apos;r sbwriel wrth adael, mewn diwrnodau.</longdesc>
                </local_schema>
                <local_schema locale="gl" short_desc="Número mínimo de días antes do baleirado do lixo ao saír">
                        <longdesc>Tempo mínimo antes do baleirado do lixo ao saír, en días.</longdesc>
                </local_schema>
                <local_schema locale="hr" short_desc="Najmanji broj dana između pražnjenja koša za smeće">
                        <longdesc>Najmanji broj dana između pražnjenja koša za smeće kod izlaska iz programa.</longdesc>
                </local_schema>
                <local_schema locale="bn_IN" short_desc="সবর্নিম্ন যে সংখ্যক দিন অপেক্ষা করে প্রস্থানের সময় আবর্জনা পরিষ্কার করা হবে">
                        <longdesc>সবর্নিম্ন যে সংখ্যক দিন অপেক্ষা করে প্রস্থানের সময় আবর্জনা পরিষ্কার করা হবে</longdesc>
                </local_schema>
                <local_schema locale="nn" short_desc="Minste tal på dagar mellom kvar gong papirkorga vert tømt når du avsluttar">
                        <longdesc>Minste tid mellom kvar gong papirkorga vert tømt når du avsluttar, i dagar.</longdesc>
                </local_schema>
                <local_schema locale="it" short_desc="Giorni minimi per lo svuotamento del cestino all&apos;uscita">
                        <longdesc>Tempo minimo tra gli svuotamenti del cestino all&apos;uscita, in giorni.</longdesc>
                </local_schema>
                <local_schema locale="nl" short_desc="Minimum aantal dagen tussen het legen van de prullenbak bij het afsluiten">
                        <longdesc>Minimumtijd tussen het legen van de prullenbak bij afsluiten, in dagen.</longdesc>
                </local_schema>
                <local_schema locale="bn" short_desc="সবর্নিম্ন যে সংখ্যক দিন অপেক্ষা করে প্রস্থানের সময় আবর্জনা পরিষ্কার করা হবে">
                        <longdesc>সবর্নিম্ন যে সংখ্যক দিন অপেক্ষা করে প্রস্থানের সময় আবর্জনা পরিষ্কার করা হবে</longdesc>
                </local_schema>
                <local_schema locale="fa" short_desc="حداقل روزها مابین خالی کردن‌های زباله‌دان هنگام خروج">
                        <longdesc>حداقل زمان مابین خالی کردن‌های زباله‌دان هنگام خروج، به روز.</longdesc>
                </local_schema>
                <local_schema locale="dz" short_desc="ཕྱིར་ཐོན་སྐབས་ ཕྱགས་ཧོད་སྟོངམ་བཏོན་པའི་ བར་ན་གི་ ཉིན་གྲངས་ཉུང་མཐའ།">
                        <longdesc>ཕྱིར་ཐོན་སྐབས་ ཕྱགས་ཧོད་སྟོངམ་བཏོན་པའི་ བར་ན་གི་ དུས་ཚོད་ཉུང་མཐའ་ ཉིན་གྲངས་ནང་།</longdesc>
                </local_schema>
                <local_schema locale="cs" short_desc="Minimum dní mezi vyprazdňováním koše při ukončení">
                        <longdesc>Minimum dní mezi vyprazdňováním koše při ukončení ve dnech.</longdesc>
                </local_schema>
                <local_schema locale="th" short_desc="จำนวนวันที่น้อยที่สุดระหว่างการเทขยะก่อนออกแต่ละครั้ง">
                        <longdesc>เวลาที่น้อยที่สุดระหว่างการเทขยะก่อนออกแต่ละครั้ง เป็นวัน</longdesc>
                </local_schema>
        </entry>
        <entry name="empty_on_exit" mtime="1212488843" type="schema" stype="bool" owner="evolution-mail">
                <local_schema locale="pt" short_desc="Esvaziar as pastas de Lixo ao sair">
                        <longdesc>Esvaziar todas as pasta de Lixo ao sair do Evolution.</longdesc>
                </local_schema>
                <local_schema locale="hi" short_desc="निकास पर ट्रैश फोल्डर को खाली करें">
                        <longdesc>एवोल्यूशन से निकास पर सभी ट्रैश फोल्डर को खाली करें</longdesc>
                </local_schema>
                <local_schema locale="zh_HK" short_desc="結束時清空垃圾資料夾">
                        <longdesc>結束 Evolution 時清空所有垃圾資料夾</longdesc>
                </local_schema>
                <local_schema locale="uk" short_desc="Очищати теку смітника при виході">
                        <longdesc>Очищати теку смітника при виході з Evolution.</longdesc>
                </local_schema>
                <local_schema locale="te" short_desc="బయటకు వచ్చునప్పుడు చెత్తకుండీ సంచయాలను ఖాళీ చేయుము">
                        <longdesc>ఎవాల్యూషన్ బయటకు వచ్చునప్పుడు అన్ని చెత్తకుండి సంచయాలను ఖాళీచేయుము.</longdesc>
                </local_schema>
                <local_schema locale="ne" short_desc="निस्कँदा रद्दीटोकरी फोल्डरहरू खाली गर्नुहोस्">
                        <longdesc>इभोल्युसनबाट निस्कँदा सबै रद्दीटोकरी फोल्डरहरू खाली गर्नुहोस् ।</longdesc>
                </local_schema>
                <local_schema locale="en_CA" short_desc="Empty Trash folders on exit">
                        <longdesc>Empty all Trash folders when exiting Evolution.</longdesc>
                </local_schema>
                <local_schema locale="bg" short_desc="Изчистване на папката „Кошче“ при спирането на програмата">
                        <longdesc>Изчистване на всички кошчета при спирането на Evolution.</longdesc>
                </local_schema>
                <local_schema locale="he" short_desc="Empty Trash folders on exit">
                        <longdesc>Empty all Trash folders when exiting Evolution.</longdesc>
                </local_schema>
                <local_schema locale="zh_CN" short_desc="退出时清空回收站">
                        <longdesc>退出 Evolution 时清空回收站。</longdesc>
                </local_schema>
                <local_schema locale="be" short_desc="Спусташаць сьметніцу ў часе выхаду">
                        <longdesc>Спусташаць усе сьметніцы ў часе выхаду.</longdesc>
                </local_schema>
                <local_schema locale="ta" short_desc="வெளியேறும் போது குப்பை அடைவை காலி செய்">
                        <longdesc>எவல்யூஷன் ஐ விட்டு வெளியேறும் போது குப்பை அடைவை காலி செய்</longdesc>
                </local_schema>
                <local_schema locale="nb" short_desc="Tøm papirkurven når programmet avsluttes">
                        <longdesc>Tøm alle papirkurver når programmet avsluttes.</longdesc>
                </local_schema>
                <local_schema locale="C" short_desc="Empty Trash folders on exit">
                        <default type="bool" value="false">
                        </default>
                        <longdesc>
          Empty all Trash folders when exiting Evolution.
         </longdesc>
                </local_schema>
                <local_schema locale="pt_BR" short_desc="Esvaziar pastas Lixeira ao sair">
                        <longdesc>Esvaziar todas as pastas Lixeiras ao sair do Evolution.</longdesc>
                </local_schema>
                <local_schema locale="eu" short_desc="Hustu zakarrontziko karpetak irtetzean">
                        <longdesc>Hustu zakarrontziko karpeta guztiak Evolution-etik irtetzean.</longdesc>
                </local_schema>
                <local_schema locale="pl" short_desc="Opróżnianie folderów śmietnika przy zakończeniu">
                        <longdesc>Opróżnianie wszystkich folderów śmietnika przy zakończeniu.</longdesc>
                </local_schema>
                <local_schema locale="et" short_desc="Prügikaustade tühjendamine programmi sulgemisel">
                        <longdesc>Evolutionist väljumisel kõigi prügikaustade tühjendamine.</longdesc>
                </local_schema>
                <local_schema locale="es" short_desc="Vaciar papeleras al salir">
                        <longdesc>Vaciar todas las papeleras al salir de Evolution.</longdesc>
                </local_schema>
                <local_schema locale="vi" short_desc="Làm sạch thư mục Rác khi thoát">
                        <longdesc>Làm sạch thư mục Rác khi thoát trình Evolution.</longdesc>
                </local_schema>
                <local_schema locale="ru" short_desc="Очищать корзину при выходе">
                        <longdesc>Очищать все корзины при выходе из Evolution.</longdesc>
                </local_schema>
                <local_schema locale="lv" short_desc="Izejot iztukšot atkritumu mapi">
                        <longdesc>Izejot no Evolution iztukšot visas atkritumu mapes.</longdesc>
                </local_schema>
                <local_schema locale="id" short_desc="Bersihkan Tong Sampah saat keluar">
                        <longdesc>Kosongkan folder Sampah saat keluar dari Evolution.</longdesc>
                </local_schema>
                <local_schema locale="ko" short_desc="끝날 때 휴지통 폴더를 비웁니다">
                        <longdesc>에볼루션이 끝날 때 모든 휴지통 폴더를 비웁니다.</longdesc>
                </local_schema>
                <local_schema locale="lt" short_desc="Išeinant ištuštinti šiukšlių aplankus">
                        <longdesc>Išvalyti visus šiukšlių aplankus išeinant iš Evolution.</longdesc>
                </local_schema>
                <local_schema locale="az" short_desc="Çıxışda zibil qovluqlarını boşalt">
                        <longdesc>Proqramdan çıxışda bütün zibil qovluqlarını boşalt.</longdesc>
                </local_schema>
                <local_schema locale="ca" short_desc="Buida les papereres en sortir">
                        <longdesc>Buida les carpetes de paperera en sortir de l&apos;Evolution.</longdesc>
                </local_schema>
                <local_schema locale="sv" short_desc="Töm papperskorgsmappar vid avslut">
                        <longdesc>Töm alla papperskorgsmappar vid avslutande av Evolution.</longdesc>
                </local_schema>
                <local_schema locale="el" short_desc="Άδειασμα Φακέλων Απορριμμάτων στην έξοδο ">
                        <longdesc>Άδειασμα όλων των φακέλων Απορριμμάτων κατά την έξοδο από το Evolution.</longdesc>
                </local_schema>
                <local_schema locale="fr" short_desc="Vider les dossiers Corbeille en quittant">
                        <longdesc>Vider tous les dossiers Corbeille en quittant Evolution.</longdesc>
                </local_schema>
                <local_schema locale="ro" short_desc="Goleşte dosarele de gunoi la ieşire">
                        <longdesc>Goleşte toate dosarele de gunoi la ieşirea din Evolution.</longdesc>
                </local_schema>
                <local_schema locale="de" short_desc="Müllordner beim Beenden leeren">
                        <longdesc>Alle Müllordner beim Beenden von Evolution leeren.</longdesc>
                </local_schema>
                <local_schema locale="sr@Latn" short_desc="Prazni fascikle sa smećem na izlazu">
                        <longdesc>Prazni sve fascikle sa smećem pri zatvaranju Evolucije.</longdesc>
                </local_schema>
                <local_schema locale="pa" short_desc="ਬੰਦ ਕਰਨ ਤੇ ਰੱਦੀ ਸਾਫ ਕਰੋ">
                        <longdesc>ਈਵੇਲੂਸ਼ਨ ਬੰਦ ਕਰਨ ਸਮੇਂ ਰੱਦੀ ਖਾਲੀ ਕਰੋ।</longdesc>
                </local_schema>
                <local_schema locale="be@latin" short_desc="Aparažniaj katalohi śmietnicy padčas vyjścia">
                        <longdesc>Aparažniaj usie katalohi śmietnicy padčas vyjścia.</longdesc>
                </local_schema>
                <local_schema locale="gu" short_desc="ખાલી કચરાપેટી ફોલ્ડરો અસ્તિત્વમાં નથી">
                        <longdesc>ઈવોલ્યુશનમાંથી બહાર નીકળો ત્યારે બધા કચરાપેટી ફોલ્ડરો ખાલી કરો.</longdesc>
                </local_schema>
                <local_schema locale="sr" short_desc="Празни фасцикле са смећем на излазу">
                        <longdesc>Празни све фасцикле са смећем при затварању Еволуције.</longdesc>
                </local_schema>
                <local_schema locale="ja" short_desc="終了時にゴミ箱フォルダを空にするかどうか">
                        <longdesc>Evolution を終了する時にゴミ箱フォルダを空にするかどうかです。</longdesc>
                </local_schema>
                <local_schema locale="sq" short_desc="Zbraz kartelat e koshit kur mbyllet programi">
                        <longdesc>Zraz të kartelat e koshit kur del nga Evolution.</longdesc>
                </local_schema>
                <local_schema locale="mr" short_desc="बाहेर पडतेवेळी रिकामे कचरापेटी संचयीका">
                        <longdesc>Evolution पासून बाहेर पडतेवेळी सर्व कचरापेटी संचयीका रिकामे करा.</longdesc>
                </local_schema>
                <local_schema locale="da" short_desc="Tøm affaldsmapper ved afslutning">
                        <longdesc>Tøm alle affaldsmapper når Evolution afslutter.</longdesc>
                </local_schema>
                <local_schema locale="as" short_desc="প্ৰস্থান কৰাৰ সময় আবৰ্জনাৰ ফোল্ডাৰ খালি কৰবে">
                        <longdesc>প্ৰস্থান কৰাৰ সময় আবৰ্জনাৰ সকলো ফোল্ডাৰ খালি কৰবে।</longdesc>
                </local_schema>
                <local_schema locale="xh" short_desc="Chitha Umgqomo weziqulathi zeefayili xa uphuma">
                        <longdesc>Chitha yonke Imigqomo yeziqulathi zeefayili ngelixa uphuma Kwi-Evolution.</longdesc>
                </local_schema>
                <local_schema locale="ar" short_desc="أفرغ مجلّدات المهملات عند الخروج">
                        <longdesc>أفرغ جميع مجلّدات المهملات عند الخروج من إيفُليوشِن.</longdesc>
                </local_schema>
                <local_schema locale="zh_TW" short_desc="結束時清空垃圾資料夾">
                        <longdesc>結束 Evolution 時清空所有垃圾資料夾</longdesc>
                </local_schema>
                <local_schema locale="fi" short_desc="Tyhjennä roskakorit lopetettaessa">
                        <longdesc>Tyhjennä kaikki roskakorit kun Evolution suljetaan</longdesc>
                </local_schema>
                <local_schema locale="hu" short_desc="Kuka mappák ürítése kilépéskor">
                        <longdesc>Minden Kuka mappa ürítése az Evolution-ből történő kilépéskor.</longdesc>
                </local_schema>
                <local_schema locale="tr" short_desc="Çöp klasörlerinin çıkışta boşalt">
                        <longdesc>Tüm Çöp klasörlerini Evolution&apos;dan çıkarken boşalt.</longdesc>
                </local_schema>
                <local_schema locale="sl" short_desc="Ob izhodu sprazni mape smeti">
                        <longdesc>Ob izhodu iz Evolutiona sprazni vse mape smeti</longdesc>
                </local_schema>
                <local_schema locale="en_GB" short_desc="Empty Wastebasket folders on exit">
                        <longdesc>Empty all Wastebasket folders when exiting Evolution.</longdesc>
                </local_schema>
                <local_schema locale="ml" short_desc="പ്രയോഗത്തില്‍ നിന്നും പുറത്ത് പോകുന്പോള്‍ ചവറ്റുകുട്ടകള്‍ കാലിയാക്കുക">
                        <longdesc>Evolution-ല്‍ നിന്നും പുറത്ത് പോകുന്പോള്‍ ചവറ്റുകുട്ടകള്‍ കാലിയാക്കുക.</longdesc>
                </local_schema>
                <local_schema locale="mk" short_desc="Испразни ја папката за ѓубре при излегување">
                        <longdesc>Испразни ги сите папки за ѓубре при излез на Evolution.</longdesc>
                </local_schema>
                <local_schema locale="cy" short_desc="Gwacáu plygellau Sbwriel wrth adael">
                        <longdesc>Gwagio bob plygell Sbwriel wrth adael Evolution.</longdesc>
                </local_schema>
                <local_schema locale="gl" short_desc="Baleirar os cartafoles do lixo ao saír">
                        <longdesc>Baleirar todos os cartafoles do lixo ao saír do Evolution.</longdesc>
                </local_schema>
                <local_schema locale="hr" short_desc="Ispražnjavanje mapa sa smećem prilikom izlaska">
                        <longdesc>Ispražnjavanje mapa sa smećem prilikom izlaska iz Evolutiona.</longdesc>
                </local_schema>
                <local_schema locale="bn_IN" short_desc="প্রস্থান করার সময় আবর্জনার ফোল্ডার খালি করবে">
                        <longdesc>প্রস্থান করার সময় আবর্জনার সকল ফোল্ডার খালি করবে।</longdesc>
                </local_schema>
                <local_schema locale="nn" short_desc="Tøm papirkorga ved slutt">
                        <longdesc>Tøm alle papirkorgene når Evolution avsluttar.</longdesc>
                </local_schema>
                <local_schema locale="it" short_desc="Svuota cartelle cestino all&apos;uscita">
                        <longdesc>Svuota tutte le cartelle cestino all&apos;uscita da Evolution.</longdesc>
                </local_schema>
                <local_schema locale="nl" short_desc="Prullenbakken legen bij afsluiten">
                        <longdesc>Alle prullenbakken legen bij het afsluiten van Evolution.</longdesc>
                </local_schema>
                <local_schema locale="bn" short_desc="প্রস্থান করার সময় আবর্জনার ফোল্ডার খালি করবে">
                        <longdesc>প্রস্থান করার সময় আবর্জনার সকল ফোল্ডার খালি করবে।</longdesc>
                </local_schema>
                <local_schema locale="fa" short_desc="خالی کردن پوشه‌های زباله‌دان هنگام خروج">
                        <longdesc>خالی کردن همه‌ی پوشه‌های زباله‌دان هنگام خروج از اوولوشن</longdesc>
                </local_schema>
                <local_schema locale="dz" short_desc="ཕྱིར་ཐོན་སྐབས་ ཕྱགས་ཧོད་སྣོད་འཛིན་ཚུ་ སྟོངམ་བཏོན།">
                        <longdesc>ཨི་བོ་ལུ་ཤཱན་ ཕྱིར་ཐོན་སྐབས་ ཕྱགས་ཧོད་སྣོད་འཛིན་ ཆ་མཉམ་སྟོངམ་བཏོན།</longdesc>
                </local_schema>
                <local_schema locale="cs" short_desc="Vyprazdňovat složky Koš při ukončení">
                        <longdesc>Vyprazdňovat všechny složky Koš při ukončování Evolution.</longdesc>
                </local_schema>
                <local_schema locale="th" short_desc="เทถังขยะก่อนออก">
                        <longdesc>เทขยะในโฟลเดอร์ถังขยะทั้งหมดก่อนออกจาก Evolution</longdesc>
                </local_schema>
        </entry>
</gconf>
