<?xml version="1.0"?>
<gconf>
        <entry name="licenses" mtime="1142969100" type="schema" stype="list" owner="evolution-mail" list_type="string">
                <local_schema locale="pt" short_desc="Lista de licenças aceites">
                        <longdesc>Lista de nomes de protocolos cuja licença foi aceite.</longdesc>
                </local_schema>
                <local_schema locale="hi" short_desc="स्वीकृत लाइसेंस की सूची">
                        <longdesc>प्रोटोकाल नामों की सूची जिसका लाइसेंस स्वीकृत किया गया है.</longdesc>
                </local_schema>
                <local_schema locale="zh_HK" short_desc="接收的授權清單">
                        <longdesc>已經接受其授權的協定清單。</longdesc>
                </local_schema>
                <local_schema locale="uk" short_desc="Список прийнятих ліцензій">
                        <longdesc>Список назв протоколів, чиї ліцензії були прийняті.</longdesc>
                </local_schema>
                <local_schema locale="en_CA" short_desc="List of accepted licences">
                        <longdesc>List of protocol names whose licence has been accepted.</longdesc>
                </local_schema>
                <local_schema locale="ne" short_desc="स्विकार गरिएको लाइसेन्सहरूको सूची">
                        <longdesc>प्रोटोकल नामहरूको सूची जस्को लाइसेन्स स्विकृत भएको छ।</longdesc>
                </local_schema>
                <local_schema locale="bg" short_desc="Списък с приетите лицензи">
                        <longdesc>Списък с протоколни имена, чиито лицензи са били приети.</longdesc>
                </local_schema>
                <local_schema locale="zh_CN" short_desc="列出接受的许可">
                        <longdesc>列出接受协议的协议名称。</longdesc>
                </local_schema>
                <local_schema locale="be" short_desc="Сьпіс прынятых ліцэнзіяў">
                        <longdesc>Сьпіс назваў пратаколаў, чые ліцэнзіі былі прынятыя.</longdesc>
                </local_schema>
                <local_schema locale="ta" short_desc="ஏற்கப்பட்ட உரிமங்களின் பட்டியல்">
                        <longdesc>உரிமம் ஏற்கப்பட்ட விதிமுறைகளின் பட்டியல்</longdesc>
                </local_schema>
                <local_schema locale="C" short_desc="List of accepted licenses">
                        <longdesc>
           List of protocol names whose license has been accepted.
         </longdesc>
                </local_schema>
                <local_schema locale="nb" short_desc="Liste med godtatte lisenser">
                        <longdesc>Liste over protokollnavn som har en godkjent lisens.</longdesc>
                </local_schema>
                <local_schema locale="pt_BR" short_desc="Lista de licenças aceitas">
                        <longdesc>Lista de nomes de protocolos para os quais a licença foi aceita.</longdesc>
                </local_schema>
                <local_schema locale="eu" short_desc="Onartutako lizentzien zerrenda">
                        <longdesc>Lizentzia onartu zaien protokolo-izenen zerrenda.</longdesc>
                </local_schema>
                <local_schema locale="pl" short_desc="Lista zaakceptowanych licencji">
                        <longdesc>Lista nazw protokołów których licencje zostały zaakceptowane.</longdesc>
                </local_schema>
                <local_schema locale="et" short_desc="Aktsepteeritud litsentside loend">
                        <longdesc>Aktsepteeritava litsentsiga protokollide nimede loend.</longdesc>
                </local_schema>
                <local_schema locale="es" short_desc="Lista de licencias aceptadas">
                        <longdesc>Lista de nombres de protocolos cuya licencia ha sido aceptada.</longdesc>
                </local_schema>
                <local_schema locale="vi" short_desc="Danh sách các quyền phép đã chấp nhận">
                        <longdesc>Danh sách các tên giao thức có quyền đã chấp nhận.</longdesc>
                </local_schema>
                <local_schema locale="ru" short_desc="Список принятых лицензий">
                        <longdesc>Список имен протоколов, чьи лицензии были приняты.</longdesc>
                </local_schema>
                <local_schema locale="id" short_desc="Daftar lisensi yang diterima">
                </local_schema>
                <local_schema locale="ko" short_desc="승인한 약관의 목록">
                        <longdesc>약관에 동의한 프로토콜 이름의 목록.</longdesc>
                </local_schema>
                <local_schema locale="lt" short_desc="Priimtų licencijų sąrašas">
                        <longdesc>Protokolų, kurių su kurių licencijomis buvo sutikta, sąrašas.</longdesc>
                </local_schema>
                <local_schema locale="az" short_desc="Qəbul edilən lisenziyaların siyahısı">
                </local_schema>
                <local_schema locale="ca" short_desc="Llista de llicències acceptades">
                        <longdesc>Llista de noms de protocol per als quals s&apos;ha acceptat la llicència.</longdesc>
                </local_schema>
                <local_schema locale="sv" short_desc="Lista med godtagna licenser">
                        <longdesc>Lista med protokollnamn vars licens har accepterats.</longdesc>
                </local_schema>
                <local_schema locale="el" short_desc="Λίστα αποδεκτών αδειών">
                        <longdesc>Λίστα ονομάτων πρωτοκόλλου στα οποία έχει γίνει αποδοχή άδειας χρήσης.</longdesc>
                </local_schema>
                <local_schema locale="fr" short_desc="Liste des licences acceptées">
                        <longdesc>Liste des noms de protocoles dont la licence à été acceptée.</longdesc>
                </local_schema>
                <local_schema locale="ro" short_desc="Lista licenţelor acceptate">
                        <longdesc>Listă de nume de protocoale pentru care licenţa a fost acceptată.</longdesc>
                </local_schema>
                <local_schema locale="de" short_desc="Liste akzeptierter Lizenzen">
                        <longdesc>Liste der Protokollnamen, deren Lizenzen akzeptiert wurden.</longdesc>
                </local_schema>
                <local_schema locale="sr@Latn" short_desc="Lista prihvaćenih licenci">
                        <longdesc>Lista imena protokola čija je licenca prihvaćena.</longdesc>
                </local_schema>
                <local_schema locale="pa" short_desc="ਸਵੀਕਾਰ ਲਾਈਸੈਂਸ ਸੂਚੀ">
                        <longdesc>ਪਰੋਟੋਕੋਲਾਂ ਨਾਂ ਦੀ ਸੂਚੀ, ਜਿਹਨਾਂ ਦਾ ਲਾਈਸੈਂਸ ਸਵੀਕਾਰ ਕੀਤਾ ਗਿਆ ਹੈ।</longdesc>
                </local_schema>
                <local_schema locale="gu" short_desc="સ્વીકાર્ય લાઈસન્સોની યાદી">
                        <longdesc>પ્રોટોકોલ નામોની યાદી કે જેઓનું લાઈસન્સ સ્વીકારાયેલ છે.</longdesc>
                </local_schema>
                <local_schema locale="sr" short_desc="Листа прихваћених лиценци">
                        <longdesc>Листа имена протокола чија је лиценца прихваћена.</longdesc>
                </local_schema>
                <local_schema locale="ja" short_desc="受諾したライセンスのリスト">
                        <longdesc>ライセンスが受諾されたプロトコル名のリスト</longdesc>
                </local_schema>
                <local_schema locale="sq" short_desc="Lista e liçencave të pranuara">
                        <longdesc>Lista me emrat e protokollëve për të cilët është pranuar liçenca.</longdesc>
                </local_schema>
                <local_schema locale="da" short_desc="Liste over accepterede licenser">
                        <longdesc>Liste over protokolnavne hvis licens er blevet accepteret.</longdesc>
                </local_schema>
                <local_schema locale="xh" short_desc="Uluhlu lwamaphepha-mvume avunyiweyo">
                        <longdesc>Uluhlu lwamagama emithetho yokusebenza enamaphepha-mvume avunyiweyo.</longdesc>
                </local_schema>
                <local_schema locale="zh_TW" short_desc="接收的授權清單">
                        <longdesc>已經接受其授權的協定清單。</longdesc>
                </local_schema>
                <local_schema locale="fi" short_desc="Hyväksytyt lisenssit">
                        <longdesc>Lista protokollista, joiden lisenssii on hyväksytty.</longdesc>
                </local_schema>
                <local_schema locale="hu" short_desc="Elfogadott licencek listája">
                        <longdesc>Protokollnevek listája, amelyek licence el van fogadva.</longdesc>
                </local_schema>
                <local_schema locale="tr" short_desc="Kabul edilen lisanslarının listesi">
                        <longdesc>Lisansı kabul edilen protokol isimlerinin listesi.</longdesc>
                </local_schema>
                <local_schema locale="en_GB" short_desc="List of accepted licences">
                        <longdesc>List of protocol names whose license has been accepted.</longdesc>
                </local_schema>
                <local_schema locale="cy" short_desc="Rhestr trwyddedau wedi&apos;u derbyn">
                        <longdesc>Rhestr o enwau protocol y mae eu trwyddedau wedi eu derbyn.</longdesc>
                </local_schema>
                <local_schema locale="gl" short_desc="Lista de licencias aceptadas">
                        <longdesc>Lista de nomes de protocolos coa cal a licencia foi aceptada.</longdesc>
                </local_schema>
                <local_schema locale="mk" short_desc="Листа на прифатени пораки">
                        <longdesc>Листа на имиња на протоколи чии лиценци се прифатени.</longdesc>
                </local_schema>
                <local_schema locale="no" short_desc="Liste med godtatte lisenser">
                        <longdesc>Liste over protokollnavn som har en godkjent lisens.</longdesc>
                </local_schema>
                <local_schema locale="nn" short_desc="Liste over godtekne lisensar">
                        <longdesc>Liste over protokollnamn der lisensen er godteken.</longdesc>
                </local_schema>
                <local_schema locale="it" short_desc="Elenco delle licenze accettate">
                        <longdesc>Elenco nomi di protocollo la cui licenza è stata accettata.</longdesc>
                </local_schema>
                <local_schema locale="bn" short_desc="গৃহীত অনুমতির তালিকা">
                        <longdesc>যে সব প্রোটোকলের তালিকা গৃহীত হয়েছে তার নামের তালিকা।</longdesc>
                </local_schema>
                <local_schema locale="fa" short_desc="فهرست مجوزهای پذیرفته شده">
                        <longdesc>فهرست نام‌های قرارداد که مجوزشان پذیرفته شده است.</longdesc>
                </local_schema>
                <local_schema locale="nl" short_desc="Lijst met geaccepteerde licenties">
                        <longdesc>Lijst met protocolnamen waarvan de licentie geaccepteerd is.</longdesc>
                </local_schema>
                <local_schema locale="cs" short_desc="Seznam přijatých licencí">
                        <longdesc>Seznam názvů protokolů, jejichž licence byla přijata.</longdesc>
                </local_schema>
        </entry>
        <entry name="accounts" mtime="1142969100" type="schema" stype="list" owner="evolution-mail" list_type="string">
                <local_schema locale="pt" short_desc="Lista de contas">
                        <longdesc>Lista de contas reconhecidas pelo componente de email do Evolution. A lista contém expressões que denominam subdirectórios relativos a /apps/evolution/mail/accounts.</longdesc>
                </local_schema>
                <local_schema locale="hi" short_desc="खाताओं की सूची">
                        <longdesc>एवोल्यूशन के डाक घटक को जाना जाने वाला खाता की सूची. यह सूची में /apps/evolution/mail/accounts के सापेक्ष नामित उपनिर्देशिका है.</longdesc>
                </local_schema>
                <local_schema locale="zh_HK" short_desc="帳號清單">
                        <longdesc>Evolution 的電郵元件已知的帳號清單。清單包含與 /apps/evolution/mail/accounts 相關的字串命名子目錄。</longdesc>
                </local_schema>
                <local_schema locale="uk" short_desc="Облікові записи">
                        <longdesc>Список облікових записів поштової компоненти Evolution. Список містить рядки з назвами підкаталогів відносно /apps/evolution/mail/accounts.</longdesc>
                </local_schema>
                <local_schema locale="ga" short_desc="Líosta do cuntasaí">
                </local_schema>
                <local_schema locale="ne" short_desc="खाताहरूको सूची">
                        <longdesc>खाताहरूको सूची इभोलुसनको पत्र अबयबलाई थाह छ। यस सूचीमा स्ट्रिङहरूको सह-डाइरक्टरि नाम /apps/evolution/mail/accounts सँग संबन्धित छ।</longdesc>
                </local_schema>
                <local_schema locale="en_CA" short_desc="List of accounts">
                        <longdesc>List of accounts known to the mail component of Evolution. The list contains strings naming subdirectories relative to /apps/evolution/mail/accounts.</longdesc>
                </local_schema>
                <local_schema locale="bg" short_desc="Списък на абонаментите">
                        <longdesc>Списък с пощенските абонаменти в Evolution. Съдържа имена, които се използват и за под-папките на /apps/evolution/mail/accounts.</longdesc>
                </local_schema>
                <local_schema locale="zh_CN" short_desc="账户列表">
                        <longdesc>列出了 Evolution 邮件组件已知的账户。此列表包含了相对于 /apps/evolution/mail/accounts 的子目录命名字符串。</longdesc>
                </local_schema>
                <local_schema locale="be" short_desc="Сьпіс уліковых запісаў">
                        <longdesc>Сьпіс уліковых запісаў, якія вядомыя паштоваму кампанэнту Evolution. Гэты сьпіс утрымлівае радкі, якія адпавядаюць назвам каталёгаў у /apps/evolution/mail/accounts.</longdesc>
                </local_schema>
                <local_schema locale="ta" short_desc="கணக்குகளின் பட்டியல்">
                        <longdesc>எவல்யூஷனுக்கு தெரித்த கணக்கின் பட்டியல் உப அடைவோடு தொடர்புடைய /apps/evolution/mail/accounts. சரங்கள்</longdesc>
                </local_schema>
                <local_schema locale="C" short_desc="List of accounts">
                        <longdesc>
           List of accounts known to the mail component of
           Evolution. The list contains strings naming 
           subdirectories relative to /apps/evolution/mail/accounts.
         </longdesc>
                </local_schema>
                <local_schema locale="nb" short_desc="Liste med kontoer">
                        <longdesc>Liste over kontoer som e-postkomponenten til Evolution kjenner til. Listen innholder strenger som er undermapper relativt til /apps/evolution/mail/accounts.</longdesc>
                </local_schema>
                <local_schema locale="pt_BR" short_desc="Lista de contas">
                        <longdesc>Lista de contas que o componente de correio do Evolution conhece. A lista contém strings com nomes de sub-diretórios relativos a /apps/evolution/mail/accounts.</longdesc>
                </local_schema>
                <local_schema locale="eu" short_desc="Kontuen zerrenda">
                        <longdesc>Evolution-en posta-osagaiak ezagutzen dituen kontuen zerrenda. Zerrendak /apps/evolution/mail/accounts-eko azpiderektorioen izenen kateak ditu.</longdesc>
                </local_schema>
                <local_schema locale="pl" short_desc="Lista kont">
                        <longdesc>Lista kont znanych składnikowi poczty Evolution. Lista zawiera ciągi nazw podkatalogów względem /apps/evolution/mail/accounts.</longdesc>
                </local_schema>
                <local_schema locale="et" short_desc="Kontode nimekiri">
                        <longdesc>Evolutioni sõnumikomponendile teadaolevate kontode loend. Sisaldab alamkataloogide nimesid kataloogi /apps/evolution/mail/accounts suhtes.</longdesc>
                </local_schema>
                <local_schema locale="es" short_desc="Lista de cuentas">
                        <longdesc>Lista de cuentas conocidas para el componente de correo de Evolution. La lista contiene cadenas nombrando subdirectorios relativos a /apps/evolution/mail/accounts.</longdesc>
                </local_schema>
                <local_schema locale="vi" short_desc="Danh sách các tài khoản">
                        <longdesc>Danh sách các tài khoản mà thành phần thư của Evolution biết được. Danh sách ấy chứa chuỗi lập tên của các thư mục con liên quan với /apps/evolution/mail/accounts.</longdesc>
                </local_schema>
                <local_schema locale="ru" short_desc="Список учетных записей">
                        <longdesc>Список учетных записей, известных почтовому компоненту Evolution. Этот список содержит строки, соответствующие именам каталогов в /apps/evolution/mail/accounts.</longdesc>
                </local_schema>
                <local_schema locale="id" short_desc="Daftar akun">
                </local_schema>
                <local_schema locale="ko" short_desc="계정 목록">
                        <longdesc>Evolution의 메일 컴포넌트에 사용할 계정 목록입니다. 이 목록에는 /apps/evolution/mail/accounts에 상대적인 서브디렉토리의 이름이 들어 있습니다.</longdesc>
                </local_schema>
                <local_schema locale="lt" short_desc="Abonementų sąrašas">
                        <longdesc>Evolution pašto komponentui žinomų abonementų sąrašas. Šiame sąraše išvardintos sekos, nurodančios poaplankius esančius /apps/evolution/accounts.</longdesc>
                </local_schema>
                <local_schema locale="az" short_desc="Hesabların siyahısı">
                </local_schema>
                <local_schema locale="ca" short_desc="Llista de comptes">
                        <longdesc>Llista de comptes que coneix el component de correu de l&apos;Evolution. La llista conté cadenes referents a subdirectoris relatius a /apps/evolution/mail/accounts.</longdesc>
                </local_schema>
                <local_schema locale="sv" short_desc="Lista med konton">
                        <longdesc>Lista med konton som är kända för Evolutions e-postkomponent. Listan innehåller strängar som namnger underkataloger relativa till /apps/evolution/mail/accounts.</longdesc>
                </local_schema>
                <local_schema locale="el" short_desc="Λίστα λογαριασμών">
                        <longdesc>Λίστα λογαριασμών που γνωρίζει το συστατικό αλληλογραφίας του Evolution. Η λίστα περιλαμβάνει αλφαριθμητικά που είναι ονόματα σε υποκαταλόγους σχετικά με το /apps/evolution/mail/accounts.</longdesc>
                </local_schema>
                <local_schema locale="fr" short_desc="Liste de comptes">
                        <longdesc>Liste des comptes connus par le client de messagerie d&apos;Evolution. Cette liste contient des chaînes désignant les noms des sous-répertoires relatifs à /apps/evolution/mail/accounts.</longdesc>
                </local_schema>
                <local_schema locale="ro" short_desc="Lista conturilor">
                        <longdesc>Lista de conturi cunoscute de componenta de mail a Evolution-ului. Lista conţine nume de subdirectoare relative la /apps/evolution/mail/accounts.</longdesc>
                </local_schema>
                <local_schema locale="de" short_desc="Kontenliste">
                        <longdesc>Liste der Konten, die Evolutions E-Mail-Komponente bekannt sind. Die Liste enthält Zeichenketten, die Unterverzeichnisse relativ zu »/apps«/evolution/mail/accounts« angeben.</longdesc>
                </local_schema>
                <local_schema locale="sr@Latn" short_desc="Lista naloga">
                        <longdesc>Lista naloga koje poznaje poštanski deo Evolucije. Lista sadrži nizove koje imenuju poddirektorijume u odnosu na /apps/evolution/mail/accounts.</longdesc>
                </local_schema>
                <local_schema locale="pa" short_desc="ਖਾਤਾ ਸੂਚੀ">
                        <longdesc>ਈਵੇਲੂਸ਼ਨ ਦੇ ਪੱਤਰ ਭਾਗ ਕੋਲ ਉਪਲੱਬਧ ਖਾਤਿਆਂ ਦੀ ਸੂਚੀ। ਇਸ ਸੂਚੀ ਵਿੱਚ ਸਤਰਾਂ ਸਬ-ਡਾਇਰੈਕਟਰੀਆਂ /apps/evolution/mail/accounts ਦੇ ਅਨੁਸਾਰ ਸ਼ਾਮਿਲ ਹਨ।</longdesc>
                </local_schema>
                <local_schema locale="gu" short_desc="ખાતાઓની યાદી">
                        <longdesc>ઈવોલ્યુશનના મેઈલ કમ્પોનન્ટ માટે જાણીતા ખાતાઓની યાદી. યાદી શબ્દમાળા ધરાવે છે જે /apps/evolution/mail/accounts ની ઉપડિરેક્ટરીને અનુલક્ષે છે.</longdesc>
                </local_schema>
                <local_schema locale="sr" short_desc="Листа налога">
                        <longdesc>Листа налога које познаје поштански део Еволуције. Листа садржи низове које именују поддиректоријуме у односу на /apps/evolution/mail/accounts.</longdesc>
                </local_schema>
                <local_schema locale="ja" short_desc="アカウントのリスト">
                        <longdesc>Evolution のメール作成ウィンドウで利用するアカウントのリストです。このリストには /apps/evolution/mail/accounts からの相対的な名前つきサブ・フォルダが含まれます。</longdesc>
                </local_schema>
                <local_schema locale="sq" short_desc="Lista e llogarive">
                        <longdesc>Lista e llogarive të njohura nga komponenti mail i Evolution. Lista përmban vlerat me emrat e nëndirektorive relative me /apps/evolution/mail/accounts.</longdesc>
                </local_schema>
                <local_schema locale="da" short_desc="Liste over konti">
                        <longdesc>Liste over konti som Evolutions e-post-komponent kender. Listen indeholder navnene på undermapperne i /apps/evolution/mail/accounts.</longdesc>
                </local_schema>
                <local_schema locale="xh" short_desc="Uluhlu lwee-akhawunti">
                        <longdesc>Uluhlu lwee-akhawunti olwaziwayo kwiselwa le-imeyili ye-Evolution. Olo luhlu luqulethe amabinzana ababizwa ngawo oovimba beefayili abangaphakathi kwe-/apps/evolution/mail/accounts.</longdesc>
                </local_schema>
                <local_schema locale="ar" short_desc="قائمة الحسابات">
                </local_schema>
                <local_schema locale="zh_TW" short_desc="帳號清單">
                        <longdesc>Evolution 的郵件元件已知的帳號清單。清單包含與 /apps/evolution/mail/accounts 相關的字串命名子目錄。</longdesc>
                </local_schema>
                <local_schema locale="fi" short_desc="Lista tileistä">
                        <longdesc>Lista tileistä, jotka Evolutionin sähköpostiosa tuntee. Lista sisältää merkkijonoja, jotka nimeävät alihakemistoja hakemiston/apps/evolution/mail/accounts alla.</longdesc>
                </local_schema>
                <local_schema locale="hu" short_desc="Postafiókok listája">
                        <longdesc>Az Evolution levelezője által ismert postafiókok listája. A lista könyvtárak neveit tartalmazza, az /apps/evolution/mail/accounts-hoz képest.</longdesc>
                </local_schema>
                <local_schema locale="tr" short_desc="Hesapların listesi">
                        <longdesc>Evolution&apos;un posta bileşeninin bildiği hesapların listesi. Liste /apps/evolution/mail/accounts&apos;a göre altdizinlerin adlarını içerir.</longdesc>
                </local_schema>
                <local_schema locale="en_GB" short_desc="List of accounts">
                        <longdesc>List of accounts known to the mail component of Evolution. The list contains strings naming subdirectories relative to /apps/evolution/mail/accounts.</longdesc>
                </local_schema>
                <local_schema locale="cy" short_desc="Rhestr cyfrifon">
                        <longdesc>Rhestr o gyfrifon y gŵyr cydran ebost Evolution amdanynt.  Mae&apos;r rhestr yn cynnwys llinynnau sy&apos;n enwi is-blygellau perthynol i /apps/evolution/mail/accounts.</longdesc>
                </local_schema>
                <local_schema locale="gl" short_desc="Lista de contas">
                        <longdesc>Lista de contas coñecidas para o compoñente de correo de Evolution. A lista contén cadeas nomeando subdirectorios relativos a /apps/evolution/mail/accounts.</longdesc>
                </local_schema>
                <local_schema locale="hr" short_desc="Popis korisničkih računa">
                        <longdesc>Popis korisničkih računa poznat komponenti za e-poštu Evolutiona. Popis sadrži znakovne nizove s imenima poddirektorija relativnih s /apps/evolution/mail/accounts.</longdesc>
                </local_schema>
                <local_schema locale="mk" short_desc="Листа на сметки">
                        <longdesc>Листа на сметки познати на mail компонентата на Еволушн. Листата содржи стрингови кои именуваат подпапки слични на /apps/evolution/mail/accounts.</longdesc>
                </local_schema>
                <local_schema locale="no" short_desc="Liste med kontoer">
                        <longdesc>Liste over kontoer som e-postkomponenten til Evolution kjenner til. Listen innholder strenger som er undermapper relativt til /apps/evolution/mail/accounts.</longdesc>
                </local_schema>
                <local_schema locale="nn" short_desc="Liste over kontoar">
                        <longdesc>Liste over kontoar som e-post-delen av Evolution veit om. Lista inneheld strengar som oppgjev underkatalogar til /apps/evolution/mail/accounts.</longdesc>
                </local_schema>
                <local_schema locale="it" short_desc="Elenco degli account">
                        <longdesc>Elenco di account noti al componente di posta di Evolution. L&apos;elenco contiene delle stringhe che identificano le sottodirectory relative a /apps/evolution/mail/accounts.</longdesc>
                </local_schema>
                <local_schema locale="nl" short_desc="Lijst met accounts">
                        <longdesc>Lijst met accounts die de mail component van Evolution herkent. De lijst bestaat uit tekenreeksen die overeenkomen met subdirectories relatief aan /apps/evolution/mail/accounts.</longdesc>
                </local_schema>
                <local_schema locale="bn" short_desc="অ্যাকাউন্টের তালিকা">
                        <longdesc>Evolution-র মেইল কম্পোনেন্টের পরিচিত অ্যাকাউন্টের তালিকা। এই তালিকায় /apps/evolution/mail/accounts-এর আপেক্ষায় সাবডিরেক্টরিগুলির নাম লেখা আছে।</longdesc>
                </local_schema>
                <local_schema locale="fa" short_desc="فهرست حساب‌ها">
                </local_schema>
                <local_schema locale="cs" short_desc="Seznam účtů">
                        <longdesc>Seznam účtů, které zná komponenta pošty Evolution. Seznam obsahuje řetězce určující podadresáře relativně k /apps/evolution/mail/accounts.</longdesc>
                </local_schema>
                <local_schema locale="th" short_desc="รายชื่อบัญชีเมล">
                        <longdesc>รายชื่อบัญชีที่องค์ประกอบเมลของ Evolution รู้จัก  รายชื่อนี้เป็นสตริงเก็บชื่อไดเรกทอรีย่อยเทียบกับ /apps/evolution/mail/accounts</longdesc>
                </local_schema>
        </entry>
        <entry name="default_account" mtime="1142969100" type="schema" stype="string" owner="evolution-mail">
                <local_schema locale="pt" short_desc="Expressão UID da conta por omissão.">
                        <longdesc>Expressão UID da conta por omissão.</longdesc>
                </local_schema>
                <local_schema locale="hi" short_desc="मूलभूत खाता की UID पंक्ति.">
                        <longdesc>मूलभूत खाता की UID पंक्ति.</longdesc>
                </local_schema>
                <local_schema locale="zh_HK" short_desc="預設帳號的 UID 字串。">
                        <longdesc>預設帳號的 UID 字串。</longdesc>
                </local_schema>
                <local_schema locale="uk" short_desc="Рядок UID основного облікового запису.">
                        <longdesc>Рядок UID основного облікового запису.</longdesc>
                </local_schema>
                <local_schema locale="en_CA" short_desc="UID string of the default account.">
                        <longdesc>UID string of the default account.</longdesc>
                </local_schema>
                <local_schema locale="ne" short_desc="पूर्वनिर्धारित खाताको यूआइडि स्ट्रिङ्गखा.">
                        <longdesc>पूर्वनिर्धारित खाताको यूआइडि स्ट्रिङ्गखा.</longdesc>
                </local_schema>
                <local_schema locale="bg" short_desc="Низ UID на стандартния абонамент.">
                        <longdesc>Низ UID на стандартния абонамент.</longdesc>
                </local_schema>
                <local_schema locale="zh_CN" short_desc="默认账户的 UID 字符串。">
                        <longdesc>默认账户的 UID 字符串。</longdesc>
                </local_schema>
                <local_schema locale="be" short_desc="Радок UID асноўнага ўліковага запісу.">
                        <longdesc>Радок UID асноўнага ўліковага запісу.</longdesc>
                </local_schema>
                <local_schema locale="ta" short_desc="இயல்பான சரத்தின் UID">
                        <longdesc>இயல்பான சரத்தின் UID</longdesc>
                </local_schema>
                <local_schema locale="C" short_desc="UID string of the default account.">
                        <longdesc>
           UID string of the default account.
         </longdesc>
                </local_schema>
                <local_schema locale="nb" short_desc="UID-streng for forvalgt konto.">
                        <longdesc>UID-streng for forvalgt konto.</longdesc>
                </local_schema>
                <local_schema locale="pt_BR" short_desc="String UID da conta padrão.">
                        <longdesc>String UID da conta padrão.</longdesc>
                </local_schema>
                <local_schema locale="eu" short_desc="Kontu lehenetsiaren UID katea.">
                        <longdesc>Kontu lehenetsiaren UID katea.</longdesc>
                </local_schema>
                <local_schema locale="pl" short_desc="Ciąg określający UID domyślnego konta.">
                        <longdesc>Ciąg określający UID domyślnego konta.</longdesc>
                </local_schema>
                <local_schema locale="et" short_desc="Vaikimisi määratud konto UID string.">
                        <longdesc>Vaikimisi määratud konto UID string.</longdesc>
                </local_schema>
                <local_schema locale="es" short_desc="Cadena UID para la cuenta predeterminada.">
                        <longdesc>Cadena UID para la cuenta predeterminada.</longdesc>
                </local_schema>
                <local_schema locale="vi" short_desc="Chuỗi UID của tài khoản mặc định.">
                        <longdesc>Chuỗi UID của tài khoản mặc định.</longdesc>
                </local_schema>
                <local_schema locale="ru" short_desc="Строка UID основной учетной записи.">
                        <longdesc>Строка UID основной учетной записи.</longdesc>
                </local_schema>
                <local_schema locale="id" short_desc="Kode UID akun standar.">
                        <longdesc>Kode UID akun standar.</longdesc>
                </local_schema>
                <local_schema locale="ko" short_desc="기본 계정의 UID 문자열.">
                        <longdesc>기본 계정의 UID 문자열.</longdesc>
                </local_schema>
                <local_schema locale="lt" short_desc="Numatytojo abonemento UID seka.">
                        <longdesc>Numatytojo abonemento UID seka.</longdesc>
                </local_schema>
                <local_schema locale="ca" short_desc="Cadena d&apos;identificació d&apos;usuari del compte predeterminat.">
                        <longdesc>Cadena d&apos;identificació d&apos;usuari del compte predeterminat.</longdesc>
                </local_schema>
                <local_schema locale="sv" short_desc="UID-sträng för standardkontot.">
                        <longdesc>UID-sträng för standardkontot.</longdesc>
                </local_schema>
                <local_schema locale="el" short_desc="Αλφαριθμητικό UID του προεπιλεγμένου λογαριασμού.">
                        <longdesc>Αλφαριθμητικό UID του προεπιλεγμένου λογαριασμού.</longdesc>
                </local_schema>
                <local_schema locale="fr" short_desc="Chaîne UID pour le compte par défaut.">
                        <longdesc>Chaîne UID pour le compte par défaut.</longdesc>
                </local_schema>
                <local_schema locale="ro" short_desc="Stringul UID pentru contul implicit.">
                        <longdesc>Stringul UID pentru contul implicit.</longdesc>
                </local_schema>
                <local_schema locale="de" short_desc="UID-Zeichenkette für das Vorgabekonto.">
                        <longdesc>UID-Zeichenkette für das Vorgabekonto.</longdesc>
                </local_schema>
                <local_schema locale="sr@Latn" short_desc="JIB niz podrazumevanog naloga.">
                        <longdesc>JIB niz podrazumevanog naloga.</longdesc>
                </local_schema>
                <local_schema locale="pa" short_desc="ਮੂਲ ਖਾਤੇ ਲ਼ਈ UID ਸਤਰ।">
                        <longdesc>ਮੂਲ ਖਾਤੇ ਲ਼ਈ UID ਸਤਰ।</longdesc>
                </local_schema>
                <local_schema locale="gu" short_desc="મૂળભુત ખાતાની UID શબ્દમાળા.">
                        <longdesc>મૂળભુત ખાતાની UID શબ્દમાળા.</longdesc>
                </local_schema>
                <local_schema locale="sr" short_desc="ЈИБ низ подразумеваног налога.">
                        <longdesc>ЈИБ низ подразумеваног налога.</longdesc>
                </local_schema>
                <local_schema locale="ja" short_desc="デフォルト・アカウントの UID (文字列) です。">
                        <longdesc>デフォルト・アカウントの UID (文字列) です。</longdesc>
                </local_schema>
                <local_schema locale="sq" short_desc="Vlera UID për llogarinë e prezgjedhur.">
                        <longdesc>Vlera UID për llogarinë e prezgjedhur.</longdesc>
                </local_schema>
                <local_schema locale="da" short_desc="Standardkontoens UID-streng.">
                        <longdesc>Standardkontoens UID-streng.</longdesc>
                </local_schema>
                <local_schema locale="xh" short_desc="Ibinzana le-UID le-akhawunti emiselweyo.">
                        <longdesc>Ibinzana le-UID le-akhawunti emiselweyo.</longdesc>
                </local_schema>
                <local_schema locale="ar" short_desc="سلسلة هويّة المستخدم للحساب الإفتراضي.">
                        <longdesc>سلسلة هويّة المستخدم للحساب الإفتراضي.</longdesc>
                </local_schema>
                <local_schema locale="zh_TW" short_desc="預設帳號的 UID 字串。">
                        <longdesc>預設帳號的 UID 字串。</longdesc>
                </local_schema>
                <local_schema locale="fi" short_desc="Oletustilin UID-merkkijono.">
                        <longdesc>Oletustilin UID-merkkijono.</longdesc>
                </local_schema>
                <local_schema locale="hu" short_desc="UID karakterlánc az alapértelmezett postafiókhoz.">
                        <longdesc>UID karakterlánc az alapértelmezett postafiókhoz.</longdesc>
                </local_schema>
                <local_schema locale="tr" short_desc="Öntanımlı hesabın UID satırı.">
                        <longdesc>Öntanımlı hesabın UID satırı.</longdesc>
                </local_schema>
                <local_schema locale="en_GB" short_desc="UID string of the default account.">
                        <longdesc>UID string of the default account.</longdesc>
                </local_schema>
                <local_schema locale="cy" short_desc="Llinyn UID y cyfrif rhagosodedig.">
                        <longdesc>Llinyn UID y cyfrif rhagosodedig.</longdesc>
                </local_schema>
                <local_schema locale="gl" short_desc="Cadena UID para a conta predeterminada.">
                        <longdesc>Cadena UID para a conta predeterminada.</longdesc>
                </local_schema>
                <local_schema locale="hr" short_desc="UID string predefinirang korisničkog računa">
                        <longdesc>UID string predefinirang korisničkog računa</longdesc>
                </local_schema>
                <local_schema locale="mk" short_desc="UID стринг на стандардната сметка.">
                        <longdesc>UID стринг на стандардната сметка.</longdesc>
                </local_schema>
                <local_schema locale="no" short_desc="UID-streng for forvalgt konto.">
                        <longdesc>UID-streng for forvalgt konto.</longdesc>
                </local_schema>
                <local_schema locale="nn" short_desc="UID-streng til standardkontoen.">
                        <longdesc>UID-streng til standardkontoen.</longdesc>
                </local_schema>
                <local_schema locale="it" short_desc="Stringa UID dell&apos;account predefinito.">
                        <longdesc>Stringa UID dell&apos;account predefinito.</longdesc>
                </local_schema>
                <local_schema locale="bn" short_desc="ডিফল্ট অ্যাকাউন্টের জন্য UID-র স্ট্রিং।">
                        <longdesc>ডিফল্ট অ্যাকাউন্টের জন্য UID-র স্ট্রিং।</longdesc>
                </local_schema>
                <local_schema locale="nl" short_desc="UID tekenreeks van de standaard account.">
                        <longdesc>UID tekenreeks van de standaard account.</longdesc>
                </local_schema>
                <local_schema locale="cs" short_desc="Řetězec UID implicitního účtu.">
                        <longdesc>Řetězec UID implicitního účtu.</longdesc>
                </local_schema>
                <local_schema locale="th" short_desc="สตริง UID ของบัญชีปริยาย">
                        <longdesc>สตริง UID ของบัญชีปริยาย</longdesc>
                </local_schema>
        </entry>
        <entry name="labels" mtime="1142969100" type="schema" stype="list" owner="evolution-mail" list_type="string">
                <local_schema locale="pt" short_desc="Lista de Etiquetas e as suas cores associadas">
                        <longdesc>Lista de etiquetas reconhecidas pelo componente de email do Evolution. A lista contém expressões do tipo nome:cor em que cor utiliza a codificação hexadecimal HTML.</longdesc>
                </local_schema>
                <local_schema locale="hi" short_desc="लेबलों और उनसे जुड़े रंगों की सूची">
                        <longdesc>एवोल्यूशन के डाक घटक को जाना जाने वाला लेबल की सूची. सूची में name:color को समाहित करने वाला स्ट्रिंग है जहां रंग HTML हेस्क एनकोडिंग का प्रयोग करता है.</longdesc>
                </local_schema>
                <local_schema locale="zh_HK" short_desc="標籤和相關色彩的清單">
                        <longdesc>Evolution 的電郵元件已知的標籤清單。清單包含字串，其中包含 name:color，color 使用 HTML 十六進位編碼。</longdesc>
                </local_schema>
                <local_schema locale="uk" short_desc="Список етикеток та пов&apos;язаних з ними кольорів">
                        <longdesc>Список відомих ярликів поштової компоненти Evolution. Список містить рядки, що містять пари назва:колір, де колір вказано у шістнадцятковому вигляді як у HTML.</longdesc>
                </local_schema>
                <local_schema locale="en_CA" short_desc="List of Labels and their associated colours">
                        <longdesc>List of labels known to the mail component of Evolution. The list contains strings containing name:colour where colour uses the HTML hex encoding.</longdesc>
                </local_schema>
                <local_schema locale="ne" short_desc="लेबलहरूको सूची र तिनीहरूको संबन्धित रंगहरू">
                        <longdesc>लेबलहरूको सूची इभोलुसनको पत्र अबयब हुन्छ। यो सूचीमा स्ट्रिङहरूको नाम: रंग जहाँ रंग एचटिएमएल हेक्स इनकोडिङ प्रयोग हुन्छ।सूची.</longdesc>
                </local_schema>
                <local_schema locale="bg" short_desc="Списък с етикети и техните асоциирани цветове">
                        <longdesc>Списък с цветови етикети в Evolution. Съдържа двойки „име:цвят“, където цветът е в шестнадесетичен HTML формат.</longdesc>
                </local_schema>
                <local_schema locale="zh_CN" short_desc="标签及其对应颜色的列表">
                        <longdesc>列出了 Evolution 邮件组件已知的标签。列表中的字符串格式形如“名称:颜色”，其中颜色使用了 HTML 十六进制编码方式。</longdesc>
                </local_schema>
                <local_schema locale="be" short_desc="Сьпіс адмецін і зьвязаных з імі колераў">
                        <longdesc>Сьпіс адмецін, якія вядомыя паштоваму кампанэнту Evolution. Сьпіс утрымлівае радкі назва:колер, дзе колер выкарыстоўвае кадаваньне колеру HTML.</longdesc>
                </local_schema>
                <local_schema locale="ta" short_desc="விளக்கச்சீட்டு மற்றும் அதனோடு தொடர்புடைய வண்ணங்களின் பட்டியல்">
                        <longdesc>எவல்யூஷன் பொருளுக்கு தெரிந்த மின்னஞ்சல் பட்டியல் இதில் name:color நிறங்களின் HTML எண்ம மதிப்பு ஆகியவை இருக்கும்.</longdesc>
                </local_schema>
                <local_schema locale="C" short_desc="List of Labels and their associated colors">
                        <default type="list" ltype="string">
                                <li type="string">
                                        <stringvalue>I_mportant:#ff0000</stringvalue>
                                </li>
                                <li type="string">
                                        <stringvalue>_Work:#ff8c00</stringvalue>
                                </li>
                                <li type="string">
                                        <stringvalue>_Personal:#008b00</stringvalue>
                                </li>
                                <li type="string">
                                        <stringvalue>)To Do:#0000ff</stringvalue>
                                </li>
                                <li type="string">
                                        <stringvalue>_Later:#8b008b</stringvalue>
                                </li>
                        </default>
                        <longdesc>
           List of labels known to the mail component of
           Evolution. The list contains strings containing name:color
           where color uses the HTML hex encoding.
         </longdesc>
                </local_schema>
                <local_schema locale="nb" short_desc="Liste over etiketter og deres assosierte farger">
                        <longdesc>Liste over etiketter som e-postkomponenten til Evolution kjenner til. Listen inneholder strenger som inneholder «name:color» hvor «color» bruker HTML hex koding.</longdesc>
                </local_schema>
                <local_schema locale="pt_BR" short_desc="Lista de rótulos e suas respectivas cores">
                        <longdesc>Lista de rótulos que o componente de correio do Evolution conhece. A lista contém strings contendo nome:cor, onde cor usa a codificação hex HTML.</longdesc>
                </local_schema>
                <local_schema locale="eu" short_desc="Etiketen zerrenda, eta bakoitzari asoziatutako koloreak">
                        <longdesc>Evolution-en posta-osagaiak ezagutzen dituen etiketen zerrenda. Izena:kolorea duten kateak ditu, eta koloreak HTML kodeketa hamaseitarra erabiltzen du.</longdesc>
                </local_schema>
                <local_schema locale="pl" short_desc="Lista etykiet i przypisanych im kolorów">
                        <longdesc>Lista etykiet znanych składnikowi poczty Evolution. Lista zawiera ciągi zawierające nazwa:kolor, gdzie kolor używa kodowania HTML hex.</longdesc>
                </local_schema>
                <local_schema locale="et" short_desc="Siltide ja nende värvuste loend">
                        <longdesc>Evolutioni sõnumikomponendile teadaolevate siltide loend. Sisaldab nimi:värvus vorminus sõnumeid, kus värvus on kirjeldatud HTML-ile sarnaselt kuueteistkümnendsüsteemis.</longdesc>
                </local_schema>
                <local_schema locale="es" short_desc="Lista de etiquetas y sus colores asociados">
                        <longdesc>Lista de etiquetas conocidas para el componente de correo de Evolution. La lista contiene cadenas con el nombre:color donde color usa la codificación hex HTML.</longdesc>
                </local_schema>
                <local_schema locale="vi" short_desc="Danh sách Nhãn và màu sắc liên quan">
                        <longdesc>Danh sách các nhãn mà thành phần thư của Evolution biết được. Danh sách ấy chứa chuỗi name:color (tên:màu) mà màu ấy dạng hệ thập lục phân HTML.</longdesc>
                </local_schema>
                <local_schema locale="ru" short_desc="Список ярлыков и связанных с ними цветов">
                        <longdesc>Список ярлыков, известных почтовому компоненту Evolution. Список содержит строки имя:цвет, где цвет использует кодировку цвета HTML.</longdesc>
                </local_schema>
                <local_schema locale="ko" short_desc="꼬리표 및 꼬리표 색의 목록">
                        <longdesc>Evolution의 메일 컴포넌트에 사용할 꼬리표 목록입니다. 이 목록에는 &lt;이름&gt;:&lt;색&gt; 형식의 문자열이 들어 있습니다. 색은 HTML 방식 16진수 인코딩을 사용합니다.</longdesc>
                </local_schema>
                <local_schema locale="lt" short_desc="Etikečių ir su jomis susijusių spalvų sąrašas">
                        <longdesc>Evolution pašto komponentui žinomų žymių sąrašas. Sąraše yra eilutės, kuriose yra name:color, kur spalvai naudojama HTML šešioliktainis kodas.</longdesc>
                </local_schema>
                <local_schema locale="az" short_desc="Etiketlərin siyahısı və onların rəngləri">
                </local_schema>
                <local_schema locale="ca" short_desc="Llista d&apos;etiquetes i els seus colors associats">
                        <longdesc>Llista d&apos;etiquetes que coneix el component de correu de l&apos;Evolution. La llista conté cadenes de tipus nom:color, on color fa servir la codificació hexadecimal HTML.</longdesc>
                </local_schema>
                <local_schema locale="sv" short_desc="Lista med etiketter och deras associerade färger">
                        <longdesc>Lista med etiketter som är kända för Evolutions e-postkomponent. Listan innehåller strängar som innehåller namn:färg där färg använder den hexadecimala kodningen i HTML.</longdesc>
                </local_schema>
                <local_schema locale="el" short_desc="Λίστα από Ετικέτες και από τα συσχετιζόμενα χρώματα τους">
                        <longdesc>Λίστα ετικετών που είναι γνωστές στο Evolution. Η λίστα περιέχει αλφαριθμητικά που περιέχουν name:color όπου το χρώμα χρησιμοποιεί το HTML hex encoding.</longdesc>
                </local_schema>
                <local_schema locale="fr" short_desc="Liste des étiquettes et des couleurs qui leur sont associées">
                        <longdesc>Liste des étiquettes connues pour le client de messagerie d&apos;Evolution. Cette liste contient des chaînes de type nom:couleur où les couleurs utilisent l&apos;encodage hexadécimal HTML</longdesc>
                </local_schema>
                <local_schema locale="ro" short_desc="Lista de etichete şi culorile lor asociate">
                        <longdesc>Lista etichetelor cunoscute de componenta de mail a Evolution-ului. Lista conţine stringuri de forma nume:culoare, unde culoare foloseşte codarea hexazecimală HTML.</longdesc>
                </local_schema>
                <local_schema locale="de" short_desc="Liste mit Beschriftungen und damit assoziierter Farben">
                        <longdesc>Liste der Beschriftungen, die Evolutions E-Mail-Komponenete bekannt sind. Die Liste enthält Zeichenketten der Form Name:Farbe, wobei die Farbe als HTML-Hextriplet anzugeben ist.</longdesc>
                </local_schema>
                <local_schema locale="sr@Latn" short_desc="Lista oznaka i njima dodeljenih boja">
                        <longdesc>Lista oznaka koje poznaje poštanski deo Evolucije. Lista sadrži nizove oblika ime:boja gde boja koristi HTML hex kodiranje.</longdesc>
                </local_schema>
                <local_schema locale="pa" short_desc="ਲੇਬਲ ਸੂਚੀ ਅਤੇ ਸੰਬੰਧਿਤ ਰੰਗ">
                        <longdesc>ਈਵੇਲੂਸ਼ਨ ਦੇ ਪੱਤਰ ਭਾਗ ਲਈ ਪਛਾਣ ਦੀ ਲੇਬਲ ਸੂਚੀ ਹੈ। ਇਹ ਸੂਚੀ ਉਹ ਸਾਰੇ ਰੰਗ ਰੱਖਦੀ ਹੈ, ਜੋ ਕਿ HTML ਹੈਕਸਾ ਇੰਕੋਡਿੰਗ ਲਈ ਵਰਤੇ ਜਾਦੇ ਹਨ।</longdesc>
                </local_schema>
                <local_schema locale="gu" short_desc="લેબલો અને તેની સાથે સંકળાયેલ રંગોની યાદી">
                        <longdesc>ઈવોલ્યુશનના મેઈલ ભાગને જાણતા લેબલોની યાદી. યાદી શબ્દમાળાઓ ધરાવે છે જે નામ:રંગ ધરાવે છે કે જ્યાં રંગો HTML હેક્ઝ સંગ્રહપદ્ધતિ વાપરે છે.</longdesc>
                </local_schema>
                <local_schema locale="sr" short_desc="Листа ознака и њима додељених боја">
                        <longdesc>Листа ознака које познаје поштански део Еволуције. Листа садржи низове облика име:боја где боја користи HTML hex кодирање.</longdesc>
                </local_schema>
                <local_schema locale="ja" short_desc="ラベルと対応する色のリスト">
                        <longdesc>Evolution メール作成ウィンドウで利用するラベルのリストです。このリストには name:color という形式で HTML で使用する色 (16形式) が含まれています。</longdesc>
                </local_schema>
                <local_schema locale="sq" short_desc="Lista e etiketave dhe ngjyrat relative">
                        <longdesc>Lista e etiketave të njohura nga komponenti mail i Evolution. Lista përmban vlerat me emri:ngjyra ku ngjyra përdor kodifikimin hex të HTML</longdesc>
                </local_schema>
                <local_schema locale="da" short_desc="Liste over etiketter og deres associerede farver">
                        <longdesc>Liste over etiketter som Evolutions e-post-komponent kender. Listen indeholder strenge indeholdende navn:farve, hvor farve benytter sig af HTML-hex-kodning.</longdesc>
                </local_schema>
                <local_schema locale="xh" short_desc="Uluhlu lweelebhile kunye nemibala enxulumaniswa nalo">
                        <longdesc>Uluhlu lweelebhile ezaziwayo kuvimba we-imeyili ye-Evolution. Olu luhlu luqulethe amabinzana aqulethe amagama:imibala apho imibala isebenzisa ikhowudi ye-HTML hex.</longdesc>
                </local_schema>
                <local_schema locale="zh_TW" short_desc="標籤和相關色彩的清單">
                        <longdesc>Evolution 的郵件元件已知的標籤清單。清單包含字串，其中包含 name:color，color 使用 HTML 十六進位編碼。</longdesc>
                </local_schema>
                <local_schema locale="fi" short_desc="Merkinnät ja niihin liittyvät värit">
                        <longdesc>Evolutionin sähköpostiosan tuntemat etiketit. Lista sisältää nimi:väri pareja, jossa väri on määäritelty HTML-värien heksadesimaalisessa muodossa.</longdesc>
                </local_schema>
                <local_schema locale="hu" short_desc="Címkék és a hozzájuk rendelt színek listája">
                        <longdesc>Az Evolution levelezője által ismert címkék listája. A lista név:szín alakú párokat tartalmaz, ahol a szín a HTML hexa kódolást használva van felírva.</longdesc>
                </local_schema>
                <local_schema locale="tr" short_desc="Etiketlerin Listesi ve onların ilişkilendirilen renkleri">
                        <longdesc>Evolution&apos;un posta bileşeninin bildiği etiketlerin listesi. Liste renklerin HTML hex kodlamasını kullandığı isim:renk dizgilerini içerir.</longdesc>
                </local_schema>
                <local_schema locale="en_GB" short_desc="List of Labels and their associated colours">
                        <longdesc>List of labels known to the mail component of Evolution. The list contains strings containing name:colour where colour uses the HTML hex encoding.</longdesc>
                </local_schema>
                <local_schema locale="cy" short_desc="Rhestr o Labeli a&apos;r lliwiau sy&apos;n gysylltiedig">
                        <longdesc>Rhestr o labeli y gŵyr cydran ebost Evolution amdanynt.  Mae&apos;r rhestr yn cynnwys llinynnau sy&apos;n cynnwys enw:lliw lle mae lliw yn defnyddio&apos;r amgodiad hecs HTML.</longdesc>
                </local_schema>
                <local_schema locale="gl" short_desc="Lista de etiquetas e súas cores asociadas">
                        <longdesc>Lista de etiquetas coñecidas para o compoñente de correo de Evolution. A lista contén cadeas co nome:cor onde cor usa a codificación hex HTML.</longdesc>
                </local_schema>
                <local_schema locale="mk" short_desc="Листа на ознаки и нивните асоцирани бои">
                        <longdesc>Листа на ознаки познати на mail компонентата на Еволушн. Листата содржи стрингови кои содржат name:color каде бојата го користи hex енкодингот на HTML.</longdesc>
                </local_schema>
                <local_schema locale="no" short_desc="Liste over etiketter og deres assosierte farger">
                        <longdesc>Liste over etiketter som e-postkomponenten til Evolution kjenner til. Listen inneholder strenger som inneholder «name:color» hvor «color» bruker HTML hex koding.</longdesc>
                </local_schema>
                <local_schema locale="nn" short_desc="Liste over merkelappar og fargane deira">
                        <longdesc>Liste over merkelappar e-post-delen av Evolution veit om. Lista inneheld strengar som inneheld «name:color» der fargen brukar HTML hex-koding.</longdesc>
                </local_schema>
                <local_schema locale="it" short_desc="Elenco delle etichette e dei colori associati">
                        <longdesc>Elenco delle etichette note al componente di posta di Evolution. L&apos;elenco contiene delle stringhe del tipo NOME:COLORE, dove COLORE usa la notazione esadecimale dell&apos;HTML.</longdesc>
                </local_schema>
                <local_schema locale="bn" short_desc="লেবেলের তালিকা এবং তাদের সাথে যুক্ত রঙ">
                        <longdesc>Evolution-র মেইল কম্পোনেন্টের পরিচিত লেবেলের তালিকা। এই তালিকায় নাম:রং লেখা কিছু পংক্তি অন্তর্ভুক্ত করা আছে এবং রং-এর জন্য HTML hex এনকোডিং ব্যবহার করা হয়।</longdesc>
                </local_schema>
                <local_schema locale="fa" short_desc="فهرست برچسب‌ها و رنگ‌های وابسته به آنها">
                </local_schema>
                <local_schema locale="nl" short_desc="Lijst met labels en de bijpassende kleuren">
                        <longdesc>Lijst met labels die bij het mail onderdeel van Evolution bekend zijn. De lijst bestaat uit tekenreeksen met naam:kleur waarbij kleur in HTML hex-codering is.</longdesc>
                </local_schema>
                <local_schema locale="cs" short_desc="Seznam štítků a jim přiřazených barev">
                        <longdesc>Seznam štítků, které zná komponenta pošty Evolution. Seznam obsahuje řetězce tvaru název:barva, kde barva používá kódování HTML hex.</longdesc>
                </local_schema>
                <local_schema locale="th" short_desc="รายชื่อป้ายและสีที่ใช้">
                        <longdesc>รายชื่อของป้ายที่ใช้ในองค์ประกอบเมลของ Evolution  รายชื่อนี้เป็นรายการของสตริงในรูป ชื่อ:สี โดยแทนสีด้วยรูปแบบฐานสิบหกแบบ HTML</longdesc>
                </local_schema>
        </entry>
</gconf>
