<?xml version="1.0" encoding="utf-8"?>
<mime-type xmlns="http://www.freedesktop.org/standards/shared-mime-info" type="text/html">
<!--Created automatically by update-mime-database. DO NOT EDIT!-->
  <comment>HTML document</comment>
  <comment xml:lang="be@latin">Dakument HTML</comment>
  <comment xml:lang="bg">Документ — HTML</comment>
  <comment xml:lang="ca">document HTML</comment>
  <comment xml:lang="cs">Dokument HTML</comment>
  <comment xml:lang="de">HTML-Dokument</comment>
  <comment xml:lang="en_GB">HTML document</comment>
  <comment xml:lang="es">documento HTML</comment>
  <comment xml:lang="eu">HTML dokumentua</comment>
  <comment xml:lang="fi">HTML-asiakirja</comment>
  <comment xml:lang="fr">document HTML</comment>
  <comment xml:lang="ga">cáipéis HTML</comment>
  <comment xml:lang="hu">HTML dokumentum</comment>
  <comment xml:lang="id">Dokumen HTML</comment>
  <comment xml:lang="it">Documento HTML</comment>
  <comment xml:lang="ko">HTML 문서</comment>
  <comment xml:lang="lt">HTML dokumentas</comment>
  <comment xml:lang="nb">HTML-dokument</comment>
  <comment xml:lang="nl">HTML-document</comment>
  <comment xml:lang="nn">HTML-dokument</comment>
  <comment xml:lang="pl">Dokument HTML</comment>
  <comment xml:lang="pt_BR">Documento HTML</comment>
  <comment xml:lang="ru">документ HTML</comment>
  <comment xml:lang="sv">HTML-dokument</comment>
  <comment xml:lang="uk">Документ HTML</comment>
  <comment xml:lang="vi">Tài liệu HTML</comment>
  <acronym>HTML</acronym>
  <expanded-acronym>HyperText Markup Language</expanded-acronym>
  <sub-class-of type="text/plain"/>
</mime-type>
