<?xml version="1.0" encoding="utf-8"?>
<mime-type xmlns="http://www.freedesktop.org/standards/shared-mime-info" type="text/x-adasrc">
<!--Created automatically by update-mime-database. DO NOT EDIT!-->
  <comment>Ada source code</comment>
  <comment xml:lang="be@latin">Kryničny kod Ada</comment>
  <comment xml:lang="bg">Изходен код — Ada</comment>
  <comment xml:lang="ca">codi font en Ada</comment>
  <comment xml:lang="cs">Zdrojový kód v Adě</comment>
  <comment xml:lang="da">Ada-kildekode</comment>
  <comment xml:lang="de">Ada-Quelltext</comment>
  <comment xml:lang="el">πηγαίος κώδικας Ada</comment>
  <comment xml:lang="en_GB">Ada source code</comment>
  <comment xml:lang="eo">Ada-fontkodo</comment>
  <comment xml:lang="es">código fuente en Ada</comment>
  <comment xml:lang="eu">Ada iturburu-kodea</comment>
  <comment xml:lang="fi">Ada-lähdekoodi</comment>
  <comment xml:lang="fr">code source Ada</comment>
  <comment xml:lang="ga">cód foinseach Ada</comment>
  <comment xml:lang="hu">Ada-forráskód</comment>
  <comment xml:lang="id">Kode program Ada</comment>
  <comment xml:lang="it">Codice sorgente Ada</comment>
  <comment xml:lang="ja">Ada ソースコード</comment>
  <comment xml:lang="ko">Ada 소스 코드</comment>
  <comment xml:lang="lt">Ada pradinis kodas</comment>
  <comment xml:lang="ms">Kod sumber Ada</comment>
  <comment xml:lang="nb">Ada-kildekode</comment>
  <comment xml:lang="nl">Ada-broncode</comment>
  <comment xml:lang="nn">Ada-kjeldekode</comment>
  <comment xml:lang="pl">Kod źródłowy w Ada</comment>
  <comment xml:lang="pt">código fonte Ada</comment>
  <comment xml:lang="pt_BR">Código fonte Ada</comment>
  <comment xml:lang="ru">программа на языке Ada</comment>
  <comment xml:lang="sq">Kod burues Ada</comment>
  <comment xml:lang="sr">Ада изворни ко̂д</comment>
  <comment xml:lang="sv">Ada-källkod</comment>
  <comment xml:lang="uk">Вихідний код на мові Ada</comment>
  <comment xml:lang="vi">Mã nguồn Ada</comment>
  <comment xml:lang="zh_CN">Ada 源代码</comment>
  <comment xml:lang="zh_TW">Ada 源代碼</comment>
  <sub-class-of type="text/plain"/>
</mime-type>
