<?xml version="1.0" encoding="utf-8"?>
<mime-type xmlns="http://www.freedesktop.org/standards/shared-mime-info" type="text/x-fortran">
<!--Created automatically by update-mime-database. DO NOT EDIT!-->
  <comment>Fortran source code</comment>
  <comment xml:lang="az">Fortran mənbə kodu</comment>
  <comment xml:lang="be@latin">Kryničny kod Fortran</comment>
  <comment xml:lang="bg">Изходен код — Fortran</comment>
  <comment xml:lang="ca">codi font en Fortran</comment>
  <comment xml:lang="cs">Zdrojový kód Fortran</comment>
  <comment xml:lang="cy">Ffynhonnell rhaglen FORTRAN</comment>
  <comment xml:lang="da">Fortran-kildekode</comment>
  <comment xml:lang="de">Fortran-Quelltext</comment>
  <comment xml:lang="el">πηγαίος κώδικας Fortran</comment>
  <comment xml:lang="en_GB">Fortran source code</comment>
  <comment xml:lang="eo">Fotran-fontkodo</comment>
  <comment xml:lang="es">código fuente en Fortran</comment>
  <comment xml:lang="eu">Fortran-en iturburu-kodea</comment>
  <comment xml:lang="fi">Fortran-lähdekoodi</comment>
  <comment xml:lang="fr">code source Fortran</comment>
  <comment xml:lang="ga">cód foinseach Fortran</comment>
  <comment xml:lang="hu">Fortran-forráskód</comment>
  <comment xml:lang="id">Kode program Fortran</comment>
  <comment xml:lang="it">Codice sorgente Fortran</comment>
  <comment xml:lang="ja">Fortran ソースコード</comment>
  <comment xml:lang="ko">포트란 소스 코드</comment>
  <comment xml:lang="lt">Fortran pradinis kodas</comment>
  <comment xml:lang="ms">kod sumber Fortran</comment>
  <comment xml:lang="nb">Fortran-kildekode</comment>
  <comment xml:lang="nl">Fortran-broncode</comment>
  <comment xml:lang="nn">Fortran-kjeldekode</comment>
  <comment xml:lang="pl">Kod źródłowy Fortrana</comment>
  <comment xml:lang="pt">código fonte Fortran</comment>
  <comment xml:lang="pt_BR">Código fonte Fortran</comment>
  <comment xml:lang="ru">исходные коды на языке Fortran</comment>
  <comment xml:lang="sq">Kod burues Fortran</comment>
  <comment xml:lang="sr">Фортран изворни ко̂д</comment>
  <comment xml:lang="sv">Fortran-källkod</comment>
  <comment xml:lang="uk">Вихідний код на мові Fortran</comment>
  <comment xml:lang="vi">Mã nguồn Fortran</comment>
  <comment xml:lang="zh_CN">Fortran 源代码</comment>
  <comment xml:lang="zh_TW">Fortran 源代碼</comment>
  <sub-class-of type="text/plain"/>
</mime-type>
