<?xml version="1.0" encoding="utf-8"?>
<mime-type xmlns="http://www.freedesktop.org/standards/shared-mime-info" type="text/x-gettext-translation">
<!--Created automatically by update-mime-database. DO NOT EDIT!-->
  <comment>translation file</comment>
  <comment xml:lang="be@latin">fajł pierakładu</comment>
  <comment xml:lang="bg">Превод</comment>
  <comment xml:lang="ca">fitxer traducció</comment>
  <comment xml:lang="cs">Soubor překladu</comment>
  <comment xml:lang="es">archivo de traducción</comment>
  <comment xml:lang="eu">itzulpen-fitxategia</comment>
  <comment xml:lang="fi">käännöstiedosto</comment>
  <comment xml:lang="fr">fichier de traduction</comment>
  <comment xml:lang="ga">comhad aistrithe</comment>
  <comment xml:lang="hu">fordítási fájl</comment>
  <comment xml:lang="id">berkas terjemahan</comment>
  <comment xml:lang="it">File traduzione</comment>
  <comment xml:lang="ko">번역 파일</comment>
  <comment xml:lang="lt">vertimo failas</comment>
  <comment xml:lang="nb">oversettelsesfil</comment>
  <comment xml:lang="nl">vertalingsbestand</comment>
  <comment xml:lang="pt_BR">Arquivo de tradução</comment>
  <comment xml:lang="ru">шаблон переводов сообщений</comment>
  <comment xml:lang="sv">översättningsfil</comment>
  <comment xml:lang="vi">tập tin dịch</comment>
  <sub-class-of type="text/plain"/>
</mime-type>
