<?xml version="1.0" encoding="utf-8"?>
<mime-type xmlns="http://www.freedesktop.org/standards/shared-mime-info" type="text/x-ocl">
<!--Created automatically by update-mime-database. DO NOT EDIT!-->
  <comment>OCL file</comment>
  <comment xml:lang="be@latin">Fajł OCL</comment>
  <comment xml:lang="bg">Файл — OCL</comment>
  <comment xml:lang="ca">fitxer OCL</comment>
  <comment xml:lang="cs">Soubor OCL</comment>
  <comment xml:lang="de">OCL-Datei</comment>
  <comment xml:lang="es">archivo OCL</comment>
  <comment xml:lang="eu">OCL fitxategia</comment>
  <comment xml:lang="fi">OCL-tiedosto</comment>
  <comment xml:lang="fr">fichier OCL</comment>
  <comment xml:lang="ga">comhad OCL</comment>
  <comment xml:lang="hu">OCL fájl</comment>
  <comment xml:lang="id">Berkas OCL</comment>
  <comment xml:lang="it">File OCL</comment>
  <comment xml:lang="ko">OCL 파일</comment>
  <comment xml:lang="lt">OCL rinkmena</comment>
  <comment xml:lang="nb">OCL-fil</comment>
  <comment xml:lang="nl">OCL-bestand</comment>
  <comment xml:lang="pl">Plik OCL</comment>
  <comment xml:lang="pt_BR">Arquivo OCL</comment>
  <comment xml:lang="sv">OCL-fil</comment>
  <comment xml:lang="uk">Файл OCL</comment>
  <comment xml:lang="vi">Tập tin OCL</comment>
  <acronym>OCL</acronym>
  <expanded-acronym>Object Constraint Language</expanded-acronym>
  <sub-class-of type="text/plain"/>
</mime-type>
