<?xml version="1.0"?>
<gconf>
        <entry name="disable_all" mtime="1157589614" type="schema" stype="bool" owner="gnome">
                <local_schema locale="pt" short_desc="Desactivar todos os geradores de amostras externos">
                        <longdesc>Definir como verdadeiro para desactivar todas as aplicações externas de geração de amostras, independentemente de serem ou não activadas/desactivadas independentemente.</longdesc>
                </local_schema>
                <local_schema locale="hi" short_desc="सभी बाहरी थम्बनेलर्स अक्षम करें">
                        <longdesc>सभी बाह्य थंबनेलर प्रोग्राम को निष्क्रिय करने के लिये सही वे स्वतंत्र रूप से निष्क्रिय हैं या नहीं</longdesc>
                </local_schema>
                <local_schema locale="zh_HK" short_desc="停止使用任何製作縮圖的程式">
                        <longdesc>如設定為“true”，會停止產生任何縮圖，而不理會各種製作縮圖的程式是否已經個別被啟用或者停止使用</longdesc>
                </local_schema>
                <local_schema locale="uk" short_desc="Вимкнути всі зовнішні мініатюризатори">
                        <longdesc>Відмітьте, для вимикання всіх зовнішніх програм мініатюризації, незалежно від того, чи вони ввімкнені іншими способами.</longdesc>
                </local_schema>
                <local_schema locale="ne" short_desc="संपूर्ण बाह्य हस्तचालकलाई असक्षम पार्नुहोस्">
                        <longdesc>स्वतन्त्ररुपमा अक्षम/सक्षम पारिएका संपूर्ण बाह्य स्वतन्त्र हस्तचालक कार्यलाई अक्षम पार्नु ट्रु मा सेट गर्नुहोस्  ।</longdesc>
                </local_schema>
                <local_schema locale="en_CA" short_desc="Disable all external thumbnailers">
                        <longdesc>Set to true to disable all external thumbnailer programs, independent on whether they are independently disabled/enabled.</longdesc>
                </local_schema>
                <local_schema locale="bg" short_desc="Изключване на всички външни програми за създаване на смалени изображения">
                        <longdesc>Укажете „истина“, за да се изключат всички външни програми за създаване на смалени изображения, независимо дали поотделно са включени или не.</longdesc>
                </local_schema>
                <local_schema locale="he" short_desc="Disable all external thumbnailers">
                        <longdesc>Set to true to disable all external thumbnailer programs, independent on whether they are independently disabled/enabled.</longdesc>
                </local_schema>
                <local_schema locale="zh_CN" short_desc="禁用所有外部缩略图程序">
                        <longdesc>设为 true 可禁用所有外部缩略图程序，而不管这些程序自身是启用还是禁用。</longdesc>
                </local_schema>
                <local_schema locale="be" short_desc="Выключыць усе вонкавыя стваральнікі мініятураў">
                        <longdesc>Усталюйце ў &quot;Ісьціна&quot;, каб выключыць усе вонкавыя праграмы для стварэньня мініяцюраў; гэта не залежыць ад таго, ці ўключаны/выключаны яна паасобку.</longdesc>
                </local_schema>
                <local_schema locale="ta" short_desc="வெளி சிறுபடங்களை செயல்படுத்தாதே">
                        <longdesc>வெளி சிறுபட நிரல்களை செயல்படுத்தாமல் இருக்க இதை உண்மை என அமைக்க வேண்டும், தனித்தனியே செயலிழக்க செய்யலாம்/செயல்படுத்தலாம்</longdesc>
                </local_schema>
                <local_schema locale="nb" short_desc="Deaktiver alle eksterne miniatyrfunksjoner">
                        <longdesc>Sett til sann for å deaktivere alle eksterne programmer for miniatyrer, uavhengig av om de er individuelt aktive eller ikke.</longdesc>
                </local_schema>
                <local_schema locale="C" short_desc="Disable all external thumbnailers">
                        <default type="bool" value="false">
                        </default>
                        <longdesc>Set to true to disable all external thumbnailer programs, independent on whether they are independently disabled/enabled.</longdesc>
                </local_schema>
                <local_schema locale="pt_BR" short_desc="Desativar todos os criadores de miniaturas externos">
                        <longdesc>Defina verdadeiro para desligar todos os programas criadores de miniaturas externos, independente de se eles estão independentemente desligados/ligados.</longdesc>
                </local_schema>
                <local_schema locale="eu" short_desc="Desgaitu kanpoko koadro txikitzaileak">
                        <longdesc>Ezarri egia kanpoko koadro txikitzaileen programa guztiak desgaitzeko, beren kabuz gaituta/desgaituta dauden kontuan hartu gabe.</longdesc>
                </local_schema>
                <local_schema locale="pl" short_desc="Wyłączenie zewnętrznych programów tworzących miniaturki">
                        <longdesc>Określa czy wyłączyć zewnętrzne programy tworzące miniaturki, niezależnie od tego czy są one oddzielnie włączone/wyłączone.</longdesc>
                </local_schema>
                <local_schema locale="es" short_desc="Desactivar todos los miniaturizadores externos">
                        <longdesc>Establecer a «true» para desactivar todos los programas miniaturizadores externos, independientemente de si estos están activados o desactivados independientemente.</longdesc>
                </local_schema>
                <local_schema locale="vi" short_desc="Tắt mọi trình hiển ảnh thu nhỏ bên ngoài.">
                        <longdesc>Đặt Đúng (true) để vô hiệu hoá mọi trình hiển ảnh thu nhỏ bên ngoài, không cần biết chúng có bị vô hiệu hoá hay không.</longdesc>
                </local_schema>
                <local_schema locale="ru" short_desc="Отключить все внешние миниатюризаторы">
                        <longdesc>Установить в ИСТИННО для отключения всех внешних программ миниатюризации, независимо от того, включены или отключены они другими способами.</longdesc>
                </local_schema>
                <local_schema locale="lv" short_desc="Deaktivizēt visus ārējos sīktēlus">
                        <longdesc>Atzīmējiet, lai deaktivizētu visas ārējās sīktēlošanas programmas, neatkarīgi no tā vai tās pašas par sevi ir aktivizētas/deaktivizētas.</longdesc>
                </local_schema>
                <local_schema locale="id" short_desc="Matikan semua pembuat gambar kecil eksternal">
                        <longdesc>Nyalakan untuk menonaktifkan semua program pembuat gambar kecil, terserah nantinya mau dinonaktifkan/dinyalakan per program atau tidak.</longdesc>
                </local_schema>
                <local_schema locale="ko" short_desc="외부 썸네일 프로그램을 모두 사용하지 않음">
                        <longdesc>모든 외부 썸네일 프로그램을 사용하지 않으면 true로 설정.  외부 썸네일 프로그램을 독립적으로 사용/사용하지 않게 만든 것과는 무관합니다.</longdesc>
                </local_schema>
                <local_schema locale="lt" short_desc="Atjungti visus išorinius miniatiūrų generatorius">
                        <longdesc>Nustatykite teigiamai, jei norite blokuoti visas išorines miniatiūrų generavimo peržiūros programas, nepriklausomai nuo to, ar jos yra atskirai įjungtos/išjungtos.</longdesc>
                </local_schema>
                <local_schema locale="az" short_desc="Bütün xarici ön nümayişçiləri qeyri-fəallaşdır">
                        <longdesc>Bütün xarici ön nümayişçiləri qeyri-fəallaşdırmaq üçün seçin</longdesc>
                </local_schema>
                <local_schema locale="ca" short_desc="Inhabilita tots els creadors de miniatures externs">
                        <longdesc>Establiu a cert per a inhabilitar tots els programes externs de creació de miniatures, independentment de si estan habilitats o inhabilitats per la seva banda.</longdesc>
                </local_schema>
                <local_schema locale="sv" short_desc="Inaktivera alla externa skapare av miniatyrbilder">
                        <longdesc>Ställ till sant för att inaktivera alla externa program som skapar miniatyrbilder, oavsett om de aktiveras/inaktiveras individuellt.</longdesc>
                </local_schema>
                <local_schema locale="el" short_desc="Απενεργοποίηση όλων των εξωτερικών προγραμμάτων προεπισκόπησης">
                        <longdesc>Ορισμός σε true για την απενεργοποίηση όλων των εξωτερικών προγραμμάτων προεπισκόπησης ανεξάρτητα από το αν είναι απενεργοποιημένα ή ενεργοποιημένα.</longdesc>
                </local_schema>
                <local_schema locale="fr" short_desc="Désactiver tous les programme de vignettage externe">
                        <longdesc>Définir à vrai pour désactiver tous les programmes de vignettage externe, qu&apos;ils soient indépendemment activé ou désactivé.</longdesc>
                </local_schema>
                <local_schema locale="sr@ije" short_desc="Искључи све спољашње приказиваче">
                        <longdesc>Поставите да бисте искључили све спољашње програме за прављење малих приказа, независно од тога да ли су они самостално искључени или укључени.</longdesc>
                </local_schema>
                <local_schema locale="ro" short_desc="Dezactivează crearea miniaturilor pentru toate aplicaţiile externe">
                        <longdesc>Setaţi această valoare ca „true” pentru a dezactiva crearea miniaturilor în toate programele grafice externe, independent de setările lor individuale.</longdesc>
                </local_schema>
                <local_schema locale="de" short_desc="Alle externen Miniatur-Vorschaubilderzeuger deaktivieren">
                        <longdesc>Sollen alle externen Programme zum Erzeugen von Miniatur-Vorschaubildern deaktiviert werden, unabhängig davon, ob sie anderweitig aktiviert wurden?</longdesc>
                </local_schema>
                <local_schema locale="sr@Latn" short_desc="Isključi sve spoljašnje prikazivače">
                        <longdesc>Postavite da biste isključili sve spoljašnje programe za pravljenje malih prikaza, nezavisno od toga da li su oni samostalno isključeni ili uključeni.</longdesc>
                </local_schema>
                <local_schema locale="pa" short_desc="ਹਰੇਕ ਬਾਹਰੀ ਥੰਬਨੇਲਰ ਨੂੰ ਅਯੋਗ ਕਰੋ">
                        <longdesc>ਹਰੇਕ ਬਾਹਰੀ ਥੰਬਨੇਲਰ ਨੂੰ ਅਯੋਗ ਕਰੋ ਨੂੰ ਸੱਚ ਨਿਰਧਾਰਿਤ ਕਰਨ ਲਈ, ਇਹ ਵੇਖੇ ਬਿਨਾਂ ਕਿ ਇੱਕਲਾ-ਇੱਕਲਾ ਅਯੋਗ/ਯੋਗ ਹੈ ਜਾਂ ਨਹੀਂ।</longdesc>
                </local_schema>
                <local_schema locale="gu" short_desc="બધા બાહ્ય થમ્બનેઈલરો નિષ્ક્રિય કરો">
                        <longdesc>બધા બાહ્ય થમ્બનેઈલર કાર્યક્રમો નિષ્ક્રિય કરવા માટે ખરુ સુયોજિત કરો, શુ તેઓ સ્વતંત્ર રીતે નિષ્ક્રિય/સક્રિય હોય એના પર આધારિત નથી.</longdesc>
                </local_schema>
                <local_schema locale="sr" short_desc="Искључи све спољашње приказиваче">
                        <longdesc>Поставите да бисте искључили све спољашње програме за прављење малих приказа, независно од тога да ли су они самостално искључени или укључени.</longdesc>
                </local_schema>
                <local_schema locale="ja" short_desc="サムネイル表示する外部のプログラムを全て無効にする">
                        <longdesc>TRUE にすると、サムネイル表示する外部プログラムを (外部プログラムの有効/無効に関わらず) 全て無効にします。</longdesc>
                </local_schema>
                <local_schema locale="sq" short_desc="Ç&apos;aktivo të gjithë krijuesit e jashtëm të miniaturave">
                        <longdesc>Vendose në «e vërtetë» që të disaktivohen të gjithë programet e jashtëm për të krijuar miniatura, pavarësisht nga rregullimi i tyre.</longdesc>
                </local_schema>
                <local_schema locale="da" short_desc="Deaktivér alle eksterne miniaturegenereringer">
                        <longdesc>Om alle eksterne miniaturegenereringer skal deaktiveres, uafhængigt af om de bliver deaktiveret/aktiveret hver for sig.</longdesc>
                </local_schema>
                <local_schema locale="xh" short_desc="Vala zonke izityhili ezikhawulezayo zangaphandle">
                        <longdesc>Setela kwinyaniso ukuvala zonke iinkqubo zangaphandle zokutyhila okukhawulezayo, ezizimeleyo noba zivalwe/zivulwe ngokuzimeleyo.</longdesc>
                </local_schema>
                <local_schema locale="ar" short_desc="إلغاء كل صور التلميح الخارجية">
                        <longdesc>ضبط لـ true لتعطيل كل البرامج الخارجية لانشاء صور التلميح،يتوقف استقلال الفعل عما إذا ستعطل/تفعل مفردة.</longdesc>
                </local_schema>
                <local_schema locale="zh_TW" short_desc="停止使用任何製作縮圖的程式">
                        <longdesc>如設定為“true”，會停止產生任何縮圖，而不理會各種製作縮圖的程式是否已經個別被啟用或者停止使用</longdesc>
                </local_schema>
                <local_schema locale="mn" short_desc="Бүх гадаад мини харагдалтыг хаах">
                        <longdesc>Хэрвээ идэвхижүүлбэл бүх гадаад мини харагдалттай програмыг тэд тусдаа нээлттэй/хаалттай эсэхийг үл харгалзан хаана.</longdesc>
                </local_schema>
                <local_schema locale="fi" short_desc="Poista erilliset pienoiskuvien tuottajat käytöstä">
                        <longdesc>Kun tämä on &quot;true&quot; (tosi), mitään erillisiä pienoiskuvien teko-ohjelmia ei käytetä, riippumatta siitä, mitä yksittäisissä kohdissa on valittu.</longdesc>
                </local_schema>
                <local_schema locale="hu" short_desc="Minden külső előnézet-program kikapcsolása">
                        <longdesc>Állítsa igazra az összes külső előnézet-program kikapcsolásához, függetlenül attól, hogy ezek egyenként ki vagy be vannak-e kapcsolva.</longdesc>
                </local_schema>
                <local_schema locale="tr" short_desc="Tüm dış öngörünümleri iptal et">
                        <longdesc>Eğer seçiliyse, ayrı ayrı kapat/etkinleştir ayarlarından bağımsız olarak tüm dış öngörünüm programlarını iptal eder.</longdesc>
                </local_schema>
                <local_schema locale="sl" short_desc="Izklopi vse zunanje izdelovalce pomanjšanih sličic">
                        <longdesc>Nastavi na true za izklop vseh zunanjih izdelovalcev pomanjšanih sličic, neodvisno od tega ali so vključeni ali izključeni.</longdesc>
                </local_schema>
                <local_schema locale="ka" short_desc="ყველა გარე მინიატურების ამორთვა">
                        <longdesc>მიუთითეთ &apos;ჭეშმარიტი&apos; ჩართეთ ყველა გარე მინიატურების პროგრამის ამოსართავად, დამოუკიდებელი - მათ დამოუკიდებლად ამორთვა/ჩასართავად.</longdesc>
                </local_schema>
                <local_schema locale="en_GB" short_desc="Disable all external thumbnailers">
                        <longdesc>Set to true to disable all external thumbnailer programs, independent on whether they are independently disabled/enabled.</longdesc>
                </local_schema>
                <local_schema locale="sk" short_desc="Deaktivovať všetky externé vytvárače náhľadov">
                        <longdesc>Nastaviť na true, aby sa deaktivovali všetky externé programy na tvorbu náhľadov, nezávisle od toho, či sú jednotlivo deaktivované/aktivované.</longdesc>
                </local_schema>
                <local_schema locale="mk" short_desc="Оневозможи ги сите надворешни сликички">
                        <longdesc>Поставете го на точно за да ги оневозможите сите надворешни програми за преглед на сликички.</longdesc>
                </local_schema>
                <local_schema locale="cy" short_desc="Analluogi pob teclyn allanol i greu braslun">
                        <longdesc>Gosod yn wir er mwyn analluogi pob rhaglen allanol i greu brasluniau, a ydynt wedi eu galluogi/analluogi yn unigol ai peidio.</longdesc>
                </local_schema>
                <local_schema locale="gl" short_desc="Desactivar todas as miniaturizacións externas">
                        <longdesc>Establecer a verdadeiro para desactivar todos os programas miniaturizadores externos, independentemente de se estos están activados ou desactivados independentemente.</longdesc>
                </local_schema>
                <local_schema locale="hr" short_desc="Isključuje sve vanjske sličice">
                        <longdesc>Postavi potvrdno za isključivanje svih vanjskih programa za prikazivanje sličica, neovisno o tome dali su nezavisno uključeni ili isključeni.</longdesc>
                </local_schema>
                <local_schema locale="bs" short_desc="Onemogući sve vanjske sličice">
                        <longdesc>Postavi na istinito za isključivanje svih vanjskih programa za sličice, nezavisno da li su zasebno o(ne)mogućeni.</longdesc>
                </local_schema>
                <local_schema locale="bn_IN" short_desc="সমস্ত বহিস্থিত থাম্ব-নেইল নিষ্ক্রিয় করা হবে">
                        <longdesc>থাম্ব-নেইল প্রোগ্রামগুলি স্বতন্ত্ররূপে নিষ্ক্রিয়/সক্রিয় থাকলেও সমস্ত বহিস্থিত থাম্ব-নেইল প্রোগ্রাম নিষ্ক্রিয় করতে মান true (সত্য) নির্ধারণ করুন।</longdesc>
                </local_schema>
                <local_schema locale="nn" short_desc="Slå av alle eksterne miniatyrlagarar">
                        <longdesc>Sett til sann for å slå av bruken av alle eksterne program som lagar miniatyrar, utan omsyn til om dei allereie er slått av eller på.</longdesc>
                </local_schema>
                <local_schema locale="it" short_desc="Disabilita tutti i creatori di miniature esterni">
                        <longdesc>Impostare a vero per disabilitare tutti i programmi esterni per creare provini e miniature, indipendentemente dalle impostazioni di ciascuno di essi.</longdesc>
                </local_schema>
                <local_schema locale="or" short_desc="ସବୁ ବାହ୍ଯ କ୍ଷୁଦ୍ର ଚିତ୍ରଣକୁ ନିଷ୍କ୍ରିୟ କରନ୍ତୁ">
                        <longdesc>ସବୁ ବାହ୍ଯ କ୍ଷୁଦ୍ର ଚିତ୍ରଣକୁ ନିଷ୍କ୍ରିୟ କରିବା ପାଇଁ ସତ ବିନ୍ଯାସ କରନ୍ତୁ, ସେହିଗୁଡ଼ିକ ସ୍ବତନ୍ତ୍ର ଭାବରେ ନିଷ୍କ୍ରିୟ/ସକ୍ରିୟ କରାଯାଇଛନ୍ତି କି ନାହିଁ.</longdesc>
                </local_schema>
                <local_schema locale="nl" short_desc="Externe miniaturiseringsprogramma&apos;s uitschakelen">
                        <longdesc>Instellen op waar om alle externe miniaturiseringsprogramma&apos;s uit te schakelen, ongeacht of ze individueel ingeschakeld/uitgeschakeld zijn.</longdesc>
                </local_schema>
                <local_schema locale="bn" short_desc="বহিস্থ সমস্ত থাম্বনেইলার নিস্ক্রিয় করো">
                        <longdesc>সমস্ত বহিস্থ থাম্বনেইলার প্রোগ্রাম নিস্ক্রিয় করতে সত্য সেট করুন, তারা স্বাধীনভাবে নিস্ক্রিয়/সক্রিয় হয় কিনা তার উপর এটি নির্ভর করে না।</longdesc>
                </local_schema>
                <local_schema locale="is" short_desc="Nota engin útvær smámyndatól">
                        <longdesc>Hakaðu við þetta til þess að koma í veg fyrir að öll útvær smámyndatól verði notuð, hvernig sem hvert þeirra er stillt.</longdesc>
                </local_schema>
                <local_schema locale="cs" short_desc="Zakázat všechny externí tvůrce miniatur">
                        <longdesc>Nastavte na true pro zákaz všech externích programů pro tvorbu miniatur, bez ohledu na to, jestli jsou jednotlivě zakázány/povoleny.</longdesc>
                </local_schema>
                <local_schema locale="th" short_desc="ปิดการใช้งานโปรแกรมแสดงรูปภาพย่อภายนอกทั้งหมด">
                        <longdesc>ตั้งเป็นค่าจริงเพื่อปิดการเรียกใช้โปรแกรมแสดงรูปภาพย่อภายนอกทั้งหมด โดยไม่สนใจว่าโปรแกรมแต่ละตัวเหล่านั้นจะมีการสั่งเปิดใช้หรือปิดการใช้งานต่างหากไว้หรือไม่</longdesc>
                </local_schema>
        </entry>
</gconf>
