<?xml version="1.0"?>
<gconf>
        <entry name="template" mtime="1136303092" type="schema" stype="string" owner="evolution-calendar">
        <local_schema locale="nb" short_desc="Ledig/opptatt mal-URL">
        </local_schema>
        <local_schema locale="lt" short_desc="„Laisvas/užsiėmęs“ šablono URL">
                <longdesc>URL šablonas naudojamas kaip atsarginis „laisvas/užsiėmęs“ informacijos skelbimo variantas, %u yra pakeičiama naudotojo el. pašto adreso dalimi ir %d yra pakeičiama domenu.</longdesc>
        </local_schema>
        <local_schema locale="gu" short_desc="મુક્ત/વ્યસ્ત ટેમ્પલેટ URL">
                <longdesc>મુક્ત/વ્યસ્ત માહિતી ફોલબેક તરીકે વાપરવાની URL ટેમ્પલેટ, %u એ મેઈલ સરનામાના વપરાશકર્તા ભાગથી બદલાઈ જશે અને %d એ ડોમેઈન દ્વારા બદલાઈ જશે.</longdesc>
        </local_schema>
        <local_schema locale="en_CA" short_desc="Free/busy template URL">
                <longdesc>The URL template to use as a free/busy data fallback. %u is replaced by the user part of the mail address and %d is replaced by the domain.</longdesc>
        </local_schema>
        <local_schema locale="vi" short_desc="Địa chỉ Mạng mẫu Rảnh/Bận">
                <longdesc>Mẫu địa chỉ Mạng cần dùng là dữ liệu Rảnh/Bận phục hồi: « %u » được thay thế bằng phần người dùng của địa chỉ thư, và « %d » được thay thế bằng miền của địa chỉ.</longdesc>
        </local_schema>
        <local_schema locale="no" short_desc="Ledig/opptatt mal-URL">
        </local_schema>
        <local_schema locale="es" short_desc="URL de la plantilla de disponibilidad">
                <longdesc>La plantilla URL para usar como datos de resguardo de disponibilidad, %u se reemplaza por la parte del usuario de la dirección de correo y %d se reemplaza por el dominio.</longdesc>
        </local_schema>
        <local_schema locale="C" short_desc="Free/busy template URL">
                <longdesc>The URL template to use as a free/busy data fallback, %u is replaced by the user part of the mail address and %d is replaced by the domain.</longdesc>
        </local_schema>
        <local_schema locale="nn" short_desc="Ledig/oppteken-mal-adresse">
                <longdesc>Adressemalen å bruka som standardverdi for ledig/oppteken-data. «%u» vert erstatta av brukar-delen av epost-adressa, og «%d» vert erstatta av domenet.</longdesc>
        </local_schema>
        <local_schema locale="fi" short_desc="Vapaa/varattu-mallin URL">
                <longdesc>URL-malli, jota käytetään vapaa/varattu tiedon varaosoitteena. %u korvataan sähköpostiosoitteen käyttäjäosalla ja %d aluenimellä.</longdesc>
        </local_schema>
        </entry>
        <entry name="uris" mtime="1136303092" type="schema" stype="list" owner="evolution-calendar" list_type="string">
        <local_schema locale="nb" short_desc="Tjener-URLer for ledig/opptatt-informasjon">
                <longdesc>Liste over tjener-URLer for publisering av ledig/opptatt tid.</longdesc>
        </local_schema>
        <local_schema locale="lt" short_desc="„Laisvas/užsiėmęs“ serverio URL">
                <longdesc>Sąrašas serverių URL skirtų „laisvas/užsiėmęs“ informacijos skelbimui.</longdesc>
        </local_schema>
        <local_schema locale="gu" short_desc="મુક્ત/વ્યસ્ત સર્વર URL">
                <longdesc>મુક્ત/વ્યસ્ત પ્રકાશનો માટેની સર્વર URL ની યાદી</longdesc>
        </local_schema>
        <local_schema locale="en_CA" short_desc="Free/busy server URLs">
                <longdesc>List of server URLs for free/busy publishing.</longdesc>
        </local_schema>
        <local_schema locale="vi" short_desc="Địa chỉ Mạng của máy phục vụ Rảnh/Bận">
                <longdesc>Danh sách các địa chỉ Mạng kiểu máy phục vụ để xuất bản thông tin Rảnh/Bận.</longdesc>
        </local_schema>
        <local_schema locale="no" short_desc="Tjener-URLer for ledig/opptatt-informasjon">
                <longdesc>Liste over tjener-URLer for publisering av ledig/opptatt tid.</longdesc>
        </local_schema>
        <local_schema locale="es" short_desc="URLs del servidor de disponibilidad">
                <longdesc>Lista de URLs del servidor para publicación de disponibilidad.</longdesc>
        </local_schema>
        <local_schema locale="C" short_desc="Free/busy server URLs">
                <default type="list" ltype="string">
                </default>
                <longdesc>List of server URLs for free/busy publishing.</longdesc>
        </local_schema>
        <local_schema locale="nn" short_desc="Ledig/oppteken-tenar-adresser">
                <longdesc>Liste over tenaradresser til ledig/oppteken-offentleggjering.</longdesc>
        </local_schema>
        <local_schema locale="fi" short_desc="Vapaa/varattu palvelinten URLit">
                <longdesc>Osoitteet URLeista, joissa julkaistaan vapaa/varattu tietoja.</longdesc>
        </local_schema>
        </entry>
</gconf>
