{
    "id": "rct2.scenery_group.scgmine",
    "authors": [
        "Chris Sawyer",
        "Simon Foster"
    ],
    "version": "1.0",
    "originalId": "0A188F87|SCGMINE |BAA04D4E",
    "sourceGame": [
        "rct2",
        "rct1"
    ],
    "objectType": "scenery_group",
    "properties": {
        "entries": [
            "rct2.scenery_large.smh1",
            "rct2.scenery_large.smh2",
            "rct2.scenery_large.smn1",
            "rct2.scenery_small.tbw",
            "rct2.scenery_small.tbr1",
            "rct2.scenery_small.tbr2",
            "rct2.scenery_small.tml",
            "rct2.scenery_small.tmw",
            "rct2.scenery_small.tbr3",
            "rct2.scenery_small.tbr4",
            "rct2.scenery_small.tmj",
            "rct2.footpath_banner.bn5",
            "rct2.footpath_item.littermn",
            "rct2.scenery_wall.wallwd8",
            "rct2.scenery_wall.wallwd16",
            "rct2.scenery_wall.wallwd32",
            "rct2.scenery_wall.wallwd33",
            "rct2.scenery_wall.wallmn32",
            "rct2.scenery_small.wdbase",
            "rct2.scenery_small.minroof1",
            "rct2.scenery_small.roof13",
            "toontowner.scenery_small.ttrfwd01",
            "toontowner.scenery_small.ttrfwd02",
            "toontowner.scenery_small.ttrfwd03",
            "toontowner.scenery_small.ttrfwd04",
            "toontowner.scenery_small.ttrfwd06",
            "toontowner.scenery_small.ttrfwd07",
            "toontowner.scenery_small.ttrfwd08"
        ],
        "priority": 28
    },
    "images": [
        "$RCT2:OBJDATA/SCGMINE.DAT[0..1]"
    ],
    "strings": {
        "name": {
            "en-GB": "Mine Theming",
            "fr-FR": "Thème minier",
            "de-DE": "Bergwerksthema",
            "es-ES": "Temática minera",
            "it-IT": "Tema miniera",
            "nl-NL": "Mijnthema",
            "sv-SE": "Gruv-tema",
            "ko-KR": "광산 테마",
            "zh-CN": "小人国主题",
            "zh-TW": "小人國",
            "pt-BR": "Temática de Mina",
            "cs-CZ": "Důlní kulisy",
            "ja-JP": "鉱山風のテーマ",
            "pl-PL": "Wystrój górniczy",
            "ru-RU": "Рудник",
            "eo-ZZ": "Mintemo",
            "ca-ES": "Temàtica minera",
            "fi-FI": "Kaivosteemaus"
        }
    }
}
