{
    "id": "rct2.scenery_group.scgurban",
    "authors": [
        "Chris Sawyer",
        "Simon Foster"
    ],
    "version": "1.0",
    "originalId": "0A188F87|SCGURBAN|B7B8C7C2",
    "sourceGame": [
        "rct2",
        "rct1ll"
    ],
    "objectType": "scenery_group",
    "properties": {
        "entries": [
            "rct2.scenery_large.shs1",
            "rct2.scenery_large.shs2",
            "rct2.scenery_large.sth",
            "rct2.scenery_large.sah",
            "rct2.scenery_large.sps",
            "rct2.scenery_large.sah2",
            "rct2.scenery_large.sah3",
            "rct2.scenery_large.sob",
            "rct2.scenery_wall.wallu132",
            "rct2.scenery_wall.wallu232"
        ],
        "priority": 33
    },
    "images": [
        "$RCT2:OBJDATA/SCGURBAN.DAT[0..1]"
    ],
    "strings": {
        "name": {
            "en-GB": "Urban Theming",
            "fr-FR": "Thème urbain",
            "de-DE": "Stadtthema",
            "es-ES": "Temática urbana",
            "it-IT": "Tema urbano",
            "nl-NL": "Stadsthema",
            "sv-SE": "Stadstema",
            "ko-KR": "도시 테마",
            "zh-CN": "都市化主题",
            "zh-TW": "都市化主題",
            "pt-BR": "Urbana Temática",
            "cs-CZ": "Urban kulisy",
            "ja-JP": "都会風のテーマ",
            "pl-PL": "Wystrój miejski",
            "ru-RU": "Город",
            "eo-ZZ": "Urba Temo",
            "ca-ES": "Temàtica urbana",
            "fi-FI": "Urbaani teemaus"
        }
    }
}
