<?xml version="1.0"?>
<gconf>
        <entry name="use_daemon" mtime="1166406067" type="schema" stype="bool" owner="evolution-mail">
                <local_schema locale="pt" short_desc="Utilizar o daemon e cliente do Spamassassin">
                        <longdesc>Utilizar o daemon e cliente do Spamassassin (spamc/spamd)</longdesc>
                </local_schema>
                <local_schema locale="hi" short_desc="स्पैमएस्सेसिन डेमन और ग्राहक का प्रयोग करें">
                        <longdesc>स्पैमएस्सेसिन डेमन और ग्राहक का प्रयोग करें (spamc/spamd)</longdesc>
                </local_schema>
                <local_schema locale="zh_HK" short_desc="使用 Spamasssassin 伺服程式和用戶端">
                        <longdesc>使用 Spamasssassin 伺服程式和用戶端 (spamc/spamd)</longdesc>
                </local_schema>
                <local_schema locale="uk" short_desc="Використовувати клієнт та службу Spamasssassin">
                        <longdesc>Використовувати клієнт та службу Spamasssassin (spamc/spamd)</longdesc>
                </local_schema>
                <local_schema locale="ne" short_desc="स्पामासासिन डेइमन र ग्राहक प्रयोग गर्नुहोस्">
                        <longdesc>स्पामासासिन डेइमेन र ग्राहक (spamc/spamd) प्रयोग गर्नुहोस्</longdesc>
                </local_schema>
                <local_schema locale="en_CA" short_desc="Use Spamassassin daemon and client">
                        <longdesc>Use Spamassassin daemon and client (spamc/spamd)</longdesc>
                </local_schema>
                <local_schema locale="bg" short_desc="Използване на демона и клиента на Spamasssassin">
                        <longdesc>Използване на демона и клиента на Spamasssassin (spamc/spamd)</longdesc>
                </local_schema>
                <local_schema locale="zh_CN" short_desc="使用垃圾克星守护程序和客户">
                        <longdesc>使用垃圾克星守护程序和客户(spamc/spamd)</longdesc>
                </local_schema>
                <local_schema locale="be" short_desc="Выкарыстоўваць кліента й дэмана Spamasssassin">
                        <longdesc>Выкарыстоўваць кліента й дэмана Spamasssassin (spamc/spamd)</longdesc>
                </local_schema>
                <local_schema locale="ta" short_desc="Spamasssassin டீமான் மற்றும் கிளையனை பயன்படுத்து">
                        <longdesc>Spamasssassin டீமான் மற்றும் கிளையனை பயன்படுத்து (spamc/spamd)</longdesc>
                </local_schema>
                <local_schema locale="C" short_desc="Use Spamassassin daemon and client">
                        <default type="bool" value="true">
                        </default>
                        <longdesc>
          Use Spamassassin daemon and client (spamc/spamd)
         </longdesc>
                </local_schema>
                <local_schema locale="nb" short_desc="Bruk Spamassassin tjener og klient">
                        <longdesc>Bruk Spamassassin tjener og klient (spamd/spamc)</longdesc>
                </local_schema>
                <local_schema locale="pt_BR" short_desc="Usar o daemon e cliente do Spamassassin">
                        <longdesc>Usar o daemon e cliente do Spamassassin (spamc/spamd)</longdesc>
                </local_schema>
                <local_schema locale="eu" short_desc="Erabili Spamasssassin daemon-a eta bezeroa">
                        <longdesc>Erabili Spamasssassin daemon-a eta bezeroa (spamc/spamd)</longdesc>
                </local_schema>
                <local_schema locale="pl" short_desc="Użycie daemona i klienta Spamassassin">
                        <longdesc>Użycie daemona i klienta Spamassassin (spamc/spamd)</longdesc>
                </local_schema>
                <local_schema locale="et" short_desc="Spamassassin&apos;i deemoni ja kliendi kasutamine">
                        <longdesc>Spamassassin&apos;i deemoni ja kliendi (spamc/spamd) kasutamine</longdesc>
                </local_schema>
                <local_schema locale="es" short_desc="Usar el demonio y cliente de Spamassassin">
                        <longdesc>Usar el demonio y cliente de Spamassassin (spamc/spamd)</longdesc>
                </local_schema>
                <local_schema locale="vi" short_desc="Dùng trình nền và ứng dụng khách Spamassassin">
                        <longdesc>Dùng trình nền và ứng dụng khách Spamassassin (spamc/spamd)</longdesc>
                </local_schema>
                <local_schema locale="ru" short_desc="Использовать клиент и демон Spamassassin">
                        <longdesc>Использовать клиент и демон Spamassassin (spamc/spamd)</longdesc>
                </local_schema>
                <local_schema locale="id" short_desc="Gunakan daemon dan klien Spamassassin">
                        <longdesc>Gunakan daemon dan klien Spamassassin (spamc/spamd)</longdesc>
                </local_schema>
                <local_schema locale="lv" short_desc="Lietot Spamaiznīcinātāju un klientu">
                        <longdesc>Lietot Spamaiznīcinātāju un klientu (spamc/spamd)</longdesc>
                </local_schema>
                <local_schema locale="ko" short_desc="spamasssassin 데몬 및 클라이언트 사용">
                        <longdesc>spamasssassin 데몬 및 클라이언트를 사용합니다 (spamc/spamd)</longdesc>
                </local_schema>
                <local_schema locale="lt" short_desc="Naudoti Spamassasin demoną ir klientą">
                        <longdesc>Naudoti Spamassassin demoną ir klientą (spamc/spamd)</longdesc>
                </local_schema>
                <local_schema locale="ca" short_desc="Usa el client i el dimoni Spamassassin">
                        <longdesc>Usa el client i el dimoni Spamassassin (spamc/spamd)</longdesc>
                </local_schema>
                <local_schema locale="sv" short_desc="Använd Spamassassin-demonen och klient">
                        <longdesc>Använd Spamassassin-demonen och klient (spamc/spamd)</longdesc>
                </local_schema>
                <local_schema locale="el" short_desc="Χρήση δαίμονα και πελάτη Spamasssassin">
                        <longdesc>Χρήση δαίμονα και πελάτη Spamasssassin (spamc/spamd)</longdesc>
                </local_schema>
                <local_schema locale="fr" short_desc="Utiliser le démon et le client Spamassassin">
                        <longdesc>Utiliser le démon et le client Spamassassin (spamc/spamd)</longdesc>
                </local_schema>
                <local_schema locale="ro" short_desc="Foloseşte clientul şi daemon-ul Spamassassin">
                        <longdesc>Foloseşte clientul şi daemon-ul Spamassassin (spamc/spamd)</longdesc>
                </local_schema>
                <local_schema locale="de" short_desc="Spamassassin-Daemon und -Client verwenden">
                        <longdesc>Spamassassin-Daemon und -Client verwenden (spamc/spamd)</longdesc>
                </local_schema>
                <local_schema locale="sr@Latn" short_desc="Koristi servis i klijenta Ubice spama">
                        <longdesc>Koristi servis i klijenta Ubice spama (spamc/spamd)</longdesc>
                </local_schema>
                <local_schema locale="pa" short_desc="Spamasssassin ਪੇਸ਼ਕਾਰ ਤੇ ਕਲਾਂਇਟ ਵਰਤੋਂ">
                        <longdesc>Spamasssassin ਪੇਸ਼ਕਾਰ ਤੇ ਕਲਾਂਇਟ ਵਰਤੋਂ (spamc/spamd)</longdesc>
                </local_schema>
                <local_schema locale="gu" short_desc="Spamassassin ડિમન અને ક્લાઈન્ટ વાપરો">
                        <longdesc>Spamassassin ડિમન અને ક્લાઈન્ટ વાપરો (spamc/spamd)</longdesc>
                </local_schema>
                <local_schema locale="sr" short_desc="Користи сервис и клијента Убице спама">
                        <longdesc>Користи сервис и клијента Убице спама (spamc/spamd)</longdesc>
                </local_schema>
                <local_schema locale="ja" short_desc="Spamassassin デーモンとクライアントを使用する">
                        <longdesc>Spamasssassin デーモンとクライアント (spamc/spamd) で受信したメールを SPAM フィルタリングします。</longdesc>
                </local_schema>
                <local_schema locale="sq" short_desc="Përdor shërbimin dhe klientin Spamassassin">
                        <longdesc>Përdor shërbimin dhe klientin Spamassassin (spamc/spamd)</longdesc>
                </local_schema>
                <local_schema locale="da" short_desc="Benyt Spamassassin-server og klient">
                        <longdesc>Benyt Spamassassin-server og klient (spamc/spamd)</longdesc>
                </local_schema>
                <local_schema locale="xh" short_desc="Sebenzisa i-Spamassassin se-daemon kunye nomxhasi">
                        <longdesc>Sebenzisa i-Spamassassin se-daemon kunye nomxhasi (spamc/spamd)</longdesc>
                </local_schema>
                <local_schema locale="zh_TW" short_desc="使用 Spamasssassin 伺服程式和用戶端">
                        <longdesc>使用 Spamasssassin 伺服程式和用戶端 (spamc/spamd)</longdesc>
                </local_schema>
                <local_schema locale="fi" short_desc="Käytä Spamassassin-palvelinta ja -asiakasta">
                        <longdesc>Käytä Spamassassin-palvelinta ja -asiakasta (spamc/spamd)</longdesc>
                </local_schema>
                <local_schema locale="hu" short_desc="Spamassassin démon és kliens használata">
                        <longdesc>Spamassassin démon és kliens használata (spamc/spamd)</longdesc>
                </local_schema>
                <local_schema locale="tr" short_desc="Spamassassin servisi ve istemcisini kullan">
                        <longdesc>Spamassassin servisi ve istemcisini kullan (spamc/spamd)</longdesc>
                </local_schema>
                <local_schema locale="sl" short_desc="Uporabi odjemalca in demon Spamassassin">
                        <longdesc>Uporabi odjemalca in demon Spamassassin (spamc/spamd)</longdesc>
                </local_schema>
                <local_schema locale="en_GB" short_desc="Use Spamassassin daemon and client">
                        <longdesc>Use Spamassassin daemon and client (spamc/spamd)</longdesc>
                </local_schema>
                <local_schema locale="ml" short_desc="Spamassassin സെമണും ക്ളൈന്‍റും ഉപയോഗിക്കുക">
                        <longdesc>Spamassassin സെമണും ക്ളൈന്‍റും ഉപയോഗിക്കുക (spamc/spamd)</longdesc>
                </local_schema>
                <local_schema locale="cy" short_desc="Defnyddio ellyll a chleient Spamassassin">
                        <longdesc>Defnyddio ellyll a chleient Spamassassin (spamc/spamd)</longdesc>
                </local_schema>
                <local_schema locale="gl" short_desc="Usar o demonio e cliente de Spamassassin">
                        <longdesc>Usar o demonio e cliente de Spamassassin (spamc/spamd)</longdesc>
                </local_schema>
                <local_schema locale="mk" short_desc="Користи Spamassassin даемон и клиент">
                        <longdesc>Користи Spamassassin даемон и клиент (spamc/spamd)</longdesc>
                </local_schema>
                <local_schema locale="bn_IN" short_desc="Spamassassin ডেমন ও ক্লায়েন্ট ব্যবহার করা হবে">
                        <longdesc>Use Spamassassin ডেমন ও ক্লায়েন্ট ব্যবহার করুন (spamc/spamd)</longdesc>
                </local_schema>
                <local_schema locale="nn" short_desc="Bruk Spamassassin-nissen og -klienten">
                        <longdesc>Bruk Spamassassin-nissen og -klienten (spamc/spamd)</longdesc>
                </local_schema>
                <local_schema locale="it" short_desc="Usa demone e client Spamassassin">
                        <longdesc>Usa il client e il demone Spamassassin (spamc/spamd)</longdesc>
                </local_schema>
                <local_schema locale="nl" short_desc="Spamassassin daemon en cliënt gebruiken">
                        <longdesc>Spamassassin daemon en cliënt gebruiken (spamc/spamd)</longdesc>
                </local_schema>
                <local_schema locale="bn" short_desc="Spamassassin ডেমন ও ক্লায়েন্ট ব্যবহার করা হবে">
                        <longdesc>Use Spamassassin ডেমন ও ক্লায়েন্ট ব্যবহার করুন (spamc/spamd)</longdesc>
                </local_schema>
                <local_schema locale="fa" short_desc="استفاده از شبح و کارگیر Spamassassin">
                        <longdesc>استفاده از شبح و کارگیر Spamassassin ‏(spamc/spamd)</longdesc>
                </local_schema>
                <local_schema locale="dz" short_desc="སི་པ་མ་ས་སིན་ ཌེ་མཱོན་དང་ ཞབས་ཏོག་སྤྱོད་མི་ ལག་ལེན་འཐབ།">
                        <longdesc>སི་པ་མ་ས་སིན་ ཌེ་མཱོན་དང་ ཞབས་ཏོག་སྤྱོད་མི་ ལག་ལེན་འཐབ།(ཨེསི་པི་ཨེ་ཨེམ་སི/ཨེསི་པི་ཨེ་ཨེམ་ཌི)</longdesc>
                </local_schema>
                <local_schema locale="cs" short_desc="Používat démona a klienta Spamassassin">
                        <longdesc>Používat démona a klienta Spamassassin (spamc/spamd)</longdesc>
                </local_schema>
                <local_schema locale="th" short_desc="ใช้ดีมอนและไคลเอนต์ของ Spamassassin">
                        <longdesc>ใช้ดีมอนและไคลเอนต์ของ Spamassassin (spamc/spamd)</longdesc>
                </local_schema>
        </entry>
        <entry name="local_only" mtime="1166406067" type="schema" stype="bool" owner="evolution-mail">
                <local_schema locale="pt" short_desc="Utilizar apenas os testes locais de detecção de mensagens não solicitadas.">
                        <longdesc>Utilizar apenas os testes locais de detecção de mensagens não solicitadas (sem DNS).</longdesc>
                </local_schema>
                <local_schema locale="hi" short_desc="सिर्फ स्थानीय स्पैम परीक्षणों का उपयोग करें.">
                        <longdesc>स्थानीय स्पैम परीक्षण का सिर्फ उपयोग करें (कोई DNS नहीं).</longdesc>
                </local_schema>
                <local_schema locale="zh_HK" short_desc="只使用本地垃圾郵件測試。">
                        <longdesc>只使用本地垃圾郵件測試 (沒有 DNS)。</longdesc>
                </local_schema>
                <local_schema locale="uk" short_desc="Використовувати лише локальні спам-тести.">
                        <longdesc>Використовувати лише локальні спам-тести (без DNS).</longdesc>
                </local_schema>
                <local_schema locale="ne" short_desc="स्थानीय स्पाम परीक्षणहरू मात्र प्रयोग गर्नुहोस्।">
                        <longdesc>स्थानीय स्पाम परीक्षणहरू मात्र प्रयोग गर्नुहोस् (DNS होइन)।</longdesc>
                </local_schema>
                <local_schema locale="en_CA" short_desc="Use only local spam tests.">
                        <longdesc>Use only the local spam tests (no DNS).</longdesc>
                </local_schema>
                <local_schema locale="bg" short_desc="Използване само на локални спам тестове.">
                        <longdesc>Използване само на локални спам тестове (без DNS).</longdesc>
                </local_schema>
                <local_schema locale="zh_CN" short_desc="只使用本地垃圾邮件测试。">
                        <longdesc>之使用本地垃圾邮件测试(无 DNS)。</longdesc>
                </local_schema>
                <local_schema locale="be" short_desc="Выкарыстоўваць толькі мясцовыя спам-тэсты.">
                        <longdesc>Выкарыстоўваць толькі мясцовыя спам-тэсты (без DNS).</longdesc>
                </local_schema>
                <local_schema locale="ta" short_desc="தனி ஸ்பாம் சோதனையை பயன்படுத்து">
                        <longdesc>தனி ஸ்பாம் சோதனையை பயன்படுத்து(no DNS).</longdesc>
                </local_schema>
                <local_schema locale="nb" short_desc="Bruk bare lokale tester for uønsket e-post.">
                        <longdesc>Bruk bare lokale tester for uønsket e-post (ingen DNS).</longdesc>
                </local_schema>
                <local_schema locale="C" short_desc="Use only local spam tests.">
                        <default type="bool" value="true">
                        </default>
                        <longdesc>
	 Use only the local spam tests (no DNS).
	 </longdesc>
                </local_schema>
                <local_schema locale="pt_BR" short_desc="Usar apenas testes de SPAM locais.">
                        <longdesc>Usar apenas os testes de SPAM locais (sem DNS).</longdesc>
                </local_schema>
                <local_schema locale="eu" short_desc="Spam-proba lokalak bakarrik erabili.">
                        <longdesc>Spam-proba lokalak bakarrik erabili (DNSkorik ez).</longdesc>
                </local_schema>
                <local_schema locale="pl" short_desc="Użycie tylko lokalnych testów spamu.">
                        <longdesc>Użycie tylko lokalnych testów spamu (bez DNS).</longdesc>
                </local_schema>
                <local_schema locale="et" short_desc="Ainult kohalike rämpspostitestide kasutamine.">
                        <longdesc>Ainult kohalike (mitte-DNS) rämpspostitestide kasutamine.</longdesc>
                </local_schema>
                <local_schema locale="es" short_desc="Usar sólo los tests de spam locales.">
                        <longdesc>Usa sólo los tests de spam locales (sin DNS).</longdesc>
                </local_schema>
                <local_schema locale="vi" short_desc="Dùng chỉ sự kiểm tra thư rác kiểu cục bộ.">
                        <longdesc>Dùng chỉ sự kiểm tra thư rác kiểu cục bộ (không có DNS).</longdesc>
                </local_schema>
                <local_schema locale="ru" short_desc="Использовать только локальные спам-тесты.">
                        <longdesc>Использовать только локальные спам-тесты (без DNS).</longdesc>
                </local_schema>
                <local_schema locale="id" short_desc="Gunakan tes spam lokal saja">
                        <longdesc>Gunakan tes spam lokal saja (tanpa DNS)</longdesc>
                </local_schema>
                <local_schema locale="lv" short_desc="Lietot tikai lokāli pieejamos spama testus.">
                        <longdesc>Lietot tikai lokāli pieejamos spama testus. (ne DNS).</longdesc>
                </local_schema>
                <local_schema locale="ko" short_desc="로컬 스팸 테스트만 사용합니다.">
                        <longdesc>로컬 스팸 테스트만 사용합니다 (DNS는 사용하지 않습니다).</longdesc>
                </local_schema>
                <local_schema locale="lt" short_desc="Naudoti tik vietinius šlamšto testus.">
                        <longdesc>Naudoti tik vietinius šlamšto testus (no DNS).</longdesc>
                </local_schema>
                <local_schema locale="az" short_desc="Təkcə yerli Spam sınaqlarını işlət.">
                        <longdesc>Təkcə yerli Spam sınaqlarını işlət.</longdesc>
                </local_schema>
                <local_schema locale="ca" short_desc="Fes només proves de correu no desitjat locals.">
                        <longdesc>Fes només proves de correu no desitjat locals (no DNS).</longdesc>
                </local_schema>
                <local_schema locale="sv" short_desc="Använd endast lokala spamtest.">
                        <longdesc>Använd endast de lokala spamtesten (ingen DNS).</longdesc>
                </local_schema>
                <local_schema locale="el" short_desc="Χρήση μόνο τοπικών δοκιμών spam.">
                        <longdesc>Χρήση μόνο των τοπικών δοκιμών spam (όχι DNS).</longdesc>
                </local_schema>
                <local_schema locale="fr" short_desc="Utiliser seulement des tests de pourriels locaux.">
                        <longdesc>Utiliser seulement des tests de pourriels locaux (pas de DNS).</longdesc>
                </local_schema>
                <local_schema locale="ro" short_desc="Foloseşte doar teste locale pentru spam.">
                        <longdesc>Foloseşte doar teste locale pentru spam (fără DNS).</longdesc>
                </local_schema>
                <local_schema locale="de" short_desc="Ausschließlich lokale Spam-Tests verwenden.">
                        <longdesc>Ausschließlich lokale Spam-Tests verwenden (kein DNS).</longdesc>
                </local_schema>
                <local_schema locale="sr@Latn" short_desc="Koristi samo lokalne provere spama.">
                        <longdesc>Koristi samo lokalne provere spama (bez DNS-a).</longdesc>
                </local_schema>
                <local_schema locale="pa" short_desc="ਸਿਰਫ ਸਥਾਨਕ ਫਰਜ਼ੀ ਜਾਂਚ ਹੀ ਵਰਤੋਂ।">
                        <longdesc>ਸਿਰਫ ਸਥਾਨਿਕ ਫਰਜ਼ੀ ਜਾਂਚ ਹੀ ਵਰਤੋਂ (DNS ਨਹੀਂ)।</longdesc>
                </local_schema>
                <local_schema locale="gu" short_desc="માત્ર સ્થાનિક ચકાસણીઓ વાપરો.">
                        <longdesc>માત્ર સ્થાનિક ચકાસણીઓ વાપરો (DNS નહિં).</longdesc>
                </local_schema>
                <local_schema locale="sr" short_desc="Користи само локалне провере спама.">
                        <longdesc>Користи само локалне провере спама (без DNS-а).</longdesc>
                </local_schema>
                <local_schema locale="ja" short_desc="ローカルの SPAM フィルタリングのみ行います。">
                        <longdesc>ローカルの SPAM フィルタリングのみ行います (DNS 使用せず)。</longdesc>
                </local_schema>
                <local_schema locale="sq" short_desc="Përdor vetëm testet spam lokalë.">
                        <longdesc>Përdor vetëm testet spam lokalë (jo DNS).</longdesc>
                </local_schema>
                <local_schema locale="da" short_desc="Benyt kun lokale spam-test.">
                        <longdesc>Benyt kun de lokale spam test (ingen DNS).</longdesc>
                </local_schema>
                <local_schema locale="xh" short_desc="Sebenzisa kuphela iimvamvanyo zedemoni zangaphakathi.">
                        <longdesc>Sebenzisa kuphela iimvamvanyo zedemoni yangaphakathi (akukho DNS).</longdesc>
                </local_schema>
                <local_schema locale="zh_TW" short_desc="只使用本地垃圾郵件測試。">
                        <longdesc>只使用本地垃圾郵件測試 (沒有 DNS)。</longdesc>
                </local_schema>
                <local_schema locale="fi" short_desc="Käytä ainoastaan paikallisia roskapostin tarkistuksia">
                        <longdesc>Käytä ainoastaan paikallisia roskapostin tarkistuksia (ei DNS:ää).</longdesc>
                </local_schema>
                <local_schema locale="hu" short_desc="Csak helyi levélszemét-tesztek elvégzése.">
                        <longdesc>Csak helyi levélszemét-tesztek elvégzése (DNS nélkül).</longdesc>
                </local_schema>
                <local_schema locale="tr" short_desc="Sadece yerel spam testleri kullan.">
                        <longdesc>Sadece yerel spam testleri kullan (DNS yok).</longdesc>
                </local_schema>
                <local_schema locale="sl" short_desc="Uporabi samo lokalno preskušanje neželene pošte">
                        <longdesc>Uporabi samo lokalno preskušanje neželene pošte (brez DNS).</longdesc>
                </local_schema>
                <local_schema locale="en_GB" short_desc="Use only local spam tests.">
                        <longdesc>Use only the local spam tests (no DNS).</longdesc>
                </local_schema>
                <local_schema locale="ml" short_desc="ലോക്കല്‍ spam പരീക്ഷണങ്ങള്‍ ഉപയോഗിക്കുക.">
                        <longdesc>ലോക്കല്‍ spam പരീക്ഷണങ്ങള്‍ മാത്രം ഉപയോഗിക്കുക. (DNS വേണ്ട)</longdesc>
                </local_schema>
                <local_schema locale="cy" short_desc="Defnyddio dim ond y profion sothach lleol.">
                        <longdesc>Defnyddio dim ond y profion sothach lleol (dim DNS).</longdesc>
                </local_schema>
                <local_schema locale="gl" short_desc="Usar só as probas de spam local.">
                        <longdesc>Usa só as probas de spam local (sen DNS).</longdesc>
                </local_schema>
                <local_schema locale="hr" short_desc="Koristi samo lokalne testove za spam.">
                        <longdesc>Koristi samo lokalne testove za spam (bez DNS-a).</longdesc>
                </local_schema>
                <local_schema locale="mk" short_desc="Користи само локални спам тестови.">
                        <longdesc>Користи ги само локалните спам тестови (без DNS).</longdesc>
                </local_schema>
                <local_schema locale="bn_IN" short_desc="শুধুমাত্র স্থানীয় স্প্যাম পরীক্ষা ব্যবহার করা হবে।">
                        <longdesc>শুধুমাত্র স্থানীয় স্প্যাম পরীক্ষা ব্যবহার করা হবে (DNS বিহীন)।</longdesc>
                </local_schema>
                <local_schema locale="nn" short_desc="Bruk berre lokale skrot-testar.">
                        <longdesc>Bruk berre lokale skrot-testar (ingen DNS).</longdesc>
                </local_schema>
                <local_schema locale="it" short_desc="Usa solo test di spam locale.">
                        <longdesc>Usa solo test di spam locale (senza DNS).</longdesc>
                </local_schema>
                <local_schema locale="nl" short_desc="Gebruik alleen lokale testen op spam.">
                        <longdesc>Gebruik enkel de lokale testen op spam (geen DNS).</longdesc>
                </local_schema>
                <local_schema locale="bn" short_desc="শুধুমাত্র স্থানীয় স্প্যাম পরীক্ষা ব্যবহার করা হবে।">
                        <longdesc>শুধুমাত্র স্থানীয় স্প্যাম পরীক্ষা ব্যবহার করা হবে (DNS বিহীন)।</longdesc>
                </local_schema>
                <local_schema locale="fa" short_desc="فقط استفاده از آزمایش‌های spam محلی">
                        <longdesc>فقط استفاده از آزمایش‌های spam محلی (بدون DNS).</longdesc>
                </local_schema>
                <local_schema locale="dz" short_desc="ཉེ་གནས་ཀྱི་ སི་པམ་ བརྟག་ཞིབ་རྐྱངམ་གཅིག་ ལག་ལེན་འཐབ།">
                        <longdesc>ཉེ་གནས་ཀྱི་ སི་པམ་བརྟག་ཞིབ་རྐྱངམ་གཅིག་ ལག་ལེན་འཐབ། (ཌི་ཨེན་ཨེསི་ ལག་ལེན་མ་འཐབ)</longdesc>
                </local_schema>
                <local_schema locale="cs" short_desc="Používat jen místní testy spamu.">
                        <longdesc>Používat jen místní testy spamu (bez DNS).</longdesc>
                </local_schema>
                <local_schema locale="th" short_desc="ทดสอบสแปมแบบไม่ใช้เครือข่ายเท่านั้น">
                        <longdesc>ทดสอบสแปมแบบไม่ใช้เครือข่ายเท่านั้น (ไม่ใช้ DNS)</longdesc>
                </local_schema>
        </entry>
</gconf>
