<?xml version="1.0"?>
<gconf>
        <entry name="workspace_names" mtime="1157589598" type="schema" stype="list" owner="gnome" list_type="string">
                <local_schema locale="pt" short_desc="Nomes das áreas de trabalho (obsoleta)">
                        <longdesc>Uma lista com os nomes das primeiras áreas de trabalho do gestor de janelas. Esta chave tornou-se obsoleta a partir do GNOME 2.12.</longdesc>
                </local_schema>
                <local_schema locale="hi" short_desc="कार्यस्थानों के नाम (पदावनत)">
                        <longdesc>प्रथम विंडो प्रबंधक कार्यस्थानों के नाम सहित सूची. इस कुंजी को GNOME 2.12 के बाद पदावनत किया जा रहा है.</longdesc>
                </local_schema>
                <local_schema locale="zh_HK" short_desc="工作區名稱（不鼓勵再使用）">
                        <longdesc>一系列視窗總管預設使用的工作區名稱。這設定鍵自 GNOME 2.12 已不鼓勵再使用。</longdesc>
                </local_schema>
                <local_schema locale="uk" short_desc="Назви робочих областей (застарілий)">
                        <longdesc>Список з назвами робочих областей першого віконного менеджера. Цей ключ позначений застарілим починаючи з GNOME 2.12.</longdesc>
                </local_schema>
                <local_schema locale="en_CA" short_desc="Names of the workspaces (deprecated)">
                        <longdesc>A list with names of the first window manager workspaces. This key has been deprecated since GNOME 2.12.</longdesc>
                </local_schema>
                <local_schema locale="ne" short_desc="कार्यस्थानका नामहरू (अमान्य गरियो)">
                        <longdesc>पहिलो सञ्झ्याल प्रबन्धक कार्यस्थानको नामहरुको एउटा सूची । यो कुञ्जी  GNOME २.१२ देखि अमान्य छ ।</longdesc>
                </local_schema>
                <local_schema locale="bg" short_desc="Имената на работните плотове (остаряла настройка, да не се използва)">
                        <longdesc>Списък с имената на работните места на първия мениджър на прозорци. Този ключ е остарял и не се препоръчва да се ползва от GNOME 2.12.</longdesc>
                </local_schema>
                <local_schema locale="he" short_desc="Names of the workspaces (deprecated)">
                        <longdesc>A list with names of the first window manager workspaces. This key has been deprecated since GNOME 2.12.</longdesc>
                </local_schema>
                <local_schema locale="zh_CN" short_desc="工作区名称(不推荐)">
                        <longdesc>第一个窗口管理器工作区名称的列表。此键自 GNOME 2.12 之后不再推荐使用。</longdesc>
                </local_schema>
                <local_schema locale="be" short_desc="Назвы працоўных прастораў (асуджанае)">
                        <longdesc>Сьпіс з назвамі працоўных прастораў першага кіраўніка вокнаў. Гэты ключ асуджаны пачынаючы з вэрсіі GNOME 2.12.</longdesc>
                </local_schema>
                <local_schema locale="ta" short_desc="பணிஇடங்களின் பெயர்கள் (எதிரிடையானது)">
                        <longdesc>முதல் சாளர மேலாளர் பணியிடங்களின் பெயர்களிடங்கிய பட்டியல். GNOME 2.12லிருந்து இந்த விசை எதிரிடையானது.</longdesc>
                </local_schema>
                <local_schema locale="C" short_desc="Names of the workspaces (deprecated)">
                        <longdesc>
          A list with names of the first window manager workspaces.
          This key has been deprecated since GNOME 2.12.
        </longdesc>
                </local_schema>
                <local_schema locale="nb" short_desc="Navn på arbeidsområder (fases ut)">
                        <longdesc>En liste med navn for de første arbeidsområdene i vindushåndtereren. Denne nøkkelen er ikke anbefalt brukt etter GNOME 2.12.</longdesc>
                </local_schema>
                <local_schema locale="pt_BR" short_desc="Nomes das áreas de trabalho (obsoleto)">
                        <longdesc>Uma lista de nomes das primeiras áreas de trabalho do gerenciador de janelas. Essa chave ficou obsoleta desde o GNOME 2.12.</longdesc>
                </local_schema>
                <local_schema locale="eu" short_desc="Laneko areen izenak (zaharkitua)">
                        <longdesc>Leiho-kudeatzailearen lehen laneko areak biltzen dituen zerrenda. Gako hau zaharkitua gelditu da GNOME 2.12 bertsiotik.</longdesc>
                </local_schema>
                <local_schema locale="pl" short_desc="Nazwy obszarów roboczych (przestarzałe)">
                        <longdesc>Lista z nazwami biurek pierwszego menedżera okien. Klucz ten jest przestarzały od czasu GNOME 2.12.</longdesc>
                </local_schema>
                <local_schema locale="et" short_desc="Tööalade nimed (aegunud)">
                        <longdesc>Esmase aknahalduri tööalade nimede loend. See valik on alates GNOME 2.12 versioonist aegunud.</longdesc>
                </local_schema>
                <local_schema locale="es" short_desc="Nombres de las áreas de trabajo (obsoleta)">
                        <longdesc>Una lista con nombres de las primeras áreas de trabajo del gestor de ventanas. Esta clave se ha hecho obsoleta desde GNOME 2.12.</longdesc>
                </local_schema>
                <local_schema locale="vi" short_desc="Tên các vùng làm việc (bị phản đối).">
                        <longdesc>Danh sách kèm tên vùng làm việc của bộ quản lý cửa sổ đầu tiên. Khóa này đã bị phản đối kể từ Gnome 2.12.</longdesc>
                </local_schema>
                <local_schema locale="ru" short_desc="Имена рабочих областей (устаревший)">
                        <longdesc>Список имён рабочих областей первого оконного менеджера. Этот ключ считается устаревшим начиная с GNOME 2.12.</longdesc>
                </local_schema>
                <local_schema locale="id" short_desc="Nama area kerja">
                        <longdesc>Daftar nama area kerja pada pengatur jendela pertama.. Kunci ini tidak digunakan lagi sejak GNOME 2.12.</longdesc>
                </local_schema>
                <local_schema locale="lv" short_desc="Darba vietu nosaukumi (novecojis)">
                        <longdesc>Pirmā logu pārvaldnieka darba vietu nosaukumu saraksts.</longdesc>
                </local_schema>
                <local_schema locale="ko" short_desc="작업공간 이름 (사용하지 말 것 권장)">
                        <longdesc>첫번째 창 관리자 작업공간의 이름 목록. 이 키는 그놈 2.12부터 사용하지 말 것을 권장합니다.</longdesc>
                </local_schema>
                <local_schema locale="lt" short_desc="Darbo laukų vardai (nebenaudojama)">
                        <longdesc>Sąrašas, kuris įvardina pirmosios langų tvarkyklės darbo laukus. Šis raktas nuo GNOME 2.12 nebenaudojamas.</longdesc>
                </local_schema>
                <local_schema locale="ca" short_desc="Noms del espais de treball (en desús)">
                        <longdesc>Una llista amb noms dels primers espais de treball del gestor de finestres. Aquesta clau està en desús des de GNOME 2.12.</longdesc>
                </local_schema>
                <local_schema locale="sv" short_desc="Namn på arbetsytorna (föråldrat)">
                        <longdesc>En lista med namn på de första fönsterhanterararbetsytorna. Denna nyckel har föråldrats sedan GNOME 2.12.</longdesc>
                </local_schema>
                <local_schema locale="el" short_desc="Ονόματα των χώρων εργασίας (ξεπερασμένο(">
                        <longdesc>Μια λίστα με ονόματα των χώρων εργασίας του πρώτου διαχειριστή παραθύρων. Αυτό το κλειδίείναι ξεπερασμένο στο GNOME 2.12.</longdesc>
                </local_schema>
                <local_schema locale="fr" short_desc="Noms des espaces de travail (obsolète)">
                        <longdesc>Une liste avec les noms des espaces de travail du premier gestionnaire de fenêtres. Cette clé est obsolète depuis GNOME 2.12.</longdesc>
                </local_schema>
                <local_schema locale="ro" short_desc="Numele spaţiilor de lucru (setare învechită)">
                        <longdesc>O listă cu numele primelor spaţii de lucru ale administratorului de ferestre. Această cheie nu mai este utilizată începând cu GNOME 2.12.</longdesc>
                </local_schema>
                <local_schema locale="de" short_desc="Namen der Arbeitsflächen (veraltet)">
                        <longdesc>Eine Liste mit den Namen der ersten, vom Fenster-Manager verwendeten Arbeitsflächen. Dieser Schlüssel ist seit GNOME 2.12 veraltet.</longdesc>
                </local_schema>
                <local_schema locale="sr@Latn" short_desc="Imena radnih površina (zastarelo)">
                        <longdesc>Spisak imena prvih radnih površina upravnika prozora. Ovaj ključ je zastareo počevši od Gnoma 2.12.</longdesc>
                </local_schema>
                <local_schema locale="pa" short_desc="ਵਰਕਸਪੇਸਾਂ ਦਾ ਨਾਂ (ਬਰਤਰਫ਼)">
                        <longdesc>ਪਹਿਲੇ ਵਰਕਸਪੇਸ ਵਿੱਚ ਝਰੋਖਾ ਮੈਨੇਜਰ ਦੀ ਨਾਂ ਸੂਚੀ ਹੈ। ਇਹ ਕੁੰਜੀ ਗਨੋਮ 2.12 ਵਿੱਚ ਬਰਤਰਫ਼ ਕਰ ਦਿੱਤੀ ਗਈ ਹੈ।</longdesc>
                </local_schema>
                <local_schema locale="gu" short_desc="કામ કરવાની જગ્યાના નામો (ઊતારી પડાયેલ)">
                        <longdesc>પ્રથમ વિન્ડો વ્યવસ્થાપક કામ કરવાની જગ્યાઓના નામો સાથેની યાદી. આ કી GNOME 2.12 આવ્યું ત્યારથી ઊતારી પડાયેલ છે.</longdesc>
                </local_schema>
                <local_schema locale="sr" short_desc="Имена радних површина (застарело)">
                        <longdesc>Списак имена првих радних површина управника прозора. Овај кључ је застарео почевши од Гнома 2.12.</longdesc>
                </local_schema>
                <local_schema locale="ja" short_desc="ワークスペースの名前 (破棄の予定)">
                        <longdesc>ウィンドウマネージャの最初のワークスペースの名前のリストです (このキーは GNOME 2.12 から破棄される予定です)。</longdesc>
                </local_schema>
                <local_schema locale="sq" short_desc="Emrat e hapësirave të punës (nuk përdoret më)">
                        <longdesc>Një listë me emrat e hapësirave të punës së organizuesit kryesor të dritareve. Kjo vlerë nuk përdoret më me GNOME 2.12.</longdesc>
                </local_schema>
                <local_schema locale="da" short_desc="Navne på arbejdsområderne (forældet)">
                        <longdesc>En liste med navne over de første arbejdsområder. Denne nøgle har været forældet siden Gnome-2.12.</longdesc>
                </local_schema>
                <local_schema locale="zh_TW" short_desc="工作區名稱（不鼓勵再使用）">
                        <longdesc>一系列視窗總管預設使用的工作區名稱。這設定鍵自 GNOME 2.12 已不鼓勵再使用。</longdesc>
                </local_schema>
                <local_schema locale="fi" short_desc="Työtilojen nimet (vanhentunut)">
                        <longdesc>Luettelo, jossa on ensimmäisen ikkunointiohjelman työtilojen nimet. Tämä avain on vanhentunut versiosta Gnome 2.12 alkaen.</longdesc>
                </local_schema>
                <local_schema locale="hu" short_desc="A munkaterületek nevei (elavult)">
                        <longdesc>Az első ablakkezelő munkaterületeinek neveit tartalmazó lista. Ez a kulcs a GNOME 2.12 óta elavultnak számít.</longdesc>
                </local_schema>
                <local_schema locale="tr" short_desc="Çalışma alanlarının adları (kullanılmıyor)">
                        <longdesc>İlk pencere yöneticisinin çalışma alanları isimleri listesi. Bu anahtar GNOME 2.12 sonrası kullanılmamaktadır.</longdesc>
                </local_schema>
                <local_schema locale="sl" short_desc="Imena delovnih površin (opuščen)">
                        <longdesc>Seznam imen delovnih površin prvega upravitelja oken. Ta ključ je opuščen od GNOME 2.12 naprej.</longdesc>
                </local_schema>
                <local_schema locale="ka" short_desc="სამუშაო არეთა სახელები (უარყოფილია)">
                        <longdesc>ფანჯრების პირველადი მმართველების სამუშაო არეთა სახელების სია. ეს კლავიში გაუქმდა GNOME 2.12-ის შემდეგ.</longdesc>
                </local_schema>
                <local_schema locale="sk" short_desc="Mená pracovných plôch (zastaralé)">
                        <longdesc>Zoznam mien prvých pracovných plôch správcu okien. Tento kľúč je zastaralý od GNOME 2.12.</longdesc>
                </local_schema>
                <local_schema locale="ml" short_desc="പണിയറകളുടെ പേരുകള്‍">
                </local_schema>
                <local_schema locale="cy" short_desc="Enwau&apos;r gweithfannau (anghymeradwyir)">
                        <longdesc>Rhestr yn cynnwys enwau gweithfannau cyntaf y rheolwr ffenestri. Mae&apos;r allwedd hon wedi ei anghymeradwyo ers GNOME 2.12.</longdesc>
                </local_schema>
                <local_schema locale="gl" short_desc="Nomes das áreas de traballo (obsoleto)">
                        <longdesc>Unha lista con nomes das áreas de traballo do xestor de fiestras. Esta clave fíxose obsoleta desde Gnome 2.12.</longdesc>
                </local_schema>
                <local_schema locale="mk" short_desc="Имиња на работните простори (заостанато)">
                        <longdesc>Листа со имиња на работните простори на првиот управувач со прозорци. Ова копче е заостанато од Гном 2.12.</longdesc>
                </local_schema>
                <local_schema locale="bn_IN" short_desc="কর্মক্ষেত্রের নাম (অবচিত)">
                        <longdesc>প্রথম উইন্ডো পরিচালনব্যবস্থার কর্মক্ষেত্রের নামসহ একটি তালিকা। GNOME ২.১২ সংস্করণের পরে এই কি অবচিত হয়েছে।</longdesc>
                </local_schema>
                <local_schema locale="nn" short_desc="Namn på arbeidsområda (forelda)">
                        <longdesc>Ei liste med namn på dei fyrste arbeidsområda til vindaugehandsamaren. Denne nøkkelen har vore forelda sidan GNOME 2.12.</longdesc>
                </local_schema>
                <local_schema locale="it" short_desc="Nomi delle aree di lavoro (deprecata)">
                        <longdesc>Una lista con i nomi delle aree di lavoro del window manager primario. Questa chiave è stata resa deprecata a partire da GNOME 2.12.</longdesc>
                </local_schema>
                <local_schema locale="or" short_desc="କାର୍ଯ୍ଯକ୍ଷେତ୍ରଗୁଡ଼ିକର ନାମ (ଅପସନ୍ଦ)">
                        <longdesc>ପ୍ରଥମ ଓ୍ବିଣ୍ଡୋ ପରିଚାଳକ କାର୍ଯ୍ଯକ୍ଷେତ୍ରଗୁଡ଼ିକର ନାମର ତାଲିକା.ଏହି ଚାବି ନୋମର 2.12 ସଂସ୍କରଣଠାରୁ ଅପସନ୍ଦ କରାଯାଇଛି.</longdesc>
                </local_schema>
                <local_schema locale="nl" short_desc="Werkbladnamen (ontraden)">
                        <longdesc>Een namenlijst van de eerste window manager-werkbladen. Deze sleutel is ontraden sinds GNOME 2.12.</longdesc>
                </local_schema>
                <local_schema locale="bn" short_desc="ওয়ার্কস্পেসগুলোর নাম (আর ব্যবহার করা হয় না)">
                        <longdesc>প্রথম উইন্ডো ম্যানেজার ওয়ার্কস্পেসের নামসহ তালিকা। এ কীটি GNOME 2.12 থেকে আর ব্যবহার করা হয় না।</longdesc>
                </local_schema>
                <local_schema locale="cs" short_desc="Názvy pracovních ploch (zastaralé)">
                        <longdesc>Seznam názvů pracovních ploch prvního manažera oken. Tento klíč byl od GNOME 2.12 zastaralý.</longdesc>
                </local_schema>
                <local_schema locale="th" short_desc="รายชื่อพื้นที่ทำงาน (เลิกใช้แล้ว)">
                        <longdesc>รายชื่อพื้นที่ทำงานของโปรแกรมจัดการหน้าต่างแรก  คีย์นี้เลิกใช้แล้วตั้งแต่ GNOME 2.12 เป็นต้นไป</longdesc>
                </local_schema>
        </entry>
        <entry name="number_of_workspaces" mtime="1157589598" type="schema" stype="int" owner="gnome">
                <local_schema locale="pt" short_desc="O número de áreas de trabalho (obsoleta)">
                        <longdesc>O número de áreas de trabalho que o gestor de janelas deverá utilizar. Esta chave tornou-se obsoleta a partir do GNOME 2.12.</longdesc>
                </local_schema>
                <local_schema locale="hi" short_desc="कार्यस्थानों की संख्या (पदावनत)">
                        <longdesc>कार्यस्थानों की संख्या जिसका उपयोग विंडो प्रबंधक प्रयोग करेगा. इस कुंजी को GNOME 2.12 के बाद पदावनत किया जा रहा है.</longdesc>
                </local_schema>
                <local_schema locale="zh_HK" short_desc="工作區數目（不鼓勵再使用）">
                        <longdesc>視窗總管應開啟的工作區數目，這設定鍵自 GNOME 2.12 已不鼓勵再使用。</longdesc>
                </local_schema>
                <local_schema locale="uk" short_desc="Кількість робочих областей (застарілий)">
                        <longdesc>Кількість робочих областей, що має використовувати віконний менеджер. Цей ключ позначений застарілим починаючи з GNOME 2.12.</longdesc>
                </local_schema>
                <local_schema locale="en_CA" short_desc="The number of workspaces (deprecated)">
                        <longdesc>The number of workspaces the window manager should use This key has been deprecated since GNOME 2.12.</longdesc>
                </local_schema>
                <local_schema locale="ne" short_desc="कार्यस्थानका नामहरू (अमान्य गरियो)">
                        <longdesc>सञ्झ्याल प्रबन्धकले प्रयोग गर्न सक्ने कार्यस्थानहरू को संख्या यो कुञ्जी GNOME २.१२ देखि अमान्य छ ।</longdesc>
                </local_schema>
                <local_schema locale="bg" short_desc="Брой на работните плотове (остаряла настройка, да не се използва)">
                        <longdesc>Брой на работните плотове, които мениджърът на прозорци да използва. Този ключ е остарял и не се препоръчва да се ползва от GNOME 2.12.</longdesc>
                </local_schema>
                <local_schema locale="he" short_desc="The number of workspaces (deprecated)">
                        <longdesc>The number of workspaces the window manager should use This key has been deprecated since GNOME 2.12.</longdesc>
                </local_schema>
                <local_schema locale="zh_CN" short_desc="工作区数目(不推荐)">
                        <longdesc>窗口管理器应该使用的工作区数目。此键自 GNOME 2.12 之后不再推荐使用。</longdesc>
                </local_schema>
                <local_schema locale="be" short_desc="Колькасьць працоўных прастораў (асуджанае)">
                        <longdesc>Колькасьць працоўных прастораў якія будуць выкарыстоўвацца кіраўніком вокнаў. Гэты ключ асуджаны пачынаючы з вэрсіі GNOME 2.12.</longdesc>
                </local_schema>
                <local_schema locale="ta" short_desc="எத்தனை பணிஇடங்கள் (எதிரிடையானது)">
                        <longdesc>சாளரமேலாளர் எத்தனை பணிஇடங்களை பயன்படுத்தவேண்டும். GNOME 2.12லிருந்து இந்த விசை எதிரிடையானது.</longdesc>
                </local_schema>
                <local_schema locale="C" short_desc="The number of workspaces (deprecated)">
                        <longdesc>
          The number of workspaces the window manager should use
          This key has been deprecated since GNOME 2.12.
        </longdesc>
                </local_schema>
                <local_schema locale="nb" short_desc="Antall arbeidsområder (fases ut)">
                        <longdesc>Antall arbeidsområder vindushåntereren skal bruke. Denne nøkkelen skal fases ut etter GNOME 2.12.</longdesc>
                </local_schema>
                <local_schema locale="pt_BR" short_desc="O número de áreas de trabalho (obsoleto)">
                        <longdesc>O número de áreas de trabalho que o gerenciador de janelas pode utilizar. Essa chave ficou obsoleta desde o GNOME 2.12.</longdesc>
                </local_schema>
                <local_schema locale="eu" short_desc="Laneko area-kopurua (zaharkitua)">
                        <longdesc>Leiho-kudeatzaileak erabili behar duen laneko area-kopurua. Gako hau zaharkitua gelditu da GNOME 2.12 bertsiotik.</longdesc>
                </local_schema>
                <local_schema locale="pl" short_desc="Liczba obszarów roboczych (przestarzałe)">
                        <longdesc>Liczba obszarów roboczych, które powinien obsługiwać menedżer okien. Klucz ten jest przestarzały od czasu GNOME 2.12.</longdesc>
                </local_schema>
                <local_schema locale="et" short_desc="Tööalade arv (aegunud)">
                        <longdesc>Aknahalduri poolt kasutatavate tööalade arv. See valik on alates GNOME 2.12 versioonist aegunud.</longdesc>
                </local_schema>
                <local_schema locale="es" short_desc="El número de áreas de trabajo (obsoleto)">
                        <longdesc>El número de áreas de trabajo que el gestor de ventanas debe usar. Esta entrada es obsoleta desde GNOME 2.12.</longdesc>
                </local_schema>
                <local_schema locale="vi" short_desc="Số các vùng làm việc (bị phản đối).">
                        <longdesc>Số vùng làm việc bộ quản lý cửa sổ nên dùng. Khóa này đã bị phản đối kể từ Gnome 2.12.</longdesc>
                </local_schema>
                <local_schema locale="ru" short_desc="Число рабочих областей (устаревший)">
                        <longdesc>Число рабочих областей, которые следует иметь оконному менеджеру. Этот ключ является устаревшим начиная с GNOME 2.12.</longdesc>
                </local_schema>
                <local_schema locale="id" short_desc="Jumlah area kerja">
                        <longdesc>Jumlah area kerja yang harus digunakan pengatur jendela.. Kunci ini tidak digunakan lagi sejak GNOME 2.12.</longdesc>
                </local_schema>
                <local_schema locale="lv" short_desc="Darba vietu skaits (novecojis)">
                        <longdesc>Darba vietu skaits, ko logu pārvaldniekam būtu jālieto. Novecojis kopš GNOME 2.12.</longdesc>
                </local_schema>
                <local_schema locale="ko" short_desc="작업공간 수 (사용하지 말 것 권장)">
                        <longdesc>창 관리자가 사용할 작업공간 수. 이 키는 그놈 2.12부터 사용하지 말 것을 권장합니다.</longdesc>
                </local_schema>
                <local_schema locale="lt" short_desc="Darbo laukų kiekis (nebenaudojama)">
                        <longdesc>Darbo laukų skaičius, kuris turi būti sukurtas langų tvarkyklėje. Šis raktas nuo GNOME 2.12 nebenaudojamas.</longdesc>
                </local_schema>
                <local_schema locale="ca" short_desc="Nombre d&apos;espais de treball (en desús)">
                        <longdesc>El nombre d&apos;espais de treball que ha d&apos;utilitzar el gestor de finestres. Aquesta clau està en desús des de GNOME 2.12.</longdesc>
                </local_schema>
                <local_schema locale="sv" short_desc="Antalet arbetsytor (föråldrat)">
                        <longdesc>Antalet arbetsytor som fönsterhanteraren ska använda. Denna nyckel har föråldrats sedan GNOME 2.12.</longdesc>
                </local_schema>
                <local_schema locale="el" short_desc="Ο αριθμός των χώρων εργασίας (ξεπερασμένο)">
                        <longdesc>Ο αριθμός των χώρων εργασίας που θα χρησιμοποιεί ο διαχειριστής παραθύρων.Αυτό το κλειδί είναι ξεπερασμένο στο GNOME 2.12.</longdesc>
                </local_schema>
                <local_schema locale="fr" short_desc="Le nombre d&apos;espaces de travail (obsolète)">
                        <longdesc>Le nombre d&apos;espaces de travail que le gestionnaire de fenêtres doit utiliser. Cette clé est obsolète depuis GNOME 2.12.</longdesc>
                </local_schema>
                <local_schema locale="ro" short_desc="Numărul spaţiilor de lucru (setare învechită)">
                        <longdesc>Numărul spaţiilor de lucru utilizate de administratorul de ferestre. Această cheie nu mai este utilizată începând cu GNOME 2.12.</longdesc>
                </local_schema>
                <local_schema locale="de" short_desc="Die Anzahl der Arbeitsflächen (veraltet)">
                        <longdesc>Die Anzahl der Arbeitsflächen, die der Fenster-Manager verwenden soll. Dieser Schlüssel ist seit GNOME 2.12 veraltet.</longdesc>
                </local_schema>
                <local_schema locale="sr@Latn" short_desc="Broj radnih površina (zastarelo)">
                        <longdesc>Broj radnih površina koje koristi upravnik prozora. Ovaj ključ je zastareo počevši od Gnoma 2.12.</longdesc>
                </local_schema>
                <local_schema locale="pa" short_desc="ਵਰਕਸਪੇਸਾਂ ਦੀ ਗਿਣਤੀ (ਬਰਤਰਫ਼)">
                        <longdesc>ਵਰਕਸਪੇਸਾਂ ਦੀ ਗਿਣਤੀ ਜੋ ਕਿ ਝਰੋਖਾ ਪਰਬੰਧਕ ਵਰਤ ਸਕਦੇ ਹਨ। ਇਹ ਕੁੰਜੀ ਨੂੰ ਗਨੋਮ 2.12 ਵਿੱਚ ਬਰਤਰਫ਼ ਕੀਤਾ ਜਾ ਚੁੱਕਿਆ ਹੈ।</longdesc>
                </local_schema>
                <local_schema locale="gu" short_desc="કામ કરવાની જગ્યાની સંખ્યા (ઊતારી પડાયેલ)">
                        <longdesc>વિન્ડો વ્યવસ્થાપકે વાપરવી જોઈએ તે કામ કરવાની જગ્યાઓની સંખ્યા. આ કી GNOME 2.12 આવ્યું ત્યારથી ઊતારી પડાયેલ છે.</longdesc>
                </local_schema>
                <local_schema locale="sr" short_desc="Број радних површина (застарело)">
                        <longdesc>Број радних површина које користи управник прозора. Овај кључ је застарео почевши од Гнома 2.12.</longdesc>
                </local_schema>
                <local_schema locale="ja" short_desc="ワークスペースの数 (破棄の予定)">
                        <longdesc>ウィンドウ・マネージャが使用するワークスペースの数です (このキーは GNOME 2.12 から破棄される予定です)</longdesc>
                </local_schema>
                <local_schema locale="sq" short_desc="Numri i hapësirave të punës (nuk përdoret më)">
                        <longdesc>Numri i hapësirave të punës që organizuesi i dritareve duhet të përdorë. Kjo vlerë nuk përdoret më me GNOME 2.12.</longdesc>
                </local_schema>
                <local_schema locale="da" short_desc="Antallet af arbejdsområder (forældet)">
                        <longdesc>Antallet af arbejdsområder som vindueshåndteringen skal benytte. Denne nøgle har været forældet siden Gnome-2.12.</longdesc>
                </local_schema>
                <local_schema locale="zh_TW" short_desc="工作區數目（不鼓勵再使用）">
                        <longdesc>視窗總管應開啟的工作區數目，這設定鍵自 GNOME 2.12 已不鼓勵再使用。</longdesc>
                </local_schema>
                <local_schema locale="fi" short_desc="Työtilojen lukumäärä (vanhentunut)">
                        <longdesc>Työtilojen lukumäärä, jota ikkunointiohjelman tulisi noudattaa. Tämä avain on vanhentunut versiosta Gnome 2.12 alkaen.</longdesc>
                </local_schema>
                <local_schema locale="hu" short_desc="A munkaterületek száma (elavult)">
                        <longdesc>Az ablakkezelő által használandó munkaterületek száma. Ez a kulcs a GNOME 2.12 óta elavultnak számít.</longdesc>
                </local_schema>
                <local_schema locale="tr" short_desc="Çalışma alanlarının sayısı (kullanılmıyor)">
                        <longdesc>Pencere yöneticisinin kullanması gereken çalışma alanlarının sayısı. Bu anahtar GNOME 2.12 sonrası kullanılmıyor.</longdesc>
                </local_schema>
                <local_schema locale="sl" short_desc="Število delovnih površin (opuščen)">
                        <longdesc>Število delovnih površin, ki naj jih uporabi upravitelj oken. Ta ključ je opuščen od GNOME 2.12 naprej.</longdesc>
                </local_schema>
                <local_schema locale="ka" short_desc="სამუშაო არეთა რაოდენობა (უარყოფილია)">
                        <longdesc>ფანჯერბის მმართველის მიერ გამოყენებული სამუშაო არეთა რაოდენობა. ეს კლავიში უარყოფილია GNOME 2.12-ის შემდეგ.</longdesc>
                </local_schema>
                <local_schema locale="sk" short_desc="Počet pracovných plôch (zastaralé)">
                        <longdesc>Počet pracovných plôch, ktoré má použiť správca okien. Tento kľúč je zastaralý od GNOME 2.12.</longdesc>
                </local_schema>
                <local_schema locale="ml" short_desc="പണിയറകളുടെ എണ്ണം ">
                </local_schema>
                <local_schema locale="cy" short_desc="Nifer y gweithfannau (anghymeradwyir)">
                        <longdesc>Faint o weithfannau dylai&apos;r rheolwr ffenestri ddefnyddio. Mae&apos;r allwedd hon wedi ei anghymeradwyo ers GNOME 2.12.</longdesc>
                </local_schema>
                <local_schema locale="gl" short_desc="O número de áreas de traballo (obsoleto)">
                        <longdesc>O número de áreas de traballo que o xestor de fiestras debe usar. Esta clave é obsoleta desde Gnome 2.12.</longdesc>
                </local_schema>
                <local_schema locale="mk" short_desc="Број на работните простори (заостанато)">
                        <longdesc>Број на работните простори кои ги користи менаџерот на прозорци. Ова копче е заостанато од Гном 2.12.</longdesc>
                </local_schema>
                <local_schema locale="bn_IN" short_desc="কর্মক্ষেত্রের সংখ্যা (অবচিত)">
                        <longdesc>উইন্ডো পরিচালনব্যবস্থার দ্বারা ব্যবহৃত কর্মক্ষেত্রের সংখ্যা। GNOME ২.১২ সংস্করণের পরে এই কি অবচিত হয়েছে।</longdesc>
                </local_schema>
                <local_schema locale="nn" short_desc="Tal på arbeidsområde (forelda)">
                        <longdesc>Kor mange arbeidsområde vindaugehandsamaren skal bruka. Denne nøkkelen har vore forelda sidan GNOME 2.12.</longdesc>
                </local_schema>
                <local_schema locale="it" short_desc="Il numero delle aree di lavoro (deprecata)">
                        <longdesc>Il numero delle aree di lavoro che il window manager dovrebbe usare. Questa chiave è stata resa deprecata a partire da GNOME 2.12.</longdesc>
                </local_schema>
                <local_schema locale="or" short_desc="କାର୍ଯ୍ଯକ୍ଷେତ୍ରର ସଂଖ୍ଯା (ଅପସନ୍ଦ)">
                        <longdesc>ଓ୍ବିଣ୍ଡୋ ପରିଚାଳକ ଦ୍ବାରା ବ୍ଯବହୃତ କାର୍ଯ୍ଯକ୍ଷେତ୍ରର ସଂଖ୍ଯାଏହି ଚାବି ନୋମର 2.12 ସଂସ୍କରଣଠାରୁ ଅପସନ୍ଦ କରାଯାଇଛି.</longdesc>
                </local_schema>
                <local_schema locale="nl" short_desc="Aantal werkbladen (ontraden)">
                        <longdesc>Het aantal werkbladen dat de window manager moet gebruiken. Deze sleutel is ontraden sinds GNOME 2.12.</longdesc>
                </local_schema>
                <local_schema locale="bn" short_desc="ওয়ার্কস্পেসগুলোর সংখ্যা (আর ব্যবহার করা হয় না)">
                        <longdesc>উইন্ডো ম্যানেজারের যতগুলো ওয়ার্কস্পেস ব্যবহার করা উচিত</longdesc>
                </local_schema>
                <local_schema locale="cs" short_desc="Počet pracovních ploch (zastaralé)">
                        <longdesc>Počet pracovních ploch, které má manažer oken používat. Tento klíč byl od GNOME 2.12 zastaralý.</longdesc>
                </local_schema>
                <local_schema locale="th" short_desc="จำนวนพื้นที่ทำงาน (เลิกใช้แล้ว)">
                        <longdesc>จำนวนพื้นที่ทำงานที่โปรแกรมจัดการหน้าต่างควรจะใช้  คียนี้เลิกใช้แล้วตั้งแต่ GNOME 2.12 เป็นต้นไป</longdesc>
                </local_schema>
        </entry>
        <entry name="current" mtime="1157589598" type="schema" stype="string" owner="gnome">
                <local_schema locale="pt" short_desc="Gestor de janelas do utilizador (obsoleta)">
                        <longdesc>Gestor de janelas a tentar primeiro. Esta chave tornou-se obsoleta a partir do GNOME 2.12.</longdesc>
                </local_schema>
                <local_schema locale="hi" short_desc="उपयोगकर्ता विंडो प्रबंधक (पदावनत)">
                        <longdesc>विंडो प्रबंधक को पहले कोशिश करनी चाहिये. इस कुंजी को GNOME 2.12 के बाद पदावनत किया गया है.</longdesc>
                </local_schema>
                <local_schema locale="zh_HK" short_desc="用戶首選的視窗總管（不鼓勵再使用）">
                        <longdesc>首選的視窗總管。這設定鍵自 GNOME 2.12 已不鼓勵再使用。</longdesc>
                </local_schema>
                <local_schema locale="uk" short_desc="Віконний менеджер, визначений користувачем (застарілий)">
                        <longdesc>Менеджер вікон, що пробується першим. Цей ключ позначений застарілим починаючи з GNOME 2.12.</longdesc>
                </local_schema>
                <local_schema locale="en_CA" short_desc="User window manager (deprecated)">
                        <longdesc>Window manager to try first. This key has been deprecated since GNOME 2.12.</longdesc>
                </local_schema>
                <local_schema locale="ne" short_desc="प्रयोगकर्ता सञ्झ्याल प्रबन्धक (अमान्य गरियो)">
                        <longdesc>सञ्झ्याल प्रबन्धकलाई पहिलो प्रयास । यो कुञ्जी GNOME २.१२ देखि अमान्य छ ।</longdesc>
                </local_schema>
                <local_schema locale="bg" short_desc="Потребителски мениджър на прозорци (остаряла настройка, да не се използва)">
                        <longdesc>Мениджър за прозорци, който да се използва с приоритет. Този ключ е остарял и не се препоръчва да се ползва от GNOME 2.12.</longdesc>
                </local_schema>
                <local_schema locale="he" short_desc="User window manager (deprecated)">
                        <longdesc>Window manager to try first. This key has been deprecated since GNOME 2.12.</longdesc>
                </local_schema>
                <local_schema locale="zh_CN" short_desc="用户窗口管理器(不推荐)">
                        <longdesc>首先尝试的窗口管理器。此键自 GNOME 2.12 之后不再推荐使用。</longdesc>
                </local_schema>
                <local_schema locale="be" short_desc="Кіраўнік вокнаў абраны карыстальнікам (асуджанае)">
                        <longdesc>Кіраўнік вокнаў, які будзе паспрабаваны першым. Гэты ключ асуджаны пачынаючы з вэрсіі GNOME 2.12.</longdesc>
                </local_schema>
                <local_schema locale="ta" short_desc="பயனர் சாளரமேலாளர் (எதிரிடையானது)">
                        <longdesc>சாளர மேலாளர் முதலில் முயற்சிக்கட்டும். GNOME 2.12லிருந்து இந்த விசை எதிரிடையானது.</longdesc>
                </local_schema>
                <local_schema locale="C" short_desc="User window manager (deprecated)">
                        <longdesc>
          Window manager to try first.
          This key has been deprecated since GNOME 2.12.
        </longdesc>
                </local_schema>
                <local_schema locale="nb" short_desc="Brukers vindushåndterer (fases ut)">
                        <longdesc>Vindushåndterer som skal prøves først. Denne nøkkelen skal fases ut etter GNOME 2.12.</longdesc>
                </local_schema>
                <local_schema locale="pt_BR" short_desc="Gerenciador de janelas do usuário (obsoleto)">
                        <longdesc>Primeira tentativa de gerenciador de janelas. Essa chave ficou obsoleta desde o GNOME 2.12.</longdesc>
                </local_schema>
                <local_schema locale="eu" short_desc="Erabiltzailearen leiho-kudeatzailea (zaharkitua)">
                        <longdesc>Leiho-kudeatzailea aurrenik saiatzeko. Gako hau zaharkitua gelditu da GNOME 2.12 bertsiotik.</longdesc>
                </local_schema>
                <local_schema locale="pl" short_desc="Menedżer okien użytkownika (przestarzałe)">
                        <longdesc>Pierwszy w kolejności do wypróbowania menedżer okien. Klucz ten jest przestarzały od czasu GNOME 2.12.</longdesc>
                </local_schema>
                <local_schema locale="et" short_desc="Kasutaja aknahaldur (aegunud)">
                </local_schema>
                <local_schema locale="es" short_desc="Gestor de ventanas del usuario (obsoleto)">
                        <longdesc>Gestor de ventanas que se probará primero. Esta clave es obsoleta desde GNOME 2.12.</longdesc>
                </local_schema>
                <local_schema locale="vi" short_desc="Bộ quản lý cửa sổ người dùng (bị phản đối)">
                        <longdesc>Bộ quản lý cửa sổ cần thử đầu tiên. Khóa này đã bị phản đối kể từ Gnome 2.12.</longdesc>
                </local_schema>
                <local_schema locale="ru" short_desc="Пользовательский оконный менеджер (устаревший)">
                        <longdesc>Оконный менеджер, который необходимо пробовать первым. Этот ключ считается устаревшим начиная с GNOME 2.12.</longdesc>
                </local_schema>
                <local_schema locale="id" short_desc="Pengatur Jendela">
                        <longdesc>Pengatur jendela yang dijalankan pertama kali. Kunci ini tidak digunakan lagi sejak GNOME 2.12</longdesc>
                </local_schema>
                <local_schema locale="lv" short_desc="Lietotāja logu pārvaldnieks (novecojis)">
                        <longdesc>Iesākumā mēģināmais logu pārvaldnieks. Novecojis kopš GNOME 2.12.</longdesc>
                </local_schema>
                <local_schema locale="ko" short_desc="사용자 창 관리자 (사용하지 말 것 권장)">
                        <longdesc>처음 시도할 창 관리자. 이 키는 그놈 2.12부터 사용하지 말 것을 권장합니다.</longdesc>
                </local_schema>
                <local_schema locale="lt" short_desc="Vartotojo langų tvarkyklė (nebenaudojama)">
                        <longdesc>Pirmiausiai bandoma langų tvarkyklė. Šis raktas nuo GNOME 2.12 nebenaudojamas.</longdesc>
                </local_schema>
                <local_schema locale="ca" short_desc="Gestor de finestres de l&apos;usuari (en desús)">
                        <longdesc>El gestor de finestres a provar en primer lloc. Aquesta clau està en desús des de GNOME 2.12.</longdesc>
                </local_schema>
                <local_schema locale="sv" short_desc="Användarfönsterhanterare (föråldrat)">
                        <longdesc>Fönsterhanterare att prova först. Denna nyckel har föråldrats sedan GNOME 2.12.</longdesc>
                </local_schema>
                <local_schema locale="el" short_desc="Διαχειριστής παραθύρων χρήστη (ξεπερασμένο)">
                        <longdesc>Διαχειριστής παραθύρων που θα δοκιμαστεί πρώτος. Αυτό το κλειδί είναι ξεπερασμένο στο GNOME 2.12.</longdesc>
                </local_schema>
                <local_schema locale="fr" short_desc="Gestionnaire de fenêtres utilisateur (obsolète)">
                        <longdesc>Gestionnaire de fenêtres à essayer en premier. Cette clé est obsolète depuis GNOME 2.12.</longdesc>
                </local_schema>
                <local_schema locale="ro" short_desc="Administrator de ferestre al utilizatorului (setare învechită)">
                        <longdesc>Administrator de ferestre de încercat prima dată. Această cheie nu mai este utilizată începând cu GNOME 2.12.</longdesc>
                </local_schema>
                <local_schema locale="de" short_desc="Bevorzugter Fenster-Manager (veraltet)">
                        <longdesc>Der Fenster-Manager der als erster versucht werden soll. Dieser Schlüssel ist seit GNOME 2.12 veraltet.</longdesc>
                </local_schema>
                <local_schema locale="sr@Latn" short_desc="Korisnikov upravnik prozora (zastarelo)">
                        <longdesc>Prvi upravnik prozora koji probati. Ovaj ključ je zastareo počevši od Gnoma 2.12.</longdesc>
                </local_schema>
                <local_schema locale="pa" short_desc="ਉਪਭੋਗੀ ਝਰੋਖਾ ਮੈਨੇਜਰ (ਬਰਤਰਫ਼)">
                        <longdesc>ਝਰੋਖਾ ਮੈਨੇਜਰ ਨਾਲ ਪਹਿਲਾਂ ਕੋਸ਼ਿਸ਼ ਕਰੋ। ਇਹ ਕੁੰਜੀ ਨੂੰ ਗਨੋਮ 2.12 ਵਿੱਚ ਬਰਤਰਫ਼ ਕਰ ਦਿੱਤਾ ਗਿਆ ਹੈ।</longdesc>
                </local_schema>
                <local_schema locale="gu" short_desc="વપરાશકર્તા વિન્ડો વ્યવસ્થાપક (ઊતારી પડાયેલ)">
                        <longdesc>પ્રથમ પ્રયાસ કરવાનું વિન્ડો વ્યવસ્થાપક. આ કી GNOME 2.12 આવ્યું ત્યારથી ઊતારી પડાયેલ છે.</longdesc>
                </local_schema>
                <local_schema locale="sr" short_desc="Корисников управник прозора (застарело)">
                        <longdesc>Први управник прозора који пробати. Овај кључ је застарео почевши од Гнома 2.12.</longdesc>
                </local_schema>
                <local_schema locale="ja" short_desc="ユーザ指定のウィンドウ・マネージャ (破棄の予定)">
                        <longdesc>最初に起動してみるウィンドウ・マネージャです (このキーは GNOME 2.12 から破棄される予定です)。</longdesc>
                </local_schema>
                <local_schema locale="sq" short_desc="Organizuesi i dritareve të përdoruesit (nuk përdoret më)">
                        <longdesc>Organizuesi i dritareve që duhet provuar i pari Kjo vlerë nuk përdoret më me GNOME 2.12.</longdesc>
                </local_schema>
                <local_schema locale="da" short_desc="Brugervindueshåndtering (forældet)">
                        <longdesc>Den vindueshåndtering der skal prøves først. Denne nøgle har være forældet siden Gnome 2.12.</longdesc>
                </local_schema>
                <local_schema locale="zh_TW" short_desc="用戶首選的視窗總管（不鼓勵再使用）">
                        <longdesc>首選的視窗總管。這設定鍵自 GNOME 2.12 已不鼓勵再使用。</longdesc>
                </local_schema>
                <local_schema locale="fi" short_desc="Käyttäjän määrittelemä ikkunointiohjelma (vanhentunut)">
                        <longdesc>Ensimmäiseksi yritetävä ikkunointiohjelma. Tämä avain on vanhentunut versiosta Gnome 2.12 alkaen.</longdesc>
                </local_schema>
                <local_schema locale="hu" short_desc="Felhasználói ablakkezelő (elavult)">
                        <longdesc>Az elsőként próbálandó ablakkezelő. Ez a kulcs a GNOME 2.12 óta elavultnak számít.</longdesc>
                </local_schema>
                <local_schema locale="tr" short_desc="Kullanıcı pencere yöneticisi (kullanılmıyor)">
                        <longdesc>İlk olarak denenecek pencere yöneticisi. Bu anahtar GNOME 2.12 sonrası kullanılmıyor.</longdesc>
                </local_schema>
                <local_schema locale="sl" short_desc="Uporabnikov upravitelj oken (opuščen)">
                        <longdesc>Upravitelj oken najprej za preizkus. Ta ključ je opuščen od GNOME 2.12 naprej.</longdesc>
                </local_schema>
                <local_schema locale="ka" short_desc="მომხმარებლის ფანჯრების მმართველი (უარყოფილია)">
                        <longdesc>ფანჯრების პირველადი მმართველი. კლავიში უარყოფილია GNOME 2.12-ის შემდეგ.</longdesc>
                </local_schema>
                <local_schema locale="sk" short_desc="Správca okien používateľa (zastaralé)">
                        <longdesc>Správca okien, ktorý skúsiť najskôr. Tento kľúč je zastaralý od GNOME 2.12.</longdesc>
                </local_schema>
                <local_schema locale="ml" short_desc="ഉപയോക്താവിന്‍റെ ജാലക നിരീക്ഷകന്‍">
                </local_schema>
                <local_schema locale="cy" short_desc="Rheolwr ffenestri&apos;r defnyddiwr (anghymeradwyir)">
                        <longdesc>Y rheolwr ffenestri i&apos;w geisio&apos;n gyntaf. Mae&apos;r allwedd hon wedi ei anghymeradwyo ers GNOME 2.12.</longdesc>
                </local_schema>
                <local_schema locale="gl" short_desc="Xestor de fiestras do usuario (obsoleta)">
                        <longdesc>Xestor de fiestras que se probará primeiro. Esta clave é obsoleta desde Gnome 2.12.</longdesc>
                </local_schema>
                <local_schema locale="mk" short_desc="Кориснички менаџер на прозорци (заостанато)">
                        <longdesc>Менаџер на прозорци за прва употреба. Ова копче е заостанато од Гном 2.12.</longdesc>
                </local_schema>
                <local_schema locale="bn_IN" short_desc="ব্যবহারকারীর উইন্ডো পরিচালন ব্যবস্থা (অবচিত)">
                        <longdesc>প্রথমে ব্যবহারের জন্য চিহ্নিত উইন্ডো পরিচালনব্যবস্থা। GNOME ২.১২ সংস্করণের পরে এই কি অবচিত হয়েছে।</longdesc>
                </local_schema>
                <local_schema locale="nn" short_desc="Brukar sin vindaugehandsamar (forelda)">
                        <longdesc>Vindaugehandsamar å bruka fyrst. Denne nøkkelen har vore forelda sidan GNOME 2.12.</longdesc>
                </local_schema>
                <local_schema locale="it" short_desc="Window manager dell&apos;utente (deprecata)">
                        <longdesc>Window manager da provare per primo. Questa chiave è stata resa deprecata a partire da GNOME 2.12.</longdesc>
                </local_schema>
                <local_schema locale="or" short_desc="ବ୍ଯବହାରକାରୀ ଓ୍ବିଣ୍ଡୋ ପରିଚାଳକ (ଅପସନ୍ଦ)">
                        <longdesc>ବ୍ଯବହାର ପାଇଁ ପ୍ରଥମ ଖୋଜାଯିବା ଓ୍ବିଣ୍ଡୋ ପରିଚାଳକ.ଏହି ଚାବି ନୋମର 2.12 ସଂସ୍କରଣଠାରୁ ଅପସନ୍ଦ କରାଯାଇଛି.</longdesc>
                </local_schema>
                <local_schema locale="nl" short_desc="Gebruikers-windowmanager (ontraden)">
                        <longdesc>Als eerste te proberen windowmanager. Deze sleutel is ontraden sinds GNOME 2.12.</longdesc>
                </local_schema>
                <local_schema locale="bn" short_desc="ব্যবহারকারীর উইন্ডো ম্যানেজার (আর ব্যবহার করা হয় না)">
                        <longdesc>উইন্ডো ব্যবস্থাপক প্রথমে চেষ্টা করা হবে। এই কী-টি গুনোম ২.১২ থেকে বর্জন করা হচ্ছে।</longdesc>
                </local_schema>
                <local_schema locale="cs" short_desc="Uživatelský manažer oken (zastaralé)">
                        <longdesc>Manažer oken, který zkusit nejdřív. Tento klíč byl od GNOME 2.12 zastaralý.</longdesc>
                </local_schema>
                <local_schema locale="th" short_desc="โปรแกรมจัดการหน้าต่างของผู้ใช้ (เลิกใช้แล้ว)">
                        <longdesc>โปรแกรมจัดการหน้าต่างที่จะลองใช้ก่อน  คีย์นี้เลิกใช้แล้วตั้งแต่ GNOME 2.12 เป็นต้นไป</longdesc>
                </local_schema>
        </entry>
        <entry name="default" mtime="1157589598" type="schema" stype="string" owner="gnome">
                <local_schema locale="pt" short_desc="Gestor de janelas de recurso (obsoleta)">
                        <longdesc>Gestor de janelas de recurso se o gestor de janelas do utilizador não for encontrado. Esta chave tornou-se obsoleta a partir do GNOME 2.12.</longdesc>
                </local_schema>
                <local_schema locale="hi" short_desc="फालबैक विंडो प्रबंधक (पदावनत)">
                        <longdesc>यदि उपयोगकर्ता विंडो प्रबंधक नहीं मिलेगा तो फ़ालबैक विंडो प्रबंधक पाया नहीं जा सकता. इस कुंजी को GNOME 2.12 के बाद पदावनत किया जा रहा है.</longdesc>
                </local_schema>
                <local_schema locale="zh_HK" short_desc="後備視窗總管（不鼓勵再使用）">
                        <longdesc>當找不到用戶首選的視窗總管時，執行這裏指定的後備視窗總管。這設定鍵自 GNOME 2.12 已不鼓勵再使用。</longdesc>
                </local_schema>
                <local_schema locale="uk" short_desc="Аварійний віконний менеджер (застарілий)">
                        <longdesc>Аварійний віконний менеджер, на випадок, коли не вдасться знайти вказаний користувачем Цей ключ позначений застарілим починаючи з GNOME 2.12.</longdesc>
                </local_schema>
                <local_schema locale="en_CA" short_desc="Fallback window manager (deprecated)">
                        <longdesc>Fallback window manager if user&apos;s window manager cannot be found. This key has been deprecated since GNOME 2.12.</longdesc>
                </local_schema>
                <local_schema locale="ne" short_desc="सञ्झ्याल प्रबन्धकलाई पछाडि धकेल्नुहोस् (अमान्य गरियो)">
                        <longdesc>प्रयोगकर्ता सञ्झ्याल प्रबन्धक फेला परेन भने सञ्झ्याल प्रबन्धकलाई पछाडि धकेल्नुहोस् । यो कुञ्जी GNOME २.१२ देखि अमान्य छ ।</longdesc>
                </local_schema>
                <local_schema locale="bg" short_desc="Резервен мениджър на прозорци (остаряла настройка, да не се използва)">
                        <longdesc>Резервен мениджър на прозорци в случай, че потребителският не е открит.  Този ключ е остарял и не се препоръчва да се ползва от GNOME 2.12.</longdesc>
                </local_schema>
                <local_schema locale="he" short_desc="Fallback window manager (deprecated)">
                        <longdesc>Fallback window manager if user window manager can&apos;t be found. This key has been deprecated since GNOME 2.12.</longdesc>
                </local_schema>
                <local_schema locale="zh_CN" short_desc="默认窗口管理器(不推荐)">
                        <longdesc>用户窗口管理器无法找到时使用的默认窗口管理器。此键自 GNOME 2.12 之后不再推荐使用。</longdesc>
                </local_schema>
                <local_schema locale="be" short_desc="Аварыйны кіраўнік вокнаў (асуджанае)">
                        <longdesc>Аварыйны кіраўнік вокнаў, які будзе выкарыстоўвацца калі прадвызначаны адсутнічае. Гэты ключ асуджаны пачынаючы з вэрсіі GNOME 2.12.</longdesc>
                </local_schema>
                <local_schema locale="ta" short_desc="பின்சார்ந்த சாளரமேலாளர் (எதிரிடையானது)">
                        <longdesc>பயனர் சாளரமேலாளர் காணாவிட்டால், பின்சார்ந்த சாளரமேலாளர். GNOME 2.12லிருந்து இந்த விசை எதிரிடையானது.</longdesc>
                </local_schema>
                <local_schema locale="C" short_desc="Fallback window manager (deprecated)">
                        <longdesc>
          Fallback window manager if user window manager can&apos;t be found.
          This key has been deprecated since GNOME 2.12.
        </longdesc>
                </local_schema>
                <local_schema locale="nb" short_desc="Reserve-vindushåndterer (fases ut)">
                        <longdesc>Reserve-vindushåndterer hvis brukerens vindushåndterer ikke kan finnes. Denne nøkkelen skal fases ut etter GNOME 2.12.</longdesc>
                </local_schema>
                <local_schema locale="pt_BR" short_desc="Gerenciador de janelas reserva (obsoleto)">
                        <longdesc>Gerenciador de janelas reserva, caso o gerenciador do usuário não for encontrado. Essa chave ficou obsoleta desde o GNOME 2.12.</longdesc>
                </local_schema>
                <local_schema locale="eu" short_desc="Laguntzako leiho-kudeatzailea (zaharkitua)">
                        <longdesc>Laguntzako leiho-kudeatzailea erabiltzailearen leiho-kudeatzailea aurkitu ezin bada. Gako hau zaharkitua gelditu da GNOME 2.12 bertsiotik.</longdesc>
                </local_schema>
                <local_schema locale="pl" short_desc="Zastępczy menedżer okien (przestarzały)">
                        <longdesc>Zastępczy menedżer okien jeśli menedżer okien użytkownika nie może zostać odnaleziony. Klucz ten jest przestarzały od czasu GNOME 2.12.</longdesc>
                </local_schema>
                <local_schema locale="es" short_desc="Gestor de ventanas auxiliar (obsoleto)">
                        <longdesc>Gestor de ventanas auxiliar si el gestor de ventanas del usuario no puede encontrarse. Esta clave es obsoleta desde GNOME 2.12</longdesc>
                </local_schema>
                <local_schema locale="vi" short_desc="Bộ quản lý cửa sổ dự phòng (bị phản đối)">
                        <longdesc>Bộ quản lý cửa sổ dự phòng trong trường hợp không tìm thấy bộ quản lý cửa sổ của người dùng. Khóa này đã bị phản đối kể từ Gnome 2.12.</longdesc>
                </local_schema>
                <local_schema locale="ru" short_desc="Резервный оконный менеджер (устаревший)">
                        <longdesc>Резервный оконный менеджер, если указанный пользователем не найден. Этот ключ является устаревшим начиная с GNOME 2.12.</longdesc>
                </local_schema>
                <local_schema locale="id" short_desc="Pengatur jendela awal">
                        <longdesc>Pengatur jendela asal bila pengatur jendela yang ditentukan tidak ditemukan. Kunci ini tidak digunakan lagi sejak GNOME 2.12.</longdesc>
                </local_schema>
                <local_schema locale="lv" short_desc="Atkāpšanās logu pārvaldnieks (novecojis)">
                        <longdesc>Atkāpšanās logu pārvaldnieks, ja lietotāja logu pārvaldnieks nevar tikt atrasts. Šī vērtība ir novecojusi kopš gnome 2.12.</longdesc>
                </local_schema>
                <local_schema locale="ko" short_desc="예비 창 관리자 (사용하지 말 것 권장)">
                        <longdesc>사용자의 창 관리자를 찾을 수 없는 경우의 예비 창 관리자. 이 키는 그놈 2.12부터 사용하지 말 것을 권장합니다.</longdesc>
                </local_schema>
                <local_schema locale="lt" short_desc="Atsarginė langų tvarkyklė (nebenaudojama)">
                        <longdesc>Atsarginė langų tvarkyklė, kurią reiktų naudoti, jei vartotojo pasirinkta tvarkyklė nerandama. Šis raktas nuo GNOME 2.12 nebenaudojamas.</longdesc>
                </local_schema>
                <local_schema locale="ca" short_desc="Gestor de finestres d&apos;emergència (en desús)">
                        <longdesc>Gestor de finestres d&apos;emergència si el gestor de finestres de l&apos;usuari no es pot executar. Aquesta clau està en desús des de GNOME 2.12.</longdesc>
                </local_schema>
                <local_schema locale="sv" short_desc="Alternativ fönsterhanterare (föråldrat)">
                        <longdesc>Alternativ fönsterhanterare om användarfönsterhanteraren inte kan hittas. Denna nyckel har föråldrats sedan GNOME 2.12.</longdesc>
                </local_schema>
                <local_schema locale="el" short_desc="Διαχειριστής Παραθύρων Προσφυγής (ξεπερασμένο)">
                        <longdesc>Διαχειριστής παραθύρων προσφυγής αν ο διαχειριστής παραθύρων του χρήστη δε μπορεί να βρεθεί, Αυτό το κλειδί είναι ξεπερασμένο στο GNOME 2.12.</longdesc>
                </local_schema>
                <local_schema locale="fr" short_desc="Gestionnaire de fenêtres de secours (obsolète)">
                        <longdesc>Gestionnaire de fenêtres de secours si le gestionnaire de fenêtres de l&apos;utilisateur ne peut être trouvé. Cette clé est obsolète depuis GNOME 2.12.</longdesc>
                </local_schema>
                <local_schema locale="ro" short_desc="Administrator de ferestre de rezervă (setare învechită)">
                        <longdesc>Administrator de ferestre secundar pornit în cazul în care cel principal lipseşte. Această cheie nu mai este utilizată începând cu GNOME 2.12.</longdesc>
                </local_schema>
                <local_schema locale="de" short_desc="Fenster-Manager im Problemfall (veraltet)">
                        <longdesc>Fenster-Manager, der verwendet werden soll, wenn der bevorzugte Fenster-Manager nicht gefunden werden konnte. Dieser Schlüssel ist seit GNOME 2.12 veraltet.</longdesc>
                </local_schema>
                <local_schema locale="sr@Latn" short_desc="Rezervni upravnik prozora (zastarelo)">
                        <longdesc>Rezervni upravnik prozora ukoliko ne može da pronađe korisnikov upravnik. Ovaj ključ je zastareo počevši od Gnoma 2.12.</longdesc>
                </local_schema>
                <local_schema locale="pa" short_desc="ਫਾਲਬੈਕ ਝਰੋਖਾ ਪਰਬੰਧਕ (ਬਰਤਰਫ਼)">
                        <longdesc>ਫਾਲਬੈਕ ਝਰੋਖਾ ਪਰਬੰਧਕ, ਜੇਕਰ ਉਪਭੋਗੀ ਪਰਬੰਧਕ ਨਾ ਲੱਭਿਆ ਜਾ ਸਕੇ। ਇਹ ਕੁੰਜੀ ਗਨੋਮ 2.12 ਵਿੱਚ ਬਰਤਰਫ਼ ਕੀਤੀ ਜਾ ਚੁੱਕੀ ਹੈ।</longdesc>
                </local_schema>
                <local_schema locale="gu" short_desc="ફોલબેક વિન્ડો વ્યવસ્થાપક (ઊતારી પડાયેલ)">
                        <longdesc>ફોલબેક વિન્ડો વ્યવસ્થાપક જો વપરાશકર્તા વિન્ડો વ્યવસ્થાપક શોધી શકય નહિં. આ કી GNOME 2.12 આવ્યું ત્યારથી ઊતારી પડાયેલ છે.</longdesc>
                </local_schema>
                <local_schema locale="sr" short_desc="Резервни управник прозора (застарело)">
                        <longdesc>Резервни управник прозора уколико не може да пронађе корисников управник. Овај кључ је застарео почевши од Гнома 2.12.</longdesc>
                </local_schema>
                <local_schema locale="ja" short_desc="代替のウィンドウ・マネージャ (破棄の予定)">
                        <longdesc>指定したウィンドウ・マネージャが見つからなかった場合の代替のウィンドウ・マネージャです (このキーは GNOME 2.12 から破棄される予定です)。</longdesc>
                </local_schema>
                <local_schema locale="sq" short_desc="Organizuesi i dritares palosës (nuk përdoret më)">
                        <longdesc>Organizuesi i dritareve që duhet përdorur si palosës nëse ai i zgjedhur nga përdoruesi nuk arrin të gjendet. Kjo vlerë nuk përdoret më me GNOME 2.12.</longdesc>
                </local_schema>
                <local_schema locale="da" short_desc="Vindueshåndtering at falde tilbage på (forældet)">
                        <longdesc>Den vindueshåndtering der skal faldes tilbage på hvis brugerens vindueshåndtering ikke kan findes. Denne nøgle har været forældet siden Gnome-2.12.</longdesc>
                </local_schema>
                <local_schema locale="zh_TW" short_desc="後備視窗總管（不鼓勵再使用）">
                        <longdesc>當找不到用戶首選的視窗總管時，執行這裡指定的後備視窗總管。這設定鍵自 GNOME 2.12 已不鼓勵再使用。</longdesc>
                </local_schema>
                <local_schema locale="fi" short_desc="Varaikkunointiohjelma (vanhentunut)">
                        <longdesc>Varaikkunointiohjelma, jos käyttäjän määrittelemää ei löydy. Tämä avain on vanhentunut versiosta Gnome 2.12 alkaen.</longdesc>
                </local_schema>
                <local_schema locale="hu" short_desc="Tartalék ablakkezelő (elavult)">
                        <longdesc>Tartalék ablakkezelő, ha a felhasználói ablakkezelő nem használható. Ez a kulcs a GNOME 2.12 óta elavultnak számít.</longdesc>
                </local_schema>
                <local_schema locale="tr" short_desc="Son çare pencere yöneticisi (kullanılmıyor)">
                        <longdesc>Eğer pencere yöneticisi bulunmazsa son çare olarak kullanılacak pencere yöneticisi. Bu anahtar GNOME 2.12 sonrası kullanılmıyor.</longdesc>
                </local_schema>
                <local_schema locale="sl" short_desc="Rezervni upravitelj oken (opuščen)">
                        <longdesc>Rezervni upravitelj oken, če uporabnikovega upravitelja ni moč najti. Ta ključ je opuščen od GNOME 2.12 naprej.</longdesc>
                </local_schema>
                <local_schema locale="ka" short_desc="ფანჯრების სამარაგო მმართველი (გაუქმდა)">
                        <longdesc>ფანჯრების სამარაგო მმართველი თუ მომხმარებლის ფანჯრების მმართველი ვერ მოიძებნა. ეს კლავიში გაუქმდა GNOME 2.12-ის შემდეგ.</longdesc>
                </local_schema>
                <local_schema locale="sk" short_desc="Predvolený správca okien (zastaralé)">
                        <longdesc>Predvolený správca okien, ak správca okien zvolený používateľom nebol nájdený. Tento kľúč je zastaralý od GNOME 2.12.</longdesc>
                </local_schema>
                <local_schema locale="ml" short_desc="ഫോള്‍ബാക്ക് ജാലക മാനേജര്‍">
                </local_schema>
                <local_schema locale="cy" short_desc="Rheolwr ffenestri wrth gefn (anghymeradwyir)">
                        <longdesc>Rheolwr ffenestri wrth gefn os methir canfod rheolwr ffenestri&apos;r defnyddiwr. Mae&apos;r allwedd hon wedi ei anghymeradwyo ers GNOME 2.12.</longdesc>
                </local_schema>
                <local_schema locale="gl" short_desc="Xestor de fiestras auxiliar (obsoleto)">
                        <longdesc>Xestor de fiestras auxiliar se o xestor de fiestras do usuario non pode atoparse. Esta clave é obsoleta desde Gnome 2.12.</longdesc>
                </local_schema>
                <local_schema locale="mk" short_desc="Враќачки менаџер на прозорци (заостанат)">
                        <longdesc>Враќачки менаџер на прозорци ако ако не може да биде пронајден корисничкиот менаџер на прозорци. Ова копче е заостанато во Гном 2.12.</longdesc>
                </local_schema>
                <local_schema locale="bn_IN" short_desc="ফলব্যাক উইন্ডো পরিচালন ব্যবস্থা (অবচিত)">
                        <longdesc>ব্যবহারকারীর উইন্ডো পরিচালনব্যবস্থা অনুপস্থিত থাকলে ব্যবহৃত ফলব্যাক উইন্ডো পরিচালন ব্যবস্থা। GNOME ২.১২ সংস্করণের পরে এই কি অবচিত হয়েছে।</longdesc>
                </local_schema>
                <local_schema locale="nn" short_desc="Reservevindaugehandsamar (forelda)">
                        <longdesc>Vindaugehandsamar som skal brukast dersom standardhandsamaren ikkje er å finna. Denne nøkkelen har vore forelda sidan GNOME 2.12.</longdesc>
                </local_schema>
                <local_schema locale="it" short_desc="Window manager di ripiego (deprecata)">
                        <longdesc>Window manager da usare come ripiego se quello scelto dall&apos;utente non viene trovato. Questa chiave è stata resa deprecata a partire da GNOME 2.12.</longdesc>
                </local_schema>
                <local_schema locale="or" short_desc="ଶେଷ ଅବଲମ୍ବିତ ଓ୍ବିଣ୍ଡୋ ପରିଚାଳକ (ଅପସନ୍ଦ)">
                        <longdesc>ଶେଷ ଅବଲମ୍ବିତ ଓ୍ବିଣ୍ଡୋ ପରିଚାଳକ, ଯଦି ଓ୍ବିଣ୍ଡୋ ପରିଚାଳକ ମିଳିଲା ନାହିଁ.ଏହି ଚାବି ନୋମର 2.12 ସଂସ୍କରଣଠାରୁ ଅପସନ୍ଦ କରାଯାଇଛି.</longdesc>
                </local_schema>
                <local_schema locale="bn" short_desc="ফলব্যাক উইন্ডো ম্যানেজার (আর ব্যবহার করা হয় না)">
                        <longdesc>ব্যবহারকারী যদি উইন্ডো ম্যানেজার খুঁজে না পায় সেক্ষেত্রে ব্যবহৃত ফলব্যাক উইন্ডো ম্যানেজার। এ কীটি GNOME 2.12 থেকে আর ব্যবহার করা হয় না।</longdesc>
                </local_schema>
                <local_schema locale="nl" short_desc="Terugval-window manager (ontraden)">
                        <longdesc>Windowmanager om op terug te vallen als de gebruikers-windowmanager onvindbaar is. Deze sleutel is ontraden sinds GNOME 2.12.</longdesc>
                </local_schema>
                <local_schema locale="cs" short_desc="Náhradní manažer oken (zastaralé)">
                        <longdesc>Náhradní manažer oken, pokud nelze najít uživatelského manažera oken. Tento klíč byl od GNOME 2.12 zastaralý.</longdesc>
                </local_schema>
                <local_schema locale="th" short_desc="โปรแกรมจัดการหน้าต่างสำรอง (เลิกใช้แล้ว)">
                        <longdesc>โปรแกรมจัดการหน้าต่างที่ใช้เมื่อหาโปรแกรมจัดการหน้าต่างที่ผู้ใช้เลือกไม่พบ  คีย์นี้เลิกใช้แล้วตั้งแต่ GNOME 2.12 เป็นต้นไป</longdesc>
                </local_schema>
        </entry>
</gconf>
