<?xml version="1.0"?>
<mime-type xmlns="http://www.freedesktop.org/standards/shared-mime-info" type="application/andrew-inset"><!--Created automatically by update-mime-database. DO NOT EDIT!--><comment>Andrew Toolkit inset</comment><comment xml:lang="az">Andrew Toolkit s&#x259;n&#x259;di</comment><comment xml:lang="bg">&#x421;&#x431;&#x43E;&#x440; &#x43E;&#x442; Andrew Toolkit</comment><comment xml:lang="cs">Andrew Toolkit inset</comment><comment xml:lang="cy">Mewnosodiad Andrew Toolkit</comment><comment xml:lang="de">Andrew Toolkit-Inset</comment><comment xml:lang="el">&#x3B5;&#x3BD;&#x3B8;&#x3B5;&#x3BC;&#x3B1; &#x395;&#x3C1;&#x3B3;&#x3B1;&#x3BB;&#x3B5;&#x3B9;&#x3BF;&#x3C3;&#x3B5;&#x3B9;&#x3C1;&#x3AC;&#x3C2; Andrew</comment><comment xml:lang="eo">ongleto de Andrew Toolkit</comment><comment xml:lang="es">Inset del Andrew Toolkit</comment><comment xml:lang="eu">Andrew Toolkit-eko elementua</comment><comment xml:lang="fi">Andrew Toolkit -osio</comment><comment xml:lang="fr">ajout Andrew Toolkit</comment><comment xml:lang="hu">Andrew Toolkit-inset</comment><comment xml:lang="it">Inset Andrew Toolkit</comment><comment xml:lang="ja">Andrew &#x30C4;&#x30FC;&#x30EB;&#x30AD;&#x30C3;&#x30C8;&#x30A4;&#x30F3;&#x30BB;&#x30C3;&#x30C8;</comment><comment xml:lang="ko">Andrew &#xD234;&#xD0B7; inset</comment><comment xml:lang="ms">Inset Andrew Toolkit</comment><comment xml:lang="nb">Andrew verkt&#xF8;ysett insett</comment><comment xml:lang="nn">Andrew Toolkit innsats</comment><comment xml:lang="no">Andrew verkt&#xF8;ysett insett</comment><comment xml:lang="pl">Pakiet narz&#x119;dziowy Andrew</comment><comment xml:lang="pt">'inset' do Andrew Toolkit</comment><comment xml:lang="pt_BR">Inset do Andrew Toolkit</comment><comment xml:lang="sq">Inset Andrew Toolkit</comment><comment xml:lang="sr">Andrew &#x434;&#x43E;&#x434;&#x430;&#x442;&#x430;&#x433; &#x433;&#x440;&#x443;&#x43F;&#x435; &#x430;&#x43B;&#x430;&#x442;&#x430;</comment><comment xml:lang="sv">Andrew-verktygssamling insatt</comment><comment xml:lang="uk">&#x432;&#x43A;&#x43B;&#x430;&#x434;&#x43A;&#x430; Andrew Toolkit</comment></mime-type>
