<?xml version="1.0"?>
<mime-type xmlns="http://www.freedesktop.org/standards/shared-mime-info" type="application/dicom"><!--Created automatically by update-mime-database. DO NOT EDIT!--><comment>Digital Imaging and Communications in Medicine image</comment><comment xml:lang="az">Dijital R&#x259;sm v&#x259; Tibbd&#x259; Rabit&#x259; r&#x259;smi</comment><comment xml:lang="bg">&#x418;&#x437;&#x43E;&#x431;&#x440;&#x430;&#x436;&#x435;&#x43D;&#x438;&#x435;, &#x444;&#x43E;&#x440;&#x43C;&#x430;&#x442; Digital Imaging and Communications in Medicine</comment><comment xml:lang="cs">Obr&#xE1;zek Digital Imaging and Communications in Medicine</comment><comment xml:lang="cy">Delwedd DCIM (Digital Imaging and Communications in Medicine)</comment><comment xml:lang="de">DICOM-Bild</comment><comment xml:lang="el">&#x3B5;&#x3B9;&#x3BA;&#x3CC;&#x3BD;&#x3B1; &#x3C8;&#x3B7;&#x3C6;&#x3B9;&#x3B1;&#x3BA;&#x3AE;&#x3C2; &#x3B1;&#x3C0;&#x3B5;&#x3B9;&#x3BA;&#x3CC;&#x3BD;&#x3B9;&#x3C3;&#x3B7;&#x3C2; &#x3BA;&#x3B9; &#x3B5;&#x3C0;&#x3B9;&#x3BA;&#x3BF;&#x3B9;&#x3BD;&#x3C9;&#x3BD;&#x3B9;&#x3CE;&#x3BD; &#x399;&#x3B1;&#x3C4;&#x3C1;&#x3B9;&#x3BA;&#x3AE;&#x3C2;</comment><comment xml:lang="eo">bildo de Digital Imaging and Communications in Medicine</comment><comment xml:lang="es">Imagen de Digital Imaging and Communications in Medicine</comment><comment xml:lang="eu">'Digital Imaging and Communications in Medicine'-n irudia</comment><comment xml:lang="fi">Digital Imaging and Communications in Medicine -kuva</comment><comment xml:lang="fr">image &#xAB; Digital Imaging and Communications in Medicine &#xBB;</comment><comment xml:lang="hu">Digital Imaging and Communications in Medicine-k&#xE9;p</comment><comment xml:lang="it">Immagine DICOM</comment><comment xml:lang="ja">Medicine &#x753B;&#x50CF;&#x4E2D;&#x306E;&#x30C7;&#x30B8;&#x30BF;&#x30EB;&#x30A4;&#x30E1;&#x30FC;&#x30B8;&#x30F3;&#x30B0;/&#x30B3;&#x30DF;&#x30E5;&#x30CB;&#x30B1;&#x30FC;&#x30B7;&#x30E7;&#x30F3;</comment><comment xml:lang="ko">&#xC758;&#xB8CC; &#xC0AC;&#xC9C4;&#xC6A9; &#xB514;&#xC9C0;&#xD138; &#xADF8;&#xB9BC; &#xBC0F; &#xD1B5;&#xC2E0;</comment><comment xml:lang="ms">Imej Pengimejan Digital dan Komunikasi dalam Perubatan</comment><comment xml:lang="nb">Digital Imaging and Communications in Medicine-bilde</comment><comment xml:lang="nn">Digital Imaging and Communications in Medicine-bilete</comment><comment xml:lang="no">Digital Imaging and Communications in Medicine-bilde</comment><comment xml:lang="pl">Obraz DICM (Digital Imaging and Communications in Medicine)</comment><comment xml:lang="pt">imagem do tipo Imagem e Comunica&#xE7;&#xF5;es Digitais em Medicina</comment><comment xml:lang="pt_BR">Imagem de Comunica&#xE7;&#xF5;es e Imagens Digitais na Medicina</comment><comment xml:lang="sq">Figur&#xEB; Digital Imaging and Communications in Medicine (DICOM)</comment><comment xml:lang="sr">&#x421;&#x43B;&#x438;&#x43A;&#x430; &#x437;&#x430; &#x434;&#x438;&#x433;&#x438;&#x442;&#x430;&#x43B;&#x43D;&#x443; &#x444;&#x43E;&#x442;&#x43E;&#x433;&#x440;&#x430;&#x444;&#x438;&#x458;&#x443; &#x438; &#x43A;&#x43E;&#x43C;&#x443;&#x43D;&#x438;&#x43A;&#x430;&#x446;&#x438;&#x458;&#x443; &#x443; &#x43C;&#x435;&#x434;&#x438;&#x446;&#x438;&#x43D;&#x438;</comment><comment xml:lang="sv">Bildformat f&#xF6;r digital bildbehandling och medicinsk kommunikation</comment><comment xml:lang="uk">&#x417;&#x43E;&#x431;&#x440;&#x430;&#x436;&#x435;&#x43D;&#x43D;&#x44F; &#x444;&#x43E;&#x440;&#x43C;&#x430;&#x442;&#x443; &#x446;&#x438;&#x444;&#x440;&#x43E;&#x432;&#x43E;&#x433;&#x43E; &#x437;&#x43E;&#x431;&#x440;&#x430;&#x436;&#x435;&#x43D;&#x43D;&#x44F; &#x442;&#x430; &#x437;&#x432;'&#x44F;&#x437;&#x43A;&#x443; &#x443; &#x43C;&#x435;&#x434;&#x438;&#x446;&#x438;&#x43D;&#x456;</comment></mime-type>
