<?xml version="1.0"?>
<mime-type xmlns="http://www.freedesktop.org/standards/shared-mime-info" type="application/illustrator"><!--Created automatically by update-mime-database. DO NOT EDIT!--><comment>Adobe Illustrator document</comment><comment xml:lang="bg">&#x414;&#x43E;&#x43A;&#x443;&#x43C;&#x435;&#x43D;&#x442;, &#x444;&#x43E;&#x440;&#x43C;&#x430;&#x442; Adobe Illustrator</comment><comment xml:lang="cs">Dokument Adobe Illustrator</comment><comment xml:lang="de">Adobe Illustrator-Dokument</comment><comment xml:lang="el">&#x3AD;&#x3B3;&#x3B3;&#x3C1;&#x3B1;&#x3C6;&#x3BF; Adobe Illustrator</comment><comment xml:lang="eo">dokumento de Adobe Illustrator</comment><comment xml:lang="es">Documento de Adobe Illustrator</comment><comment xml:lang="eu">Adobe Illustrator dokumentua</comment><comment xml:lang="fi">Adobe Illustrator -asiakirja</comment><comment xml:lang="fr">document Adobe Illustrator</comment><comment xml:lang="hu">Adobe Illustrator-dokumentum</comment><comment xml:lang="it">Documento Adobe Illustrator</comment><comment xml:lang="ja">Adobe Illustrator &#x30C9;&#x30AD;&#x30E5;&#x30E1;&#x30F3;&#x30C8;</comment><comment xml:lang="ko">Adobe Illustrator &#xBB38;&#xC11C;</comment><comment xml:lang="ms">Dokumen Adobe Illustrator</comment><comment xml:lang="nb">Adobe Illustrator-dokument</comment><comment xml:lang="nl">Adobe Illustrator-document</comment><comment xml:lang="nn">Adobe Illustrator-dokument</comment><comment xml:lang="no">Adobe Illustrator-dokument</comment><comment xml:lang="pl">Dokument Adobe Illustratora</comment><comment xml:lang="pt">documento Adobe Illustrator</comment><comment xml:lang="pt_BR">Documento do Adobe Illustrator</comment><comment xml:lang="sq">Dokument Adobe Illustrator</comment><comment xml:lang="sr">&#x410;&#x434;&#x43E;&#x443;&#x431;&#x438; &#x418;&#x43B;&#x443;&#x441;&#x442;&#x440;&#x430;&#x442;&#x43E;&#x440; &#x434;&#x43E;&#x43A;&#x443;&#x43C;&#x435;&#x43D;&#x442;</comment><comment xml:lang="sv">Adobe Illustrator-dokument</comment><comment xml:lang="uk">&#x414;&#x43E;&#x43A;&#x443;&#x43C;&#x435;&#x43D;&#x442; Adobe Illustrator</comment><comment xml:lang="zh_CN">Adobe Illustrator &#x6587;&#x6863;</comment></mime-type>
