<?xml version="1.0"?>
<mime-type xmlns="http://www.freedesktop.org/standards/shared-mime-info" type="application/octet-stream"><!--Created automatically by update-mime-database. DO NOT EDIT!--><comment>unknown</comment><comment xml:lang="bg">&#x41D;&#x435;&#x438;&#x437;&#x432;&#x435;&#x441;&#x442;&#x435;&#x43D; &#x442;&#x438;&#x43F;</comment><comment xml:lang="cs">Nezn&#xE1;m&#xFD;</comment><comment xml:lang="de">unbekannt</comment><comment xml:lang="el">&#x3B1;&#x3B3;&#x3BD;&#x3C9;&#x3C3;&#x3C4;&#x3BF;</comment><comment xml:lang="eo">nekonata</comment><comment xml:lang="es">desconocido</comment><comment xml:lang="eu">ezezaguna</comment><comment xml:lang="fi">tuntematon</comment><comment xml:lang="fr">inconnu</comment><comment xml:lang="hu">ismeretlen</comment><comment xml:lang="it">sconosciuto</comment><comment xml:lang="ja">&#x4E0D;&#x660E;</comment><comment xml:lang="ko">&#xC54C; &#xC218; &#xC5C6;&#xC74C;</comment><comment xml:lang="ms">Entah</comment><comment xml:lang="nb">ukjent</comment><comment xml:lang="nl">onbekend</comment><comment xml:lang="nn">ukjend</comment><comment xml:lang="no">ukjent</comment><comment xml:lang="pl">nieznany typ</comment><comment xml:lang="pt">desconhecido</comment><comment xml:lang="pt_BR">Desconhecido</comment><comment xml:lang="ru">&#x43D;&#x435;&#x438;&#x437;&#x432;&#x435;&#x441;&#x442;&#x43D;&#x44B;&#x439;</comment><comment xml:lang="sq">nuk njihet</comment><comment xml:lang="sr">&#x43D;&#x435;&#x43F;&#x43E;&#x437;&#x43D;&#x430;&#x442;&#x43E;</comment><comment xml:lang="sv">ok&#xE4;nd</comment><comment xml:lang="uk">&#x43D;&#x435;&#x432;&#x456;&#x434;&#x43E;&#x43C;&#x43E;</comment><comment xml:lang="zh_CN">&#x672A;&#x77E5;</comment></mime-type>
