<?xml version="1.0"?>
<mime-type xmlns="http://www.freedesktop.org/standards/shared-mime-info" type="application/oda"><!--Created automatically by update-mime-database. DO NOT EDIT!--><comment>ODA document</comment><comment xml:lang="az">ODA s&#x259;n&#x259;di</comment><comment xml:lang="bg">&#x414;&#x43E;&#x43A;&#x443;&#x43C;&#x435;&#x43D;&#x442;, &#x444;&#x43E;&#x440;&#x43C;&#x430;&#x442; ODA</comment><comment xml:lang="cs">Dokument ODA</comment><comment xml:lang="cy">Dogfen ODA</comment><comment xml:lang="de">ODA-Dokument</comment><comment xml:lang="el">&#x3AD;&#x3B3;&#x3B3;&#x3C1;&#x3B1;&#x3C6;&#x3BF; ODA</comment><comment xml:lang="eo">ODA-dokumento</comment><comment xml:lang="es">Documento ODA</comment><comment xml:lang="eu">ODA dokumentua</comment><comment xml:lang="fi">ODA-asiakirja</comment><comment xml:lang="fr">document ODA</comment><comment xml:lang="hu">ODA-dokumentum</comment><comment xml:lang="it">Documento ODA</comment><comment xml:lang="ja">ODA &#x30C9;&#x30AD;&#x30E5;&#x30E1;&#x30F3;&#x30C8;</comment><comment xml:lang="ko">ODA &#xBB38;&#xC11C;</comment><comment xml:lang="ms">Dokumen ODA</comment><comment xml:lang="nb">ODA-dokument</comment><comment xml:lang="nl">ODA-document</comment><comment xml:lang="nn">ODA-dokument</comment><comment xml:lang="no">ODA-dokument</comment><comment xml:lang="pl">Dokument ODA</comment><comment xml:lang="pt">documento ODA</comment><comment xml:lang="pt_BR">Documento ODA</comment><comment xml:lang="sq">Dokument ODA</comment><comment xml:lang="sr">ODA &#x434;&#x43E;&#x43A;&#x443;&#x43C;&#x435;&#x43D;&#x442;</comment><comment xml:lang="sv">ODA-dokument</comment><comment xml:lang="uk">&#x414;&#x43E;&#x43A;&#x443;&#x43C;&#x435;&#x43D;&#x442; ODA</comment><comment xml:lang="zh_CN">ODA &#x6587;&#x6863;</comment></mime-type>
