<?xml version="1.0"?>
<mime-type xmlns="http://www.freedesktop.org/standards/shared-mime-info" type="application/ogg"><!--Created automatically by update-mime-database. DO NOT EDIT!--><comment>Ogg Vorbis audio</comment><comment xml:lang="az">Ogg Vorbis audio fayl&#x131;</comment><comment xml:lang="bg">&#x410;&#x443;&#x434;&#x438;&#x43E; &#x444;&#x430;&#x439;&#x43B;, &#x444;&#x43E;&#x440;&#x43C;&#x430;&#x442; Ogg Vorbis</comment><comment xml:lang="cs">Zvuk Ogg Vorbis</comment><comment xml:lang="cy">Sain Ogg Vorbis</comment><comment xml:lang="de">Ogg Vorbis-Audio</comment><comment xml:lang="el">&#x3AE;&#x3C7;&#x3BF;&#x3C2; Ogg Vobris</comment><comment xml:lang="eo">Ogg Vorbis-a&#x16D;dio</comment><comment xml:lang="es">Audio Ogg Vorbis</comment><comment xml:lang="eu">Ogg Vorbis audioa</comment><comment xml:lang="fi">Ogg Vorbis -&#xE4;&#xE4;ni</comment><comment xml:lang="fr">audio Ogg Vorbis</comment><comment xml:lang="hu">Ogg Vorbis-hang</comment><comment xml:lang="it">Audio Ogg Vorbis</comment><comment xml:lang="ja">Ogg Vorbis &#x30AA;&#x30FC;&#x30C7;&#x30A3;&#x30AA;</comment><comment xml:lang="ko">Ogg Vorbis &#xC624;&#xB514;&#xC624;</comment><comment xml:lang="ms">Audio Ogg Vorbis</comment><comment xml:lang="nb">Ogg Vorbis-lyd</comment><comment xml:lang="nl">Ogg Vorbis-geluid</comment><comment xml:lang="nn">Ogg Vorbis-lyd</comment><comment xml:lang="no">Ogg Vorbis-lyd</comment><comment xml:lang="pl">Plik d&#x17A;wi&#x119;kowy Ogg Vorbis</comment><comment xml:lang="pt">&#xE1;udio Ogg Vorbis</comment><comment xml:lang="pt_BR">&#xC1;udio do Ogg Vorbis</comment><comment xml:lang="ru">Ogg Vorbis &#x430;&#x443;&#x434;&#x438;&#x43E;</comment><comment xml:lang="sq">Audio Ogg Vorbis</comment><comment xml:lang="sr">&#x41E;&#x433;-&#x432;&#x43E;&#x440;&#x431;&#x438;&#x441; &#x437;&#x432;&#x443;&#x447;&#x43D;&#x438; &#x437;&#x430;&#x43F;&#x438;&#x441;</comment><comment xml:lang="sv">Ogg Vorbis-ljud</comment><comment xml:lang="uk">&#x417;&#x432;&#x443;&#x43A; Ogg Vorbis</comment><comment xml:lang="zh_CN">Ogg Vorbis &#x97F3;&#x9891;</comment></mime-type>
