<?xml version="1.0"?>
<mime-type xmlns="http://www.freedesktop.org/standards/shared-mime-info" type="application/pdf"><!--Created automatically by update-mime-database. DO NOT EDIT!--><comment>PDF document</comment><comment xml:lang="bg">&#x414;&#x43E;&#x43A;&#x443;&#x43C;&#x435;&#x43D;&#x442;, &#x444;&#x43E;&#x440;&#x43C;&#x430;&#x442; PDF</comment><comment xml:lang="cs">Dokument PDF</comment><comment xml:lang="cy">Dogfen PDF</comment><comment xml:lang="de">PDF-Dokument</comment><comment xml:lang="el">&#x3AD;&#x3B3;&#x3B3;&#x3C1;&#x3B1;&#x3C6;&#x3BF; PDF</comment><comment xml:lang="eo">PDF-dokumento</comment><comment xml:lang="es">Documento PDF</comment><comment xml:lang="eu">PDF dokumentua</comment><comment xml:lang="fi">PDF-asiakirja</comment><comment xml:lang="fr">document PDF</comment><comment xml:lang="hu">PDF-dokumentum</comment><comment xml:lang="it">Documento PDF</comment><comment xml:lang="ja">PDF &#x30C9;&#x30AD;&#x30E5;&#x30E1;&#x30F3;&#x30C8;</comment><comment xml:lang="ko">PDF &#xBB38;&#xC11C;</comment><comment xml:lang="ms">Dokumen PDF</comment><comment xml:lang="nb">PDF-dokument</comment><comment xml:lang="nl">PDF-document</comment><comment xml:lang="nn">PDF-dokument</comment><comment xml:lang="no">PDF-dokument</comment><comment xml:lang="pl">Dokument PDF</comment><comment xml:lang="pt">documento PDF</comment><comment xml:lang="pt_BR">Documento PDF</comment><comment xml:lang="sq">Dokument PDF</comment><comment xml:lang="sr">PDF &#x434;&#x43E;&#x43A;&#x443;&#x43C;&#x435;&#x43D;&#x442;</comment><comment xml:lang="sv">PDF-dokument</comment><comment xml:lang="uk">&#x414;&#x43E;&#x43A;&#x443;&#x43C;&#x435;&#x43D;&#x442; PDF</comment><comment xml:lang="zh_CN">PDF &#x6587;&#x6863;</comment><alias type="application/x-pdf"/></mime-type>
