<?xml version="1.0"?>
<mime-type xmlns="http://www.freedesktop.org/standards/shared-mime-info" type="application/pgp-keys"><!--Created automatically by update-mime-database. DO NOT EDIT!--><comment>PGP keys</comment><comment xml:lang="az">PGP a&#xE7;arlar&#x131;</comment><comment xml:lang="bg">&#x41A;&#x43B;&#x44E;&#x447;&#x43E;&#x432;&#x435;, &#x444;&#x43E;&#x440;&#x43C;&#x430;&#x442; PGP</comment><comment xml:lang="cs">Kl&#xED;&#x10D;e PGP</comment><comment xml:lang="cy">Allweddi PGP</comment><comment xml:lang="de">PGP-Schl&#xFC;ssel</comment><comment xml:lang="el">&#x3BA;&#x3BB;&#x3B5;&#x3B9;&#x3B4;&#x3B9;&#x3AC; PGP</comment><comment xml:lang="eo">PGP-&#x15D;losiloj</comment><comment xml:lang="es">Claves PGP</comment><comment xml:lang="eu">PGP giltzak</comment><comment xml:lang="fi">PGP-avainrengas</comment><comment xml:lang="fr">cl&#xE9;s PGP</comment><comment xml:lang="hu">PGP-kulcs</comment><comment xml:lang="it">Chiavi PGP</comment><comment xml:lang="ja">PGP &#x9375;</comment><comment xml:lang="ko">PGP &#xD0A4;</comment><comment xml:lang="ms">Kekunci PGP</comment><comment xml:lang="nb">PGP-n&#xF8;kler</comment><comment xml:lang="nl">PGP-sleutels</comment><comment xml:lang="nn">PGP-n&#xF8;kler</comment><comment xml:lang="no">PGP-n&#xF8;kler</comment><comment xml:lang="pl">Klucze PGP</comment><comment xml:lang="pt">chaves PGP</comment><comment xml:lang="pt_BR">Chaves PGP</comment><comment xml:lang="ru">&#x43A;&#x43B;&#x44E;&#x447;&#x438; PGP</comment><comment xml:lang="sq">Ky&#xE7;e PGP</comment><comment xml:lang="sr">PGP &#x43A;&#x459;&#x443;&#x447;</comment><comment xml:lang="sv">PGP-nycklar</comment><comment xml:lang="uk">&#x41A;&#x43B;&#x44E;&#x447;&#x456; PGP</comment><comment xml:lang="zh_CN">PGP &#x5BC6;&#x94A5;</comment></mime-type>
