<?xml version="1.0"?>
<mime-type xmlns="http://www.freedesktop.org/standards/shared-mime-info" type="application/pgp-signature"><!--Created automatically by update-mime-database. DO NOT EDIT!--><comment>detached OpenPGP signature</comment><comment xml:lang="bg">&#x41E;&#x442;&#x434;&#x435;&#x43B;&#x435;&#x43D; &#x43F;&#x43E;&#x434;&#x43F;&#x438;&#x441;, &#x444;&#x43E;&#x440;&#x43C;&#x430;&#x442; OpenPGP</comment><comment xml:lang="cs">Odpojen&#xFD; podpis OpenPGP</comment><comment xml:lang="de">isolierte OpenPGP-Signatur</comment><comment xml:lang="el">&#x3B1;&#x3C0;&#x3BF;&#x3BA;&#x3BF;&#x3BC;&#x3BC;&#x3AD;&#x3BD;&#x3B7; &#x3C5;&#x3C0;&#x3BF;&#x3B3;&#x3C1;&#x3B1;&#x3C6;&#x3AE; OpenPGP</comment><comment xml:lang="eo">dekro&#x109;a OpenPGP-subskribo</comment><comment xml:lang="es">firma OpenPGP separada</comment><comment xml:lang="eu">desuzturtako OpenPGP sinadura</comment><comment xml:lang="fi">erillinen OpenPGP-allekirjoitus</comment><comment xml:lang="fr">signature d&#xE9;tach&#xE9;e OpenPGP</comment><comment xml:lang="hu">lev&#xE1;lasztott OpenPGP-al&#xE1;&#xED;r&#xE1;s</comment><comment xml:lang="ja">&#x5206;&#x96E2; OpenPGP &#x7F72;&#x540D;</comment><comment xml:lang="ko">&#xB5BC;&#xC5B4;&#xC9C4; OpenPGP &#xC11C;&#xBA85;</comment><comment xml:lang="ms">Tandatangan OpenPGP terlerai</comment><comment xml:lang="nb">frakoblet OpenPGP-signatur</comment><comment xml:lang="nl">losse OpenPGP-ondertekening</comment><comment xml:lang="nn">fr&#xE5;kopla OpenPGP-signatur</comment><comment xml:lang="no">frakoblet OpenPGP-signatur</comment><comment xml:lang="pl">oddzielony podpis OpenPGP</comment><comment xml:lang="pt">assinatura OpenPGP solta</comment><comment xml:lang="pt_BR">Assinatura OpenPGP destacada</comment><comment xml:lang="ru">&#x43E;&#x442;&#x441;&#x43E;&#x435;&#x434;&#x438;&#x43D;&#x435;&#x43D;&#x43D;&#x430;&#x44F; &#x43F;&#x43E;&#x434;&#x43F;&#x438;&#x441;&#x44C; OpenPGP</comment><comment xml:lang="sq">firm&#xEB; e palidhur OpenPGP</comment><comment xml:lang="sr">&#x43E;&#x434;&#x432;&#x43E;&#x458;&#x435;&#x43D;&#x438; &#x41E;&#x43F;&#x435;&#x43D;&#x41F;&#x413;&#x41F; &#x43F;&#x43E;&#x442;&#x43F;&#x438;&#x441;</comment><comment xml:lang="sv">frikopplad OpenPGP-signatur</comment><comment xml:lang="uk">&#x432;&#x456;&#x434;&#x43E;&#x43A;&#x440;&#x435;&#x43C;&#x43B;&#x435;&#x43D;&#x438;&#x439; OpenPGP &#x43F;&#x456;&#x434;&#x43F;&#x438;&#x441;</comment><comment xml:lang="zh_CN">&#x5206;&#x79BB;&#x7684; OpenPGP &#x7B7E;&#x540D;</comment></mime-type>
