<?xml version="1.0"?>
<mime-type xmlns="http://www.freedesktop.org/standards/shared-mime-info" type="application/pgp-encrypted"><!--Created automatically by update-mime-database. DO NOT EDIT!--><comment>PGP/MIME-encrypted message header</comment><comment xml:lang="bg">&#x417;&#x430;&#x433;&#x43B;&#x430;&#x432;&#x43D;&#x430; &#x447;&#x430;&#x441;&#x442; &#x43D;&#x430; &#x448;&#x438;&#x444;&#x440;&#x43E;&#x432;&#x430;&#x43D;&#x43E; &#x441;&#x44A;&#x43E;&#x431;&#x449;&#x435;&#x43D;&#x438;&#x435;, &#x444;&#x43E;&#x440;&#x43C;&#x430;&#x442; PGP/MIME</comment><comment xml:lang="cs">Hlavi&#x10D;ka za&#x161;ifrovan&#xE9; zpr&#xE1;vy PGP/MIME</comment><comment xml:lang="de">PGP/MIME-verschl&#xFC;sselter Nachrichtenkopf</comment><comment xml:lang="el">&#x3BA;&#x3B5;&#x3C6;&#x3B1;&#x3BB;&#x3AF;&#x3B4;&#x3B1; &#x3BC;&#x3B7;&#x3BD;&#x3CD;&#x3BC;&#x3B1;&#x3C4;&#x3BF;&#x3C2; &#x3BA;&#x3C1;&#x3C5;&#x3C0;&#x3C4;&#x3BF;&#x3B3;&#x3C1;&#x3B1;&#x3C6;&#x3B7;&#x3BC;&#x3AD;&#x3BD;&#x3BF;&#x3C5; &#x3BA;&#x3B1;&#x3C4;&#x3AC; PGP/MIME</comment><comment xml:lang="eo">PGP/MIME-&#x109;ifrita &#x109;apo de mesa&#x11D;o</comment><comment xml:lang="es">Cabecera de mensaje cifrado PGP/MIME</comment><comment xml:lang="eu">PGP/MIME enkriptatutako mezu-goiburua</comment><comment xml:lang="fi">PGP/MIME-salattu viestiotsikko</comment><comment xml:lang="fr">en-t&#xEA;temessage PGP/MIME-encrypt&#xE9;e</comment><comment xml:lang="hu">PGP/MIME titkos&#xED;tott &#xFC;zenetfejl&#xE9;c</comment><comment xml:lang="ja">PGP/MIME &#x6697;&#x53F7;&#x5316;&#x30E1;&#x30C3;&#x30BB;&#x30FC;&#x30B8;&#x30D8;&#x30C3;&#x30C0;&#x30FC;</comment><comment xml:lang="ko">PGP/MIME&#xC73C;&#xB85C; &#xC554;&#xD638;&#xD654;&#xB41C; &#xBA54;&#xC138;&#xC9C0; &#xD5E4;&#xB354;</comment><comment xml:lang="ms">Pengepala mesej terenkripsi PGP/MIME</comment><comment xml:lang="nb">PGP/MIME-kryptert meldingshode</comment><comment xml:lang="nl">PGP/MIME-gecodeerde berichtkop</comment><comment xml:lang="nn">PGP/MIME-kryptert meldingshovud</comment><comment xml:lang="no">PGP/MIME-kryptert meldingshode</comment><comment xml:lang="pl">Nag&#x142;&#xF3;wek listu zaszyfrowanego PGP/MIME</comment><comment xml:lang="pt">cabe&#xE7;alho de mensagem cifrada com PGP/MIME</comment><comment xml:lang="pt_BR">Cabe&#xE7;alho de mensagem criptografada PGP/MIME</comment><comment xml:lang="sq">Header mesazhi t&#xEB; kriptuar PGP/MIME</comment><comment xml:lang="sr">&#x41F;&#x413;&#x41F;/&#x41C;&#x418;&#x41C;&#x415; &#x448;&#x438;&#x444;&#x440;&#x43E;&#x432;&#x430;&#x43D;&#x43E; &#x437;&#x430;&#x433;&#x43B;&#x430;&#x432;&#x459;&#x435; &#x43F;&#x43E;&#x440;&#x443;&#x43A;&#x435;</comment><comment xml:lang="sv">PGP/MIME-krypterat meddelandehuvud</comment><comment xml:lang="uk">&#x417;&#x430;&#x433;&#x43E;&#x43B;&#x43E;&#x432;&#x43E;&#x43A; &#x448;&#x438;&#x444;&#x440;&#x43E;&#x432;&#x430;&#x43D;&#x43E;&#x433;&#x43E; PGP/MIME &#x43F;&#x43E;&#x432;&#x456;&#x434;&#x43E;&#x43C;&#x43B;&#x435;&#x43D;&#x43D;&#x44F;</comment><comment xml:lang="zh_CN">PGP/MIME &#x52A0;&#x5BC6;&#x7684;&#x4FE1;&#x4EF6;&#x5934;</comment></mime-type>
