<?xml version="1.0"?>
<mime-type xmlns="http://www.freedesktop.org/standards/shared-mime-info" type="application/pgp"><!--Created automatically by update-mime-database. DO NOT EDIT!--><comment>PGP message</comment><comment xml:lang="az">PGP ismar&#x131;&#x15F;&#x131;</comment><comment xml:lang="bg">&#x421;&#x44A;&#x43E;&#x431;&#x449;&#x435;&#x43D;&#x438;&#x435;, &#x444;&#x43E;&#x440;&#x43C;&#x430;&#x442; PGP</comment><comment xml:lang="cs">Zpr&#xE1;va PGP</comment><comment xml:lang="cy">Neges PGP</comment><comment xml:lang="de">PGP-Nachricht</comment><comment xml:lang="el">&#x3BC;&#x3AE;&#x3BD;&#x3C5;&#x3BC;&#x3B1; PGP</comment><comment xml:lang="eo">PGP-mesa&#x11D;o</comment><comment xml:lang="es">Mensaje PGP</comment><comment xml:lang="eu">PGP mezua</comment><comment xml:lang="fi">PGP-viesti</comment><comment xml:lang="fr">message PGP</comment><comment xml:lang="hu">PGP-&#xFC;zenet</comment><comment xml:lang="it">Messaggio PGP</comment><comment xml:lang="ja">PGP &#x30E1;&#x30C3;&#x30BB;&#x30FC;&#x30B8;</comment><comment xml:lang="ko">PGP &#xBA54;&#xC138;&#xC9C0;</comment><comment xml:lang="ms">Mesej PGP</comment><comment xml:lang="nb">PGP-melding</comment><comment xml:lang="nl">PGP-bericht</comment><comment xml:lang="nn">PGP-melding</comment><comment xml:lang="no">PGP-melding</comment><comment xml:lang="pl">Wiadomo&#x15B;&#x107; PGP</comment><comment xml:lang="pt">mensagem PGP</comment><comment xml:lang="pt_BR">Mensagem PGP</comment><comment xml:lang="ru">&#x441;&#x43E;&#x43E;&#x431;&#x449;&#x435;&#x43D;&#x438;&#x435; PGP</comment><comment xml:lang="sq">Mesazh PGP</comment><comment xml:lang="sr">PGP &#x43F;&#x43E;&#x440;&#x443;&#x43A;&#x430;</comment><comment xml:lang="sv">PGP-meddelande</comment><comment xml:lang="uk">&#x41F;&#x43E;&#x432;&#x456;&#x434;&#x43E;&#x43C;&#x43B;&#x435;&#x43D;&#x43D;&#x44F; PGP</comment><comment xml:lang="zh_CN">PGP &#x4FE1;&#x4EF6;</comment></mime-type>
