<?xml version="1.0"?>
<mime-type xmlns="http://www.freedesktop.org/standards/shared-mime-info" type="application/pkcs7-mime"><!--Created automatically by update-mime-database. DO NOT EDIT!--><comment>S/MIME file</comment><comment xml:lang="az">S/MIME fayl&#x131;</comment><comment xml:lang="bg">&#x424;&#x430;&#x439;&#x43B;, &#x444;&#x43E;&#x440;&#x43C;&#x430;&#x442; S/MIME</comment><comment xml:lang="cs">Soubor S/MIME</comment><comment xml:lang="cy">Ffeil S/MIME</comment><comment xml:lang="de">S/MIME-Datei</comment><comment xml:lang="el">&#x3B1;&#x3C1;&#x3C7;&#x3B5;&#x3AF;&#x3BF; S/MIME</comment><comment xml:lang="eo">S/MIME-dosiero</comment><comment xml:lang="es">Fichero S/MIME</comment><comment xml:lang="eu">S/MIME fitxategia</comment><comment xml:lang="fi">S/MIME-tiedosto</comment><comment xml:lang="fr">fichier S/MIME</comment><comment xml:lang="hu">S/MIME-f&#xE1;jl</comment><comment xml:lang="it">File S/MIME</comment><comment xml:lang="ja">S/MIME &#x30D5;&#x30A1;&#x30A4;&#x30EB;</comment><comment xml:lang="ko">S/MIME &#xD30C;&#xC77C;</comment><comment xml:lang="ms">Fail S/MIME</comment><comment xml:lang="nb">S/MIME-fil</comment><comment xml:lang="nl">S/MIME-bestand</comment><comment xml:lang="nn">S/MIME-fil</comment><comment xml:lang="no">S/MIME-fil</comment><comment xml:lang="pl">Plik S/MIME</comment><comment xml:lang="pt">ficheiro S/MIME</comment><comment xml:lang="pt_BR">Arquivo S/MIME</comment><comment xml:lang="sq">File S/MIME</comment><comment xml:lang="sr">S/MIME &#x434;&#x430;&#x442;&#x43E;&#x442;&#x435;&#x43A;&#x430;</comment><comment xml:lang="sv">S/MIME-fil</comment><comment xml:lang="uk">&#x424;&#x430;&#x439;&#x43B; S/MIME</comment><comment xml:lang="zh_CN">S/MIME &#x6587;&#x4EF6;</comment></mime-type>
