<?xml version="1.0"?>
<mime-type xmlns="http://www.freedesktop.org/standards/shared-mime-info" type="application/pkcs7-signature"><!--Created automatically by update-mime-database. DO NOT EDIT!--><comment>detached S/MIME signature</comment><comment xml:lang="bg">&#x41E;&#x442;&#x434;&#x435;&#x43B;&#x435;&#x43D; &#x43F;&#x43E;&#x434;&#x43F;&#x438;&#x441;, &#x444;&#x43E;&#x440;&#x43C;&#x430;&#x442; S/MIME</comment><comment xml:lang="cs">Odpojen&#xFD; podpis S/MIME</comment><comment xml:lang="de">isolierte S/MIME-Signatur</comment><comment xml:lang="el">&#x3B1;&#x3C0;&#x3BF;&#x3BA;&#x3BF;&#x3BC;&#x3BC;&#x3AD;&#x3BD;&#x3B7; &#x3C5;&#x3C0;&#x3BF;&#x3B3;&#x3C1;&#x3B1;&#x3C6;&#x3AE; S/MIME</comment><comment xml:lang="eo">dekro&#x109;a S/MIME-subskribo</comment><comment xml:lang="es">firma S/MIME separada</comment><comment xml:lang="eu">desuzturtako S/MIME sinadura</comment><comment xml:lang="fi">erillinen S/MIME-allekirjoitus</comment><comment xml:lang="fr">signature d&#xE9;tach&#xE9;e S/MIME</comment><comment xml:lang="hu">lev&#xE1;lasztott S/MIME-al&#xE1;&#xED;r&#xE1;s</comment><comment xml:lang="ja">&#x5206;&#x96E2; S/MIME &#x7F72;&#x540D;</comment><comment xml:lang="ko">&#xB5BC;&#xC5B4;&#xC9C4; S/MIME &#xC11C;&#xBA85;</comment><comment xml:lang="ms">Tandatangan S/MIME terlerai</comment><comment xml:lang="nb">frakoblet S/MIME-signatur</comment><comment xml:lang="nl">losse S/MIME-ondertekening</comment><comment xml:lang="nn">fr&#xE5;kopla S/MIME-signatur</comment><comment xml:lang="no">frakoblet S/MIME-signatur</comment><comment xml:lang="pl">oddzielony podpis S/MIME</comment><comment xml:lang="pt">assinatura S/MIME solta</comment><comment xml:lang="pt_BR">Assinatura S/MIME destacada</comment><comment xml:lang="ru">&#x43E;&#x442;&#x441;&#x43E;&#x435;&#x434;&#x438;&#x43D;&#x435;&#x43D;&#x43D;&#x430;&#x44F; &#x43F;&#x43E;&#x434;&#x43F;&#x438;&#x441;&#x44C; S/MIME</comment><comment xml:lang="sq">firm&#xEB; e palidhur S/MIME</comment><comment xml:lang="sr">&#x43E;&#x434;&#x432;&#x43E;&#x458;&#x435;&#x43D;&#x438; S/MIME &#x43F;&#x43E;&#x442;&#x43F;&#x438;&#x441;</comment><comment xml:lang="sv">frikopplad S/MIME-signatur</comment><comment xml:lang="uk">&#x432;&#x456;&#x434;&#x43E;&#x43A;&#x440;&#x435;&#x43C;&#x43B;&#x435;&#x43D;&#x438;&#x439; S/MIME &#x43F;&#x456;&#x434;&#x43F;&#x438;&#x441;</comment><comment xml:lang="zh_CN">&#x5206;&#x79BB;&#x7684; S/MIME &#x7B7E;&#x540D;</comment></mime-type>
