<?xml version="1.0"?>
<mime-type xmlns="http://www.freedesktop.org/standards/shared-mime-info" type="application/postscript"><!--Created automatically by update-mime-database. DO NOT EDIT!--><comment>PostScript document</comment><comment xml:lang="bg">&#x414;&#x43E;&#x43A;&#x443;&#x43C;&#x435;&#x43D;&#x442; &#x43D;&#x430; PostScript</comment><comment xml:lang="cs">Dokument PostScript</comment><comment xml:lang="de">PostScript-Dokument</comment><comment xml:lang="el">&#x3AD;&#x3B3;&#x3B3;&#x3C1;&#x3B1;&#x3C6;&#x3BF; PostScript</comment><comment xml:lang="eo">PostScript-dokumento</comment><comment xml:lang="es">Documento PostScript</comment><comment xml:lang="eu">PostScript dokumentua</comment><comment xml:lang="fi">PostScript-asiakirja</comment><comment xml:lang="fr">document PostScript</comment><comment xml:lang="hu">PostScript-dokumentum</comment><comment xml:lang="it">Documento PostScript</comment><comment xml:lang="ja">PostScript &#x30C9;&#x30AD;&#x30E5;&#x30E1;&#x30F3;&#x30C8;</comment><comment xml:lang="ko">&#xD3EC;&#xC2A4;&#xD2B8;&#xC2A4;&#xD06C;&#xB9BD;&#xD2B8; &#xBB38;&#xC11C;</comment><comment xml:lang="ms">Dokumen PostScript</comment><comment xml:lang="nb">PostScript-dokument</comment><comment xml:lang="nl">PostScript-document</comment><comment xml:lang="nn">PostScript-dokument</comment><comment xml:lang="no">PostScript-dokument</comment><comment xml:lang="pl">Dokument Postscript</comment><comment xml:lang="pt">documento PostScript</comment><comment xml:lang="pt_BR">Documento PostScript</comment><comment xml:lang="sq">Dokument PostScript</comment><comment xml:lang="sr">&#x41F;&#x43E;&#x441;&#x442;&#x421;&#x43A;&#x440;&#x438;&#x43F;&#x442; &#x434;&#x43E;&#x43A;&#x443;&#x43C;&#x435;&#x43D;&#x442;</comment><comment xml:lang="sv">Postscript-dokument</comment><comment xml:lang="uk">&#x414;&#x43E;&#x43A;&#x443;&#x43C;&#x435;&#x43D;&#x442; PostScript</comment><comment xml:lang="zh_CN">PostScript &#x6587;&#x6863;</comment></mime-type>
