<?xml version="1.0"?>
<mime-type xmlns="http://www.freedesktop.org/standards/shared-mime-info" type="application/rtf"><!--Created automatically by update-mime-database. DO NOT EDIT!--><sub-class-of type="text/plain"/><comment>Rich Text Format</comment><comment xml:lang="az">Z&#x259;ngin M&#x259;tn Format&#x131;</comment><comment xml:lang="bg">&#x414;&#x43E;&#x43A;&#x443;&#x43C;&#x435;&#x43D;&#x442;, &#x444;&#x43E;&#x440;&#x43C;&#x430;&#x442; Rich&#xB7;Text</comment><comment xml:lang="cs">Rich Text Format</comment><comment xml:lang="cy">Dogfen Testun Gyfoethog</comment><comment xml:lang="de">Richt-Text-Format</comment><comment xml:lang="el">&#x3AD;&#x3B3;&#x3B3;&#x3C1;&#x3B1;&#x3C6;&#x3BF; Rich Text Format (RTF)</comment><comment xml:lang="eo">Ri&#x109;a tekstformato</comment><comment xml:lang="es">Formato de texto enriquecido</comment><comment xml:lang="eu">Aberastutako testu formatua</comment><comment xml:lang="fi">RTF-asiakirja</comment><comment xml:lang="fr">Rich Text Format</comment><comment xml:lang="hu">RTF-f&#xE1;jl</comment><comment xml:lang="ja">&#x30EA;&#x30C3;&#x30C1;&#x30C6;&#x30AD;&#x30B9;&#x30C8;&#x5F62;&#x5F0F;</comment><comment xml:lang="ko">Rich Text &#xD615;&#xC2DD;</comment><comment xml:lang="ms">Dokumen Teks Kaya</comment><comment xml:lang="nb">Rik tekst-format</comment><comment xml:lang="nl">Rich Text Format-tekstdocument</comment><comment xml:lang="nn">Rik tekst-dokument</comment><comment xml:lang="no">Rik tekst-format</comment><comment xml:lang="pl">Format rich text</comment><comment xml:lang="pt">Formato de Texto Rico</comment><comment xml:lang="pt_BR">Formato Rich Text</comment><comment xml:lang="sq">Format Rich Text</comment><comment xml:lang="sr">&#x41E;&#x431;&#x43E;&#x433;&#x430;&#x45B;&#x435;&#x43D;&#x438; &#x442;&#x435;&#x43A;&#x441;&#x442;&#x443;&#x430;&#x43B;&#x43D;&#x438; &#x437;&#x430;&#x43F;&#x438;&#x441; (RTF)</comment><comment xml:lang="sv">Rikt textdokument</comment><comment xml:lang="uk">&#x424;&#x43E;&#x440;&#x43C;&#x430;&#x442;&#x43E;&#x432;&#x430;&#x43D;&#x438;&#x439; &#x442;&#x435;&#x43A;&#x441; (RTF)</comment><comment xml:lang="zh_CN">RTF &#x4E30;&#x5BCC;&#x6587;&#x672C;&#x683C;&#x5F0F;</comment></mime-type>
