<?xml version="1.0"?>
<mime-type xmlns="http://www.freedesktop.org/standards/shared-mime-info" type="application/smil"><!--Created automatically by update-mime-database. DO NOT EDIT!--><sub-class-of type="text/plain"/><comment>Synchronized Multimedia Integration Language</comment><comment xml:lang="az">Sinxronla&#x15F;d&#x131;r&#x131;lm&#x131;&#x15F; Multemediya &#x130;nteqrasiya Dili</comment><comment xml:lang="bg">&#x424;&#x430;&#x439;&#x43B; &#x437;&#x430; &#x441;&#x438;&#x43D;&#x445;&#x440;&#x43E;&#x43D;&#x438;&#x437;&#x430;&#x446;&#x438;&#x44F; &#x43D;&#x430; &#x43C;&#x443;&#x43B;&#x442;&#x438;&#x43C;&#x435;&#x434;&#x438;&#x44F;, &#x444;&#x43E;&#x440;&#x43C;&#x430;&#x442; SMIL</comment><comment xml:lang="cs">Synchronized Multimedia Integration Language</comment><comment xml:lang="cy">Iaith Integreiddio Aml-Gyfrwng wedi ei Chydweddu</comment><comment xml:lang="de">SMIL-Dokument</comment><comment xml:lang="el">&#x393;&#x3BB;&#x3CE;&#x3C3;&#x3C3;&#x3B1; &#x395;&#x3BD;&#x3BF;&#x3C0;&#x3BF;&#x3AF;&#x3B7;&#x3C3;&#x3B7;&#x3C2; &#x3A3;&#x3C5;&#x3B3;&#x3C7;&#x3C1;&#x3BF;&#x3BD;&#x3B9;&#x3C3;&#x3BC;&#x3AD;&#x3BD;&#x3C9;&#x3BD; &#x3A0;&#x3BF;&#x3BB;&#x3C5;&#x3BC;&#x3AD;&#x3C3;&#x3C9;&#x3BD; (SMIL)</comment><comment xml:lang="es">Lenguaje de integraci&#xF3;n de multimedia sincronizada (SMIL)</comment><comment xml:lang="eu">Sinkronizatutako multimedia integraziorako lenguaia</comment><comment xml:lang="fi">Synchronized Multimedia Integration Language</comment><comment xml:lang="fr">Synchronized Multimedia Integration Language</comment><comment xml:lang="hu">Szinkroniz&#xE1;lt multim&#xE9;diaintegr&#xE1;ci&#xF3;s nyelv</comment><comment xml:lang="ja">&#x540C;&#x671F;&#x30DE;&#x30EB;&#x30C1;&#x30E1;&#x30C7;&#x30A3;&#x30A2;&#x7D71;&#x5408;&#x8A00;&#x8A9E; (SMIL)</comment><comment xml:lang="ko">&#xB3D9;&#xAE30;&#xD654; &#xBA40;&#xD2F0;&#xBBF8;&#xB514;&#xC5B4; &#xD1B5;&#xD569; &#xC5B8;&#xC5B4;</comment><comment xml:lang="ms">Bahasa Integrasi Multimedia Disegerak</comment><comment xml:lang="nb">Synchronized Multimedia Integration Language</comment><comment xml:lang="nl">Gesynchroniseerde multimedia integratietaal (SMIL)</comment><comment xml:lang="nn">Synchronized Multimedia Integration Language</comment><comment xml:lang="pl">Synchronizowany Multimedialny J&#x119;zyk Integracyjny (SMIL)</comment><comment xml:lang="pt">Linguagem de Integra&#xE7;&#xE3;o Multim&#xE9;dia Sincronizada</comment><comment xml:lang="pt_BR">Linguagem de Integra&#xE7;&#xE3;o de Multim&#xED;dia Sincronizada (SMIL)</comment><comment xml:lang="sq">Gjuh&#xEB; Synchronized Multimedia Integration</comment><comment xml:lang="sr">&#x421;&#x438;&#x43D;&#x445;&#x440;&#x43E;&#x43D;&#x438;&#x437;&#x43E;&#x432;&#x430;&#x43D;&#x438; &#x458;&#x435;&#x437;&#x438;&#x43A; &#x437;&#x430; &#x438;&#x43D;&#x442;&#x435;&#x433;&#x440;&#x430;&#x446;&#x438;&#x458;&#x443; &#x43C;&#x443;&#x43B;&#x442;&#x438;&#x43C;&#x435;&#x434;&#x438;&#x458;&#x435; (SMIL)</comment><comment xml:lang="sv">Spr&#xE5;k f&#xF6;r synkroniserad multimediaintegration</comment><comment xml:lang="uk">&#x406;&#x43D;&#x442;&#x435;&#x433;&#x440;&#x430;&#x446;&#x456;&#x439;&#x43D;&#x430; &#x43C;&#x43E;&#x432;&#x430; &#x441;&#x438;&#x43D;&#x445;&#x440;&#x43E;&#x43D;&#x43D;&#x43E;&#x457; &#x43C;&#x443;&#x43B;&#x44C;&#x442;&#x438;&#x43C;&#x435;&#x434;&#x456;&#x44F;</comment></mime-type>
