<?xml version="1.0"?>
<mime-type xmlns="http://www.freedesktop.org/standards/shared-mime-info" type="application/vnd.ms-powerpoint"><!--Created automatically by update-mime-database. DO NOT EDIT!--><comment>Microsoft PowerPoint presentation</comment><comment xml:lang="bg">&#x41F;&#x440;&#x435;&#x437;&#x435;&#x43D;&#x442;&#x430;&#x446;&#x438;&#x44F;, &#x444;&#x43E;&#x440;&#x43C;&#x430;&#x442; Microsoft PowerPoint</comment><comment xml:lang="cs">Prezentace Microsoft PowerPoint</comment><comment xml:lang="de">Microsoft PowerPoint-Pr&#xE4;sentation</comment><comment xml:lang="el">&#x3C0;&#x3B1;&#x3C1;&#x3BF;&#x3C5;&#x3C3;&#x3AF;&#x3B1;&#x3C3;&#x3B7; Microsoft PowerPoint</comment><comment xml:lang="eo">prezenta&#x135;o de Microsoft PowerPoint</comment><comment xml:lang="es">Presentaci&#xF3;n de Microsoft PowerPoint</comment><comment xml:lang="eu">Microsoft PowerPoint aurkezpena</comment><comment xml:lang="fi">Microsoft PowerPoint -esitys</comment><comment xml:lang="fr">pr&#xE9;sentation Microsoft PowerPoint</comment><comment xml:lang="hu">Microsoft PowerPoint-bemutat&#xF3;</comment><comment xml:lang="it">Presentazione Microsoft PowerPoint</comment><comment xml:lang="ja">Microsoft PowerPoint &#x30D7;&#x30EC;&#x30BC;&#x30F3;&#x30C6;&#x30FC;&#x30B7;&#x30E7;&#x30F3;</comment><comment xml:lang="ko">&#xB9C8;&#xC774;&#xD06C;&#xB85C;&#xC18C;&#xD504;&#xD2B8; &#xD30C;&#xC6CC;&#xD3EC;&#xC778;&#xD2B8; &#xBB38;&#xC11C;</comment><comment xml:lang="ms">Persembahan Microsoft PowerPoint</comment><comment xml:lang="nb">Microsoft PowerPoint-presentasjon</comment><comment xml:lang="nl">Microsoft PowerPoint-presentatie</comment><comment xml:lang="nn">Microsoft PowerPoint-presentasjon</comment><comment xml:lang="no">Microsoft PowerPoint-presentasjon</comment><comment xml:lang="pl">Prezentacja Microsoft PowerPoint</comment><comment xml:lang="pt">apresenta&#xE7;&#xE3;o do Microsoft PowerPoint</comment><comment xml:lang="pt_BR">Apresenta&#xE7;&#xE3;o do Microsoft PowerPoint</comment><comment xml:lang="sq">Prezantim Microsoft PowerPoint</comment><comment xml:lang="sr">&#x41C;&#x438;&#x43A;&#x440;&#x43E;&#x441;&#x43E;&#x444;&#x442; &#x41F;&#x430;&#x443;&#x435;&#x440;&#x41F;&#x43E;&#x438;&#x43D;&#x442; &#x43F;&#x440;&#x435;&#x437;&#x435;&#x43D;&#x442;&#x430;&#x446;&#x438;&#x458;&#x430;</comment><comment xml:lang="sv">Microsoft PowerPoint-presentation</comment><comment xml:lang="uk">&#x41F;&#x440;&#x435;&#x437;&#x435;&#x43D;&#x442;&#x430;&#x446;&#x456;&#x44F; Microsoft PowerPoint</comment><comment xml:lang="zh_CN">Microsoft PowerPoint &#x6F14;&#x793A;&#x6587;&#x7A3F;</comment></mime-type>
