<?xml version="1.0"?>
<mime-type xmlns="http://www.freedesktop.org/standards/shared-mime-info" type="application/vnd.sun.xml.writer.global"><!--Created automatically by update-mime-database. DO NOT EDIT!--><comment>OpenOffice.org Writer global document</comment><comment xml:lang="bg">&#x413;&#x43B;&#x43E;&#x431;&#x430;&#x43B;&#x435;&#x43D; &#x434;&#x43E;&#x43A;&#x443;&#x43C;&#x435;&#x43D;&#x442;, &#x444;&#x43E;&#x440;&#x43C;&#x430;&#x442; OpenOffice.org Writer</comment><comment xml:lang="cs">Glob&#xE1;ln&#xED; dokument OpenOffice.org Writer</comment><comment xml:lang="de">OpenOffice.org&#xB7;Writer-Globaldokument</comment><comment xml:lang="el">&#x3BA;&#x3B1;&#x3B8;&#x3BF;&#x3BB;&#x3B9;&#x3BA;&#x3CC; &#x3AD;&#x3B3;&#x3B3;&#x3C1;&#x3B1;&#x3C6;&#x3BF; OpenOffice.org Writer</comment><comment xml:lang="eo">malloka dokumento de OpenOffice.org Writer</comment><comment xml:lang="es">Documento global de OpenOffice.org Writer</comment><comment xml:lang="eu">OpenOffice.org Writer dokumentu globala</comment><comment xml:lang="fi">OpenOffice.org Writer - yleinen asiakirja</comment><comment xml:lang="fr">document global OpenOffice.org Writer</comment><comment xml:lang="hu">OpenOffice.org Writer glob&#xE1;lis dokumentum</comment><comment xml:lang="it">Documento globale OpenOffice.org Writer</comment><comment xml:lang="ja">OpenOffice.org Writer &#x30B0;&#x30ED;&#x30FC;&#x30D0;&#x30EB;&#x30C9;&#x30AD;&#x30E5;&#x30E1;&#x30F3;&#x30C8;</comment><comment xml:lang="ko">OpenOffice.org Writer &#xAE00;&#xB85C;&#xBC8C; &#xBB38;&#xC11C;</comment><comment xml:lang="ms">Dokumen global OpenOffice.org Writer</comment><comment xml:lang="nb">Globalt OpenOffice.org Writer-dokument</comment><comment xml:lang="nl">OpenOffice.org Writer-globaal document</comment><comment xml:lang="nn">OpenOffice.org globalt Writer-dokument</comment><comment xml:lang="no">Globalt OpenOffice.org Writer-dokument</comment><comment xml:lang="pl">Globalny dokument OpenOffice.org Writer</comment><comment xml:lang="pt">documento global do OpenOffice.org Writer</comment><comment xml:lang="pt_BR">Documento global do OpenOffice.org Writer</comment><comment xml:lang="sq">Dokument global OpenOffice.org Writer</comment><comment xml:lang="sr">OpenOffice.org Writer &#x433;&#x43B;&#x43E;&#x431;&#x430;&#x43B;&#x43D;&#x438; &#x434;&#x43E;&#x43A;&#x443;&#x43C;&#x435;&#x43D;&#x442;</comment><comment xml:lang="sv">OpenOffice.org Writer-globaldokument</comment><comment xml:lang="uk">&#x413;&#x43B;&#x43E;&#x431;&#x430;&#x43B;&#x44C;&#x43D;&#x438;&#x439; &#x434;&#x43E;&#x43A;&#x443;&#x43C;&#x435;&#x43D;&#x442; OpenOffice.org Writer</comment><comment xml:lang="zh_CN">OpenOffice.org Writer &#x5168;&#x5C40;&#x6587;&#x6863;</comment></mime-type>
