<?xml version="1.0"?>
<mime-type xmlns="http://www.freedesktop.org/standards/shared-mime-info" type="application/vnd.stardivision.mail"><!--Created automatically by update-mime-database. DO NOT EDIT!--><comment>StarMail email</comment><comment xml:lang="bg">&#x415;&#x43B;&#x435;&#x43A;&#x442;&#x440;&#x43E;&#x43D;&#x43D;&#x43E; &#x43F;&#x438;&#x441;&#x43C;&#x43E;, &#x444;&#x43E;&#x440;&#x43C;&#x430;&#x442; StarMail</comment><comment xml:lang="cs">E-mail StarMail</comment><comment xml:lang="de">StarMail-E-Mail</comment><comment xml:lang="el">&#x3B7;&#x3BB;. &#x3BC;&#x3AE;&#x3BD;&#x3C5;&#x3BC;&#x3B1; StarMail</comment><comment xml:lang="eo">StarMail-retpo&#x15D;to</comment><comment xml:lang="es">Correo electr&#xF3;nico de StarMail</comment><comment xml:lang="eu">StarMail helb.el.</comment><comment xml:lang="fi">StarMail-s&#xE4;hk&#xF6;posti</comment><comment xml:lang="fr">courriel StarMail</comment><comment xml:lang="hu">StarMail e-mail</comment><comment xml:lang="it">Email StarMail</comment><comment xml:lang="ja">StarMail &#x30E1;&#x30FC;&#x30EB;</comment><comment xml:lang="ko">StarMail &#xC804;&#xC790;&#xC6B0;&#xD3B8;</comment><comment xml:lang="ms">Emel StarMail</comment><comment xml:lang="nb">StarMail-melding</comment><comment xml:lang="nl">StarMail-e-mail</comment><comment xml:lang="nn">StarMail-fil</comment><comment xml:lang="no">StarMail-melding</comment><comment xml:lang="pl">E-Mail StarMail</comment><comment xml:lang="pt">e-mail do StarMail</comment><comment xml:lang="pt_BR">E-mail do StarMail</comment><comment xml:lang="sq">Mesazh StarMail</comment><comment xml:lang="sr">StarMail &#x43F;&#x43E;&#x448;&#x442;&#x430;</comment><comment xml:lang="sv">StarMail-e-post</comment><comment xml:lang="uk">&#x41F;&#x43E;&#x448;&#x442;&#x43E;&#x432;&#x435; &#x43F;&#x43E;&#x432;&#x456;&#x434;&#x43E;&#x43C;&#x43B;&#x435;&#x43D;&#x43D;&#x44F; StarMail</comment><comment xml:lang="zh_CN">StarMail &#x7535;&#x5B50;&#x90AE;&#x4EF6;</comment></mime-type>
