<?xml version="1.0"?>
<mime-type xmlns="http://www.freedesktop.org/standards/shared-mime-info" type="application/vnd.lotus-1-2-3"><!--Created automatically by update-mime-database. DO NOT EDIT!--><comment>Lotus 1-2-3 spreadsheet</comment><comment xml:lang="az">Lotus 1-2-3 hesab c&#x259;dv&#x259;li</comment><comment xml:lang="bg">&#x422;&#x430;&#x431;&#x43B;&#x438;&#x446;&#x430;, &#x444;&#x43E;&#x440;&#x43C;&#x430;&#x442; Lotus 1-2-3</comment><comment xml:lang="cs">Tabulka Lotus 1-2-3</comment><comment xml:lang="cy">Taenlen Lotus 1-2-3</comment><comment xml:lang="de">Lotus 1-2-3-Tabellendokument</comment><comment xml:lang="el">&#x3BB;&#x3BF;&#x3B3;&#x3B9;&#x3C3;&#x3C4;&#x3B9;&#x3BA;&#x3CC; &#x3C6;&#x3CD;&#x3BB;&#x3BB;&#x3BF; Lotus 1-2-3</comment><comment xml:lang="eo">sterntabelo de Lotus 1-2-3</comment><comment xml:lang="es">Hoja de c&#xE1;lculo de Lotus 1-2-3</comment><comment xml:lang="eu">Lotus 1-2-3 kalkulu-orria</comment><comment xml:lang="fi">Lotus 1-2-3 -taulukko</comment><comment xml:lang="fr">chiffrier Lotus 1-2-3</comment><comment xml:lang="hu">Lotus 1-2-3-munkaf&#xFC;zet</comment><comment xml:lang="it">Foglio di calcolo Lotus 1-2-3</comment><comment xml:lang="ja">Lotus 1-2-3 &#x30B9;&#x30D7;&#x30EC;&#x30C3;&#x30C9;&#x30B7;&#x30FC;&#x30C8;</comment><comment xml:lang="ko">Lotus 1-2-3 &#xC2A4;&#xD504;&#xB808;&#xB4DC;&#xC2DC;&#xD2B8;</comment><comment xml:lang="ms">Hamparan Lotus 1-2-3</comment><comment xml:lang="nb">Lotus 1-2-3 regneark</comment><comment xml:lang="nl">Lotus 1-2-3-rekenblad</comment><comment xml:lang="nn">Lotus 1-2-3 rekneark</comment><comment xml:lang="no">Lotus 1-2-3 regneark</comment><comment xml:lang="pl">Arkusz programu Lotus 1-2-3</comment><comment xml:lang="pt">folha de c&#xE1;lculo Lotus 1-2-3</comment><comment xml:lang="pt_BR">Planilha do Lotus 1-2-3</comment><comment xml:lang="sq">Flet&#xEB; llogarit&#xEB;se Lotus 1-2-3</comment><comment xml:lang="sr">Lotus 1-2-3 &#x442;&#x430;&#x431;&#x435;&#x43B;&#x430;&#x440;&#x43D;&#x438; &#x43F;&#x440;&#x43E;&#x440;&#x430;&#x447;&#x443;&#x43D;</comment><comment xml:lang="sv">Lotus 1-2-3-kalkylblad</comment><comment xml:lang="uk">&#x415;&#x43B;.&#x442;&#x430;&#x431;&#x43B;&#x438;&#x446;&#x44F; Lotus 1-2-3</comment><comment xml:lang="zh_CN">Lotus 1-2-3 &#x5DE5;&#x4F5C;&#x7C3F;</comment></mime-type>
