<?xml version="1.0"?>
<mime-type xmlns="http://www.freedesktop.org/standards/shared-mime-info" type="application/vnd.hp-pcl"><!--Created automatically by update-mime-database. DO NOT EDIT!--><comment>HP Printer Control Language file</comment><comment xml:lang="bg">&#x424;&#x430;&#x439;&#x43B; &#x437;&#x430; &#x43F;&#x440;&#x438;&#x43D;&#x442;&#x435;&#x440;, &#x444;&#x43E;&#x440;&#x43C;&#x430;&#x442; HP&#xB7;PCL</comment><comment xml:lang="cs">Soubor HP Printer Control Language</comment><comment xml:lang="de">HP-Druckersteuerungs-Sprachdatei</comment><comment xml:lang="el">&#x3B1;&#x3C1;&#x3C7;&#x3B5;&#x3AF;&#x3BF; &#x3B5;&#x3BD;&#x3C4;&#x3BF;&#x3BB;&#x3CE;&#x3BD; &#x393;&#x3BB;&#x3CE;&#x3C3;&#x3C3;&#x3B1;&#x3C2; &#x395;&#x3BB;&#x3AD;&#x3B3;&#x3C7;&#x3BF;&#x3C5; &#x395;&#x3BA;&#x3C4;&#x3C5;&#x3C0;&#x3C9;&#x3C4;&#x3CE;&#x3BD; HP (HPCL)</comment><comment xml:lang="eo">dosiero en Printila Stirlingvo de HP</comment><comment xml:lang="es">Fichero de lenguaje de control de impresora HP</comment><comment xml:lang="eu">HP-ren Inprimagailuaren kontrol-hizkuntza fitxategia</comment><comment xml:lang="fi">HP:n tulostimenohjauskielitiedosto</comment><comment xml:lang="fr">fichier de Langage de contr&#xF4;le d'imprimante HP</comment><comment xml:lang="hu">HP Printer Control Language-f&#xE1;jl</comment><comment xml:lang="ja">HP &#x30D7;&#x30EA;&#x30F3;&#x30BF;&#x8A2D;&#x5B9A;&#x8A00;&#x8A9E;&#x30D5;&#x30A1;&#x30A4;&#x30EB;</comment><comment xml:lang="ko">HP &#xD504;&#xB9B0;&#xD130; &#xC81C;&#xC5B4; &#xC5B8;&#xC5B4; &#xD30C;&#xC77C;</comment><comment xml:lang="ms">Fail Bahasa Kawalam Pencetak HP</comment><comment xml:lang="nb">HP Printer Control Language-fil</comment><comment xml:lang="nl">HP Printer Control Language-bestand</comment><comment xml:lang="nn">HP Printer Control Language-fil</comment><comment xml:lang="pl">Plik j&#x119;zyka sterowania drukarki HP</comment><comment xml:lang="pt">ficheiro de Linguagem de Controlo de Impressora HP</comment><comment xml:lang="pt_BR">Arquivo de Linguagem de Controle de Impressora HP</comment><comment xml:lang="sq">File i gjuh&#xEB;s s&#xEB; kontrollit p&#xEB;r Printer HP</comment><comment xml:lang="sr">&#x414;&#x430;&#x442;&#x43E;&#x442;&#x435;&#x43A;&#x430; &#x43D;&#x430; &#x458;&#x435;&#x437;&#x438;&#x43A;&#x443; &#x437;&#x430; &#x443;&#x43F;&#x440;&#x430;&#x432;&#x459;&#x430;&#x45A;&#x435; &#x425;&#x41F; &#x448;&#x442;&#x430;&#x43C;&#x43F;&#x430;&#x447;&#x438;&#x43C;&#x430; (PCL)</comment><comment xml:lang="sv">HP Printer Control Language-fil</comment><comment xml:lang="uk">&#x424;&#x430;&#x439;&#x43B; &#x43D;&#x430; &#x433;&#x440;&#x430;&#x444;&#x456;&#x447;&#x43D;&#x456;&#x439; &#x43C;&#x43E;&#x432;&#x456; PCL HP</comment><comment xml:lang="zh_CN">HP &#x6253;&#x5370;&#x673A;&#x63A7;&#x5236;&#x8BED;&#x8A00;(PCL)&#x6587;&#x4EF6;</comment></mime-type>
