<?xml version="1.0"?>
<mime-type xmlns="http://www.freedesktop.org/standards/shared-mime-info" type="application/vnd.sun.xml.draw.template"><!--Created automatically by update-mime-database. DO NOT EDIT!--><comment>OpenOffice.org Draw drawing template</comment><comment xml:lang="bg">&#x428;&#x430;&#x431;&#x43B;&#x43E;&#x43D; &#x437;&#x430; &#x447;&#x435;&#x440;&#x442;&#x435;&#x436;&#x438;, &#x444;&#x43E;&#x440;&#x43C;&#x430;&#x442; OpenOffice.org&#xB7;Draw</comment><comment xml:lang="cs">&#x160;ablona kresby OpenOffice.org Draw</comment><comment xml:lang="de">OpenOffice.org&#xB7;Draw-Zeichnungsvorlage</comment><comment xml:lang="el">&#x3C0;&#x3C1;&#x3CC;&#x3C4;&#x3C5;&#x3C0;&#x3BF; &#x3C3;&#x3C7;&#x3B5;&#x3B4;&#x3AF;&#x3BF;&#x3C5; OpenOffice.org Draw</comment><comment xml:lang="eo">grafika&#x135;o-&#x15D;ablono de OpenOffice.org Draw</comment><comment xml:lang="es">Plantilla de dibujo de OpenOffice.org Draw</comment><comment xml:lang="eu">OpenOffice.org Draw txantiloia</comment><comment xml:lang="fi">OpenOffice.org Draw -piirrosmalli</comment><comment xml:lang="fr">patron de dessin OpenOffice.org Draw</comment><comment xml:lang="hu">OpenOffice.org Draw-rajzsablon</comment><comment xml:lang="it">Modello disegno OpenOffice.org Draw</comment><comment xml:lang="ja">OpenOffice.org Draw &#x7D75;&#x30C6;&#x30F3;&#x30D7;&#x30EC;&#x30FC;&#x30C8;</comment><comment xml:lang="ko">OpenOffice.org Draw &#xADF8;&#xB9BC; &#xBB38;&#xC11C;&#xD2C0;</comment><comment xml:lang="ms">Templat lukisan OpenOffice.org Draw</comment><comment xml:lang="nb">OpenOffice.org Draw-tegningsmal</comment><comment xml:lang="nl">OpenOffice.org Draw-sjabloon voor tekening</comment><comment xml:lang="nn">OpenOffice.org Draw-teikningsmal</comment><comment xml:lang="no">OpenOffice.org Draw-tegningsmal</comment><comment xml:lang="pl">Szablon rysunku OpenOffice.org Draw</comment><comment xml:lang="pt">modelo de desenho do OpenOffice.org Draw</comment><comment xml:lang="pt_BR">Modelo de desenho do OpenOffice.org Draw</comment><comment xml:lang="sq">Model vizatimi OpenOffice.org Draw</comment><comment xml:lang="sr">OpenOffice.org &#x448;&#x430;&#x431;&#x43B;&#x43E;&#x43D; &#x446;&#x440;&#x442;&#x435;&#x436;&#x430;</comment><comment xml:lang="sv">OpenOffice.org Draw-teckningsmall</comment><comment xml:lang="uk">&#x428;&#x430;&#x431;&#x43B;&#x43E;&#x43D; &#x43C;&#x430;&#x43B;&#x44E;&#x43D;&#x43A;&#x443; OpenOffice.org Draw</comment><comment xml:lang="zh_CN">OpenOffice.org Draw &#x7ED8;&#x56FE;&#x6A21;&#x677F;</comment></mime-type>
