<?xml version="1.0"?>
<mime-type xmlns="http://www.freedesktop.org/standards/shared-mime-info" type="application/vnd.stardivision.writer"><!--Created automatically by update-mime-database. DO NOT EDIT!--><comment>StarWriter document</comment><comment xml:lang="az">StarWriter s&#x259;n&#x259;di</comment><comment xml:lang="bg">&#x414;&#x43E;&#x43A;&#x443;&#x43C;&#x435;&#x43D;&#x442;, &#x444;&#x43E;&#x440;&#x43C;&#x430;&#x442; StarWriter</comment><comment xml:lang="cs">Dokument StarWriter</comment><comment xml:lang="cy">Dogfen StarWriter</comment><comment xml:lang="de">StarWriter-Dokument</comment><comment xml:lang="el">&#x3AD;&#x3B3;&#x3B3;&#x3C1;&#x3B1;&#x3C6;&#x3BF; StarWriter</comment><comment xml:lang="eo">StarWriter-dokumento</comment><comment xml:lang="es">Documento de StarWriter</comment><comment xml:lang="eu">StarWriter dokumentua</comment><comment xml:lang="fi">StarWriter-asiakirja</comment><comment xml:lang="fr">document StarWriter</comment><comment xml:lang="hu">StarWriter-dokumentum</comment><comment xml:lang="it">Documento StarWriter</comment><comment xml:lang="ja">StarWriter &#x30C9;&#x30AD;&#x30E5;&#x30E1;&#x30F3;&#x30C8;</comment><comment xml:lang="ko">StarWriter &#xBB38;&#xC11C;</comment><comment xml:lang="ms">Dokumen StarWriter</comment><comment xml:lang="nb">StarWriter-dokument</comment><comment xml:lang="nl">StarWriter-document</comment><comment xml:lang="nn">StarWriter document</comment><comment xml:lang="no">StarWriter-dokument</comment><comment xml:lang="pl">Dokument StarWriter</comment><comment xml:lang="pt">documento do StarWriter</comment><comment xml:lang="pt_BR">Documento do StarWriter</comment><comment xml:lang="sq">Dokument StarWriter</comment><comment xml:lang="sr">StarWriter &#x434;&#x43E;&#x43A;&#x443;&#x43C;&#x435;&#x43D;&#x442;</comment><comment xml:lang="sv">StarWriter-dokument</comment><comment xml:lang="uk">&#x414;&#x43E;&#x43A;&#x443;&#x43C;&#x435;&#x43D;&#x442; StarWriter</comment><comment xml:lang="zh_CN">StarWriter &#x6587;&#x6863;</comment></mime-type>
