<?xml version="1.0"?>
<mime-type xmlns="http://www.freedesktop.org/standards/shared-mime-info" type="application/vnd.sun.xml.draw"><!--Created automatically by update-mime-database. DO NOT EDIT!--><comment>OpenOffice.org Draw drawing</comment><comment xml:lang="bg">&#x427;&#x435;&#x440;&#x442;&#x435;&#x436;, &#x444;&#x43E;&#x440;&#x43C;&#x430;&#x442; OpenOffice.org Draw</comment><comment xml:lang="cs">Kresba OpenOffice.org Draw</comment><comment xml:lang="de">OpenOffice.org Draw-Zeichnung</comment><comment xml:lang="el">&#x3C3;&#x3C7;&#x3AD;&#x3B4;&#x3B9;&#x3BF; OpenOffice.org Draw</comment><comment xml:lang="eo">grafika&#x135;o de OpenOffice.org Draw</comment><comment xml:lang="es">Dibujo de OpenOffice Draw</comment><comment xml:lang="eu">OpenOffice.org Draw marrazkia</comment><comment xml:lang="fi">OpenOffice.org Draw -piirros</comment><comment xml:lang="fr">dessin OpenOffice.org Draw</comment><comment xml:lang="hu">OpenOffice.org Draw-rajz</comment><comment xml:lang="it">Disegno OpenOffice.org Draw</comment><comment xml:lang="ja">OpenOffice.org Draw &#x7D75;</comment><comment xml:lang="ko">OpenOffice.org Draw &#xADF8;&#xB9BC;</comment><comment xml:lang="ms">Lukisan OpenOffice.org Draw</comment><comment xml:lang="nb">OpenOffice.org Draw-tegning</comment><comment xml:lang="nl">OpenOffice.org Draw-tekening</comment><comment xml:lang="nn">OpenOffice.org Draw-teikning</comment><comment xml:lang="no">OpenOffice.org Draw-tegning</comment><comment xml:lang="pl">Rysunek OpenOffice.org Draw</comment><comment xml:lang="pt">desenho do OpenOffice.org Draw</comment><comment xml:lang="pt_BR">Desenho do OpenOffice.org Draw</comment><comment xml:lang="sq">Vizatim OpenOffice.org Draw</comment><comment xml:lang="sr">OpenOffice.org &#x446;&#x440;&#x442;&#x435;&#x436;</comment><comment xml:lang="sv">OpenOffice.org Draw-teckning</comment><comment xml:lang="uk">&#x41C;&#x430;&#x43B;&#x44E;&#x43D;&#x43E;&#x43A; OpenOffice.org Draw</comment><comment xml:lang="zh_CN">OpenOffice.org Draw &#x7ED8;&#x56FE;</comment></mime-type>
