<?xml version="1.0"?>
<mime-type xmlns="http://www.freedesktop.org/standards/shared-mime-info" type="application/vnd.sun.xml.calc.template"><!--Created automatically by update-mime-database. DO NOT EDIT!--><comment>OpenOffice.org Calc spreadsheet template</comment><comment xml:lang="bg">&#x428;&#x430;&#x431;&#x43B;&#x43E;&#x43D; &#x437;&#x430; &#x442;&#x430;&#x431;&#x43B;&#x438;&#x446;&#x438;, &#x444;&#x43E;&#x440;&#x43C;&#x430;&#x442; OpenOffice.org Calc</comment><comment xml:lang="cs">&#x160;ablona tabulky OpenOffice.org Calc</comment><comment xml:lang="de">OpenOffice.org Calc-Vorlage f&#xFC;r Tabellendokument</comment><comment xml:lang="el">&#x3C0;&#x3C1;&#x3CC;&#x3C4;&#x3C5;&#x3C0;&#x3BF; &#x3BB;&#x3BF;&#x3B3;&#x3B9;&#x3C3;&#x3C4;&#x3B9;&#x3BA;&#x3BF;&#x3CD; &#x3C6;&#x3CD;&#x3BB;&#x3BB;&#x3BF;&#x3C5; OpenOffice.org</comment><comment xml:lang="eo">sterntabelo-&#x15D;ablono de OpenOffice.org Calc</comment><comment xml:lang="es">Plantilla de hoja de c&#xE1;lculo de OpenOffice.org Calc</comment><comment xml:lang="eu">OpenOffice.org Calc txantiloia</comment><comment xml:lang="fi">OpenOffice.org Calc -taulukkomalli</comment><comment xml:lang="fr">patron de chiffrier OpenOffice.org Calc</comment><comment xml:lang="hu">OpenOffice.org Calc-munkaf&#xFC;zetsablon</comment><comment xml:lang="it">Modello foglio di calcolo OpenOffice.org Calc</comment><comment xml:lang="ja">OpenOffice.org Calc &#x30B9;&#x30D7;&#x30EC;&#x30C3;&#x30C9;&#x30B7;&#x30FC;&#x30C8;&#x30C6;&#x30F3;&#x30D7;&#x30EC;&#x30FC;&#x30C8;</comment><comment xml:lang="ko">OpenOffice.org Calc &#xC2A4;&#xD504;&#xB808;&#xB4DC;&#xC2DC;&#xD2B8; &#xBB38;&#xC11C;&#xD2C0;</comment><comment xml:lang="ms">Templat hamparan OpenOffice Calc</comment><comment xml:lang="nb">OpenOffice.org Calc-regnearkmal</comment><comment xml:lang="nl">OpenOffice.org Calc-sjabloon voor rekenblad</comment><comment xml:lang="nn">OpenOffice.org Calc-reknearkmal</comment><comment xml:lang="no">OpenOffice.org Calc-regnearkmal</comment><comment xml:lang="pl">Szablon arkusza kalkulacyjnego OpenOffice.org Calc</comment><comment xml:lang="pt">modelo de folha de c&#xE1;lculo do OpenOffice.org Calc</comment><comment xml:lang="pt_BR">Modelo de planilha do OpenOffice.org Calc</comment><comment xml:lang="sq">Model flete llogarit&#xEB;se OpenOffice.org Calc</comment><comment xml:lang="sr">OpenOffice.org &#x448;&#x430;&#x431;&#x43B;&#x43E;&#x43D; &#x442;&#x430;&#x431;&#x435;&#x43B;&#x430;&#x440;&#x43D;&#x43E;&#x433; &#x43F;&#x440;&#x43E;&#x440;&#x430;&#x447;&#x443;&#x43D;&#x430;</comment><comment xml:lang="sv">OpenOffice.org Calc-kalkylbladsmall</comment><comment xml:lang="uk">&#x428;&#x430;&#x431;&#x43B;&#x43E;&#x43D; &#x435;&#x43B;.&#x442;&#x430;&#x431;&#x43B;&#x438;&#x446;&#x456; OpenOffice.org Calc</comment><comment xml:lang="zh_CN">OpenOffice.org Calc &#x5DE5;&#x4F5C;&#x7C3F;&#x6A21;&#x677F;</comment></mime-type>
