<?xml version="1.0"?>
<mime-type xmlns="http://www.freedesktop.org/standards/shared-mime-info" type="application/vnd.sun.xml.impress"><!--Created automatically by update-mime-database. DO NOT EDIT!--><comment>OpenOffice.org Impress presentation</comment><comment xml:lang="bg">&#x41F;&#x440;&#x435;&#x437;&#x435;&#x43D;&#x442;&#x430;&#x446;&#x438;&#x44F;, &#x444;&#x43E;&#x440;&#x43C;&#x430;&#x442; OpenOffice.org Impress</comment><comment xml:lang="cs">Prezentace OpenOffice.org Impress</comment><comment xml:lang="de">OpenOffice.org&#xB7;Impress-Pr&#xE4;sentation</comment><comment xml:lang="el">&#x3C0;&#x3B1;&#x3C1;&#x3BF;&#x3C5;&#x3C3;&#x3AF;&#x3B1;&#x3C3;&#x3B7; OpenOffice.org Impress</comment><comment xml:lang="eo">prezenta&#x135;o de OpenOffice.org Impress</comment><comment xml:lang="es">Presentaci&#xF3;n de OpenOffice.org Impress</comment><comment xml:lang="eu">OpenOffice.org Impress aurkezpena</comment><comment xml:lang="fi">OpenOffice.org Impress -esitys</comment><comment xml:lang="fr">pr&#xE9;sentation OpenOffice.org Impress</comment><comment xml:lang="hu">OpenOffice.org Impress-bemutat&#xF3;</comment><comment xml:lang="it">Presentazione OpenOffice.org Impress</comment><comment xml:lang="ja">OpenOffice.org Impress &#x30D7;&#x30EC;&#x30BC;&#x30F3;&#x30C6;&#x30FC;&#x30B7;&#x30E7;&#x30F3;</comment><comment xml:lang="ko">OpenOffice.org Impress &#xD504;&#xB9AC;&#xC820;&#xD14C;&#xC774;&#xC158;</comment><comment xml:lang="ms">Persembahan OpenOffice.org Impress</comment><comment xml:lang="nb">OpenOffice.org Impress-presentasjon</comment><comment xml:lang="nl">OpenOffice.org Impress-presentatie</comment><comment xml:lang="nn">OpenOffice.org Impress-presentasjon</comment><comment xml:lang="no">OpenOffice.org Impress-presentasjon</comment><comment xml:lang="pl">Prezentacja OpenOffice.org Impress</comment><comment xml:lang="pt">apresenta&#xE7;&#xE3;o do OpenOffice.org Impress</comment><comment xml:lang="pt_BR">Apresenta&#xE7;&#xE3;o do OpenOffice.org Impress</comment><comment xml:lang="ru">&#x43F;&#x440;&#x435;&#x437;&#x435;&#x43D;&#x442;&#x430;&#x446;&#x438;&#x44F; OpenOffice.org Impress</comment><comment xml:lang="sq">Prezantim OpenOffice.org Impress</comment><comment xml:lang="sr">OpenOffice.org Impress &#x43F;&#x440;&#x435;&#x437;&#x435;&#x43D;&#x442;&#x430;&#x446;&#x438;&#x458;&#x430;</comment><comment xml:lang="sv">OpenOffice.org Impress-presentation</comment><comment xml:lang="uk">&#x41F;&#x440;&#x435;&#x437;&#x435;&#x43D;&#x442;&#x430;&#x446;&#x456;&#x44F; OpenOffice.org Impress</comment><comment xml:lang="zh_CN">OpenOffice.org Impress &#x6F14;&#x793A;&#x6587;&#x7A3F;</comment></mime-type>
