<?xml version="1.0"?>
<mime-type xmlns="http://www.freedesktop.org/standards/shared-mime-info" type="application/vnd.corel-draw"><!--Created automatically by update-mime-database. DO NOT EDIT!--><comment>Corel Draw drawing</comment><comment xml:lang="az">Corel Draw &#xE7;&#x259;kimi</comment><comment xml:lang="bg">&#x427;&#x435;&#x440;&#x442;&#x435;&#x436;, &#x444;&#x43E;&#x440;&#x43C;&#x430;&#x442; Corel&#xB7;Draw&#xB7;</comment><comment xml:lang="cs">Kresba Corel Draw</comment><comment xml:lang="cy">Darlun Corel Draw</comment><comment xml:lang="de">Corel Draw-Zeichnung</comment><comment xml:lang="el">&#x3C3;&#x3C7;&#x3AD;&#x3B4;&#x3B9;&#x3BF; Corel Draw </comment><comment xml:lang="eo">grafika&#x135;o de Corel Draw</comment><comment xml:lang="es">Dibujo de Corel Draw</comment><comment xml:lang="eu">Corel Draw-eko marrazkia</comment><comment xml:lang="fi">Corel Draw -piirros</comment><comment xml:lang="fr">dessin Corel Draw</comment><comment xml:lang="hu">Corel Draw-rajz</comment><comment xml:lang="it">Disegno Corel Draw</comment><comment xml:lang="ja">Corel Draw &#x7D75;</comment><comment xml:lang="ko">&#xCF54;&#xB810; &#xB4DC;&#xB85C;&#xC6B0; &#xB4DC;&#xB85C;&#xC789;</comment><comment xml:lang="ms">Lukisan Corel Draw</comment><comment xml:lang="nb">Corel Draw-tegning</comment><comment xml:lang="nl">Corel Draw-tekening</comment><comment xml:lang="nn">Corel Draw-teikning</comment><comment xml:lang="no">Corel Draw-tegning</comment><comment xml:lang="pl">Rysunek Corel Draw</comment><comment xml:lang="pt">desenho Corel Draw</comment><comment xml:lang="pt_BR">Desenho do Corel Draw</comment><comment xml:lang="sq">Vizatim Corel Draw</comment><comment xml:lang="sr">Corel Draw &#x446;&#x440;&#x442;&#x435;&#x436;</comment><comment xml:lang="sv">Corel Draw-teckning</comment><comment xml:lang="uk">&#x41C;&#x430;&#x43B;&#x44E;&#x43D;&#x43E;&#x43A; Corel Draw</comment><comment xml:lang="zh_CN">Corel Draw &#x7ED8;&#x56FE;</comment></mime-type>
