<?xml version="1.0"?>
<mime-type xmlns="http://www.freedesktop.org/standards/shared-mime-info" type="application/vnd.stardivision.draw"><!--Created automatically by update-mime-database. DO NOT EDIT!--><comment>StarDraw drawing</comment><comment xml:lang="az">StarDraw &#xE7;&#x259;kimi</comment><comment xml:lang="bg">&#x427;&#x435;&#x440;&#x442;&#x435;&#x436;, &#x444;&#x43E;&#x440;&#x43C;&#x430;&#x442; StarDraw</comment><comment xml:lang="cs">Kresba StarDraw</comment><comment xml:lang="cy">Darlun StarDraw</comment><comment xml:lang="de">StarDraw-Zeichnung</comment><comment xml:lang="el">&#x3C3;&#x3C7;&#x3AD;&#x3B4;&#x3B9;&#x3BF; StarDraw</comment><comment xml:lang="eo">StarDraw-grafika&#x135;o</comment><comment xml:lang="es">Dibujo de StarDraw</comment><comment xml:lang="eu">StarDraw marrazkia</comment><comment xml:lang="fi">StarDraw-piirros</comment><comment xml:lang="fr">dessin StarDraw</comment><comment xml:lang="hu">StarDraw-rajz</comment><comment xml:lang="it">Disegno StarDraw</comment><comment xml:lang="ja">StarDraw &#x7D75;</comment><comment xml:lang="ko">StarCalc &#xB4DC;&#xB85C;&#xC789;</comment><comment xml:lang="ms">Lukisan StarDraw</comment><comment xml:lang="nb">StarDraw tegning</comment><comment xml:lang="nl">StarDraw-tekening</comment><comment xml:lang="nn">StarDraw-teikning</comment><comment xml:lang="no">StarDraw tegning</comment><comment xml:lang="pl">Rysunek StarDraw</comment><comment xml:lang="pt">desenho do StarDraw</comment><comment xml:lang="pt_BR">Desenho do StarDraw</comment><comment xml:lang="sq">Vizatim StarDraw</comment><comment xml:lang="sr">StarDraw drawing</comment><comment xml:lang="sv">StarDraw-teckning</comment><comment xml:lang="uk">&#x41C;&#x430;&#x43B;&#x44E;&#x43D;&#x43E;&#x43A; StarDraw</comment><comment xml:lang="zh_CN">StarDraw &#x7ED8;&#x56FE;</comment></mime-type>
