<?xml version="1.0"?>
<mime-type xmlns="http://www.freedesktop.org/standards/shared-mime-info" type="application/vnd.ms-excel"><!--Created automatically by update-mime-database. DO NOT EDIT!--><comment>Microsoft Excel spreadsheet</comment><comment xml:lang="az">Microsoft Excel hesab c&#x259;dv&#x259;li</comment><comment xml:lang="bg">&#x422;&#x430;&#x431;&#x43B;&#x438;&#x446;&#x430;, &#x444;&#x43E;&#x440;&#x43C;&#x430;&#x442; Microsoft Excel</comment><comment xml:lang="cs">Tabulka Microsoft Excel</comment><comment xml:lang="cy">Taenlen Microsoft Excel</comment><comment xml:lang="de">Microsoft Excel-Tabellendokument</comment><comment xml:lang="el">&#x3BB;&#x3BF;&#x3B3;&#x3B9;&#x3C3;&#x3C4;&#x3B9;&#x3BA;&#x3CC; &#x3C6;&#x3CD;&#x3BB;&#x3BB;&#x3BF; Microsoft Excel</comment><comment xml:lang="eo">sterntabelo de Microsoft Excel</comment><comment xml:lang="es">Hoja de c&#xE1;lculo de Microsoft Excel</comment><comment xml:lang="eu">Microsoft Excel kalkulu-orria</comment><comment xml:lang="fi">Microsoft Excel -taulukko</comment><comment xml:lang="fr">chiffrier Microsoft Excel</comment><comment xml:lang="hu">Microsoft Excel-munkaf&#xFC;zet</comment><comment xml:lang="it">Foglio di calcolo Microsoft Excel</comment><comment xml:lang="ja">Microsoft Excel &#x30B9;&#x30D7;&#x30EC;&#x30C3;&#x30C9;&#x30B7;&#x30FC;&#x30C8;</comment><comment xml:lang="ko">&#xB9C8;&#xC774;&#xD06C;&#xB85C;&#xC18C;&#xD504;&#xD2B8; &#xC5D1;&#xC140; &#xC2A4;&#xD504;&#xB808;&#xB4DC;&#xC2DC;&#xD2B8;</comment><comment xml:lang="ms">Hamparan Microsoft Excel</comment><comment xml:lang="nb">Microsoft Excel regneark</comment><comment xml:lang="nl">Microsoft Excel-rekenblad</comment><comment xml:lang="nn">Microsoft Excel reikneark</comment><comment xml:lang="no">Microsoft Excel regneark</comment><comment xml:lang="pl">Arkusz kalkulacyjny Microsoft Excel</comment><comment xml:lang="pt">folha de c&#xE1;lculo do Microsoft Excel</comment><comment xml:lang="pt_BR">Planilha do Microsoft Excel</comment><comment xml:lang="sq">Flet&#xEB; llogarit&#xEB;se Microsoft Excel</comment><comment xml:lang="sr">&#x41C;&#x438;&#x43A;&#x440;&#x43E;&#x441;&#x43E;&#x444;&#x442; &#x415;&#x43A;&#x441;&#x435;&#x43B; &#x442;&#x430;&#x431;&#x435;&#x43B;&#x430;&#x440;&#x43D;&#x438; &#x43F;&#x440;&#x43E;&#x440;&#x430;&#x447;&#x443;&#x43D;</comment><comment xml:lang="sv">Microsoft Excel-kalkylblad</comment><comment xml:lang="uk">&#x415;&#x43B;.&#x442;&#x430;&#x431;&#x43B;&#x438;&#x446;&#x44F; Microsoft Excel</comment><comment xml:lang="zh_CN">Microsoft Excel &#x5DE5;&#x4F5C;&#x7C3F;</comment><alias type="application/msexcel"/></mime-type>
