<?xml version="1.0"?>
<mime-type xmlns="http://www.freedesktop.org/standards/shared-mime-info" type="application/vnd.sun.xml.math"><!--Created automatically by update-mime-database. DO NOT EDIT!--><comment>OpenOffice.org Math formula</comment><comment xml:lang="bg">&#x424;&#x43E;&#x440;&#x43C;&#x443;&#x43B;&#x430;, &#x444;&#x43E;&#x440;&#x43C;&#x430;&#x442; OpenOffice.org Math</comment><comment xml:lang="cs">Vzorec OpenOffice.org Math</comment><comment xml:lang="de">OpenOffice.org&#xB7;Math-Formel</comment><comment xml:lang="el">&#x3BC;&#x3B1;&#x3B8;&#x3B7;&#x3BC;&#x3B1;&#x3C4;&#x3B9;&#x3BA;&#x3CC;&#x3C2; &#x3C4;&#x3CD;&#x3C0;&#x3BF;&#x3C2; OpenOffice.org Math</comment><comment xml:lang="eo">formulo de OpenOffice.org Math</comment><comment xml:lang="es">F&#xF3;rmula de OpenOffice.org Math</comment><comment xml:lang="eu">OpenOffice.org Math formula</comment><comment xml:lang="fi">OpenOffice.org Math -kaava</comment><comment xml:lang="fr">formule OpenOffice.org Math</comment><comment xml:lang="hu">OpenOffice.org Math-k&#xE9;plet</comment><comment xml:lang="it">Formula OpenOffice.org Math</comment><comment xml:lang="ja">OpenOffice.org Math &#x8A08;&#x7B97;&#x5F0F;</comment><comment xml:lang="ko">OpenOffice.org Math &#xC218;&#xC2DD;</comment><comment xml:lang="ms">Formula OpenOffice.org Math</comment><comment xml:lang="nb">OpenOffice.org Math-dokument</comment><comment xml:lang="nl">OpenOffice.org Math-formule</comment><comment xml:lang="nn">OpenOffice.org Math-formel</comment><comment xml:lang="no">OpenOffice.org Math-dokument</comment><comment xml:lang="pl">Formu&#x142;a OpenOffice.org Math</comment><comment xml:lang="pt">f&#xF3;rmula do OpenOffice.org Math</comment><comment xml:lang="pt_BR">F&#xF3;rmula do OpenOffice.org Math</comment><comment xml:lang="sq">Formul&#xEB; OpenOffice.org Math</comment><comment xml:lang="sr">OpenOffice.org Math &#x434;&#x43E;&#x43A;&#x443;&#x43C;&#x435;&#x43D;&#x442;</comment><comment xml:lang="sv">OpenOffice.org Math-formel</comment><comment xml:lang="uk">&#x424;&#x43E;&#x440;&#x43C;&#x443;&#x43B;&#x430; OpenOffice.org Math</comment><comment xml:lang="zh_CN">OpenOffice.org Math &#x516C;&#x5F0F;</comment></mime-type>
