<?xml version="1.0"?>
<mime-type xmlns="http://www.freedesktop.org/standards/shared-mime-info" type="application/vnd.rn-realmedia"><!--Created automatically by update-mime-database. DO NOT EDIT!--><comment>RealAudio/Video document</comment><comment xml:lang="az">RealAudio/Video s&#x259;n&#x259;di</comment><comment xml:lang="bg">&#x414;&#x43E;&#x43A;&#x443;&#x43C;&#x435;&#x43D;&#x442;, &#x444;&#x43E;&#x440;&#x43C;&#x430;&#x442; RealAudio/Video</comment><comment xml:lang="cs">Dokument RealAudio/Video</comment><comment xml:lang="cy">Dogfen RealAudio neu RealVideo</comment><comment xml:lang="de">RealAudio/Video-Dokument</comment><comment xml:lang="el">&#x3AD;&#x3B3;&#x3B3;&#x3C1;&#x3B1;&#x3C6;&#x3BF; RealAudio/&#x392;&#x3AF;&#x3BD;&#x3C4;&#x3B5;&#x3BF;</comment><comment xml:lang="eo">ReadAudio/Video-dokumento</comment><comment xml:lang="es">Documento RealAudio/Video</comment><comment xml:lang="eu">RealAudio/Video dokumentua</comment><comment xml:lang="fi">RealAudio/Video-asiakirja</comment><comment xml:lang="fr">document RealAudio/Video</comment><comment xml:lang="hu">RealAudio/Video-dokumentum</comment><comment xml:lang="it">Documento RealAudio/Video</comment><comment xml:lang="ja">RealAudio/Video &#x30C9;&#x30AD;&#x30E5;&#x30E1;&#x30F3;&#x30C8;</comment><comment xml:lang="ko">&#xB9AC;&#xC5BC;&#xC624;&#xB514;&#xC624;/&#xBE44;&#xB514;&#xC624; &#xBB38;&#xC11C;</comment><comment xml:lang="ms">Dokumen RealAudio/Video</comment><comment xml:lang="nb">RealAudio/Video-dokument</comment><comment xml:lang="nl">RealAudio/Video-document</comment><comment xml:lang="nn">RealAudio/Video-dokument</comment><comment xml:lang="no">RealAudio/Video-dokument</comment><comment xml:lang="pl">Dokument RealAudio/Video</comment><comment xml:lang="pt">documento do RealAudio/Video</comment><comment xml:lang="pt_BR">Documento RealAudio/Video</comment><comment xml:lang="sq">Dokument RealAudio/Video</comment><comment xml:lang="sr">RealAudio/Video &#x434;&#x43E;&#x43A;&#x443;&#x43C;&#x435;&#x43D;&#x442;</comment><comment xml:lang="sv">RealAudio/Video-dokument</comment><comment xml:lang="uk">&#x414;&#x43E;&#x43A;&#x443;&#x43C;&#x435;&#x43D;&#x442; RealAudio/Video</comment><comment xml:lang="zh_CN">RealAudio/Video &#x6587;&#x6863;</comment></mime-type>
