<?xml version="1.0"?>
<mime-type xmlns="http://www.freedesktop.org/standards/shared-mime-info" type="application/vnd.palm"><!--Created automatically by update-mime-database. DO NOT EDIT!--><comment>Palmpilot database/document</comment><comment xml:lang="bg">&#x411;&#x430;&#x437;&#x430; &#x434;&#x430;&#x43D;&#x43D;&#x438;/&#x434;&#x43E;&#x43A;&#x443;&#x43C;&#x435;&#x43D;&#x442; &#x437;&#x430; Palmpilot</comment><comment xml:lang="cs">Datab&#xE1;ze/dokument Palmpilot</comment><comment xml:lang="de">Palmpilot-Datenbank/-Dokument</comment><comment xml:lang="el">&#x3AD;&#x3B3;&#x3B3;&#x3C1;&#x3B1;&#x3C6;&#x3BF;/&#x3B2;&#x3AC;&#x3C3;&#x3B7; &#x3B4;&#x3B5;&#x3B4;&#x3BF;&#x3BC;&#x3AD;&#x3BD;&#x3C9;&#x3BD; Palmpilot</comment><comment xml:lang="eo">Palmpilot-datumbazo/dokumento</comment><comment xml:lang="es">Documento/base de datos de Palmpilot</comment><comment xml:lang="eu">Palmpilot datubasea/dokumentua</comment><comment xml:lang="fi">Palmpilot-tietokanta/asiakirja</comment><comment xml:lang="fr">base de donn&#xE9;es/document Palmpilot</comment><comment xml:lang="hu">Palmpilot adatb&#xE1;zis/dokumentum</comment><comment xml:lang="ja">Palmpilot &#x30C7;&#x30FC;&#x30BF;&#x30D9;&#x30FC;&#x30B9;/&#x30C9;&#x30AD;&#x30E5;&#x30E1;&#x30F3;&#x30C8;</comment><comment xml:lang="ko">&#xD31C;&#xD30C;&#xC77C;&#xB7FF; &#xB370;&#xC774;&#xD130;&#xBCA0;&#xC774;&#xC2A4;/&#xBB38;&#xC11C;</comment><comment xml:lang="ms">Dokumen/pangkalandata PalmOS</comment><comment xml:lang="nb">Palmpilot-database/dokument</comment><comment xml:lang="nl">Palmpilot-gegevensbank/document</comment><comment xml:lang="nn">Palmpilot database/dokument</comment><comment xml:lang="pl">Baza danych/dokument Palmpilota</comment><comment xml:lang="pt">documento/base de dados da Palmpilot</comment><comment xml:lang="pt_BR">Banco de Dados/Documento do Palmpilot</comment><comment xml:lang="sq">Dokument/databaz&#xEB; Palmpilot</comment><comment xml:lang="sr">&#x41F;&#x430;&#x43B;&#x43C;&#x43F;&#x438;&#x43B;&#x43E;&#x442; &#x431;&#x430;&#x437;&#x430;/&#x434;&#x43E;&#x43A;&#x443;&#x43C;&#x435;&#x43D;&#x442;</comment><comment xml:lang="sv">Palmpilot-databas/dokument</comment><comment xml:lang="uk">&#x411;&#x430;&#x437;&#x430; &#x434;&#x430;&#x43D;&#x438;&#x445;/&#x434;&#x43E;&#x43A;&#x443;&#x43C;&#x435;&#x43D;&#x442; Palmpilot</comment><comment xml:lang="zh_CN">Palmpilot &#x6570;&#x636E;&#x5E93;/&#x6587;&#x6863;</comment></mime-type>
