<?xml version="1.0"?>
<mime-type xmlns="http://www.freedesktop.org/standards/shared-mime-info" type="application/vnd.hp-hpgl"><!--Created automatically by update-mime-database. DO NOT EDIT!--><comment>HP Graphics Language (plotter)</comment><comment xml:lang="bg">&#x424;&#x430;&#x439;&#x43B; &#x437;&#x430; &#x43F;&#x43B;&#x43E;&#x442;&#x435;&#x440;, &#x444;&#x43E;&#x440;&#x43C;&#x430;&#x442; HP GL</comment><comment xml:lang="cs">HP Graphics Language (plotter)</comment><comment xml:lang="de">HP-Grafiksprache (Plotter)</comment><comment xml:lang="el">&#x3B1;&#x3C1;&#x3C7;&#x3B5;&#x3AF;&#x3BF; &#x3B5;&#x3BD;&#x3C4;&#x3BF;&#x3BB;&#x3CE;&#x3BD; &#x393;&#x3BB;&#x3CE;&#x3C3;&#x3C3;&#x3B1;&#x3C2; &#x393;&#x3C1;&#x3B1;&#x3C6;&#x3B9;&#x3BA;&#x3CE;&#x3BD; HP (HPGL), &#x3B3;&#x3B9;&#x3B1; &#x3C3;&#x3C7;&#x3B5;&#x3B4;&#x3B9;&#x3B1;&#x3C3;&#x3C4;&#x3AE; &#x3AE; &#x3B5;&#x3BA;&#x3C4;&#x3C5;&#x3C0;&#x3C9;&#x3C4;&#x3AE;</comment><comment xml:lang="eo">Grafika Lingvo de HP (desegnilo)</comment><comment xml:lang="es">Lenguaje de gr&#xE1;ficos HP (plotter)</comment><comment xml:lang="eu">HP-ren grafiko-hizkuntza (plotter)</comment><comment xml:lang="fi">HP-grafiikkakieli (plotter)</comment><comment xml:lang="fr">Langage Graphique HP (tra&#xE7;euse)</comment><comment xml:lang="hu">HP Graphics Language (plotter)</comment><comment xml:lang="ja">HP Graphics &#x8A00;&#x8A9E;(&#x30D7;&#x30ED;&#x30C3;&#x30BF;)</comment><comment xml:lang="ko">HP &#xADF8;&#xB9BC; &#xC5B8;&#xC5B4;(plotter)</comment><comment xml:lang="ms">Bahasa Grafik HP (pemplot)</comment><comment xml:lang="nb">HP Graphics Language (plotter)</comment><comment xml:lang="nl">HP Graphics Language (plotter)</comment><comment xml:lang="nn">HP Graphics Language (plottar)</comment><comment xml:lang="pl">J&#x119;zyk grafiki HP (ploter)</comment><comment xml:lang="pt">Linguagem de Gr&#xE1;ficos HP (plotter)</comment><comment xml:lang="pt_BR">Linguagem de Gr&#xE1;ficos HP (plotter)</comment><comment xml:lang="sq">Gjuh&#xEB; HP Graphics (plotter)</comment><comment xml:lang="sr">&#x425;&#x41F; &#x433;&#x440;&#x430;&#x444;&#x438;&#x447;&#x43A;&#x438; &#x458;&#x435;&#x437;&#x438;&#x43A; (&#x43F;&#x43B;&#x43E;&#x442;&#x435;&#x440;, HPGL)</comment><comment xml:lang="sv">HP-grafikspr&#xE5;k (plotter)</comment><comment xml:lang="uk">&#x413;&#x440;&#x430;&#x444;&#x456;&#x447;&#x43D;&#x430; &#x43C;&#x43E;&#x432;&#x430; HP (&#x43F;&#x43B;&#x43E;&#x442;&#x442;&#x435;&#x440;)</comment><comment xml:lang="zh_CN">HP &#x56FE;&#x5F62;&#x8BED;&#x8A00;(&#x7ED8;&#x56FE;&#x4EEA;)</comment></mime-type>
