<?xml version="1.0"?>
<mime-type xmlns="http://www.freedesktop.org/standards/shared-mime-info" type="application/vnd.stardivision.chart"><!--Created automatically by update-mime-database. DO NOT EDIT!--><comment>StarChart chart</comment><comment xml:lang="az">StarChart c&#x259;dv&#x259;li</comment><comment xml:lang="bg">&#x414;&#x438;&#x430;&#x433;&#x440;&#x430;&#x43C;&#x430;, &#x444;&#x43E;&#x440;&#x43C;&#x430;&#x442; StarChart</comment><comment xml:lang="cs">Graf StarChart</comment><comment xml:lang="cy">Siart StarChart</comment><comment xml:lang="de">StarChart-Diagramm</comment><comment xml:lang="el">&#x3B3;&#x3C1;&#x3AC;&#x3C6;&#x3B7;&#x3BC;&#x3B1; StarChart</comment><comment xml:lang="eo">StarChart-diagramo</comment><comment xml:lang="es">Gr&#xE1;fica de StarChart</comment><comment xml:lang="eu">StarChart diagrama</comment><comment xml:lang="fi">StarChart-kaavio</comment><comment xml:lang="fr">graphique StarChart</comment><comment xml:lang="hu">StarChart-grafikon</comment><comment xml:lang="it">Grafico StarChart</comment><comment xml:lang="ja">StarChart &#x30C1;&#x30E3;&#x30FC;&#x30C8;</comment><comment xml:lang="ko">StarCalc &#xD45C;</comment><comment xml:lang="ms">Carta StarChart</comment><comment xml:lang="nb">StarChart graf</comment><comment xml:lang="nl">StarChart-kaart</comment><comment xml:lang="nn">StarChart-graf</comment><comment xml:lang="no">StarChart graf</comment><comment xml:lang="pl">Wykres StarChart</comment><comment xml:lang="pt">gr&#xE1;fico do StarChart</comment><comment xml:lang="pt_BR">Gr&#xE1;fico StarChart</comment><comment xml:lang="sq">Grafik StarChart</comment><comment xml:lang="sr">StarChart &#x433;&#x440;&#x430;&#x444;&#x438;&#x43A;&#x43E;&#x43D;</comment><comment xml:lang="sv">StarChart-diagram</comment><comment xml:lang="uk">&#x414;&#x456;&#x430;&#x433;&#x440;&#x430;&#x43C;&#x430; StarChart</comment><comment xml:lang="zh_CN">StarChart &#x56FE;&#x8868;</comment></mime-type>
