<?xml version="1.0"?>
<mime-type xmlns="http://www.freedesktop.org/standards/shared-mime-info" type="application/vnd.stardivision.math"><!--Created automatically by update-mime-database. DO NOT EDIT!--><comment>StarMath formula</comment><comment xml:lang="bg">&#x424;&#x43E;&#x440;&#x43C;&#x443;&#x43B;&#x430;, &#x444;&#x43E;&#x440;&#x43C;&#x430;&#x442; StarMath</comment><comment xml:lang="cs">Vzorec StarMath</comment><comment xml:lang="de">StarMath-Formel</comment><comment xml:lang="el">&#x3BC;&#x3B1;&#x3B8;&#x3B7;&#x3BC;&#x3B1;&#x3C4;&#x3B9;&#x3BA;&#x3CC;&#x3C2; &#x3C4;&#x3CD;&#x3C0;&#x3BF;&#x3C2; StarMath</comment><comment xml:lang="eo">StarMath-formulo</comment><comment xml:lang="es">F&#xF3;rmula de StarMath</comment><comment xml:lang="eu">StarMath formula</comment><comment xml:lang="fi">StarMath-kaava</comment><comment xml:lang="fr">formule StarMath</comment><comment xml:lang="hu">StarMath-k&#xE9;plet</comment><comment xml:lang="it">Formula StarMath</comment><comment xml:lang="ja">StarMath &#x8A08;&#x7B97;&#x5F0F;</comment><comment xml:lang="ko">StarMath &#xC218;&#xC2DD;</comment><comment xml:lang="ms">Formula StarMath</comment><comment xml:lang="nb">StarMath-formel</comment><comment xml:lang="nl">StarMath-formule</comment><comment xml:lang="nn">StarMath-formel</comment><comment xml:lang="no">StarMath-formel</comment><comment xml:lang="pl">Formu&#x142;a StarMath</comment><comment xml:lang="pt">f&#xF3;rmula do StarMath</comment><comment xml:lang="pt_BR">F&#xF3;rmula do StarMath</comment><comment xml:lang="sq">Formul&#xEB; StarMath</comment><comment xml:lang="sr">StarMath &#x444;&#x43E;&#x440;&#x43C;&#x443;&#x43B;&#x430;</comment><comment xml:lang="sv">StarMath-formel</comment><comment xml:lang="uk">&#x424;&#x43E;&#x440;&#x43C;&#x443;&#x43B;&#x430; StarMath</comment><comment xml:lang="zh_CN">StarMath &#x516C;&#x5F0F;</comment></mime-type>
