<?xml version="1.0"?>
<mime-type xmlns="http://www.freedesktop.org/standards/shared-mime-info" type="application/vnd.wordperfect"><!--Created automatically by update-mime-database. DO NOT EDIT!--><alias type="application/x-wordperfect"/><alias type="application/wordperfect"/><comment>WordPerfect document</comment><comment xml:lang="az">WordPerfect s&#x259;n&#x259;di</comment><comment xml:lang="bg">&#x414;&#x43E;&#x43A;&#x443;&#x43C;&#x435;&#x43D;&#x442;, &#x444;&#x43E;&#x440;&#x43C;&#x430;&#x442; WordPerfect</comment><comment xml:lang="cs">Dokument WordPerfect</comment><comment xml:lang="cy">Dogfen WordPerfect</comment><comment xml:lang="de">WordPerfect-Dokument</comment><comment xml:lang="el">&#x3AD;&#x3B3;&#x3B3;&#x3C1;&#x3B1;&#x3C6;&#x3BF; WordPerfect</comment><comment xml:lang="eo">WordPerfect-dokumento</comment><comment xml:lang="es">Documento de WordPerfect</comment><comment xml:lang="eu">WordPerfect dokumentua</comment><comment xml:lang="fi">WordPerfect-asiakirja</comment><comment xml:lang="fr">document WordPerfect</comment><comment xml:lang="hu">WordPerfect-dokumentum</comment><comment xml:lang="it">Documento WordPerfect</comment><comment xml:lang="ja">WordPerfect &#x30C9;&#x30AD;&#x30E5;&#x30E1;&#x30F3;&#x30C8;</comment><comment xml:lang="ko">&#xC6CC;&#xB4DC;&#xD37C;&#xD399;&#xD2B8; &#xBB38;&#xC11C;</comment><comment xml:lang="ms">Dokumen WordPerfect</comment><comment xml:lang="nb">WordPerfect-dokument</comment><comment xml:lang="nl">WordPerfect-document</comment><comment xml:lang="nn">WordPerfect-dokument</comment><comment xml:lang="no">WordPerfect-dokument</comment><comment xml:lang="pl">Dokument WordPerfect</comment><comment xml:lang="pt">documento do WordPerfect</comment><comment xml:lang="pt_BR">Documento do WordPerfect</comment><comment xml:lang="ru">&#x434;&#x43E;&#x43A;&#x443;&#x43C;&#x435;&#x43D;&#x442; WordPerfect</comment><comment xml:lang="sq">Dokument WordPerfect</comment><comment xml:lang="sr">WordPerfect &#x434;&#x43E;&#x43A;&#x443;&#x43C;&#x435;&#x43D;&#x442;</comment><comment xml:lang="sv">WordPerfect-dokument</comment><comment xml:lang="uk">&#x434;&#x43E;&#x43A;&#x443;&#x43C;&#x435;&#x43D;&#x442; WordPerfect</comment><comment xml:lang="zh_CN">WordPerfect &#x6587;&#x6863;</comment></mime-type>
