<?xml version="1.0"?>
<mime-type xmlns="http://www.freedesktop.org/standards/shared-mime-info" type="application/vnd.stardivision.impress"><!--Created automatically by update-mime-database. DO NOT EDIT!--><comment>StarImpress presentation</comment><comment xml:lang="az">StarImpress t&#x259;qdimat&#x131;</comment><comment xml:lang="bg">&#x41F;&#x440;&#x435;&#x437;&#x435;&#x43D;&#x442;&#x430;&#x446;&#x438;&#x44F;, &#x444;&#x43E;&#x440;&#x43C;&#x430;&#x442; StarImpress</comment><comment xml:lang="cs">Prezentace StarImpress</comment><comment xml:lang="cy">Cyflwyniad StarImpress</comment><comment xml:lang="de">StarImpress-Pr&#xE4;sentation</comment><comment xml:lang="el">&#x3C0;&#x3B1;&#x3C1;&#x3BF;&#x3C5;&#x3C3;&#x3AF;&#x3B1;&#x3C3;&#x3B7; StarImpress</comment><comment xml:lang="eo">StarImpress-prezenta&#x135;o</comment><comment xml:lang="es">Presentaci&#xF3;n de StarImpress</comment><comment xml:lang="eu">StarImpress aurkezpena</comment><comment xml:lang="fi">StarImpress-esitys</comment><comment xml:lang="fr">pr&#xE9;sentation StarImpress</comment><comment xml:lang="hu">StarImpress-bemutat&#xF3;</comment><comment xml:lang="it">Presentazione StarImpress</comment><comment xml:lang="ja">StarImpress &#x30D7;&#x30EC;&#x30BC;&#x30F3;&#x30C6;&#x30FC;&#x30B7;&#x30E7;&#x30F3;</comment><comment xml:lang="ko">StarImpress &#xD504;&#xB9AC;&#xC820;&#xD14C;&#xC774;&#xC158;</comment><comment xml:lang="ms">Persembahan StarImpress</comment><comment xml:lang="nb">StarImpress-presentasjon</comment><comment xml:lang="nl">StarImpress-presentatie</comment><comment xml:lang="nn">StarImpress-presentasjon</comment><comment xml:lang="no">StarImpress-presentasjon</comment><comment xml:lang="pl">Prezentacja StarImpress</comment><comment xml:lang="pt">apresenta&#xE7;&#xE3;o do StarImpress</comment><comment xml:lang="pt_BR">Apresenta&#xE7;&#xE3;o do StarImpress</comment><comment xml:lang="sq">Prezantim StarImpress</comment><comment xml:lang="sr">StarImpress &#x43F;&#x440;&#x435;&#x437;&#x435;&#x43D;&#x442;&#x430;&#x446;&#x438;&#x458;&#x430;</comment><comment xml:lang="sv">StarImpress-presentation</comment><comment xml:lang="uk">&#x41F;&#x440;&#x435;&#x437;&#x435;&#x43D;&#x442;&#x430;&#x446;&#x456;&#x44F; StarImpress</comment><comment xml:lang="zh_CN">StarImpress &#x6F14;&#x793A;&#x6587;&#x7A3F;</comment></mime-type>
