<?xml version="1.0"?>
<mime-type xmlns="http://www.freedesktop.org/standards/shared-mime-info" type="application/vnd.sun.xml.writer"><!--Created automatically by update-mime-database. DO NOT EDIT!--><comment>OpenOffice.org Writer document</comment><comment xml:lang="bg">&#x414;&#x43E;&#x43A;&#x443;&#x43C;&#x435;&#x43D;&#x442;, &#x444;&#x43E;&#x440;&#x43C;&#x430;&#x442; OpenOffice.org Writer</comment><comment xml:lang="cs">Dokument OpenOffice.org Writer</comment><comment xml:lang="de">OpenOffice.org&#xB7;Writer-Dokument</comment><comment xml:lang="el">&#x3AD;&#x3B3;&#x3B3;&#x3C1;&#x3B1;&#x3C6;&#x3BF; OpenOffice.org Writer</comment><comment xml:lang="eo">dokumento de OpenOffice.org Writer</comment><comment xml:lang="es">Documento de OpenOffice.org Writer</comment><comment xml:lang="eu">OpenOffice.org Writer dokumentua</comment><comment xml:lang="fi">OpenOffice.org Writer -asiakirja</comment><comment xml:lang="fr">document OpenOffice.org Writer</comment><comment xml:lang="hu">OpenOffice.org Writer-dokumentum</comment><comment xml:lang="it">Documento OpenOffice.org Writer</comment><comment xml:lang="ja">OpenOffice.org Writer &#x30C9;&#x30AD;&#x30E5;&#x30E1;&#x30F3;&#x30C8;</comment><comment xml:lang="ko">OpenOffice.org Writer &#xBB38;&#xC11C;</comment><comment xml:lang="ms">Dokumen OpenOffice.org Writer</comment><comment xml:lang="nb">OpenOffice.org Writer-dokument</comment><comment xml:lang="nl">OpenOffice.org Writer-document</comment><comment xml:lang="nn">OpenOffice.org Writer-dokument</comment><comment xml:lang="no">OpenOffice.org Writer-dokument</comment><comment xml:lang="pl">Dokument OpenOffice.org Writer</comment><comment xml:lang="pt">documento do OpenOffice.org Writer</comment><comment xml:lang="pt_BR">Documento do OpenOffice.org Writer</comment><comment xml:lang="ru">&#x434;&#x43E;&#x43A;&#x443;&#x43C;&#x435;&#x43D;&#x442; OpenOffice.org Writer</comment><comment xml:lang="sq">Dokument OpenOffice.org Writer</comment><comment xml:lang="sr">OpenOffice.org Writer &#x434;&#x43E;&#x43A;&#x443;&#x43C;&#x435;&#x43D;&#x442;</comment><comment xml:lang="sv">OpenOffice.org Writer-dokument</comment><comment xml:lang="uk">&#x414;&#x43E;&#x43A;&#x443;&#x43C;&#x435;&#x43D;&#x442; OpenOffice.org Writer</comment><comment xml:lang="zh_CN">OpenOffice.org Writer &#x6587;&#x6863;</comment></mime-type>
