<?xml version="1.0"?>
<mime-type xmlns="http://www.freedesktop.org/standards/shared-mime-info" type="application/vnd.sun.xml.impress.template"><!--Created automatically by update-mime-database. DO NOT EDIT!--><comment>OpenOffice.org Impress presentation template</comment><comment xml:lang="bg">&#x428;&#x430;&#x431;&#x43B;&#x43E;&#x43D; &#x437;&#x430; &#x43F;&#x440;&#x435;&#x437;&#x435;&#x43D;&#x442;&#x430;&#x446;&#x438;&#x438;, &#x444;&#x43E;&#x440;&#x43C;&#x430;&#x442; OpenOffice.org Impress</comment><comment xml:lang="cs">&#x160;ablona prezentace OpenOffice.org Impress</comment><comment xml:lang="de">OpenOffice.org&#xB7;Impress-Pr&#xE4;sentationsvorlage</comment><comment xml:lang="el">&#x3C0;&#x3C1;&#x3CC;&#x3C4;&#x3C5;&#x3C0;&#x3BF; &#x3C0;&#x3B1;&#x3C1;&#x3BF;&#x3C5;&#x3C3;&#x3AF;&#x3B1;&#x3C3;&#x3B7;&#x3C2; OpenOffice.org Impress</comment><comment xml:lang="eo">prezenta&#x135;o-&#x15D;ablono de OpenOffice.org Impress</comment><comment xml:lang="es">Plantilla de presentaci&#xF3;n de OpenOffice.org Impress</comment><comment xml:lang="eu">OpenOffice.org Impress txantiloia</comment><comment xml:lang="fi">OpenOffice.org Impress -esitysmalli</comment><comment xml:lang="fr">patron de pr&#xE9;sentation OpenOffice.org Impress</comment><comment xml:lang="hu">OpenOffice.org Impress-bemutat&#xF3;sablon</comment><comment xml:lang="it">Modello presentazione OpenOffice.org Impress</comment><comment xml:lang="ja">OpenOffice.org Impress &#x30D7;&#x30EC;&#x30BC;&#x30F3;&#x30C6;&#x30FC;&#x30B7;&#x30E7;&#x30F3;&#x30C6;&#x30F3;&#x30D7;&#x30EC;&#x30FC;&#x30C8;</comment><comment xml:lang="ko">OpenOffice.org Impress &#xD504;&#xB9AC;&#xC820;&#xD14C;&#xC774;&#xC158; &#xBB38;&#xC11C;&#xD2C0;</comment><comment xml:lang="ms">Templat persembahan OpenOffice.org Impress</comment><comment xml:lang="nb">OpenOffice.org Impress-presentasjonsmal</comment><comment xml:lang="nl">OpenOffice.org Impress-sjabloon voor presentatie</comment><comment xml:lang="nn">OpenOffice.org Impress-presentasjonsmal</comment><comment xml:lang="no">OpenOffice.org Impress-presentasjonsmal</comment><comment xml:lang="pl">Szablon prezentacji OpenOffice.org Impress</comment><comment xml:lang="pt">modelo de apresenta&#xE7;&#xE3;o do OpenOffice.org Impress</comment><comment xml:lang="pt_BR">Modelo de apresenta&#xE7;&#xE3;o do OpenOffice.org Impress</comment><comment xml:lang="ru">&#x448;&#x430;&#x431;&#x43B;&#x43E;&#x43D; &#x43F;&#x440;&#x435;&#x437;&#x435;&#x43D;&#x442;&#x430;&#x446;&#x438;&#x438; OpenOffice.org Impress</comment><comment xml:lang="sq">Model prezantimi OpenOffice.org Impress</comment><comment xml:lang="sr">OpenOffice.org Impress &#x448;&#x430;&#x431;&#x43B;&#x43E;&#x43D; &#x43F;&#x440;&#x435;&#x437;&#x435;&#x43D;&#x442;&#x430;&#x446;&#x438;&#x458;&#x435;</comment><comment xml:lang="sv">OpenOffice.org Impress-presentationsmall</comment><comment xml:lang="uk">&#x428;&#x430;&#x431;&#x43B;&#x43E;&#x43D; &#x43F;&#x440;&#x435;&#x437;&#x435;&#x43D;&#x442;&#x430;&#x446;&#x456;&#x457; OpenOffice.org Impress</comment><comment xml:lang="zh_CN">OpenOffice.org Impress &#x6F14;&#x793A;&#x6587;&#x7A3F;&#x6A21;&#x677F;</comment></mime-type>
