<?xml version="1.0"?>
<mime-type xmlns="http://www.freedesktop.org/standards/shared-mime-info" type="application/vnd.sun.xml.calc"><!--Created automatically by update-mime-database. DO NOT EDIT!--><comment>OpenOffice.org Calc spreadsheet</comment><comment xml:lang="bg">&#x422;&#x430;&#x431;&#x43B;&#x438;&#x446;&#x430;, &#x444;&#x43E;&#x440;&#x43C;&#x430;&#x442; OpenOffice.org Calc</comment><comment xml:lang="cs">Tabulka OpenOffice.org Calc</comment><comment xml:lang="de">OpenOffice.org Calc-Tabellendokumen</comment><comment xml:lang="el">&#x3BB;&#x3BF;&#x3B3;&#x3B9;&#x3C3;&#x3C4;&#x3B9;&#x3BA;&#x3CC; &#x3C6;&#x3CD;&#x3BB;&#x3BB;&#x3BF; OpenOffice.org Calc</comment><comment xml:lang="eo">sterntabelo de OpenOffice.org Calc</comment><comment xml:lang="es">Hoja de c&#xE1;lculo de OpenOffice.org Calc</comment><comment xml:lang="eu">OpenOffice.org Calc kalkulu-orria</comment><comment xml:lang="fi">OpenOffice.org Calc -taulukko</comment><comment xml:lang="fr">chiffrier OpenOffice.org Calc</comment><comment xml:lang="hu">OpenOffice.org Calc-munkaf&#xFC;zet</comment><comment xml:lang="it">Foglio di calcolo OpenOffice.org Calc</comment><comment xml:lang="ja">OpenOffice.org Calc &#x30B9;&#x30D7;&#x30EC;&#x30C3;&#x30C9;&#x30B7;&#x30FC;&#x30C8;</comment><comment xml:lang="ko">OpenOffice.org Calc &#xC2A4;&#xD504;&#xB808;&#xB4DC;&#xC2DC;&#xD2B8;</comment><comment xml:lang="ms">Hamparan OpenOffice.org Calc</comment><comment xml:lang="nb">OpenOffice.org Calc-regneark</comment><comment xml:lang="nl">OpenOffice.org Calc-rekenblad</comment><comment xml:lang="nn">OpenOffice.org Calc-rekneark</comment><comment xml:lang="no">OpenOffice.org Calc-regneark</comment><comment xml:lang="pl">Arkusz kalkulacyjny OpenOffice.org Calc</comment><comment xml:lang="pt">folha de c&#xE1;lculo do OpenOffice.org Calc</comment><comment xml:lang="pt_BR">Planilha do OpenOffice.org Calc</comment><comment xml:lang="sq">Flet&#xEB; llogarit&#xEB;se e OpenOffice.org Calc</comment><comment xml:lang="sr">OpenOffice.org &#x442;&#x430;&#x431;&#x435;&#x43B;&#x430;&#x440;&#x43D;&#x438; &#x440;&#x430;&#x447;&#x443;&#x43D;</comment><comment xml:lang="sv">OpenOffice.org Calc-kalkylblad</comment><comment xml:lang="uk">&#x415;&#x43B;.&#x442;&#x430;&#x431;&#x43B;&#x438;&#x446;&#x44F; OpenOffice.org Calc</comment><comment xml:lang="zh_CN">OpenOffice.org Calc &#x5DE5;&#x4F5C;&#x7C3F;</comment></mime-type>
