<?xml version="1.0"?>
<mime-type xmlns="http://www.freedesktop.org/standards/shared-mime-info" type="application/vnd.sun.xml.writer.template"><!--Created automatically by update-mime-database. DO NOT EDIT!--><comment>OpenOffice.org Writer document template</comment><comment xml:lang="bg">&#x428;&#x430;&#x431;&#x43B;&#x43E;&#x43D; &#x437;&#x430; &#x434;&#x43E;&#x43A;&#x443;&#x43C;&#x435;&#x43D;&#x442;&#x438;, &#x444;&#x43E;&#x440;&#x43C;&#x430;&#x442; OpenOffice.org Writer</comment><comment xml:lang="cs">&#x160;ablona dokumentu OpenOffice.org Writer</comment><comment xml:lang="de">OpenOffice.org&#xB7;Writer-Dokumentenvorlage</comment><comment xml:lang="el">&#x3C0;&#x3C1;&#x3CC;&#x3C4;&#x3C5;&#x3C0;&#x3BF; &#x3B5;&#x3B3;&#x3B3;&#x3C1;&#x3AC;&#x3C6;&#x3BF;&#x3C5; OpenOffice.org Writer</comment><comment xml:lang="eo">dokumento-&#x15D;ablono de OpenOffice.org Writer</comment><comment xml:lang="es">Plantila de documento de OpenOffice.org Writer</comment><comment xml:lang="eu">OpenOffice.org Writer txantiloia</comment><comment xml:lang="fi">OpenOffice.org Writer -asiakirjamalli</comment><comment xml:lang="fr">patron de document OpenOffice.org Writer</comment><comment xml:lang="hu">OpenOffice.org Writer-dokumentumsablon</comment><comment xml:lang="it">Modello documento OpenOffice.org Writer</comment><comment xml:lang="ja">OpenOffice.org Writer &#x30C9;&#x30AD;&#x30E5;&#x30E1;&#x30F3;&#x30C8;&#x30C6;&#x30F3;&#x30D7;&#x30EC;&#x30FC;&#x30C8;</comment><comment xml:lang="ko">OpenOffice.org Writer &#xBB38;&#xC11C;&#xD2C0;</comment><comment xml:lang="ms">Templat dokumen OpenOffice.org Writer</comment><comment xml:lang="nb">OpenOffice.org Writer-dokumentmal</comment><comment xml:lang="nl">OpenOffice.org Writer-sjabloon voor document</comment><comment xml:lang="nn">OpenOffice.org Writer-dokumentmal</comment><comment xml:lang="no">OpenOffice.org Writer-dokumentmal</comment><comment xml:lang="pl">Szablon dokumentu OpenOffice.org Writer</comment><comment xml:lang="pt">modelo de documento do OpenOffice.org Writer</comment><comment xml:lang="pt_BR">Modelo de documento do OpenOffice.org Writer</comment><comment xml:lang="ru">&#x448;&#x430;&#x431;&#x43B;&#x43E;&#x43D; &#x434;&#x43E;&#x43A;&#x443;&#x43C;&#x435;&#x43D;&#x442;&#x430; OpenOffice.org Writer</comment><comment xml:lang="sq">Model dokumenti OpenOffice.org Writer</comment><comment xml:lang="sr">OpenOffice.org &#x448;&#x430;&#x431;&#x43B;&#x43E;&#x43D; Writer &#x434;&#x43E;&#x43A;&#x443;&#x43C;&#x435;&#x43D;&#x442;&#x430;</comment><comment xml:lang="sv">OpenOffice.org Writer-dokumentmall</comment><comment xml:lang="uk">&#x428;&#x430;&#x431;&#x43B;&#x43E;&#x43D; &#x434;&#x43E;&#x43A;&#x443;&#x43C;&#x435;&#x43D;&#x442;&#x443; OpenOffice.org Writer</comment><comment xml:lang="zh_CN">OpenOffice.org Writer &#x6587;&#x6863;&#x6A21;&#x677F;</comment></mime-type>
