<?xml version="1.0"?>
<mime-type xmlns="http://www.freedesktop.org/standards/shared-mime-info" type="application/x-abiword"><!--Created automatically by update-mime-database. DO NOT EDIT!--><comment>AbiWord document</comment><comment xml:lang="bg">&#x414;&#x43E;&#x43A;&#x443;&#x43C;&#x435;&#x43D;&#x442;, &#x444;&#x43E;&#x440;&#x43C;&#x430;&#x442; AbiWord</comment><comment xml:lang="cs">Dokument AbiWord</comment><comment xml:lang="de">AbiWord-Dokument</comment><comment xml:lang="el">&#x3AD;&#x3B3;&#x3B3;&#x3C1;&#x3B1;&#x3C6;&#x3BF; AbiWord</comment><comment xml:lang="eo">dokumento de AbiWord</comment><comment xml:lang="es">Documento de Abiword</comment><comment xml:lang="eu">AbiWord dokumentua</comment><comment xml:lang="fi">AbiWord-asiakirja</comment><comment xml:lang="fr">document AbiWord</comment><comment xml:lang="hu">AbiWord-dokumentum</comment><comment xml:lang="it">Documento AbiWord</comment><comment xml:lang="ja">AbiWord &#x30C9;&#x30AD;&#x30E5;&#x30E1;&#x30F3;&#x30C8;</comment><comment xml:lang="ko">AbiWord &#xBB38;&#xC11C;</comment><comment xml:lang="ms">Dokumen AbiWord</comment><comment xml:lang="nb">AbiWord-dokument</comment><comment xml:lang="nl">AbiWord-document</comment><comment xml:lang="nn">AbiWord-dokument</comment><comment xml:lang="no">AbiWord-dokument</comment><comment xml:lang="pl">Dokument AbiWord</comment><comment xml:lang="pt">documento AbiWord</comment><comment xml:lang="pt_BR">Documento do AbiWord</comment><comment xml:lang="ru">&#x434;&#x43E;&#x43A;&#x443;&#x43C;&#x435;&#x43D;&#x442; AbiWord</comment><comment xml:lang="sq">Dokument AbiWord</comment><comment xml:lang="sr">&#x410;&#x431;&#x438;&#x432;&#x43E;&#x440;&#x434; &#x434;&#x43E;&#x43A;&#x443;&#x43C;&#x435;&#x43D;&#x442;</comment><comment xml:lang="sv">AbiWord-dokument</comment><comment xml:lang="uk">&#x414;&#x43E;&#x43A;&#x443;&#x43C;&#x435;&#x43D;&#x442; AbiWord</comment><comment xml:lang="zh_CN">AbiWord &#x6587;&#x6863;</comment></mime-type>
