<?xml version="1.0"?>
<mime-type xmlns="http://www.freedesktop.org/standards/shared-mime-info" type="application/x-amipro"><!--Created automatically by update-mime-database. DO NOT EDIT!--><comment>Lotus AmiPro document</comment><comment xml:lang="az">Lotus AmiPro s&#x259;n&#x259;di</comment><comment xml:lang="bg">&#x414;&#x43E;&#x43A;&#x443;&#x43C;&#x435;&#x43D;&#x442;, &#x444;&#x43E;&#x440;&#x43C;&#x430;&#x442; Lotus&#xB7;AmiPro</comment><comment xml:lang="cs">Dokument Lotus AmiPro</comment><comment xml:lang="cy">Dogfen Lotus AmiPro</comment><comment xml:lang="de">Lotus AmiPro-Dokument</comment><comment xml:lang="el">&#x3AD;&#x3B3;&#x3B3;&#x3C1;&#x3B1;&#x3C6;&#x3BF; Lotus AmiPro</comment><comment xml:lang="eo">dokumento de Lotus AmiPro</comment><comment xml:lang="es">Documento de Lotus AmiPro</comment><comment xml:lang="eu">Lotus AmiPro dokumentua</comment><comment xml:lang="fi">Lotus AmiPro -asiakirja</comment><comment xml:lang="fr">document Lotus AmiPro</comment><comment xml:lang="hu">Lotus AmiPro-dokumentum</comment><comment xml:lang="it">Documento Lotus AmiPro</comment><comment xml:lang="ja">Lotus AmiPro &#x30C9;&#x30AD;&#x30E5;&#x30E1;&#x30F3;&#x30C8;</comment><comment xml:lang="ko">Lotus AmiPro &#xBB38;&#xC11C;</comment><comment xml:lang="ms">Dokumen Lotus AmiPro</comment><comment xml:lang="nb">Lotus AmiPro-dokument</comment><comment xml:lang="nl">Lotus AmiPro-document</comment><comment xml:lang="nn">Lotus AmiPro-dokument</comment><comment xml:lang="no">Lotus AmiPro-dokument</comment><comment xml:lang="pl">Dokument Lotus AmiPro</comment><comment xml:lang="pt">documento Lotus AmiPro</comment><comment xml:lang="pt_BR">Documento do Lotus AmiPro</comment><comment xml:lang="ru">&#x434;&#x43E;&#x43A;&#x443;&#x43C;&#x435;&#x43D;&#x442; Lotus AmiPro</comment><comment xml:lang="sq">Dokument Lotus AmiPro</comment><comment xml:lang="sr">&#x41B;&#x43E;&#x442;&#x443;&#x441; &#x410;&#x43C;&#x438;&#x41F;&#x440;&#x43E; &#x434;&#x43E;&#x43A;&#x443;&#x43C;&#x435;&#x43D;&#x442;</comment><comment xml:lang="sv">Lotus AmiPro-dokument</comment><comment xml:lang="uk">&#x414;&#x43E;&#x43A;&#x443;&#x43C;&#x435;&#x43D;&#x442; Lotus AmiPro</comment><comment xml:lang="zh_CN">Lotus AmiPro &#x6587;&#x6863;</comment></mime-type>
