<?xml version="1.0"?>
<mime-type xmlns="http://www.freedesktop.org/standards/shared-mime-info" type="application/x-applix-spreadsheet"><!--Created automatically by update-mime-database. DO NOT EDIT!--><comment>Applix Spreadsheets spreadsheet</comment><comment xml:lang="bg">&#x422;&#x430;&#x431;&#x43B;&#x438;&#x446;&#x430;, &#x444;&#x43E;&#x440;&#x43C;&#x430;&#x442; Applix&#xB7;Spreadsheets</comment><comment xml:lang="cs">Tabulka Applix Spreadsheets</comment><comment xml:lang="de">Applix Spreadsheets-Tabellendokument</comment><comment xml:lang="el">&#x3BB;&#x3BF;&#x3B3;&#x3B9;&#x3C3;&#x3C4;&#x3B9;&#x3BA;&#x3CC; &#x3C6;&#x3CD;&#x3BB;&#x3BB;&#x3BF; Applix Spreadsheets</comment><comment xml:lang="eo">sterntabelo de Applix Spreadsheets</comment><comment xml:lang="es">Hoja de c&#xE1;lculo de Applix Spreadsheets</comment><comment xml:lang="eu">Applix Spreadsheets kalkulu-orria</comment><comment xml:lang="fi">Applix Spreadsheets -taulukko</comment><comment xml:lang="fr">chiffrier Applix Spreadsheets</comment><comment xml:lang="hu">Applix Spreadsheets-munkaf&#xFC;zet</comment><comment xml:lang="it">Foglio di calcolo Applix Spreadsheets</comment><comment xml:lang="ja">Applix Spreadsheets &#x30B9;&#x30D7;&#x30EC;&#x30C3;&#x30C9;&#x30B7;&#x30FC;&#x30C8;</comment><comment xml:lang="ko">Applix &#xC2A4;&#xD504;&#xB808;&#xB4DC;&#xC2DC;&#xD2B8;</comment><comment xml:lang="ms">Hamparan Applix Spreadsheets</comment><comment xml:lang="nb">Applix Spreadsheets-regneark</comment><comment xml:lang="nl">Applix Spreadsheets-rekenblad</comment><comment xml:lang="nn">Applix Spreadsheets-dokument</comment><comment xml:lang="no">Applix Spreadsheets-regneark</comment><comment xml:lang="pl">Arkusz Applix Spreadsheets</comment><comment xml:lang="pt">folha de c&#xE1;lculo Applix Spreadsheets</comment><comment xml:lang="pt_BR">Planilha do Applix Spreadsheets</comment><comment xml:lang="sq">Flet&#xEB; llogaritjesh Applix Spreadsheets</comment><comment xml:lang="sr">Applix &#x442;&#x430;&#x431;&#x435;&#x43B;&#x430;&#x440;&#x43D;&#x438; &#x434;&#x43E;&#x43A;&#x443;&#x43C;&#x435;&#x43D;&#x442;</comment><comment xml:lang="sv">Applix Spreadsheets-kalkylblad</comment><comment xml:lang="uk">&#x415;&#x43B;.&#x442;&#x430;&#x431;&#x43B;&#x438;&#x446;&#x44F; Applix Spreadsheets</comment><comment xml:lang="zh_CN">Applix Spreadsheets &#x5DE5;&#x4F5C;&#x7C3F;</comment></mime-type>
