<?xml version="1.0"?>
<mime-type xmlns="http://www.freedesktop.org/standards/shared-mime-info" type="application/x-applix-word"><!--Created automatically by update-mime-database. DO NOT EDIT!--><comment>Applix Words document</comment><comment xml:lang="az">Applix Words s&#x259;n&#x259;di</comment><comment xml:lang="bg">&#x414;&#x43E;&#x43A;&#x443;&#x43C;&#x435;&#x43D;&#x442;, &#x444;&#x43E;&#x440;&#x43C;&#x430;&#x442; Applix&#xB7;Words</comment><comment xml:lang="cs">Dokument Applix Words</comment><comment xml:lang="cy">Dogfen Applix Words</comment><comment xml:lang="de">Applix Words-Dokument</comment><comment xml:lang="el">&#x3AD;&#x3B3;&#x3B3;&#x3C1;&#x3B1;&#x3C6;&#x3BF; Applix Words</comment><comment xml:lang="eo">dokumento de Applix Words</comment><comment xml:lang="es">Documento de Applix Words</comment><comment xml:lang="eu">Applix Words dokumentua</comment><comment xml:lang="fi">Applix Words -asiakirja</comment><comment xml:lang="fr">document Applix Words</comment><comment xml:lang="hu">Applix Words-dokumentum</comment><comment xml:lang="it">Documento Applix Words</comment><comment xml:lang="ja">Applix Words &#x30C9;&#x30AD;&#x30E5;&#x30E1;&#x30F3;&#x30C8;</comment><comment xml:lang="ko">Applix Word &#xBB38;&#xC11C;</comment><comment xml:lang="ms">Dokumen Perkataan Applix</comment><comment xml:lang="nb">Applix Words-dokument</comment><comment xml:lang="nl">Applix Words-document</comment><comment xml:lang="nn">Applix Words dokument</comment><comment xml:lang="no">Applix Words-dokument</comment><comment xml:lang="pl">Dokument Applix Words</comment><comment xml:lang="pt">documento Applix Words</comment><comment xml:lang="pt_BR">Documento do Applix Words</comment><comment xml:lang="sq">Dokument Applix Words</comment><comment xml:lang="sr">Applix Words &#x434;&#x43E;&#x43A;&#x443;&#x43C;&#x435;&#x43D;&#x442;</comment><comment xml:lang="sv">Applix Words-dokument</comment><comment xml:lang="uk">&#x414;&#x43E;&#x43A;&#x443;&#x43C;&#x435;&#x43D;&#x442; Applix Words</comment><comment xml:lang="zh_CN">Applix Words &#x6587;&#x6863;</comment></mime-type>
