<?xml version="1.0"?>
<mime-type xmlns="http://www.freedesktop.org/standards/shared-mime-info" type="application/x-archive"><!--Created automatically by update-mime-database. DO NOT EDIT!--><comment>AR archive</comment><comment xml:lang="bg">&#x410;&#x440;&#x445;&#x438;&#x432;, &#x444;&#x43E;&#x440;&#x43C;&#x430;&#x442; AR</comment><comment xml:lang="cs">Archiv AR</comment><comment xml:lang="de">AR-Archiv</comment><comment xml:lang="el">&#x3C3;&#x3C1;&#x3C7;&#x3B5;&#x3AF;&#x3BF; AR</comment><comment xml:lang="eo">AR-arkivo</comment><comment xml:lang="es">Archivo AR</comment><comment xml:lang="eu">AR artxiboa</comment><comment xml:lang="fi">AR-arkisto</comment><comment xml:lang="fr">archive AR</comment><comment xml:lang="hu">AR-arch&#xED;vum</comment><comment xml:lang="it">Archivio AR</comment><comment xml:lang="ja">AR &#x30A2;&#x30FC;&#x30AB;&#x30A4;&#x30D6;</comment><comment xml:lang="ko">AR &#xC544;&#xCE74;&#xC774;&#xBE0C;</comment><comment xml:lang="ms">Arkib AR</comment><comment xml:lang="nb">AR-arkiv</comment><comment xml:lang="nl">AR-archief</comment><comment xml:lang="nn">AR-arkiv</comment><comment xml:lang="no">AR-arkiv</comment><comment xml:lang="pl">Archiwum AR</comment><comment xml:lang="pt">arquivo AR</comment><comment xml:lang="pt_BR">Arquivo AR</comment><comment xml:lang="sq">Arkiv AR</comment><comment xml:lang="sr">&#x410;&#x420; &#x430;&#x440;&#x445;&#x438;&#x432;&#x430;</comment><comment xml:lang="sv">AR-arkiv</comment><comment xml:lang="uk">&#x410;&#x440;&#x445;&#x456;&#x432; AR</comment><comment xml:lang="zh_CN">AR &#x538B;&#x7F29;&#x5305;</comment></mime-type>
