<?xml version="1.0"?>
<mime-type xmlns="http://www.freedesktop.org/standards/shared-mime-info" type="application/x-arj"><!--Created automatically by update-mime-database. DO NOT EDIT!--><comment>ARJ archive</comment><comment xml:lang="az">ARJ arxivi</comment><comment xml:lang="bg">&#x410;&#x440;&#x445;&#x438;&#x432;, &#x444;&#x43E;&#x440;&#x43C;&#x430;&#x442; ARJ</comment><comment xml:lang="cs">Archiv ARJ</comment><comment xml:lang="cy">Archif ARJ</comment><comment xml:lang="de">ARJ-Archiv</comment><comment xml:lang="el">&#x3B1;&#x3C1;&#x3C7;&#x3B5;&#x3AF;&#x3BF; ARJ</comment><comment xml:lang="eo">ARJ-arkivo</comment><comment xml:lang="es">Archivo ARJ</comment><comment xml:lang="eu">ARJ artxiboa</comment><comment xml:lang="fi">ARJ-arkisto</comment><comment xml:lang="fr">archive ARJ</comment><comment xml:lang="hu">ARJ-arch&#xED;vum</comment><comment xml:lang="it">Archivio ARJ</comment><comment xml:lang="ja">ARJ &#x30A2;&#x30FC;&#x30AB;&#x30A4;&#x30D6;</comment><comment xml:lang="ko">ARJ &#xC544;&#xCE74;&#xC774;&#xBE0C;</comment><comment xml:lang="ms">Arkib ARJ</comment><comment xml:lang="nb">ARJ-arkiv</comment><comment xml:lang="nl">ARJ-archief</comment><comment xml:lang="nn">ARJ-arkiv</comment><comment xml:lang="no">ARJ-arkiv</comment><comment xml:lang="pl">Archiwum ARJ</comment><comment xml:lang="pt">arquivo ARJ</comment><comment xml:lang="pt_BR">Arquivo ARJ</comment><comment xml:lang="ru">&#x430;&#x440;&#x445;&#x438;&#x432; ARJ</comment><comment xml:lang="sq">Arkiv ARJ</comment><comment xml:lang="sr">ARJ &#x430;&#x440;&#x445;&#x438;&#x432;&#x430;</comment><comment xml:lang="sv">ARJ-arkiv</comment><comment xml:lang="uk">&#x410;&#x440;&#x445;&#x456;&#x432; ARJ</comment><comment xml:lang="zh_CN">ARJ &#x538B;&#x7F29;&#x5305;</comment></mime-type>
