<?xml version="1.0"?>
<mime-type xmlns="http://www.freedesktop.org/standards/shared-mime-info" type="application/x-asp"><!--Created automatically by update-mime-database. DO NOT EDIT!--><sub-class-of type="text/plain"/><comment>active server page</comment><comment xml:lang="az">active server page s&#x259;n&#x259;di</comment><comment xml:lang="bg">&#x421;&#x442;&#x440;&#x430;&#x43D;&#x438;&#x446;&#x430;, &#x444;&#x43E;&#x440;&#x43C;&#x430;&#x442; Active&#xB7;Server</comment><comment xml:lang="cs">Active server page</comment><comment xml:lang="cy">tudalen ASP</comment><comment xml:lang="de">Active-Server-Page-Seite</comment><comment xml:lang="el">&#x3C0;&#x3C1;&#x3CC;&#x3B3;&#x3C1;&#x3B1;&#x3BC;&#x3BC;&#x3B1; &#x3B5;&#x3BD;&#x3C4;&#x3BF;&#x3BB;&#x3CE;&#x3BD; Active Server Page (ASP)</comment><comment xml:lang="eo">aktiva servilpa&#x11D;o</comment><comment xml:lang="es">p&#xE1;gina de servidor activo</comment><comment xml:lang="eu">zerbitzari aktiboaren orrialdea</comment><comment xml:lang="fi">aktiivinen palvelinsivu</comment><comment xml:lang="fr">page active du serveur</comment><comment xml:lang="hu">ASP (active server page)</comment><comment xml:lang="it">pagina active server (ASP)</comment><comment xml:lang="ja">ASP</comment><comment xml:lang="ko">&#xC561;&#xD2F0;&#xBE0C; &#xC11C;&#xBC84; &#xD398;&#xC774;&#xC9C0;</comment><comment xml:lang="ms">Active server page</comment><comment xml:lang="nb">active server page</comment><comment xml:lang="nl">actieve server pagina</comment><comment xml:lang="nn">active server page</comment><comment xml:lang="no">active server page</comment><comment xml:lang="pl">aktywna strona serwera (ASP)</comment><comment xml:lang="pt">p&#xE1;gina ASP</comment><comment xml:lang="pt_BR">P&#xE1;gina de Servidor Ativo</comment><comment xml:lang="sq">faqe active server</comment><comment xml:lang="sr">&#x410;&#x43A;&#x442;&#x438;&#x432;&#x43D;&#x430; &#x441;&#x435;&#x440;&#x432;&#x435;&#x440;&#x441;&#x43A;&#x430; &#x441;&#x442;&#x440;&#x430;&#x43D;&#x430;</comment><comment xml:lang="sv">aktiv serversida</comment><comment xml:lang="uk">&#x430;&#x43A;&#x442;&#x438;&#x432;&#x43D;&#x430; &#x441;&#x435;&#x440;&#x432;&#x435;&#x440;&#x43D;&#x430; &#x441;&#x442;&#x43E;&#x440;&#x456;&#x43D;&#x43A;&#x430;</comment><comment xml:lang="zh_CN">ASP &#x6D3B;&#x52A8;&#x670D;&#x52A1;&#x5668;&#x9875;&#x9762;</comment></mime-type>
