<?xml version="1.0"?>
<mime-type xmlns="http://www.freedesktop.org/standards/shared-mime-info" type="application/x-awk"><!--Created automatically by update-mime-database. DO NOT EDIT!--><sub-class-of type="text/plain"/><comment>AWK script</comment><comment xml:lang="az">AWK skripti</comment><comment xml:lang="bg">&#x421;&#x43A;&#x440;&#x438;&#x43F;&#x442; &#x43D;&#x430; &#x43E;&#x431;&#x432;&#x438;&#x432;&#x43A;&#x430;&#x442;&#x430; AWK</comment><comment xml:lang="cs">Skript AWK</comment><comment xml:lang="cy">Sgript AWK</comment><comment xml:lang="de">AWK-Skript</comment><comment xml:lang="el">&#x3C0;&#x3C1;&#x3CC;&#x3B3;&#x3C1;&#x3B1;&#x3BC;&#x3BC;&#x3B1; &#x3B5;&#x3BD;&#x3C4;&#x3BF;&#x3BB;&#x3CE;&#x3BD; AWK</comment><comment xml:lang="eo">AWK-skripto</comment><comment xml:lang="es">Script en AWK</comment><comment xml:lang="eu">AWK script-a</comment><comment xml:lang="fi">AWK-komentotiedosto</comment><comment xml:lang="fr">script AWK</comment><comment xml:lang="hu">AWK-parancsf&#xE1;jl</comment><comment xml:lang="it">Script AWK</comment><comment xml:lang="ja">AWK &#x30B9;&#x30AF;&#x30EA;&#x30D7;&#x30C8;</comment><comment xml:lang="ko">AWK &#xC2A4;&#xD06C;&#xB9BD;&#xD2B8;</comment><comment xml:lang="ms">Skrip AWK</comment><comment xml:lang="nb">AWK-skript</comment><comment xml:lang="nl">AWK-script</comment><comment xml:lang="nn">WAK-skript</comment><comment xml:lang="no">AWK-skript</comment><comment xml:lang="pl">Skrypt AWK</comment><comment xml:lang="pt">'script' AWK</comment><comment xml:lang="pt_BR">Script AWK</comment><comment xml:lang="sq">Script AWK</comment><comment xml:lang="sr">AWK &#x441;&#x43A;&#x440;&#x438;&#x43F;&#x442;&#x430;</comment><comment xml:lang="sv">AWK-skript</comment><comment xml:lang="uk">&#x421;&#x446;&#x435;&#x43D;&#x430;&#x440;&#x456;&#x439; AWK</comment><comment xml:lang="zh_CN">AWK &#x811A;&#x672C;</comment></mime-type>
