<?xml version="1.0"?>
<mime-type xmlns="http://www.freedesktop.org/standards/shared-mime-info" type="application/x-bcpio"><!--Created automatically by update-mime-database. DO NOT EDIT!--><comment>BCPIO document</comment><comment xml:lang="az">BCPIO s&#x259;n&#x259;di</comment><comment xml:lang="bg">&#x414;&#x43E;&#x43A;&#x443;&#x43C;&#x435;&#x43D;&#x442;, &#x444;&#x43E;&#x440;&#x43C;&#x430;&#x442; BCPIO</comment><comment xml:lang="cs">Dokument BCPIO</comment><comment xml:lang="cy">Dogfen BCPIO</comment><comment xml:lang="de">BCPIO-Dokument</comment><comment xml:lang="el">&#x3AD;&#x3B3;&#x3B3;&#x3C1;&#x3B1;&#x3C6;&#x3BF; BCPIO</comment><comment xml:lang="eo">BCPIO-dokumento</comment><comment xml:lang="es">Documento BCPIO</comment><comment xml:lang="eu">BCPIO dokumentua</comment><comment xml:lang="fi">BCPIO-asiakirja</comment><comment xml:lang="fr">document BCPIO</comment><comment xml:lang="hu">BCPIO-dokumentum</comment><comment xml:lang="it">Documento BCPIO</comment><comment xml:lang="ja">BCPIO &#x30C9;&#x30AD;&#x30E5;&#x30E1;&#x30F3;&#x30C8;</comment><comment xml:lang="ko">BCPIO &#xBB38;&#xC11C;</comment><comment xml:lang="ms">Dokumen BCPIO</comment><comment xml:lang="nb">BCPIO-dokument</comment><comment xml:lang="nl">BCPIO-document</comment><comment xml:lang="nn">BCPIO-dokument</comment><comment xml:lang="no">BCPIO-dokument</comment><comment xml:lang="pl">Dokument BCPIO</comment><comment xml:lang="pt">documento BCPIO</comment><comment xml:lang="pt_BR">Documento BCPIO</comment><comment xml:lang="sq">Dokument BCPIO</comment><comment xml:lang="sr">BCPIO &#x434;&#x43E;&#x43A;&#x443;&#x43C;&#x435;&#x43D;&#x442;</comment><comment xml:lang="sv">BCPIO-dokument</comment><comment xml:lang="uk">&#x414;&#x43E;&#x43A;&#x443;&#x43C;&#x435;&#x43D;&#x442; BCPIO</comment><comment xml:lang="zh_CN">BCPIO &#x6587;&#x6863;</comment></mime-type>
