<?xml version="1.0"?>
<mime-type xmlns="http://www.freedesktop.org/standards/shared-mime-info" type="application/x-bittorrent"><!--Created automatically by update-mime-database. DO NOT EDIT!--><comment>BitTorrent seed file</comment><comment xml:lang="az">BitTorrent seed fayl&#x131;</comment><comment xml:lang="bg">&#x424;&#x430;&#x439;&#x43B;-&#x438;&#x437;&#x442;&#x43E;&#x447;&#x43D;&#x438;&#x43A;, &#x444;&#x43E;&#x440;&#x43C;&#x430;&#x442; BitTorrent</comment><comment xml:lang="cs">Soubor BitTorrent</comment><comment xml:lang="cy">Ffeil hadu BitTorrent</comment><comment xml:lang="de">BitTorrent-Seed-Datei</comment><comment xml:lang="el">&#x3B1;&#x3C1;&#x3C7;&#x3B5;&#x3AF;&#x3BF; BitTorrent seed</comment><comment xml:lang="eo">BitTorrent-semdosiero</comment><comment xml:lang="es">Fichero semilla BitTorrent</comment><comment xml:lang="eu">BitTorrent hazi-fitxategia</comment><comment xml:lang="fi">BitTorrent-siementiedosto</comment><comment xml:lang="fr">fichier racine BitTorrent</comment><comment xml:lang="hu">BitTorrent-magf&#xE1;jl</comment><comment xml:lang="it">File seme BitTorrent</comment><comment xml:lang="ja">BitTorrent &#x30B7;&#x30FC;&#x30C9;&#x30D5;&#x30A1;&#x30A4;&#x30EB;</comment><comment xml:lang="ko">BitTorrent &#xC2DC;&#xB4DC; &#xD30C;&#xC77C;</comment><comment xml:lang="ms">Fail seed BitTorrent</comment><comment xml:lang="nb">Fil med utgangsverdi for BitTorrent</comment><comment xml:lang="nl">BitTorrent-bestand</comment><comment xml:lang="nn">Nedlastingsfil for BitTorrent</comment><comment xml:lang="no">Fil med utgangsverdi for BitTorrent</comment><comment xml:lang="pl">Plik ziarna Bittorrent</comment><comment xml:lang="pt">ficheiro de origem BitTorrent</comment><comment xml:lang="pt_BR">Arquivo semente BitTorrent</comment><comment xml:lang="sq">File baz&#xEB; BitTorrent</comment><comment xml:lang="sr">&#x414;&#x430;&#x442;&#x43E;&#x442;&#x435;&#x43A;&#x430; &#x441;&#x430; &#x411;&#x438;&#x442;&#x422;&#x43E;&#x440;&#x435;&#x43D;&#x442;&#x43E;&#x432;&#x438;&#x43C; &#x43F;&#x43E;&#x43B;&#x430;&#x437;&#x438;&#x448;&#x442;&#x438;&#x43C;&#x430;</comment><comment xml:lang="sv">BitTorrent-fr&#xF6;fil</comment><comment xml:lang="uk">&#x444;&#x430;&#x439;&#x43B; &#x43F;&#x43E;&#x447;&#x430;&#x442;&#x43A;&#x43E;&#x432;&#x43E;&#x433;&#x43E; &#x437;&#x43D;&#x430;&#x447;&#x435;&#x43D;&#x43D;&#x44F; BitTorrent</comment><comment xml:lang="zh_CN">BitTorrent &#x79CD;&#x5B50;&#x6587;&#x4EF6;</comment></mime-type>
