<?xml version="1.0"?>
<mime-type xmlns="http://www.freedesktop.org/standards/shared-mime-info" type="application/x-blender"><!--Created automatically by update-mime-database. DO NOT EDIT!--><comment>Blender scene</comment><comment xml:lang="bg">&#x421;&#x446;&#x435;&#x43D;&#x430;, &#x444;&#x43E;&#x440;&#x43C;&#x430;&#x442; Blender</comment><comment xml:lang="cs">Sc&#xE9;na Blender</comment><comment xml:lang="de">Blender-Szene</comment><comment xml:lang="el">&#x3C3;&#x3BA;&#x3B7;&#x3BD;&#x3AE; Blender</comment><comment xml:lang="eo">Blender-sceno</comment><comment xml:lang="es">Escena de Blender</comment><comment xml:lang="eu">Blender-eko fitxategia</comment><comment xml:lang="fi">Blender-n&#xE4;kym&#xE4;</comment><comment xml:lang="fr">sc&#xE8;ne Blender</comment><comment xml:lang="hu">Blender-jelenet</comment><comment xml:lang="it">Scena Blender</comment><comment xml:lang="ja">Blender &#x30B7;&#x30FC;&#x30F3;</comment><comment xml:lang="ko">Blender &#xC7A5;&#xBA74;</comment><comment xml:lang="ms">Babak Blender</comment><comment xml:lang="nb">Blender-scene</comment><comment xml:lang="nl">Blender-sc&#xE8;ne</comment><comment xml:lang="nn">Blender-scene</comment><comment xml:lang="no">Blender-scene</comment><comment xml:lang="pl">Scena programu Blender</comment><comment xml:lang="pt">cen&#xE1;rio Blender</comment><comment xml:lang="pt_BR">Cena do Blender</comment><comment xml:lang="sq">Sken&#xEB; Blender</comment><comment xml:lang="sr">&#x411;&#x43B;&#x435;&#x43D;&#x434;&#x435;&#x440; &#x441;&#x446;&#x435;&#x43D;&#x430;</comment><comment xml:lang="sv">Blender-scen</comment><comment xml:lang="uk">&#x421;&#x446;&#x435;&#x43D;&#x430; Blender</comment></mime-type>
