<?xml version="1.0"?>
<mime-type xmlns="http://www.freedesktop.org/standards/shared-mime-info" type="application/x-bzip"><!--Created automatically by update-mime-database. DO NOT EDIT!--><comment>bzip archive</comment><comment xml:lang="bg">&#x410;&#x440;&#x445;&#x438;&#x432;, &#x444;&#x43E;&#x440;&#x43C;&#x430;&#x442; bzip</comment><comment xml:lang="cs">Archiv bzip</comment><comment xml:lang="de">bzip-Archiv</comment><comment xml:lang="el">&#x3B1;&#x3C1;&#x3C7;&#x3B5;&#x3AF;&#x3BF; bzip</comment><comment xml:lang="eo">bzip-arkivo</comment><comment xml:lang="es">archivo bzip</comment><comment xml:lang="eu">bzip artxiboa</comment><comment xml:lang="fi">bzip-arkisto</comment><comment xml:lang="fr">archive bzip</comment><comment xml:lang="hu">bzip-arch&#xED;vum</comment><comment xml:lang="it">archivio bzip</comment><comment xml:lang="ja">bzip &#x30A2;&#x30FC;&#x30AB;&#x30A4;&#x30D6;</comment><comment xml:lang="ko">bzip &#xC544;&#xCE74;&#xC774;&#xBE0C;</comment><comment xml:lang="ms">Arkib bzip</comment><comment xml:lang="nb">bzip-arkiv</comment><comment xml:lang="nl">bzip-archief</comment><comment xml:lang="nn">bzip-arkiv</comment><comment xml:lang="no">bzip-arkiv</comment><comment xml:lang="pl">archiwum bzip</comment><comment xml:lang="pt">arquivo bzip</comment><comment xml:lang="pt_BR">Arquivo bzip</comment><comment xml:lang="ru">&#x430;&#x440;&#x445;&#x438;&#x432; bzip</comment><comment xml:lang="sq">arkiv bzip</comment><comment xml:lang="sr">&#x431;&#x437;&#x438;&#x43F; &#x430;&#x440;&#x445;&#x438;&#x432;&#x430;</comment><comment xml:lang="sv">bzip-arkiv</comment><comment xml:lang="uk">&#x430;&#x440;&#x445;&#x456;&#x432; bzip</comment><comment xml:lang="zh_CN">bzip &#x538B;&#x7F29;&#x5305;</comment></mime-type>
