<?xml version="1.0"?>
<mime-type xmlns="http://www.freedesktop.org/standards/shared-mime-info" type="application/x-bzip-compressed-tar"><!--Created automatically by update-mime-database. DO NOT EDIT!--><comment>tar archive (bzip-compressed)</comment><comment xml:lang="bg">&#x410;&#x440;&#x445;&#x438;&#x432;, &#x444;&#x43E;&#x440;&#x43C;&#x430;&#x442; tar, &#x43A;&#x43E;&#x43C;&#x43F;&#x440;&#x435;&#x441;&#x438;&#x440;&#x430;&#x43D; &#x441; bzip</comment><comment xml:lang="cs">Archiv tar (komprimovan&#xFD; bzip)</comment><comment xml:lang="de">tar-Archiv (bzip-komprimiert)</comment><comment xml:lang="el">&#x3B1;&#x3C1;&#x3C7;&#x3B5;&#x3AF;&#x3BF; tar (&#x3C3;&#x3C5;&#x3BC;&#x3C0;&#x3B9;&#x3B5;&#x3C3;&#x3BC;&#x3AD;&#x3BD;&#x3BF; &#x3BC;&#x3B5; bzip)</comment><comment xml:lang="eo">tar-arkivo (kunpremita per bzip)</comment><comment xml:lang="es">archivo tar (comprimido con bzip)</comment><comment xml:lang="eu">tar artxiboa (bzip-konprimatua)</comment><comment xml:lang="fi">tar-arkisto (bzip-pakattu)</comment><comment xml:lang="fr">archive tar (compress&#xE9; bzip)</comment><comment xml:lang="hu">tar-arch&#xED;vum (bzip-pel t&#xF6;m&#xF6;r&#xED;tve)</comment><comment xml:lang="ja">tar &#x30A2;&#x30FC;&#x30AB;&#x30A4;&#x30D6; (bzip &#x5727;&#x7E2E;)</comment><comment xml:lang="ko">tar &#xC544;&#xCE74;&#xC774;&#xBE0C; (bzip&#xC555;&#xCD95;)</comment><comment xml:lang="ms">Arkib tar (dimampatkan-bzip)</comment><comment xml:lang="nb">tar-arkiv (bzip-komprimert)</comment><comment xml:lang="nl">tar-archief (bzip-ingepakt)</comment><comment xml:lang="nn">tar-arkiv (pakka med gzip)</comment><comment xml:lang="no">tar-arkiv (bzip-komprimert)</comment><comment xml:lang="pl">archiwum tar (kompresja bzip)</comment><comment xml:lang="pt">arquivo tar (comprimido com bzip)</comment><comment xml:lang="pt_BR">Arquivo tar (compactado com bzip)</comment><comment xml:lang="ru">&#x430;&#x440;&#x445;&#x438;&#x432; tar (&#x441;&#x436;&#x430;&#x442;&#x44B;&#x439; bzip)</comment><comment xml:lang="sq">arkiv Tar (i kompresuar me bzip)</comment><comment xml:lang="sr">&#x442;ar &#x430;&#x440;&#x445;&#x438;&#x432;&#x430; (bzip-&#x43A;&#x43E;&#x43C;&#x43F;&#x440;&#x435;&#x441;&#x43E;&#x432;&#x430;&#x43D;&#x430;)</comment><comment xml:lang="sv">tar-arkiv (bzip-komprimerat)</comment><comment xml:lang="uk">&#x430;&#x440;&#x445;&#x456;&#x432; tar (&#x441;&#x442;&#x438;&#x441;&#x43D;&#x435;&#x43D;&#x438;&#x439; bzip)</comment><comment xml:lang="zh_CN">tar &#x538B;&#x7F29;&#x5305;(bzip &#x538B;&#x7F29;)</comment></mime-type>
