<?xml version="1.0"?>
<mime-type xmlns="http://www.freedesktop.org/standards/shared-mime-info" type="application/x-cd-image"><!--Created automatically by update-mime-database. DO NOT EDIT!--><comment>raw CD image</comment><comment xml:lang="bg">&#x418;&#x437;&#x43E;&#x431;&#x440;&#x430;&#x436;&#x435;&#x43D;&#x438;&#x435;, &#x444;&#x43E;&#x440;&#x43C;&#x430;&#x442; raw&#xB7;CD</comment><comment xml:lang="cs">Obraz CD</comment><comment xml:lang="de">CD-Roh-Image</comment><comment xml:lang="el">&#x3B5;&#x3B9;&#x3BA;&#x3CC;&#x3BD;&#x3B1; &#x3C0;&#x3B5;&#x3C1;&#x3B9;&#x3B5;&#x3C7;&#x3BF;&#x3BC;&#x3AD;&#x3BD;&#x3BF;&#x3C5; &#x3C8;&#x3B7;&#x3C6;&#x3B9;&#x3B1;&#x3BA;&#x3BF;&#x3CD; &#x3B4;&#x3AF;&#x3C3;&#x3BA;&#x3BF;&#x3C5;</comment><comment xml:lang="eo">kruda lumdiskbildo</comment><comment xml:lang="es">imagen de CD en bruto</comment><comment xml:lang="eu">CD gordinaren irudia </comment><comment xml:lang="fi">raaka CD-vedos</comment><comment xml:lang="fr">image brute CD Raw</comment><comment xml:lang="hu">nyers CD-lemezk&#xE9;p</comment><comment xml:lang="ja">&#x751F; CD &#x30A4;&#x30E1;&#x30FC;&#x30B8;</comment><comment xml:lang="ko">CD &#xC774;&#xBBF8;&#xC9C0;</comment><comment xml:lang="ms">Imej CD mentah</comment><comment xml:lang="nb">r&#xE5;tt CD-bilde</comment><comment xml:lang="nl">ruw CD-beeldbestand</comment><comment xml:lang="nn">r&#xE5;tt CD-bilete</comment><comment xml:lang="no">r&#xE5;tt CD-bilde</comment><comment xml:lang="pl">surowy obraz CD</comment><comment xml:lang="pt">imagem em bruto de CD</comment><comment xml:lang="pt_BR">Imagem bruta de CD</comment><comment xml:lang="sq">Imazh CD raw</comment><comment xml:lang="sr">&#x441;&#x438;&#x440;&#x43E;&#x432;&#x438; &#x43E;&#x442;&#x438;&#x441;&#x430;&#x43A; &#x426;&#x414;-&#x430;</comment><comment xml:lang="sv">r&#xE5; cd-avbild</comment><comment xml:lang="uk">&#x43E;&#x431;&#x440;&#x430;&#x437; raw CD</comment><comment xml:lang="zh_CN">&#x539F;&#x59CB; CD &#x6620;&#x50CF;</comment></mime-type>
