<?xml version="1.0"?>
<mime-type xmlns="http://www.freedesktop.org/standards/shared-mime-info" type="application/x-cgi"><!--Created automatically by update-mime-database. DO NOT EDIT!--><sub-class-of type="text/plain"/><comment>CGI script</comment><comment xml:lang="bg">&#x421;&#x43A;&#x440;&#x438;&#x43F;&#x442; &#x437;&#x430; CGI</comment><comment xml:lang="cs">Skript CGI</comment><comment xml:lang="de">CGI-Skript</comment><comment xml:lang="el">&#x3C0;&#x3C1;&#x3CC;&#x3B3;&#x3C1;&#x3B1;&#x3BC;&#x3BC;&#x3B1; &#x3B5;&#x3BD;&#x3C4;&#x3BF;&#x3BB;&#x3CE;&#x3BD; CGI</comment><comment xml:lang="eo">CGI-skripto</comment><comment xml:lang="es">Script CGI</comment><comment xml:lang="eu">CGI script-a</comment><comment xml:lang="fi">CGI-komentotiedosto</comment><comment xml:lang="fr">script CGI</comment><comment xml:lang="hu">CGI-parancsf&#xE1;jl</comment><comment xml:lang="it">Script CGI</comment><comment xml:lang="ja">CGI &#x30B9;&#x30AF;&#x30EA;&#x30D7;&#x30C8;</comment><comment xml:lang="ko">CGI &#xC2A4;&#xD06C;&#xB9BD;&#xD2B8;</comment><comment xml:lang="ms">Skrip CGI</comment><comment xml:lang="nb">CGI-skript</comment><comment xml:lang="nl">CGI-script</comment><comment xml:lang="nn">CGI-skript</comment><comment xml:lang="no">CGI-skript</comment><comment xml:lang="pl">Skrypt CGI</comment><comment xml:lang="pt">'script' CGI</comment><comment xml:lang="pt_BR">Script CGI</comment><comment xml:lang="sq">Script CGI</comment><comment xml:lang="sr">CGI &#x441;&#x43A;&#x440;&#x438;&#x43F;&#x442;&#x430;</comment><comment xml:lang="sv">CGI-skript</comment><comment xml:lang="uk">&#x421;&#x446;&#x435;&#x43D;&#x430;&#x440;&#x456;&#x439; CGI</comment><comment xml:lang="zh_CN">CGI &#x811A;&#x672C;</comment></mime-type>
