<?xml version="1.0"?>
<mime-type xmlns="http://www.freedesktop.org/standards/shared-mime-info" type="application/x-chess-pgn"><!--Created automatically by update-mime-database. DO NOT EDIT!--><comment>PGN chess game</comment><comment xml:lang="az">PGN &#x15F;ahmat oyunu</comment><comment xml:lang="bg">&#x418;&#x433;&#x440;&#x430; &#x448;&#x430;&#x445;, &#x444;&#x43E;&#x440;&#x43C;&#x430;&#x442; PGN</comment><comment xml:lang="cs">&#x160;achov&#xE1; hra PGN</comment><comment xml:lang="cy">G&#xEA;m wyddbwyll PGN</comment><comment xml:lang="de">PGN-Schachspiel</comment><comment xml:lang="el">&#x3C0;&#x3B1;&#x3C1;&#x3C4;&#x3AF;&#x3B4;&#x3B1; &#x3C3;&#x3BA;&#x3B1;&#x3BA;&#x3B9;&#x3BF;&#x3CD; PGN</comment><comment xml:lang="eo">PGN-&#x15D;akludo</comment><comment xml:lang="es">Juego de ajedrez PGN</comment><comment xml:lang="eu">PGN xake jokoa</comment><comment xml:lang="fi">PGN-&#x161;akkipeli</comment><comment xml:lang="fr">jeu d'&#xE9;chec PGN</comment><comment xml:lang="hu">PGN-sakkj&#xE1;tszma</comment><comment xml:lang="it">Gioco di scacchi PGN</comment><comment xml:lang="ja">PGN &#x30C1;&#x30A7;&#x30B9;&#x30B2;&#x30FC;&#x30E0;</comment><comment xml:lang="ko">PGN &#xCCB4;&#xC2A4;&#xAC8C;&#xC784;</comment><comment xml:lang="ms">Permainan catur PGN</comment><comment xml:lang="nb">PGN skakspil</comment><comment xml:lang="nl">PGN-schaakspel</comment><comment xml:lang="nn">PGN-sjakkspel</comment><comment xml:lang="no">PGN skakspil</comment><comment xml:lang="pl">Plik PGN (gra w szachy)</comment><comment xml:lang="pt">jogo de xadr&#xEA;s PGN</comment><comment xml:lang="pt_BR">Jogo de xadrez PGN</comment><comment xml:lang="sq">Loj&#xEB; shahu PGN</comment><comment xml:lang="sr">PGN &#x448;&#x430;&#x445;&#x43E;&#x432;&#x441;&#x43A;&#x430; &#x438;&#x433;&#x440;&#x430;</comment><comment xml:lang="sv">PGN-schackparti</comment><comment xml:lang="uk">&#x413;&#x440;&#x430; &#x443; &#x448;&#x430;&#x445;&#x438; PGN</comment><comment xml:lang="zh_CN">PNG &#x8C61;&#x68CB;&#x6E38;&#x620F;</comment></mime-type>
