<?xml version="1.0"?>
<mime-type xmlns="http://www.freedesktop.org/standards/shared-mime-info" type="application/x-class-file"><!--Created automatically by update-mime-database. DO NOT EDIT!--><comment>Java byte code</comment><comment xml:lang="az">Java bayt kodu</comment><comment xml:lang="bg">&#x411;&#x430;&#x439;&#x442; &#x43A;&#x43E;&#x434; &#x437;&#x430; Java</comment><comment xml:lang="cs">Java bajtov&#xFD; k&#xF3;d</comment><comment xml:lang="cy">C&#xF4;d beit Java</comment><comment xml:lang="de">Java-Bytecode</comment><comment xml:lang="el">&#x3C3;&#x3C5;&#x3BC;&#x3B2;&#x3BF;&#x3BB;&#x3BF;&#x3BA;&#x3CE;&#x3B4;&#x3B9;&#x3BA;&#x3B1;&#x3C2; Java</comment><comment xml:lang="eo">Java-bajtkodo</comment><comment xml:lang="es">Bytecode Java</comment><comment xml:lang="eu">Java byte-kodea</comment><comment xml:lang="fi">Java-tavukoodi</comment><comment xml:lang="fr">code byte Java</comment><comment xml:lang="hu">Java-b&#xE1;jtk&#xF3;d</comment><comment xml:lang="it">Byte code Java</comment><comment xml:lang="ja">Java &#x30D0;&#x30A4;&#x30C8;&#x30B3;&#x30FC;&#x30C9;</comment><comment xml:lang="ko">&#xC790;&#xBC14; &#xBC14;&#xC774;&#xD2B8;&#xCF54;&#xB4DC;</comment><comment xml:lang="ms">Kod bait Java</comment><comment xml:lang="nb">Java-bytekode</comment><comment xml:lang="nl">Java-bytecode</comment><comment xml:lang="nn">Jave byte-kode</comment><comment xml:lang="no">Java-bytekode</comment><comment xml:lang="pl">Kod bajtowy Javy</comment><comment xml:lang="pt">'byte-code' Java</comment><comment xml:lang="pt_BR">C&#xF3;digo compilado Java</comment><comment xml:lang="sq">Byte code Java</comment><comment xml:lang="sr">&#x408;&#x430;&#x432;&#x430; &#x431;&#x430;&#x458;&#x442;&#x43D;&#x438; &#x43A;&#x43E;&#x302;&#x434;</comment><comment xml:lang="sv">Java-bytekod</comment><comment xml:lang="uk">&#x411;&#x430;&#x439;&#x442;-&#x43A;&#x43E;&#x434; Java</comment><comment xml:lang="zh_CN">Java &#x5B57;&#x8282;&#x7801;</comment></mime-type>
