<?xml version="1.0"?>
<mime-type xmlns="http://www.freedesktop.org/standards/shared-mime-info" type="application/x-compress"><!--Created automatically by update-mime-database. DO NOT EDIT!--><comment>UNIX-compressed file</comment><comment xml:lang="bg">&#x424;&#x430;&#x439;&#x43B;, &#x43A;&#x43E;&#x43C;&#x43F;&#x440;&#x435;&#x441;&#x438;&#x440;&#x430;&#x43D; &#x437;&#x430; UNIX</comment><comment xml:lang="cs">Soubor komprimovan&#xFD; v UNIXu</comment><comment xml:lang="de">UNIX-komprimierte Datei</comment><comment xml:lang="el">&#x3B1;&#x3C1;&#x3C7;&#x3B5;&#x3AF;&#x3BF; &#x3C3;&#x3C5;&#x3BC;&#x3C0;&#x3B9;&#x3B5;&#x3C3;&#x3BC;&#x3AD;&#x3BD;&#x3BF; &#x3BC;&#x3B5; compress</comment><comment xml:lang="eo">UNIX-kunpremita dosiero</comment><comment xml:lang="es">Fichero comprimido de Unix</comment><comment xml:lang="eu">UNIX-konprimazioko fitxategia</comment><comment xml:lang="fi">UNIX-pakattu tiedosto</comment><comment xml:lang="fr">fichier UNIX-compress&#xE9;</comment><comment xml:lang="hu">T&#xF6;m&#xF6;r&#xED;tett UNIX-f&#xE1;jl</comment><comment xml:lang="ja">UNIX-compress &#x30D5;&#x30A1;&#x30A4;&#x30EB;</comment><comment xml:lang="ko">UNIX &#xC555;&#xCD95; &#xD30C;&#xC77C;</comment><comment xml:lang="ms">Fail termampat-UNIX</comment><comment xml:lang="nb">UNIX-komprimert fil</comment><comment xml:lang="nl">UNIX-ingepakt bestand</comment><comment xml:lang="nn">UNIX-komprimert fil</comment><comment xml:lang="no">UNIX-komprimert fil</comment><comment xml:lang="pl">Plik skompresowany pod UNIXem</comment><comment xml:lang="pt">ficheiro comprimido UNIX</comment><comment xml:lang="pt_BR">Arquivo compactado do UNIX</comment><comment xml:lang="sq">File i kompresuar UNIX</comment><comment xml:lang="sr">UNIX-&#x43A;&#x43E;&#x43C;&#x43F;&#x440;&#x435;&#x441;&#x43E;&#x432;&#x430;&#x43D;&#x430; &#x434;&#x430;&#x442;&#x43E;&#x442;&#x435;&#x43A;&#x430;</comment><comment xml:lang="sv">UNIX-komprimerad fil</comment><comment xml:lang="uk">&#x421;&#x442;&#x438;&#x441;&#x43D;&#x435;&#x43D;&#x438;&#x439; &#x444;&#x430;&#x439;&#x43B; UNIX</comment><comment xml:lang="zh_CN">UNIX-compress &#x538B;&#x7F29;&#x7684;&#x6587;&#x4EF6;</comment></mime-type>
