<?xml version="1.0"?>
<mime-type xmlns="http://www.freedesktop.org/standards/shared-mime-info" type="application/x-core"><!--Created automatically by update-mime-database. DO NOT EDIT!--><comment>program crash data</comment><comment xml:lang="bg">&#x414;&#x430;&#x43D;&#x43D;&#x438; &#x43E;&#x442; &#x437;&#x430;&#x431;&#x438;&#x432;&#x430;&#x43D;&#x435; &#x43D;&#x430; &#x43F;&#x440;&#x43E;&#x433;&#x440;&#x430;&#x43C;&#x430;</comment><comment xml:lang="cs">Data o p&#xE1;du programu</comment><comment xml:lang="de">Daten zu Programmabsturz</comment><comment xml:lang="el">&#x3B4;&#x3B5;&#x3B4;&#x3BF;&#x3BC;&#x3AD;&#x3BD;&#x3B1; &#x3B1;&#x3C0;&#x3CC; &#x3C4;&#x3B7;&#x3BD; &#x3BA;&#x3B1;&#x3C4;&#x3AC;&#x3C1;&#x3C1;&#x3B5;&#x3C5;&#x3C3;&#x3B7; &#x3C0;&#x3C1;&#x3BF;&#x3B3;&#x3C1;&#x3AC;&#x3BC;&#x3BC;&#x3B1;&#x3C4;&#x3BF;&#x3C2;</comment><comment xml:lang="eo">datumo pri kra&#x15D;o de programo</comment><comment xml:lang="es">datos de cuelgue de programa</comment><comment xml:lang="eu">programaren kraskaduraren datuak</comment><comment xml:lang="fi">ohjelman kaatumistiedot</comment><comment xml:lang="fr">donn&#xE9;es suite &#xE0; un crash de programme</comment><comment xml:lang="hu">&#xF6;sszeomlott program adatai</comment><comment xml:lang="ja">&#x30D7;&#x30ED;&#x30B0;&#x30E9;&#x30E0;&#x30AF;&#x30E9;&#x30C3;&#x30B7;&#x30E5;&#x30C7;&#x30FC;&#x30BF;</comment><comment xml:lang="ko">&#xD504;&#xB85C;&#xADF8;&#xB7A8; &#xBE44;&#xC815;&#xC0C1; &#xC885;&#xB8CC; &#xB370;&#xC774;&#xD130;</comment><comment xml:lang="ms">Data program musnah</comment><comment xml:lang="nb">krasjdata fra program</comment><comment xml:lang="nl">programma vastloopgegevens</comment><comment xml:lang="nn">data om programkrasj</comment><comment xml:lang="pl">dane b&#x142;&#x119;du programu</comment><comment xml:lang="pt">dados de estoiro de aplica&#xE7;&#xE3;o</comment><comment xml:lang="pt_BR">Dados de travamento de programa</comment><comment xml:lang="sq">t&#xEB; dh&#xEB;na nga programi i bllokuar</comment><comment xml:lang="sr">&#x43F;&#x43E;&#x434;&#x430;&#x446;&#x438; &#x43E; &#x43A;&#x440;&#x43A;&#x459;&#x430;&#x432;&#x438;&#x43D;&#x438; &#x43F;&#x440;&#x43E;&#x433;&#x440;&#x430;&#x43C;&#x430;</comment><comment xml:lang="sv">programkraschdata</comment><comment xml:lang="uk">&#x430;&#x432;&#x430;&#x440;&#x456;&#x439;&#x43D;&#x456; &#x434;&#x430;&#x43D;&#x456; &#x43F;&#x440;&#x43E; &#x43F;&#x440;&#x43E;&#x433;&#x440;&#x430;&#x43C;&#x443;</comment><comment xml:lang="zh_CN">&#x7A0B;&#x5E8F;&#x5D29;&#x6E83;&#x6570;&#x636E;</comment></mime-type>
