<?xml version="1.0"?>
<mime-type xmlns="http://www.freedesktop.org/standards/shared-mime-info" type="application/x-cpio-compressed"><!--Created automatically by update-mime-database. DO NOT EDIT!--><comment>CPIO archive (gzip-compressed)</comment><comment xml:lang="az">CPIO arxivi (gzip il&#x259; s&#x131;x&#x131;&#x15F;d&#x131;r&#x131;lm&#x131;&#x15F;)</comment><comment xml:lang="bg">&#x410;&#x440;&#x445;&#x438;&#x432;, &#x444;&#x43E;&#x440;&#x43C;&#x430;&#x442; CPIO, &#x43A;&#x43E;&#x43C;&#x43F;&#x440;&#x435;&#x441;&#x438;&#x440;&#x430;&#x43D; &#x441; gzip</comment><comment xml:lang="cs">Archiv CPIO (komprimovan&#xFD; gzip)</comment><comment xml:lang="cy">Archif CPIO (gywasgwyd drwy gzip)</comment><comment xml:lang="de">CPIO-Archiv (gzip-komprimiert)</comment><comment xml:lang="el">&#x3B1;&#x3C1;&#x3C7;&#x3B5;&#x3AF;&#x3BF; CPIO (&#x3C3;&#x3C5;&#x3BC;&#x3C0;&#x3B9;&#x3B5;&#x3C3;&#x3BC;&#x3AD;&#x3BD;&#x3BF; &#x3BC;&#x3B5; gzip)</comment><comment xml:lang="eo">CPIO-arkivo (kunpremita per gzip)</comment><comment xml:lang="es">Archivo CPIO (comprimido con gzip)</comment><comment xml:lang="eu">CPIO artxiboa (gzip-konprimatua)</comment><comment xml:lang="fi">CPIO-arkisto (gzip-pakattu)</comment><comment xml:lang="fr">archive CPIO (compress&#xE9; gzip)</comment><comment xml:lang="hu">CPIO-arch&#xED;vum (gzip-pel t&#xF6;m&#xF6;r&#xED;tve)</comment><comment xml:lang="it">Archivio CPIO (compresso gzip)</comment><comment xml:lang="ja">CPIO (gzip &#x5727;&#x7E2E;) &#x30A2;&#x30FC;&#x30AB;&#x30A4;&#x30D6;</comment><comment xml:lang="ko">CPIO &#xC544;&#xCE74;&#xC774;&#xBE0C; (gzip&#xC555;&#xCD95;)</comment><comment xml:lang="ms">Arkib CPIO (dimampatkan-gzip)</comment><comment xml:lang="nb">CPIO-arkiv (gzip-komprimert)</comment><comment xml:lang="nl">CPIO-archief (gzip-ingepakt)</comment><comment xml:lang="nn">CPIO-arkiv (gzip-pakka)</comment><comment xml:lang="no">CPIO-arkiv (gzip-komprimert)</comment><comment xml:lang="pl">Archiwum CPIO (kompresja gzip)</comment><comment xml:lang="pt">arquivo CPIO (comprimido com gzip)</comment><comment xml:lang="pt_BR">Arquivo CPIO (compactado com gzip)</comment><comment xml:lang="sq">Arkiv CPIO (kompresuar me gzip)</comment><comment xml:lang="sr">CPIO &#x430;&#x440;&#x445;&#x438;&#x432;&#x430; (&#x43A;&#x43E;&#x43C;&#x43F;&#x440;&#x435;&#x441;&#x43E;&#x432;&#x430;&#x43D;&#x430; gzip-&#x43E;&#x43C;)</comment><comment xml:lang="sv">CPIO-arkiv (gzip-komprimerat)</comment><comment xml:lang="uk">&#x410;&#x440;&#x445;&#x456;&#x432; CPIO (&#x441;&#x442;&#x438;&#x441;&#x43D;&#x435;&#x43D;&#x438;&#x439; gzip)</comment><comment xml:lang="zh_CN">CPIO &#x538B;&#x7F29;&#x5305;(gzip &#x538B;&#x7F29;)</comment></mime-type>
