<?xml version="1.0"?>
<mime-type xmlns="http://www.freedesktop.org/standards/shared-mime-info" type="application/x-cpio"><!--Created automatically by update-mime-database. DO NOT EDIT!--><comment>CPIO archive</comment><comment xml:lang="az">CPIO arxivi</comment><comment xml:lang="bg">&#x410;&#x440;&#x445;&#x438;&#x432;, &#x444;&#x43E;&#x440;&#x43C;&#x430;&#x442; CPIO</comment><comment xml:lang="cs">Archiv CPIO</comment><comment xml:lang="cy">Archif CPIO</comment><comment xml:lang="de">CPIO-Archiv</comment><comment xml:lang="el">&#x3B1;&#x3C1;&#x3C7;&#x3B5;&#x3AF;&#x3BF; CPIO</comment><comment xml:lang="eo">CPIO-arkivo</comment><comment xml:lang="es">Archivo CPIO</comment><comment xml:lang="eu">CPIO artxiboa</comment><comment xml:lang="fi">CPIO-arkisto</comment><comment xml:lang="fr">archive CPIO</comment><comment xml:lang="hu">CPIO-arch&#xED;vum</comment><comment xml:lang="it">Archivio CPIO</comment><comment xml:lang="ja">CPIO &#x30A2;&#x30FC;&#x30AB;&#x30A4;&#x30D6;</comment><comment xml:lang="ko">CPIO &#xC544;&#xCE74;&#xC774;&#xBE0C;</comment><comment xml:lang="ms">Arkib CPIO</comment><comment xml:lang="nb">CPIO-arkiv</comment><comment xml:lang="nl">CPIO-archief</comment><comment xml:lang="nn">CPIO-arkiv</comment><comment xml:lang="no">CPIO-arkiv</comment><comment xml:lang="pl">Archiwum CPIO</comment><comment xml:lang="pt">arquivo CPIO</comment><comment xml:lang="pt_BR">Arquivo CPIO</comment><comment xml:lang="ru">&#x430;&#x440;&#x445;&#x438;&#x432; CPIO</comment><comment xml:lang="sq">Arkiv CPIO</comment><comment xml:lang="sr">CPIO &#x430;&#x440;&#x445;&#x438;&#x432;&#x430;</comment><comment xml:lang="sv">CPIO-arkiv</comment><comment xml:lang="uk">&#x410;&#x440;&#x445;&#x456;&#x432; CPIO</comment><comment xml:lang="zh_CN">CPIO &#x538B;&#x7F29;&#x5305;</comment></mime-type>
