<?xml version="1.0"?>
<mime-type xmlns="http://www.freedesktop.org/standards/shared-mime-info" type="application/x-csh"><!--Created automatically by update-mime-database. DO NOT EDIT!--><sub-class-of type="application/x-shellscript"/><sub-class-of type="text/plain"/><comment>C shell script</comment><comment xml:lang="az">C qab&#x131;q skripti</comment><comment xml:lang="bg">&#x421;&#x43A;&#x440;&#x438;&#x43F;&#x442; &#x43D;&#x430; &#x43E;&#x431;&#x432;&#x438;&#x432;&#x43A;&#x430;&#x442;&#x430; C</comment><comment xml:lang="cs">Skript C shellu</comment><comment xml:lang="cy">Sgript plisgyn C</comment><comment xml:lang="de">C-Shell-Skript</comment><comment xml:lang="el">&#x3C0;&#x3C1;&#x3CC;&#x3B3;&#x3C1;&#x3B1;&#x3BC;&#x3BC;&#x3B1; &#x3B5;&#x3BD;&#x3C4;&#x3BF;&#x3BB;&#x3CE;&#x3BD; &#x3C6;&#x3BB;&#x3BF;&#x3B9;&#x3BF;&#x3CD; C</comment><comment xml:lang="eo">skripto de C-&#x15D;elo</comment><comment xml:lang="es">Script en C shell</comment><comment xml:lang="eu">C shell script-a</comment><comment xml:lang="fi">Csh-komentotiedosto</comment><comment xml:lang="fr">script C shell</comment><comment xml:lang="hu">C h&#xE9;j-parancsf&#xE1;jl</comment><comment xml:lang="it">Script C Shell</comment><comment xml:lang="ja">C &#x30B7;&#x30A7;&#x30EB;&#x30B9;&#x30AF;&#x30EA;&#x30D7;&#x30C8;</comment><comment xml:lang="ko">C&#xC258; &#xC2A4;&#xD06C;&#xB9BD;&#xD2B8;</comment><comment xml:lang="ms">Skrip shell C</comment><comment xml:lang="nb">C-skallskript</comment><comment xml:lang="nl">C-shellscript</comment><comment xml:lang="nn">C-skalskript</comment><comment xml:lang="no">C-skallskript</comment><comment xml:lang="pl">Skrypt pow&#x142;oki csh</comment><comment xml:lang="pt">'script' de consola C</comment><comment xml:lang="pt_BR">Script de shell C</comment><comment xml:lang="sq">Script shell C</comment><comment xml:lang="sr">C &#x441;&#x43A;&#x440;&#x438;&#x43F;&#x442;&#x430; &#x43E;&#x43A;&#x440;&#x443;&#x436;&#x435;&#x45A;&#x430;</comment><comment xml:lang="sv">Skalskript (csh)</comment><comment xml:lang="uk">&#x421;&#x446;&#x435;&#x43D;&#x430;&#x440;&#x456;&#x439; C shell</comment><comment xml:lang="zh_CN">C shell &#x811A;&#x672C;</comment></mime-type>
