<?xml version="1.0"?>
<mime-type xmlns="http://www.freedesktop.org/standards/shared-mime-info" type="application/x-dbase"><!--Created automatically by update-mime-database. DO NOT EDIT!--><comment>dBASE document</comment><comment xml:lang="az">dBASE s&#x259;n&#x259;di</comment><comment xml:lang="bg">&#x414;&#x43E;&#x43A;&#x443;&#x43C;&#x435;&#x43D;&#x442;, &#x444;&#x43E;&#x440;&#x43C;&#x430;&#x442; dBASE</comment><comment xml:lang="cs">Dokument dBASE</comment><comment xml:lang="cy">Dogfen dBASE</comment><comment xml:lang="de">dBASE-Dokument</comment><comment xml:lang="el">&#x3AD;&#x3B3;&#x3B3;&#x3C1;&#x3B1;&#x3C6;&#x3BF; dBASE</comment><comment xml:lang="eo">dBASE-dokumento</comment><comment xml:lang="es">documento dBASE</comment><comment xml:lang="eu">dBASE dokumentua</comment><comment xml:lang="fi">dBASE-asiakirja</comment><comment xml:lang="fr">document dBASE</comment><comment xml:lang="hu">dBASE-dokumentum</comment><comment xml:lang="it">documento dBASE</comment><comment xml:lang="ja">dBASE &#x30C9;&#x30AD;&#x30E5;&#x30E1;&#x30F3;&#x30C8;</comment><comment xml:lang="ko">dBASE &#xBB38;&#xC11C;</comment><comment xml:lang="ms">Dokumen dBase</comment><comment xml:lang="nb">dBASE-dokument</comment><comment xml:lang="nl">dBASE-document</comment><comment xml:lang="nn">dBASE-dokument</comment><comment xml:lang="no">dBASE-dokument</comment><comment xml:lang="pl">dokument dBASE</comment><comment xml:lang="pt">documento dBASE</comment><comment xml:lang="pt_BR">Documento do dBASE</comment><comment xml:lang="sq">Dokument dBASE</comment><comment xml:lang="sr">dBASE &#x434;&#x43E;&#x43A;&#x443;&#x43C;&#x435;&#x43D;&#x442;</comment><comment xml:lang="sv">dBASE-dokument</comment><comment xml:lang="uk">&#x434;&#x43E;&#x43A;&#x443;&#x43C;&#x435;&#x43D;&#x442; dBASE</comment><comment xml:lang="zh_CN">dBASE &#x6587;&#x6863;</comment></mime-type>
