<?xml version="1.0"?>
<mime-type xmlns="http://www.freedesktop.org/standards/shared-mime-info" type="application/x-dc-rom"><!--Created automatically by update-mime-database. DO NOT EDIT!--><comment>Dreamcast ROM</comment><comment xml:lang="bg">ROM, &#x444;&#x43E;&#x440;&#x43C;&#x430;&#x442; Dreamcast</comment><comment xml:lang="cs">ROM pro Dreamcast</comment><comment xml:lang="de">Dreamcast-ROM</comment><comment xml:lang="el">&#x3B5;&#x3B9;&#x3BA;&#x3CC;&#x3BD;&#x3B1; &#x3BC;&#x3BD;&#x3AE;&#x3BC;&#x3B7;&#x3C2; ROM Dreamcast</comment><comment xml:lang="eo">Dreamcast-NLM</comment><comment xml:lang="es">ROM de Dreamcast</comment><comment xml:lang="eu">Dreamcast-en ROM</comment><comment xml:lang="fi">Dreamcast-ROM</comment><comment xml:lang="fr">ROM Dreamcast</comment><comment xml:lang="hu">Dreamcast ROM</comment><comment xml:lang="it">ROM Dreamcast</comment><comment xml:lang="ja">Dreamcast ROM</comment><comment xml:lang="ko">&#xB4DC;&#xB9BC;&#xCE90;&#xC2A4;&#xD2B8; &#xB86C;</comment><comment xml:lang="ms">ROM Dreamcast</comment><comment xml:lang="nb">Dreamcast-ROM</comment><comment xml:lang="nl">Dreamcast-ROM</comment><comment xml:lang="nn">Dreamcast-ROM</comment><comment xml:lang="no">Dreamcast-ROM</comment><comment xml:lang="pl">Dreamcast - plik z ROM-em</comment><comment xml:lang="pt">ROM Dreamcast</comment><comment xml:lang="pt_BR">ROM do Dreamcast</comment><comment xml:lang="sq">ROM Dreamcast</comment><comment xml:lang="sr">Dreamcast ROM</comment><comment xml:lang="sv">Dreamcast-rom</comment><comment xml:lang="uk">&#x41F;&#x417;&#x41F; Dreamcast</comment><comment xml:lang="zh_CN">Dreamcast ROM</comment></mime-type>
