<?xml version="1.0"?>
<mime-type xmlns="http://www.freedesktop.org/standards/shared-mime-info" type="application/x-designer"><!--Created automatically by update-mime-database. DO NOT EDIT!--><comment>Qt Designer file</comment><comment xml:lang="bg">&#x424;&#x430;&#x439;&#x43B;, &#x444;&#x43E;&#x440;&#x43C;&#x430;&#x442; Qt&#xB7;Designer</comment><comment xml:lang="cs">Soubor Qt Designeru</comment><comment xml:lang="de">QT Designer-Datei</comment><comment xml:lang="el">&#x3B1;&#x3C1;&#x3C7;&#x3B5;&#x3AF;&#x3BF; Qt Designer</comment><comment xml:lang="eo">dosiero de Qt Designer</comment><comment xml:lang="es">Fichero de Qt Designer</comment><comment xml:lang="eu">Qt Designer Fitxategia</comment><comment xml:lang="fi">Qt Designer -tiedosto</comment><comment xml:lang="fr">fichier Qt Designer</comment><comment xml:lang="hu">Qt Designer-f&#xE1;jl</comment><comment xml:lang="it">File Qt Designer</comment><comment xml:lang="ja">Qt Designer &#x30D5;&#x30A1;&#x30A4;&#x30EB;</comment><comment xml:lang="ko">Qt &#xB514;&#xC790;&#xC774;&#xB108; &#xD30C;&#xC77C;</comment><comment xml:lang="ms">Fail Qt Designer</comment><comment xml:lang="nb">Qt Designer-fil</comment><comment xml:lang="nl">Qt Designer-bestand</comment><comment xml:lang="nn">Qt Designer-fil</comment><comment xml:lang="no">Qt Designer-fil</comment><comment xml:lang="pl">Plik Qt Designera</comment><comment xml:lang="pt">ficheiro do Qt Designer</comment><comment xml:lang="pt_BR">Arquivo do Qt Designer</comment><comment xml:lang="sq">File Qt Designer</comment><comment xml:lang="sr">Qt Designer &#x434;&#x430;&#x442;&#x43E;&#x442;&#x435;&#x43A;&#x430;</comment><comment xml:lang="sv">Qt Designer-fil</comment><comment xml:lang="uk">&#x424;&#x430;&#x439;&#x43B; &#x43F;&#x440;&#x43E;&#x433;&#x440;&#x430;&#x43C;&#x438; Qt-&#x434;&#x438;&#x437;&#x430;&#x439;&#x43D;&#x435;&#x440;</comment><comment xml:lang="zh_CN">Qt &#x8BBE;&#x8BA1;&#x5E08;&#x6587;&#x4EF6;</comment></mime-type>
