<?xml version="1.0"?>
<mime-type xmlns="http://www.freedesktop.org/standards/shared-mime-info" type="application/x-desktop"><!--Created automatically by update-mime-database. DO NOT EDIT!--><sub-class-of type="text/plain"/><comment>desktop configuration file</comment><comment xml:lang="bg">&#x424;&#x430;&#x439;&#x43B; &#x441; &#x438;&#x43D;&#x444;&#x43E;&#x440;&#x43C;&#x430;&#x446;&#x438;&#x44F; &#x437;&#x430; &#x440;&#x430;&#x431;&#x43E;&#x442;&#x43D;&#x430;&#x442;&#x430; &#x43F;&#x43B;&#x43E;&#x449;</comment><comment xml:lang="cs">Soubor nastaven&#xED; pracovn&#xED; plochy</comment><comment xml:lang="de">Desktop-Konfigurationsdatei</comment><comment xml:lang="el">&#x3C1;&#x3C5;&#x3B8;&#x3BC;&#x3AF;&#x3C3;&#x3B5;&#x3B9;&#x3C2; &#x3B5;&#x3C0;&#x3B9;&#x3C6;&#x3AC;&#x3BD;&#x3B5;&#x3B9;&#x3B1; &#x3B5;&#x3C1;&#x3B3;&#x3B1;&#x3C3;&#x3AF;&#x3B1;&#x3C2;</comment><comment xml:lang="eo">dosiero de agordoj de labortablo</comment><comment xml:lang="es">fichero de configuraci&#xF3;n del escritorio</comment><comment xml:lang="eu">Mahaigainaren konfigurazio-fitxategia</comment><comment xml:lang="fi">ty&#xF6;p&#xF6;yd&#xE4;n asetustiedosto</comment><comment xml:lang="fr">fichier de configuration desktop</comment><comment xml:lang="hu">munkaasztal-be&#xE1;ll&#xED;t&#xF3;f&#xE1;jl</comment><comment xml:lang="ja">&#x30C7;&#x30B9;&#x30AF;&#x30C8;&#x30C3;&#x30D7;&#x8A2D;&#x5B9A;&#x30D5;&#x30A1;&#x30A4;&#x30EB;</comment><comment xml:lang="ko">&#xBC14;&#xD0D5;&#xD658;&#xACBD; &#xC124;&#xC815; &#xD30C;&#xC77C;</comment><comment xml:lang="ms">Fail konfigurasi desktop</comment><comment xml:lang="nb">konfigurasjonsfil for skrivebordet</comment><comment xml:lang="nl">bureaublad-configuratiebestand</comment><comment xml:lang="nn">skrivebordsoppsettfil</comment><comment xml:lang="no">konfigurasjonsfil for skrivebordet</comment><comment xml:lang="pl">plik z konfiguracj&#x105; &#x15B;rodowiska</comment><comment xml:lang="pt">ficheiro de configura&#xE7;&#xE3;o de &#xE1;rea de trabalho</comment><comment xml:lang="pt_BR">Arquivo de configura&#xE7;&#xE3;o de &#xE1;rea de trabalho</comment><comment xml:lang="sq">file i konfigurimit t&#xEB; desktop</comment><comment xml:lang="sr">&#x434;&#x430;&#x442;&#x43E;&#x442;&#x435;&#x43A;&#x430; &#x437;&#x430; &#x43F;&#x43E;&#x434;&#x435;&#x448;&#x430;&#x432;&#x430;&#x45A;&#x430; &#x440;&#x430;&#x434;&#x43D;&#x435; &#x43F;&#x43E;&#x432;&#x440;&#x448;&#x438;</comment><comment xml:lang="sv">dkrivbordskonfigurationsfil</comment><comment xml:lang="uk">&#x444;&#x430;&#x439;&#x43B; &#x43A;&#x43E;&#x43D;&#x444;&#x456;&#x433;&#x443;&#x440;&#x430;&#x446;&#x456;&#x457; &#x441;&#x442;&#x456;&#x43B;&#x44C;&#x43D;&#x438;&#x446;&#x456;</comment><comment xml:lang="zh_CN">&#x684C;&#x9762;&#x914D;&#x7F6E;&#x6587;&#x4EF6;</comment><alias type="application/x-gnome-app-info"/></mime-type>
