<?xml version="1.0"?>
<mime-type xmlns="http://www.freedesktop.org/standards/shared-mime-info" type="application/x-deb"><!--Created automatically by update-mime-database. DO NOT EDIT!--><comment>Debian package</comment><comment xml:lang="az">Debian paketi</comment><comment xml:lang="bg">&#x41F;&#x430;&#x43A;&#x435;&#x442;, &#x444;&#x43E;&#x440;&#x43C;&#x430;&#x442; Debian</comment><comment xml:lang="cs">Bal&#xED;&#x10D;ek Debianu</comment><comment xml:lang="cy">Pecyn Debian</comment><comment xml:lang="de">Debian-Paket</comment><comment xml:lang="el">&#x3C0;&#x3B1;&#x3BA;&#x3AD;&#x3C4;&#x3BF; Debian</comment><comment xml:lang="eo">Debian-paka&#x135;o</comment><comment xml:lang="es">Paquete Debian</comment><comment xml:lang="eu">Debian paketea</comment><comment xml:lang="fi">Debian-paketti</comment><comment xml:lang="fr">package Debian</comment><comment xml:lang="hu">Debian-csomag</comment><comment xml:lang="it">Pacchetto Debian</comment><comment xml:lang="ja">Debian &#x30D1;&#x30C3;&#x30B1;&#x30FC;&#x30B8;</comment><comment xml:lang="ko">&#xB370;&#xBE44;&#xC548; &#xAFB8;&#xB7EC;&#xBBF8;</comment><comment xml:lang="ms">Pakej Debian</comment><comment xml:lang="nb">Debian pakke</comment><comment xml:lang="nl">Debian-pakket</comment><comment xml:lang="nn">Debian pakke</comment><comment xml:lang="no">Debian pakke</comment><comment xml:lang="pl">Pakiet Debiana</comment><comment xml:lang="pt">pacote Debian</comment><comment xml:lang="pt_BR">Pacote Debian</comment><comment xml:lang="ru">&#x43F;&#x430;&#x43A;&#x435;&#x442; Debian</comment><comment xml:lang="sq">Paket&#xEB; Debian</comment><comment xml:lang="sr">Debian &#x43F;&#x430;&#x43A;&#x435;&#x442;</comment><comment xml:lang="sv">Debianpaket</comment><comment xml:lang="uk">&#x41F;&#x430;&#x43A;&#x435;&#x442; Debian</comment><comment xml:lang="zh_CN">Debian &#x8F6F;&#x4EF6;&#x5305;</comment></mime-type>
