<?xml version="1.0"?>
<mime-type xmlns="http://www.freedesktop.org/standards/shared-mime-info" type="application/x-dia-diagram"><!--Created automatically by update-mime-database. DO NOT EDIT!--><comment>Dia diagram</comment><comment xml:lang="az">Dia diaqram&#x131;</comment><comment xml:lang="bg">&#x414;&#x438;&#x430;&#x433;&#x440;&#x430;&#x43C;&#x430;, &#x444;&#x43E;&#x440;&#x43C;&#x430;&#x442; Dia</comment><comment xml:lang="cs">Diagram Dia</comment><comment xml:lang="cy">Diagram Dia</comment><comment xml:lang="de">Dia-Diagramm</comment><comment xml:lang="el">&#x3B4;&#x3B9;&#x3AC;&#x3B3;&#x3C1;&#x3B1;&#x3BC;&#x3BC;&#x3B1; Dia</comment><comment xml:lang="eo">Dia-diagramo</comment><comment xml:lang="es">Diagrama de Dia</comment><comment xml:lang="eu">Dia diagrama</comment><comment xml:lang="fi">Dia-kaavio</comment><comment xml:lang="fr">diagramme Dia</comment><comment xml:lang="hu">Dia-diagram</comment><comment xml:lang="it">Diagramma DIA</comment><comment xml:lang="ja">Dia &#x30C0;&#x30A4;&#x30A2;&#x30B0;&#x30E9;&#x30E0;</comment><comment xml:lang="ko">Dia &#xB3C4;&#xD45C;</comment><comment xml:lang="ms">Diagram Dia</comment><comment xml:lang="nb">Dia-diagram</comment><comment xml:lang="nl">Dia-diagram</comment><comment xml:lang="nn">Dia diagram</comment><comment xml:lang="no">Dia-diagram</comment><comment xml:lang="pl">Diagram programu Dia</comment><comment xml:lang="pt">diagrama Dia</comment><comment xml:lang="pt_BR">Diagrama do Dia</comment><comment xml:lang="ru">&#x434;&#x438;&#x430;&#x433;&#x440;&#x430;&#x43C;&#x43C;&#x430; Dia</comment><comment xml:lang="sq">Diagram&#xEB; Dia</comment><comment xml:lang="sr">&#x414;&#x438;&#x430; &#x434;&#x438;&#x458;&#x430;&#x433;&#x440;&#x430;&#x43C;</comment><comment xml:lang="sv">Dia-diagram</comment><comment xml:lang="uk">&#x414;&#x456;&#x430;&#x433;&#x440;&#x430;&#x43C;&#x430; Dia</comment><comment xml:lang="zh_CN">Dia &#x56FE;&#x8868;</comment></mime-type>
