<?xml version="1.0"?>
<mime-type xmlns="http://www.freedesktop.org/standards/shared-mime-info" type="application/x-dvi"><!--Created automatically by update-mime-database. DO NOT EDIT!--><comment>TeX DVI document</comment><comment xml:lang="bg">&#x414;&#x43E;&#x43A;&#x443;&#x43C;&#x435;&#x43D;&#x442;, &#x444;&#x43E;&#x440;&#x43C;&#x430;&#x442; TeX&#xB7;DVI</comment><comment xml:lang="cs">Dokument TeX DVI</comment><comment xml:lang="de">TeX-DVI-Dokument</comment><comment xml:lang="el"> &#x3AD;&#x3B3;&#x3B3;&#x3C1;&#x3B1;&#x3C6;&#x3BF; TeX DVI</comment><comment xml:lang="eo">DVI-dokumento de TeX</comment><comment xml:lang="es">Documento TeX DVI</comment><comment xml:lang="eu">TeX DVI dokumentua</comment><comment xml:lang="fi">TeX DVI -asiakirja</comment><comment xml:lang="fr">document TeX DVI</comment><comment xml:lang="hu">TeX DVI-dokumentum</comment><comment xml:lang="it">Documento TeX DVI</comment><comment xml:lang="ja">TeX DVI &#x30C9;&#x30AD;&#x30E5;&#x30E1;&#x30F3;&#x30C8;</comment><comment xml:lang="ko">TeX DVI &#xBB38;&#xC11C;</comment><comment xml:lang="ms">Dokumen TeX DVI</comment><comment xml:lang="nb">TeX DVI-dokument</comment><comment xml:lang="nl">TeX DVI-document</comment><comment xml:lang="nn">TeX DVI-dokument</comment><comment xml:lang="no">TeX DVI-dokument</comment><comment xml:lang="pl">Dokument TeX DVI</comment><comment xml:lang="pt">documento TeX DVI</comment><comment xml:lang="pt_BR">Documento TeX DVI</comment><comment xml:lang="sq">Dokument TeX DVI</comment><comment xml:lang="sr">&#x422;&#x435;&#x425; &#x414;&#x412;&#x418; &#x434;&#x43E;&#x43A;&#x443;&#x43C;&#x435;&#x43D;&#x442;</comment><comment xml:lang="sv">TeX DVI-dokument</comment><comment xml:lang="uk">&#x414;&#x43E;&#x43A;&#x443;&#x43C;&#x435;&#x43D;&#x442; TeX DVI</comment><comment xml:lang="zh_CN">TeX DVI &#x6587;&#x6863;</comment></mime-type>
