<?xml version="1.0"?>
<mime-type xmlns="http://www.freedesktop.org/standards/shared-mime-info" type="application/x-e-theme"><!--Created automatically by update-mime-database. DO NOT EDIT!--><comment>Enlightenment theme</comment><comment xml:lang="az">Enlightenment &#xF6;rt&#xFC;y&#xFC;</comment><comment xml:lang="bg">&#x422;&#x435;&#x43C;&#x430; &#x437;&#x430; Enlightenment</comment><comment xml:lang="cs">T&#xE9;ma pro Enlightenment</comment><comment xml:lang="cy">Thema Enlightenment</comment><comment xml:lang="de">Enlightenment-Thema</comment><comment xml:lang="el">&#x398;&#x3AD;&#x3BC;&#x3B1; Enlightenment</comment><comment xml:lang="eo">etoso de Enlightenment</comment><comment xml:lang="es">Tema de Enlightenment</comment><comment xml:lang="eu">Enlightenment gaia</comment><comment xml:lang="fi">Enlightenment-teema</comment><comment xml:lang="fr">th&#xE8;me &#xAB; Enlightenment &#xBB;</comment><comment xml:lang="hu">Enlightenment-t&#xE9;ma</comment><comment xml:lang="it">Tema Enlightenment</comment><comment xml:lang="ja">Enlightenment &#x30C6;&#x30FC;&#x30DE;</comment><comment xml:lang="ko">&#xC778;&#xB77C;&#xC774;&#xD2B8;&#xBA3C;&#xD2B8; &#xD14C;&#xB9C8;</comment><comment xml:lang="ms">Tema Enlightenment</comment><comment xml:lang="nb">Enlightenment tema</comment><comment xml:lang="nl">Enlightenment-thema</comment><comment xml:lang="nn">Enlightenment-tema</comment><comment xml:lang="no">Enlightenment tema</comment><comment xml:lang="pl">Motyw Enlightenmenta</comment><comment xml:lang="pt">tema Enlightenment</comment><comment xml:lang="pt_BR">Tema do Enlightenment</comment><comment xml:lang="sq">Tema Enlightenment</comment><comment xml:lang="sr">Enlightenment &#x442;&#x435;&#x43C;&#x430;</comment><comment xml:lang="sv">Enlightenment-tema</comment><comment xml:lang="uk">&#x422;&#x435;&#x43C;&#x430; Enlightenment</comment><comment xml:lang="zh_CN">Enlightenment &#x4E3B;&#x9898;</comment></mime-type>
