<?xml version="1.0"?>
<mime-type xmlns="http://www.freedesktop.org/standards/shared-mime-info" type="application/x-egon"><!--Created automatically by update-mime-database. DO NOT EDIT!--><comment>Egon Animator animation</comment><comment xml:lang="bg">&#x410;&#x43D;&#x438;&#x43C;&#x430;&#x446;&#x438;&#x44F;, &#x444;&#x43E;&#x440;&#x43C;&#x430;&#x442; Egon&#xB7;Animator</comment><comment xml:lang="cs">Animace Egon Animator</comment><comment xml:lang="de">Egon Animator-Animation</comment><comment xml:lang="el">&#x3BA;&#x3B9;&#x3BD;&#x3BF;&#x3CD;&#x3BC;&#x3B5;&#x3BD;&#x3B1; &#x3C3;&#x3C7;&#x3AD;&#x3B4;&#x3B9;&#x3B1; Egon Animator</comment><comment xml:lang="eo">animacio de Egon Animator</comment><comment xml:lang="es">Animaci&#xF3;n de Egon Animator</comment><comment xml:lang="eu">Egon Animator-eko animazioa</comment><comment xml:lang="fi">Egon Animator -animaatio</comment><comment xml:lang="fr">animation Egon Animator</comment><comment xml:lang="hu">Egon Animator-anim&#xE1;ci&#xF3;</comment><comment xml:lang="it">Animazione Egon Animator</comment><comment xml:lang="ja">Egon Animator &#x30A2;&#x30CB;&#x30E1;&#x30FC;&#x30B7;&#x30E7;&#x30F3;</comment><comment xml:lang="ko">Egon &#xC560;&#xB2C8;&#xBA54;&#xC774;&#xD130;</comment><comment xml:lang="ms">Animasi Egon Animator</comment><comment xml:lang="nb">Egon animator-animasjon</comment><comment xml:lang="nl">Egon Animator-animatie</comment><comment xml:lang="nn">Egon Animator-animasjon</comment><comment xml:lang="no">Egon animator-animasjon</comment><comment xml:lang="pl">Animacja Egon Animator</comment><comment xml:lang="pt">anima&#xE7;&#xE3;o Egon Animator</comment><comment xml:lang="pt_BR">Anima&#xE7;&#xE3;o do Egon Animator</comment><comment xml:lang="sq">Animim Egon Animator</comment><comment xml:lang="sr">&#x415;&#x433;&#x43E;&#x43D; &#x430;&#x43D;&#x438;&#x43C;&#x430;&#x442;&#x43E;&#x440; &#x430;&#x43D;&#x438;&#x43C;&#x430;&#x446;&#x438;&#x458;&#x430;</comment><comment xml:lang="sv">Egon Animator-animation</comment><comment xml:lang="uk">&#x410;&#x43D;&#x456;&#x43C;&#x430;&#x446;&#x456;&#x44F; Egon Animator</comment><comment xml:lang="zh_CN">Egon Animator &#x52A8;&#x753B;</comment></mime-type>
