<?xml version="1.0"?>
<mime-type xmlns="http://www.freedesktop.org/standards/shared-mime-info" type="application/x-executable"><!--Created automatically by update-mime-database. DO NOT EDIT!--><comment>executable</comment><comment xml:lang="bg">&#x418;&#x437;&#x43F;&#x44A;&#x43B;&#x43D;&#x438;&#x43C; &#x444;&#x430;&#x439;&#x43B;</comment><comment xml:lang="cs">Spustiteln&#xFD; soubor</comment><comment xml:lang="de">Programm</comment><comment xml:lang="el">&#x3B5;&#x3BA;&#x3C4;&#x3B5;&#x3BB;&#x3AD;&#x3C3;&#x3B9;&#x3BC;&#x3BF;</comment><comment xml:lang="eo">plenumebla</comment><comment xml:lang="es">ejecutable</comment><comment xml:lang="eu">exekutagarria</comment><comment xml:lang="fi">suoritettava ohjelma</comment><comment xml:lang="fr">ex&#xE9;cutable</comment><comment xml:lang="hu">futtathat&#xF3;</comment><comment xml:lang="it">eseguibile</comment><comment xml:lang="ja">&#x5B9F;&#x884C;&#x30D5;&#x30A1;&#x30A4;&#x30EB;</comment><comment xml:lang="ko">&#xC2E4;&#xD589;&#xD30C;&#xC77C;</comment><comment xml:lang="ms">Bolehlaksana</comment><comment xml:lang="nb">kj&#xF8;rbar</comment><comment xml:lang="nl">uitvoerbaar bestand</comment><comment xml:lang="nn">k&#xF8;yrbar</comment><comment xml:lang="no">kj&#xF8;rbar</comment><comment xml:lang="pl">plik uruchamialny</comment><comment xml:lang="pt">execut&#xE1;vel</comment><comment xml:lang="pt_BR">execut&#xE1;vel</comment><comment xml:lang="ru">&#x438;&#x441;&#x43F;&#x43E;&#x43B;&#x43D;&#x44F;&#x435;&#x43C;&#x44B;&#x439;</comment><comment xml:lang="sq">e ekzekutueshme</comment><comment xml:lang="sr">&#x438;&#x437;&#x432;&#x440;&#x448;&#x43D;&#x430;</comment><comment xml:lang="sv">k&#xF6;rbar fil</comment><comment xml:lang="uk">&#x432;&#x438;&#x43A;&#x43E;&#x43D;&#x443;&#x432;&#x430;&#x43D;&#x438;&#x439; &#x444;&#x430;&#x439;&#x43B;</comment><comment xml:lang="zh_CN">&#x53EF;&#x6267;&#x884C;&#x6587;&#x4EF6;</comment></mime-type>
