<?xml version="1.0"?>
<mime-type xmlns="http://www.freedesktop.org/standards/shared-mime-info" type="application/x-font-type1"><!--Created automatically by update-mime-database. DO NOT EDIT!--><comment>font</comment><comment xml:lang="bg">&#x428;&#x440;&#x438;&#x444;&#x442;</comment><comment xml:lang="cs">P&#xED;smo</comment><comment xml:lang="de">Schrift</comment><comment xml:lang="el">&#x3B3;&#x3C1;&#x3B1;&#x3BC;&#x3BC;&#x3B1;&#x3C4;&#x3BF;&#x3C3;&#x3B5;&#x3B9;&#x3C1;&#x3AC;</comment><comment xml:lang="eo">tiparo</comment><comment xml:lang="es">tipo de letra</comment><comment xml:lang="eu">letra-tipoa</comment><comment xml:lang="fi">kirjasin</comment><comment xml:lang="fr">fonte</comment><comment xml:lang="hu">bet&#x171;k&#xE9;szlet</comment><comment xml:lang="it">font</comment><comment xml:lang="ja">&#x30D5;&#x30A9;&#x30F3;&#x30C8;</comment><comment xml:lang="ko">&#xAE00;&#xAF34;</comment><comment xml:lang="ms">Font</comment><comment xml:lang="nb">skrift</comment><comment xml:lang="nl">lettertype</comment><comment xml:lang="nn">skrifttype</comment><comment xml:lang="no">skrift</comment><comment xml:lang="pl">czcionka</comment><comment xml:lang="pt">tipo de letra</comment><comment xml:lang="pt_BR">Fonte</comment><comment xml:lang="ru">&#x448;&#x440;&#x438;&#x444;&#x442;</comment><comment xml:lang="sq">g&#xEB;rm&#xEB;</comment><comment xml:lang="sr">&#x444;&#x43E;&#x43D;&#x442;</comment><comment xml:lang="sv">typsnitt</comment><comment xml:lang="uk">&#x448;&#x440;&#x438;&#x444;&#x442;</comment><comment xml:lang="zh_CN">&#x5B57;&#x4F53;</comment></mime-type>
