<?xml version="1.0"?>
<mime-type xmlns="http://www.freedesktop.org/standards/shared-mime-info" type="application/x-font-afm"><!--Created automatically by update-mime-database. DO NOT EDIT!--><comment>Adobe font metrics</comment><comment xml:lang="az">Adobe yaz&#x131; n&#xF6;v&#xFC; metrikl&#x259;ri</comment><comment xml:lang="bg">&#x428;&#x440;&#x438;&#x444;&#x442;&#x43E;&#x432;&#x430; &#x43C;&#x435;&#x442;&#x440;&#x438;&#x43A;&#x430;, &#x444;&#x43E;&#x440;&#x43C;&#x430;&#x442; Adobe</comment><comment xml:lang="cs">Metrika p&#xED;sma Adobe</comment><comment xml:lang="cy">Metrigau Ffont Adobe</comment><comment xml:lang="de">Adobe-Schriftmetriken</comment><comment xml:lang="el">&#x3BC;&#x3B5;&#x3C4;&#x3C1;&#x3B9;&#x3BA;&#x3AC; &#x3B3;&#x3C1;&#x3B1;&#x3BC;&#x3BC;&#x3B1;&#x3C4;&#x3BF;&#x3C3;&#x3B5;&#x3B9;&#x3C1;&#x3AC;&#x3C2; Adobe</comment><comment xml:lang="eo">metrikoj de Adobe-tiparo</comment><comment xml:lang="es">M&#xE9;tricas de tipo de letra Adobe</comment><comment xml:lang="eu">Adobe letra-tipoen neurriak</comment><comment xml:lang="fi">Adobe-kirjasinmitat</comment><comment xml:lang="fr">m&#xE9;triques de fonte Adobe</comment><comment xml:lang="hu">Adobe-bet&#x171;metrika</comment><comment xml:lang="it">Metrica carattere Adobe</comment><comment xml:lang="ja">Adobe &#x30D5;&#x30A9;&#x30F3;&#x30C8;&#x30E1;&#x30C8;&#x30EA;&#x30C3;&#x30AF;</comment><comment xml:lang="ko">Adobe &#xAE00;&#xAF34; &#xBA54;&#xD2B8;&#xB9AD;&#xC2A4;</comment><comment xml:lang="ms">Metrik font Adobe</comment><comment xml:lang="nb">Adobe skrifttypefil</comment><comment xml:lang="nl">Adobe-lettertype-metrieken</comment><comment xml:lang="nn">Adobe skrifttypemetrikk</comment><comment xml:lang="no">Adobe skrifttypefil</comment><comment xml:lang="pl">Metryka czcionki Adobe</comment><comment xml:lang="pt">m&#xE9;trica de tipos de letra Adobe</comment><comment xml:lang="pt_BR">M&#xE9;tricas de fonte Adobe</comment><comment xml:lang="sq">G&#xEB;rma Adobe metrics</comment><comment xml:lang="sr">Adobe &#x43C;&#x435;&#x442;&#x440;&#x438;&#x43A;&#x430; &#x444;&#x43E;&#x43D;&#x442;&#x430;</comment><comment xml:lang="sv">Adobe-typsnittsmetrik</comment><comment xml:lang="uk">&#x41C;&#x435;&#x442;&#x440;&#x438;&#x43A;&#x438; &#x448;&#x440;&#x438;&#x444;&#x442;&#x443; Adobe</comment></mime-type>
