<?xml version="1.0"?>
<mime-type xmlns="http://www.freedesktop.org/standards/shared-mime-info" type="application/x-font-ttf"><!--Created automatically by update-mime-database. DO NOT EDIT!--><comment>TrueType font</comment><comment xml:lang="bg">&#x428;&#x440;&#x438;&#x444;&#x442;, &#x444;&#x43E;&#x440;&#x43C;&#x430;&#x442; TrueType</comment><comment xml:lang="cs">P&#xED;smo TrueType</comment><comment xml:lang="de">TrueType-Schrift</comment><comment xml:lang="el">&#x3B3;&#x3C1;&#x3B1;&#x3BC;&#x3BC;&#x3B1;&#x3C4;&#x3BF;&#x3C3;&#x3B5;&#x3B9;&#x3C1;&#x3AC; TrueType</comment><comment xml:lang="eo">TrueType-tiparo</comment><comment xml:lang="es">Tipo de letra TrueType</comment><comment xml:lang="eu">TrueType letra-tipoa</comment><comment xml:lang="fi">TrueType-kirjasin</comment><comment xml:lang="fr">fonte Truetype</comment><comment xml:lang="hu">TrueType-bet&#x171;k&#xE9;szlet</comment><comment xml:lang="it">Carattere TrueType</comment><comment xml:lang="ja">TrueType &#x30D5;&#x30A9;&#x30F3;&#x30C8;</comment><comment xml:lang="ko">&#xD2B8;&#xB8E8;&#xD0C0;&#xC785; &#xAE00;&#xAF34;</comment><comment xml:lang="ms">Font TrueType</comment><comment xml:lang="nb">TrueType-skrift</comment><comment xml:lang="nl">TrueType-lettertype</comment><comment xml:lang="nn">TrueType-skrifttype</comment><comment xml:lang="no">TrueType-skrift</comment><comment xml:lang="pl">Czcionka TrueType</comment><comment xml:lang="pt">tipo de letra TrueType</comment><comment xml:lang="pt_BR">Fonte TrueType</comment><comment xml:lang="ru">&#x448;&#x440;&#x438;&#x444;&#x442; TrueType</comment><comment xml:lang="sq">G&#xEB;rma TrueType</comment><comment xml:lang="sr">&#x422;&#x440;&#x443;&#x442;&#x430;&#x458;&#x43F; &#x444;&#x43E;&#x43D;&#x442;</comment><comment xml:lang="sv">Truetype-typsnitt</comment><comment xml:lang="uk">&#x428;&#x440;&#x438;&#x444;&#x442; TrueType</comment><comment xml:lang="zh_CN">TrueType &#x5B57;&#x4F53;</comment></mime-type>
