<?xml version="1.0"?>
<mime-type xmlns="http://www.freedesktop.org/standards/shared-mime-info" type="application/x-font-framemaker"><!--Created automatically by update-mime-database. DO NOT EDIT!--><comment>Adobe FrameMaker font</comment><comment xml:lang="az">Adobe FrameMaker yaz&#x131; n&#xF6;v&#xFC;</comment><comment xml:lang="bg">&#x428;&#x440;&#x438;&#x444;&#x442;, &#x444;&#x43E;&#x440;&#x43C;&#x430;&#x442; Adobe FrameMaker</comment><comment xml:lang="cs">P&#xED;smo Adobe FrameMaker</comment><comment xml:lang="cy">Ffont Adobe FrameMaker</comment><comment xml:lang="de">Adobe FrameMaker-Schrift</comment><comment xml:lang="el">&#x3B3;&#x3C1;&#x3B1;&#x3BC;&#x3BC;&#x3B1;&#x3C4;&#x3BF;&#x3C3;&#x3B5;&#x3B9;&#x3C1;&#x3AC; Adobe FrameMaker</comment><comment xml:lang="eo">tiparo de Adobe FrameMaker</comment><comment xml:lang="es">Tipo de letra de Adobe FrameMaker</comment><comment xml:lang="eu">Adobe FrameMaker-en letra-tipoa</comment><comment xml:lang="fi">Adobe FrameMaker -kirjasin</comment><comment xml:lang="fr">fonte Adobe FrameMaker</comment><comment xml:lang="hu">Adobe FrameMaker-bet&#x171;k&#xE9;szlet</comment><comment xml:lang="it">Carattere Adobe FrameMaker</comment><comment xml:lang="ja">Adobe FrameMaker &#x30D5;&#x30A9;&#x30F3;&#x30C8;</comment><comment xml:lang="ko">Adobe FrameMaker &#xAE00;&#xAF34;</comment><comment xml:lang="ms">Font Adobe FrameMaker</comment><comment xml:lang="nb">Adobe FrameMaker skrifttype</comment><comment xml:lang="nl">Adobe FrameMaker-lettertype</comment><comment xml:lang="nn">Adobe FrameMaker skrifttype</comment><comment xml:lang="no">Adobe FrameMaker skrifttype</comment><comment xml:lang="pl">Czcionka Adobe FrameMakera</comment><comment xml:lang="pt">tipo de letra Adobe FrameMaker</comment><comment xml:lang="pt_BR">Fonte do Adobe FrameMaker</comment><comment xml:lang="sq">G&#xEB;rma Adobe FrameMaker</comment><comment xml:lang="sr">Adobe FrameMaker &#x444;&#x43E;&#x43D;&#x442;</comment><comment xml:lang="sv">Adobe FrameMaker-typsnitt</comment><comment xml:lang="uk">&#x428;&#x440;&#x438;&#x444;&#x442; Adobe FrameMaker</comment><comment xml:lang="zh_CN">Adobe FrameMaker &#x5B57;&#x4F53;</comment></mime-type>
