<?xml version="1.0"?>
<mime-type xmlns="http://www.freedesktop.org/standards/shared-mime-info" type="application/x-font-vfont"><!--Created automatically by update-mime-database. DO NOT EDIT!--><comment>V font</comment><comment xml:lang="az">V yaz&#x131; n&#xF6;v&#xFC;</comment><comment xml:lang="bg">&#x428;&#x440;&#x438;&#x444;&#x442;, &#x444;&#x43E;&#x440;&#x43C;&#x430;&#x442; V</comment><comment xml:lang="cs">P&#xED;smo V</comment><comment xml:lang="cy">Ffont V</comment><comment xml:lang="de">V-Schrift</comment><comment xml:lang="el">&#x3B3;&#x3C1;&#x3B1;&#x3BC;&#x3BC;&#x3B1;&#x3C4;&#x3BF;&#x3C3;&#x3B5;&#x3B9;&#x3C1;&#x3AC; V</comment><comment xml:lang="eo">V-tiparo</comment><comment xml:lang="es">Tipo de letra V</comment><comment xml:lang="eu">V letra-tipoa</comment><comment xml:lang="fi">V-kirjasin</comment><comment xml:lang="fr">fonte V</comment><comment xml:lang="hu">V-bet&#x171;k&#xE9;szlet</comment><comment xml:lang="it">Font V</comment><comment xml:lang="ja">V &#x30D5;&#x30A9;&#x30F3;&#x30C8;</comment><comment xml:lang="ko">V &#xAE00;&#xAF34;</comment><comment xml:lang="ms">Font V</comment><comment xml:lang="nb">V-skrift</comment><comment xml:lang="nl">V-lettertype</comment><comment xml:lang="nn">V-skrifttype</comment><comment xml:lang="no">V-skrift</comment><comment xml:lang="pl">Czcionka V</comment><comment xml:lang="pt">tipo de letra V</comment><comment xml:lang="pt_BR">Fonte V</comment><comment xml:lang="sq">G&#xEB;rm&#xEB; V</comment><comment xml:lang="sr">V &#x444;&#x43E;&#x43D;&#x442;</comment><comment xml:lang="sv">V-typsnitt</comment><comment xml:lang="uk">V-&#x448;&#x440;&#x438;&#x444;&#x442;</comment><comment xml:lang="zh_CN">V &#x5B57;&#x4F53;</comment></mime-type>
