<?xml version="1.0"?>
<mime-type xmlns="http://www.freedesktop.org/standards/shared-mime-info" type="application/x-font-otf"><!--Created automatically by update-mime-database. DO NOT EDIT!--><comment>OpenType font</comment><comment xml:lang="az">OpenType yaz&#x131; n&#xF6;v&#xFC;</comment><comment xml:lang="bg">&#x428;&#x440;&#x438;&#x444;&#x442;, &#x444;&#x43E;&#x440;&#x43C;&#x430;&#x442; OpenType</comment><comment xml:lang="cs">P&#xED;smo OpenType</comment><comment xml:lang="cy">Ffont OpenType</comment><comment xml:lang="de">OpenType-Schrift</comment><comment xml:lang="el">&#x3B3;&#x3C1;&#x3B1;&#x3BC;&#x3BC;&#x3B1;&#x3C4;&#x3BF;&#x3C3;&#x3B5;&#x3B9;&#x3C1;&#x3AC; OpenType </comment><comment xml:lang="eo">OpenType-tiparo</comment><comment xml:lang="es">Tipo de letra OpenType</comment><comment xml:lang="eu">OpenType letra-tipoa</comment><comment xml:lang="fi">OpenType-kirjasin</comment><comment xml:lang="fr">fonte OpenType</comment><comment xml:lang="hu">OpenType-bet&#x171;k&#xE9;szlet</comment><comment xml:lang="it">Carattere OpenType</comment><comment xml:lang="ja">OpenType &#x30D5;&#x30A9;&#x30F3;&#x30C8;</comment><comment xml:lang="ko">&#xC624;&#xD508;&#xD0C0;&#xC785; &#xAE00;&#xAF34;</comment><comment xml:lang="ms">Font OpenType</comment><comment xml:lang="nb">OpenType-skrifttype</comment><comment xml:lang="nl">OpenType-lettertype</comment><comment xml:lang="nn">OpenType-skrifttype</comment><comment xml:lang="no">OpenType-skrifttype</comment><comment xml:lang="pl">Czcionka OpenType</comment><comment xml:lang="pt">tipo de letra OpenType</comment><comment xml:lang="pt_BR">Fonte OpenType</comment><comment xml:lang="sq">G&#xEB;rma OpenType</comment><comment xml:lang="sr">OpenType &#x444;&#x43E;&#x43D;&#x442;</comment><comment xml:lang="sv">OpenType-typsnitt</comment><comment xml:lang="uk">&#x428;&#x440;&#x438;&#x444;&#x442; OpenType</comment><comment xml:lang="zh_CN">OpenType &#x5B57;&#x4F53;</comment></mime-type>
