<?xml version="1.0"?>
<mime-type xmlns="http://www.freedesktop.org/standards/shared-mime-info" type="application/x-font-tex"><!--Created automatically by update-mime-database. DO NOT EDIT!--><comment>TeX font</comment><comment xml:lang="az">TeX yaz&#x131; n&#xF6;v&#xFC;</comment><comment xml:lang="bg">&#x428;&#x440;&#x438;&#x444;&#x442;, &#x444;&#x43E;&#x440;&#x43C;&#x430;&#x442; TeX</comment><comment xml:lang="cs">P&#xED;smo TeX</comment><comment xml:lang="cy">Ffont TeX</comment><comment xml:lang="de">TeX-Schrift</comment><comment xml:lang="el">&#x3B3;&#x3C1;&#x3B1;&#x3BC;&#x3BC;&#x3B1;&#x3C4;&#x3BF;&#x3C3;&#x3B5;&#x3B9;&#x3C1;&#x3AC; TeX</comment><comment xml:lang="eo">TeX-tiparo</comment><comment xml:lang="es">Tipo de letra de TeX</comment><comment xml:lang="eu">TeX letra-tipoa</comment><comment xml:lang="fi">TeX-kirjasin</comment><comment xml:lang="fr">fonte TeX</comment><comment xml:lang="hu">TeX-bet&#x171;k&#xE9;szlet</comment><comment xml:lang="it">Carattere TeX</comment><comment xml:lang="ja">TeX &#x30D5;&#x30A9;&#x30F3;&#x30C8;</comment><comment xml:lang="ko">TeX &#xAE00;&#xAF34;</comment><comment xml:lang="ms">Font TeX</comment><comment xml:lang="nb">TeX-skrift</comment><comment xml:lang="nl">TeX-lettertype</comment><comment xml:lang="nn">TeX-skrifttype</comment><comment xml:lang="no">TeX-skrift</comment><comment xml:lang="pl">Czcionka TeX-a</comment><comment xml:lang="pt">tipo de letra TeX</comment><comment xml:lang="pt_BR">Fonte TeX</comment><comment xml:lang="sq">G&#xEB;rma TeX</comment><comment xml:lang="sr">&#x422;&#x435;&#x425; &#x444;&#x43E;&#x43D;&#x442;</comment><comment xml:lang="sv">TeX-typsnitt</comment><comment xml:lang="uk">&#x428;&#x440;&#x438;&#x444;&#x442; TeX</comment><comment xml:lang="zh_CN">TeX &#x5B57;&#x4F53;</comment></mime-type>
