<?xml version="1.0"?>
<mime-type xmlns="http://www.freedesktop.org/standards/shared-mime-info" type="application/x-font-speedo"><!--Created automatically by update-mime-database. DO NOT EDIT!--><comment>Speedo font</comment><comment xml:lang="az">Speedo yaz&#x131; n&#xF6;v&#xFC;</comment><comment xml:lang="bg">&#x428;&#x440;&#x438;&#x444;&#x442;, &#x444;&#x43E;&#x440;&#x43C;&#x430;&#x442; Speedo</comment><comment xml:lang="cs">P&#xED;smo Speedo</comment><comment xml:lang="cy">Ffont Speedo</comment><comment xml:lang="de">Speedo-Schrift</comment><comment xml:lang="el">&#x3B3;&#x3C1;&#x3B1;&#x3BC;&#x3BC;&#x3B1;&#x3C4;&#x3BF;&#x3C3;&#x3B5;&#x3B9;&#x3C1;&#x3AC; Speedo</comment><comment xml:lang="eo">Speedo-tiparo</comment><comment xml:lang="es">Tipo de letra Speedo</comment><comment xml:lang="eu">Speedo letra-tipoa</comment><comment xml:lang="fi">Speedo-kirjasin</comment><comment xml:lang="fr">fonte Speedo</comment><comment xml:lang="hu">Speedo-bet&#x171;k&#xE9;szlet</comment><comment xml:lang="it">Carattere Speedo</comment><comment xml:lang="ja">Speedo &#x30D5;&#x30A9;&#x30F3;&#x30C8;</comment><comment xml:lang="ko">Speedo &#xAE00;&#xAF34;</comment><comment xml:lang="ms">Font Speedo</comment><comment xml:lang="nb">Speedo-skrifttype</comment><comment xml:lang="nl">Speedo-lettertype</comment><comment xml:lang="nn">Speedo-skrifttype</comment><comment xml:lang="no">Speedo-skrifttype</comment><comment xml:lang="pl">Czcionka Speedo</comment><comment xml:lang="pt">tipo de letra Speedo</comment><comment xml:lang="pt_BR">Fonte Speedo</comment><comment xml:lang="sq">G&#xEB;rma Speedo</comment><comment xml:lang="sr">Speedo &#x444;&#x43E;&#x43D;&#x442;</comment><comment xml:lang="sv">Speedo-typsnitt</comment><comment xml:lang="uk">&#x428;&#x440;&#x438;&#x444;&#x442; Speedo</comment><comment xml:lang="zh_CN">Speedo &#x5B57;&#x4F53;</comment></mime-type>
