<?xml version="1.0"?>
<mime-type xmlns="http://www.freedesktop.org/standards/shared-mime-info" type="application/x-font-dos"><!--Created automatically by update-mime-database. DO NOT EDIT!--><comment>DOS font</comment><comment xml:lang="az">DOS yaz&#x131; n&#xF6;v&#xFC;</comment><comment xml:lang="bg">&#x428;&#x440;&#x438;&#x444;&#x442;, &#x444;&#x43E;&#x440;&#x43C;&#x430;&#x442;  DOS</comment><comment xml:lang="cs">P&#xED;smo pro DOS</comment><comment xml:lang="cy">Ffont DOS</comment><comment xml:lang="de">DOS-Schrift</comment><comment xml:lang="el">&#x3B3;&#x3C1;&#x3B1;&#x3BC;&#x3BC;&#x3B1;&#x3C4;&#x3BF;&#x3C3;&#x3B5;&#x3B9;&#x3C1;&#x3AC; DOS</comment><comment xml:lang="eo">DOS-tiparo</comment><comment xml:lang="es">Tipo de letra DOS</comment><comment xml:lang="eu">DOS letra-tipoa</comment><comment xml:lang="fi">DOS-kirjasin</comment><comment xml:lang="fr">fonte DOS</comment><comment xml:lang="hu">DOS-bet&#x171;k&#xE9;szlet</comment><comment xml:lang="it">Carattere DOS</comment><comment xml:lang="ja">DOS &#x30D5;&#x30A9;&#x30F3;&#x30C8;</comment><comment xml:lang="ko">&#xB3C4;&#xC2A4; &#xAE00;&#xAF34;</comment><comment xml:lang="ms">Font DOS</comment><comment xml:lang="nb">DOS-skrifttype</comment><comment xml:lang="nl">DOS-lettertype</comment><comment xml:lang="nn">DOS-skrifttype</comment><comment xml:lang="no">DOS-skrifttype</comment><comment xml:lang="pl">Czcionka DOS</comment><comment xml:lang="pt">tipo de letra DOS</comment><comment xml:lang="pt_BR">Fonte do DOS</comment><comment xml:lang="sq">G&#xEB;rm&#xEB; DOS</comment><comment xml:lang="sr">DOS &#x444;&#x43E;&#x43D;&#x442;</comment><comment xml:lang="sv">DOS-typsnitt</comment><comment xml:lang="uk">&#x428;&#x440;&#x438;&#x444;&#x442; DOS</comment><comment xml:lang="zh_CN">DOS &#x5B57;&#x4F53;</comment></mime-type>
