<?xml version="1.0"?>
<mime-type xmlns="http://www.freedesktop.org/standards/shared-mime-info" type="application/x-font-libgrx"><!--Created automatically by update-mime-database. DO NOT EDIT!--><comment>LIBGRX font</comment><comment xml:lang="az">LIBGRX yaz&#x131; n&#xF6;v&#xFC;</comment><comment xml:lang="bg">&#x428;&#x440;&#x438;&#x444;&#x442;, &#x444;&#x43E;&#x440;&#x43C;&#x430;&#x442; LIBGRX</comment><comment xml:lang="cs">P&#xED;smo LIBGRX</comment><comment xml:lang="cy">Ffont LIBGRX</comment><comment xml:lang="de">LIBGRX-Schrift</comment><comment xml:lang="el">&#x3B3;&#x3C1;&#x3B1;&#x3BC;&#x3BC;&#x3B1;&#x3C4;&#x3BF;&#x3C3;&#x3B5;&#x3B9;&#x3C1;&#x3AC; LIBGRX</comment><comment xml:lang="eo">LIBGRX-tiparo</comment><comment xml:lang="es">Tipo de letra LIBGRX</comment><comment xml:lang="eu">LIBGRX letra-tipoa</comment><comment xml:lang="fi">LIBGRX-kirjasin</comment><comment xml:lang="fr">fonte LIBGRX</comment><comment xml:lang="hu">LIBGRX-bet&#x171;k&#xE9;szlet</comment><comment xml:lang="it">Carattere LIBGRX</comment><comment xml:lang="ja">LIBGRX &#x30D5;&#x30A9;&#x30FC;&#x30DE;&#x30C3;&#x30C8;</comment><comment xml:lang="ko">LIBGRX &#xAE00;&#xAF34;</comment><comment xml:lang="ms">Font LIBGRX</comment><comment xml:lang="nb">LIBGRX-skrifttype</comment><comment xml:lang="nl">LIBGRX-lettertype</comment><comment xml:lang="nn">LIBGRX skrifttype</comment><comment xml:lang="no">LIBGRX-skrifttype</comment><comment xml:lang="pl">Czcionka LIBGRX</comment><comment xml:lang="pt">tipo de letra LIBGRX</comment><comment xml:lang="pt_BR">Fonte LIBGRX</comment><comment xml:lang="sq">G&#xEB;rma LIBGRX</comment><comment xml:lang="sr">LIBGRX &#x444;&#x43E;&#x43D;&#x442;</comment><comment xml:lang="sv">LIBGRX-typsnitt</comment><comment xml:lang="uk">&#x428;&#x440;&#x438;&#x444;&#x442; LIBGRX</comment><comment xml:lang="zh_CN">LIBGRX &#x5B57;&#x4F53;</comment></mime-type>
