<?xml version="1.0"?>
<mime-type xmlns="http://www.freedesktop.org/standards/shared-mime-info" type="application/x-font-linux-psf"><!--Created automatically by update-mime-database. DO NOT EDIT!--><comment>Linux PSF console font</comment><comment xml:lang="az">Linux PSF konsol yaz&#x131; n&#xF6;v&#xFC;</comment><comment xml:lang="bg">&#x428;&#x440;&#x438;&#x444;&#x442;, &#x444;&#x43E;&#x440;&#x43C;&#x430;&#x442; PSF, &#x437;&#x430; &#x43A;&#x43E;&#x43D;&#x437;&#x43E;&#x43B;&#x430;&#x442;&#x430; &#x43D;&#x430; &#x41B;&#x438;&#x43D;&#x443;&#x43A;&#x441;</comment><comment xml:lang="cs">P&#xED;smo PSF pro konzolu Linuxu</comment><comment xml:lang="cy">Ffont Linux PSF</comment><comment xml:lang="de">Linux-PSF-Konsolenschrift</comment><comment xml:lang="el">&#x3B3;&#x3C1;&#x3B1;&#x3BC;&#x3BC;&#x3B1;&#x3C4;&#x3BF;&#x3C3;&#x3B5;&#x3B9;&#x3C1;&#x3AC; &#x3BA;&#x3BF;&#x3BD;&#x3C3;&#x3CC;&#x3BB;&#x3B1;&#x3C2; PSF Linux</comment><comment xml:lang="eo">PSF-tiparo de Linux-konzolo</comment><comment xml:lang="es">Tipo de letra de consola Linux PSF</comment><comment xml:lang="eu">Linux PSF kontsolako letra-tipoa</comment><comment xml:lang="fi">Linux PSF -konsolikirjasin</comment><comment xml:lang="fr">fonte console Linux PSF</comment><comment xml:lang="hu">Linux PSF konzolos bet&#x171;k&#xE9;szlet</comment><comment xml:lang="it">Carattere console Linux PSF</comment><comment xml:lang="ja">Linux PSF &#x30B3;&#x30F3;&#x30BD;&#x30FC;&#x30EB;&#x30D5;&#x30A9;&#x30F3;&#x30C8;</comment><comment xml:lang="ko">&#xB9AC;&#xB205;&#xC2A4; PSF &#xCF58;&#xC194; &#xAE00;&#xAF34;</comment><comment xml:lang="ms">Font konsol PSF Linux</comment><comment xml:lang="nb">Linux PSF konsollskrifttype</comment><comment xml:lang="nl">Linux PSF-consolelettertype</comment><comment xml:lang="nn">Linux PSF konsoll-skrifttype</comment><comment xml:lang="no">Linux PSF konsollskrifttype</comment><comment xml:lang="pl">Czcionka konsoli PSF Linuksa</comment><comment xml:lang="pt">tipo de letra de consola Linux PSF</comment><comment xml:lang="pt_BR">Fonte de console Linux PSF</comment><comment xml:lang="sq">G&#xEB;rma p&#xEB;r konsol&#xEB; Linux PSF</comment><comment xml:lang="sr">&#x41B;&#x438;&#x43D;&#x443;&#x43A;&#x441; PSF &#x43A;&#x43E;&#x43D;&#x437;&#x43E;&#x43B;&#x43D;&#x438; &#x444;&#x43E;&#x43D;&#x442;</comment><comment xml:lang="sv">Linux PSF-konsolltypsnitt</comment><comment xml:lang="uk">&#x41A;&#x43E;&#x43D;&#x441;&#x43E;&#x43B;&#x44C;&#x43D;&#x438;&#x439; &#x448;&#x440;&#x438;&#x444;&#x442; Linux PSF</comment><comment xml:lang="zh_CN">Linux PSF &#x63A7;&#x5236;&#x53F0;&#x5B57;&#x4F53;</comment></mime-type>
