<?xml version="1.0"?>
<mime-type xmlns="http://www.freedesktop.org/standards/shared-mime-info" type="application/x-font-tex-tfm"><!--Created automatically by update-mime-database. DO NOT EDIT!--><comment>TeX font metrics</comment><comment xml:lang="az">TeX yaz&#x131; n&#xF6;v&#xFC; metrikl&#x259;ri</comment><comment xml:lang="bg">&#x428;&#x440;&#x438;&#x444;&#x442;&#x43E;&#x432;&#x430; &#x43C;&#x435;&#x442;&#x440;&#x438;&#x43A;&#x430;, &#x444;&#x43E;&#x440;&#x43C;&#x430;&#x442; TeX</comment><comment xml:lang="cs">Metrika p&#xED;sma TeX</comment><comment xml:lang="cy">Metrigau Ffont TeX</comment><comment xml:lang="de">TeX-Schriftmetriken</comment><comment xml:lang="el">&#x3BC;&#x3B5;&#x3C4;&#x3C1;&#x3B9;&#x3BA;&#x3AC; &#x3B3;&#x3C1;&#x3B1;&#x3BC;&#x3BC;&#x3B1;&#x3C4;&#x3BF;&#x3C3;&#x3B5;&#x3B9;&#x3C1;&#x3AC;&#x3C2; TeX</comment><comment xml:lang="eo">metrikoj de TeX-tiparo</comment><comment xml:lang="es">M&#xE9;tricas de tipo de letra de TeX</comment><comment xml:lang="eu">TeX letra-tipoen neurriak</comment><comment xml:lang="fi">TeX-kirjasinmitat</comment><comment xml:lang="fr">m&#xE9;triques de fonte TeX</comment><comment xml:lang="hu">TeX-bet&#x171;metrika</comment><comment xml:lang="it">Metrica carattere TeX</comment><comment xml:lang="ja">TeX &#x30D5;&#x30A9;&#x30F3;&#x30C8;&#x30E1;&#x30C8;&#x30EA;&#x30C3;&#x30AF;</comment><comment xml:lang="ko">Tex &#xAE00;&#xAF34; &#xBA54;&#xD2B8;&#xB9AD;&#xC2A4;</comment><comment xml:lang="ms">Metrik font TeX</comment><comment xml:lang="nb">TeX skrifttypemetrikk</comment><comment xml:lang="nl">TeX-lettertype-metrieken</comment><comment xml:lang="nn">TeX skrifttypemetrikk</comment><comment xml:lang="no">TeX skrifttypemetrikk</comment><comment xml:lang="pl">Metryki czcionki TeX-a</comment><comment xml:lang="pt">m&#xE9;tricas de tipo de letra TeX</comment><comment xml:lang="pt_BR">M&#xE9;trica de fonte TeX</comment><comment xml:lang="sq">G&#xEB;rma TeX metrics</comment><comment xml:lang="sr">&#x422;&#x435;&#x425; &#x43C;&#x435;&#x442;&#x440;&#x438;&#x43A;&#x430; &#x444;&#x43E;&#x43D;&#x442;&#x430;</comment><comment xml:lang="sv">TeX-typsnittsmetrik</comment><comment xml:lang="uk">&#x41C;&#x435;&#x442;&#x440;&#x438;&#x43A;&#x438; &#x448;&#x440;&#x438;&#x444;&#x442;&#x443; TeX</comment></mime-type>
