<?xml version="1.0"?>
<mime-type xmlns="http://www.freedesktop.org/standards/shared-mime-info" type="application/x-font-pcf"><!--Created automatically by update-mime-database. DO NOT EDIT!--><comment>PCF font</comment><comment xml:lang="az">PCF yaz&#x131; n&#xF6;v&#xFC;</comment><comment xml:lang="bg">&#x428;&#x440;&#x438;&#x444;&#x442;, &#x444;&#x43E;&#x440;&#x43C;&#x430;&#x442; PCF</comment><comment xml:lang="cs">P&#xED;smo PCF</comment><comment xml:lang="cy">Ffont PCF</comment><comment xml:lang="de">PCF-Schrift</comment><comment xml:lang="el">&#x3B3;&#x3C1;&#x3B1;&#x3BC;&#x3BC;&#x3B1;&#x3C4;&#x3BF;&#x3C3;&#x3B5;&#x3B9;&#x3C1;&#x3AC; PCF</comment><comment xml:lang="eo">PCF-tiparo</comment><comment xml:lang="es">Tipo de letra PCF</comment><comment xml:lang="eu">PCF letra-tipoa</comment><comment xml:lang="fi">PCF-kirjasin</comment><comment xml:lang="fr">fonte PCF</comment><comment xml:lang="hu">PCF-bet&#x171;k&#xE9;szlet</comment><comment xml:lang="it">Carattere PCF</comment><comment xml:lang="ja">PCF &#x30D5;&#x30A9;&#x30F3;&#x30C8;</comment><comment xml:lang="ko">PCF &#xAE00;&#xAF34;</comment><comment xml:lang="ms">Font PCF</comment><comment xml:lang="nb">PCF-skrifttype</comment><comment xml:lang="nl">PCF-lettertype</comment><comment xml:lang="nn">PCF-skrifttype</comment><comment xml:lang="no">PCF-skrifttype</comment><comment xml:lang="pl">Czcionka PCF</comment><comment xml:lang="pt">tipo de letra PCF</comment><comment xml:lang="pt_BR">Fonte PCF</comment><comment xml:lang="sq">G&#xEB;rma PCF</comment><comment xml:lang="sr">PCF &#x444;&#x43E;&#x43D;&#x442;</comment><comment xml:lang="sv">PCF-typsnitt</comment><comment xml:lang="uk">&#x428;&#x440;&#x438;&#x444;&#x442; PCF</comment><comment xml:lang="zh_CN">PCF &#x5B57;&#x4F53;</comment></mime-type>
