<?xml version="1.0"?>
<mime-type xmlns="http://www.freedesktop.org/standards/shared-mime-info" type="application/x-font-bdf"><!--Created automatically by update-mime-database. DO NOT EDIT!--><comment>BDF font</comment><comment xml:lang="az">BDF yaz&#x131; n&#xF6;v&#xFC;</comment><comment xml:lang="bg">&#x428;&#x440;&#x438;&#x444;&#x442;, &#x444;&#x43E;&#x440;&#x43C;&#x430;&#x442; BDF</comment><comment xml:lang="cs">P&#xED;smo BDF</comment><comment xml:lang="cy">Ffont BDF</comment><comment xml:lang="de">BDF-Schrift</comment><comment xml:lang="el">&#x3B3;&#x3C1;&#x3B1;&#x3BC;&#x3BC;&#x3B1;&#x3C4;&#x3BF;&#x3C3;&#x3B5;&#x3B9;&#x3C1;&#x3AC; BDF</comment><comment xml:lang="eo">BDF-tiparo</comment><comment xml:lang="es">Tipo de letra BDF</comment><comment xml:lang="eu">BDF letra-tipoa</comment><comment xml:lang="fi">BDF-kirjasin</comment><comment xml:lang="fr">fonte BDF</comment><comment xml:lang="hu">BDF-bet&#x171;k&#xE9;szlet</comment><comment xml:lang="it">Carattere BDF</comment><comment xml:lang="ja">BDF &#x30D5;&#x30A9;&#x30F3;&#x30C8;</comment><comment xml:lang="ko">BDF &#xAE00;&#xAF34;</comment><comment xml:lang="ms">Font BDF</comment><comment xml:lang="nb">BDF-skrifttype</comment><comment xml:lang="nl">BDF-lettertype</comment><comment xml:lang="nn">BDF-skrifttype</comment><comment xml:lang="no">BDF-skrifttype</comment><comment xml:lang="pl">Czcionka BDF</comment><comment xml:lang="pt">tipo de letra BDF</comment><comment xml:lang="pt_BR">Fonte BDF</comment><comment xml:lang="sq">G&#xEB;rma BDF</comment><comment xml:lang="sr">BDF &#x444;&#x43E;&#x43D;&#x442;</comment><comment xml:lang="sv">BDF-typsnitt</comment><comment xml:lang="uk">&#x428;&#x440;&#x438;&#x444;&#x442; BDF</comment><comment xml:lang="zh_CN">BDF &#x5B57;&#x4F53;</comment></mime-type>
