<?xml version="1.0"?>
<mime-type xmlns="http://www.freedesktop.org/standards/shared-mime-info" type="application/x-font-sunos-news"><!--Created automatically by update-mime-database. DO NOT EDIT!--><comment>SunOS News font</comment><comment xml:lang="az">SunOS News yaz&#x131; n&#xF6;v&#xFC;</comment><comment xml:lang="bg">&#x428;&#x440;&#x438;&#x444;&#x442;, &#x444;&#x43E;&#x440;&#x43C;&#x430;&#x442; SunOS&#xB7;News</comment><comment xml:lang="cs">P&#xED;smo SunOS News</comment><comment xml:lang="cy">Ffont SunOS News</comment><comment xml:lang="de">SunOS News-Schrift</comment><comment xml:lang="el">&#x3B3;&#x3C1;&#x3B1;&#x3BC;&#x3BC;&#x3B1;&#x3C4;&#x3BF;&#x3C3;&#x3B5;&#x3B9;&#x3C1;&#x3AC; SunOS News</comment><comment xml:lang="eo">tiparo de SunOS News</comment><comment xml:lang="es">Tipo de letra SunOS News</comment><comment xml:lang="eu">SunOs News letra-tipoa</comment><comment xml:lang="fi">SunOS News -kirjasin</comment><comment xml:lang="fr">fonte SunOS News</comment><comment xml:lang="hu">SunOS News-bet&#x171;k&#xE9;szlet</comment><comment xml:lang="it">Carattere SunOS News</comment><comment xml:lang="ja">SunOS News &#x30D5;&#x30A9;&#x30F3;&#x30C8;</comment><comment xml:lang="ko">SunOS News &#xAE00;&#xAF34;</comment><comment xml:lang="ms">Font News SunOS</comment><comment xml:lang="nb">SunOS News-skrifttype</comment><comment xml:lang="nl">SunOS News-lettertype</comment><comment xml:lang="nn">SunOS NEWS-skrifttype</comment><comment xml:lang="no">SunOS News-skrifttype</comment><comment xml:lang="pl">Czcionka SunOS News</comment><comment xml:lang="pt">tipo de letra SunOS News</comment><comment xml:lang="pt_BR">Fonte SunOS News</comment><comment xml:lang="sq">G&#xEB;rma SunOS News</comment><comment xml:lang="sr">SunOS News &#x444;&#x43E;&#x43D;&#x442;</comment><comment xml:lang="sv">SunOS News-typsnitt</comment><comment xml:lang="uk">&#x428;&#x440;&#x438;&#x444;&#x442; SunOS News</comment><comment xml:lang="zh_CN">SunOS News &#x5B57;&#x4F53;</comment></mime-type>
