<?xml version="1.0"?>
<mime-type xmlns="http://www.freedesktop.org/standards/shared-mime-info" type="application/x-gameboy-rom"><!--Created automatically by update-mime-database. DO NOT EDIT!--><comment>Game Boy ROM</comment><comment xml:lang="bg">ROM, &#x444;&#x43E;&#x440;&#x43C;&#x430;&#x442; Game Boy</comment><comment xml:lang="cs">ROM pro Game Boy</comment><comment xml:lang="de">Game Boy-ROM</comment><comment xml:lang="el">&#x3B5;&#x3B9;&#x3BA;&#x3CC;&#x3BD;&#x3B1; &#x3BC;&#x3BD;&#x3AE;&#x3BC;&#x3B7;&#x3C2; ROM GameBoy</comment><comment xml:lang="eo">NLM de Game Boy</comment><comment xml:lang="es">ROM de Game Boy</comment><comment xml:lang="eu">Game Boy-eko ROMa</comment><comment xml:lang="fi">Game Boy -ROM</comment><comment xml:lang="fr">ROM Game Boy</comment><comment xml:lang="hu">Game Boy ROM</comment><comment xml:lang="it">ROM Game Boy</comment><comment xml:lang="ja">&#x30B2;&#x30FC;&#x30E0;&#x30DC;&#x30FC;&#x30A4; ROM</comment><comment xml:lang="ko">&#xAC8C;&#xC784;&#xBCF4;&#xC774; &#xB86C;</comment><comment xml:lang="ms">ROM Game Boy</comment><comment xml:lang="nb">Game Boy-ROM</comment><comment xml:lang="nl">Game Boy-ROM</comment><comment xml:lang="nn">Game Boy-ROM</comment><comment xml:lang="no">Game Boy-ROM</comment><comment xml:lang="pl">Game Boy - plik z ROM-em</comment><comment xml:lang="pt">ROM Game Boy</comment><comment xml:lang="pt_BR">ROM do Game Boy</comment><comment xml:lang="sq">ROM Game Boy</comment><comment xml:lang="sr">&#x413;&#x435;&#x458;&#x43C;&#x431;&#x43E;&#x458; &#x420;&#x41E;&#x41C;</comment><comment xml:lang="sv">Game Boy-rom</comment><comment xml:lang="uk">&#x41F;&#x417;&#x41F; Game Boy</comment><comment xml:lang="zh_CN">Game Boy ROM</comment></mime-type>
