<?xml version="1.0"?>
<mime-type xmlns="http://www.freedesktop.org/standards/shared-mime-info" type="application/x-gettext-translation"><!--Created automatically by update-mime-database. DO NOT EDIT!--><comment>translated messages (machine-readable)</comment><comment xml:lang="bg">&#x41F;&#x440;&#x435;&#x432;&#x435;&#x434;&#x435;&#x43D;&#x438; &#x441;&#x44A;&#x43E;&#x431;&#x449;&#x435;&#x43D;&#x438;&#x44F;, &#x43C;&#x430;&#x448;&#x438;&#x43D;&#x435;&#x43D; &#x444;&#x43E;&#x440;&#x43C;&#x430;&#x442;</comment><comment xml:lang="cs">P&#x159;elo&#x17E;en&#xE9; zpr&#xE1;vy (&#x10D;iteln&#xE9; po&#x10D;&#xED;ta&#x10D;em)</comment><comment xml:lang="de">&#xFC;bersetzte Meldungen (maschinenlesbar)</comment><comment xml:lang="el">&#x3BC;&#x3B5;&#x3C4;&#x3B1;&#x3C6;&#x3C1;&#x3B1;&#x3C3;&#x3BC;&#x3AD;&#x3BD;&#x3B1; &#x3BC;&#x3B7;&#x3BD;&#x3CD;&#x3BC;&#x3B1;&#x3C4;&#x3B1; (&#x3B3;&#x3B9;&#x3B1; &#x3BC;&#x3B7;&#x3C7;&#x3B1;&#x3BD;&#x3B9;&#x3BA;&#x3AE; &#x3B1;&#x3BD;&#x3AC;&#x3B3;&#x3BD;&#x3C9;&#x3C3;&#x3B7;)</comment><comment xml:lang="eo">tradukitaj mesa&#x11D;oj (ma&#x15D;inlegebla)</comment><comment xml:lang="es">mensajes traducidos (legibles por m&#xE1;quinas)</comment><comment xml:lang="eu">itzulitako mezuak (ordenagailuek irakurtzeko)</comment><comment xml:lang="fi">k&#xE4;&#xE4;nnetyt viestit (koneluettava)</comment><comment xml:lang="fr">messages traduits (lisibles par machine)</comment><comment xml:lang="hu">leford&#xED;tott &#xFC;zenetek (g&#xE9;pi k&#xF3;d)</comment><comment xml:lang="ja">&#x7FFB;&#x8A33;&#x30E1;&#x30C3;&#x30BB;&#x30FC;&#x30B8; (&#x30DE;&#x30B7;&#x30F3;&#x7528;)</comment><comment xml:lang="ko">(&#xAE30;&#xACC4;&#xC5B8;&#xC5B4;&#xB85C; &#xB41C;) &#xBC88;&#xC5ED; &#xBA54;&#xC138;&#xC9C0;</comment><comment xml:lang="ms">Mesej diterjemah (bolehdibaca-mesin)</comment><comment xml:lang="nb">oversatte meldinger (maskinlesbar)</comment><comment xml:lang="nl">vertaalde berichten (machine-leesbaar)</comment><comment xml:lang="nn">oversette meldingar (maskinlesbare)</comment><comment xml:lang="no">oversatte meldinger (maskinlesbar)</comment><comment xml:lang="pl">przet&#x142;umaczone komunikaty (czytelne dla maszyny)</comment><comment xml:lang="pt">mensagens traduzidas (leitura pelo computador)</comment><comment xml:lang="pt_BR">Mensagens traduzidas (leg&#xED;vel por m&#xE1;quinas)</comment><comment xml:lang="ru">&#x43F;&#x435;&#x440;&#x435;&#x432;&#x43E;&#x434;&#x44B; &#x441;&#x43E;&#x43E;&#x431;&#x449;&#x435;&#x43D;&#x438;&#x439; (&#x43E;&#x442;&#x43A;&#x43E;&#x43C;&#x43F;&#x438;&#x43B;&#x438;&#x440;&#x43E;&#x432;&#x430;&#x43D;&#x44B;&#x435;)</comment><comment xml:lang="sq">mesazhe t&#xEB; p&#xEB;rkthyer (t&#xEB; lexueshme nga makina)</comment><comment xml:lang="sr">&#x43F;&#x440;&#x435;&#x432;&#x435;&#x434;&#x435;&#x43D;&#x435; &#x43F;&#x43E;&#x440;&#x443;&#x43A;&#x435; (&#x43C;&#x430;&#x448;&#x438;&#x43D;&#x430;&#x43C;&#x430; &#x447;&#x438;&#x442;&#x459;&#x438;&#x432;&#x43E;)</comment><comment xml:lang="sv">&#xF6;versatta meddelanden (maskinl&#xE4;sbara)</comment><comment xml:lang="uk">&#x43F;&#x435;&#x440;&#x435;&#x43A;&#x43B;&#x430;&#x434;&#x435;&#x43D;&#x456; &#x43F;&#x43E;&#x432;&#x456;&#x434;&#x43E;&#x43C;&#x43B;&#x435;&#x43D;&#x43D;&#x44F; (&#x443; &#x43C;&#x430;&#x448;&#x438;&#x43D;&#x43D;&#x456;&#x439; &#x444;&#x43E;&#x440;&#x43C;&#x456;)</comment><comment xml:lang="zh_CN">&#x7FFB;&#x8BD1;&#x7684;&#x6D88;&#x606F;(&#x673A;&#x8BFB;)</comment></mime-type>
