<?xml version="1.0"?>
<mime-type xmlns="http://www.freedesktop.org/standards/shared-mime-info" type="application/x-genesis-rom"><!--Created automatically by update-mime-database. DO NOT EDIT!--><comment>Genesis ROM</comment><comment xml:lang="bg">ROM, &#x444;&#x43E;&#x440;&#x43C;&#x430;&#x442; Genesis</comment><comment xml:lang="cs">ROM pro Genesis</comment><comment xml:lang="de">Genesis-ROM</comment><comment xml:lang="el">&#x3B5;&#x3B9;&#x3BA;&#x3CC;&#x3BD;&#x3B1; &#x3BC;&#x3BD;&#x3AE;&#x3BC;&#x3B7;&#x3C2; ROM Genesis</comment><comment xml:lang="eo">Genesis-NLM</comment><comment xml:lang="es">ROM de Genesis (Mega Drive)</comment><comment xml:lang="eu">Genesis-eko ROMa</comment><comment xml:lang="fi">Genesis-ROM</comment><comment xml:lang="fr">ROM Genesis</comment><comment xml:lang="hu">Genesis ROM</comment><comment xml:lang="it">ROM Genesis</comment><comment xml:lang="ja">Genesis ROM</comment><comment xml:lang="ko">&#xC81C;&#xB124;&#xC2DC;&#xC2A4; &#xB86C;</comment><comment xml:lang="ms">ROM Genesis</comment><comment xml:lang="nb">Genesis-ROM</comment><comment xml:lang="nl">Genesis-ROM</comment><comment xml:lang="nn">Genesis-ROM</comment><comment xml:lang="no">Genesis-ROM</comment><comment xml:lang="pl">Genesis - plik z ROM-em</comment><comment xml:lang="pt">ROM Genesis</comment><comment xml:lang="pt_BR">ROM do G&#xEA;nesis (Mega Drive)</comment><comment xml:lang="sq">ROM Genesis</comment><comment xml:lang="sr">Genesis &#x420;&#x41E;&#x41C;</comment><comment xml:lang="sv">Genesis-rom</comment><comment xml:lang="uk">&#x41F;&#x417;&#x41F; Genesis</comment><comment xml:lang="zh_CN">Genesis ROM</comment></mime-type>
