<?xml version="1.0"?>
<mime-type xmlns="http://www.freedesktop.org/standards/shared-mime-info" type="application/x-glade"><!--Created automatically by update-mime-database. DO NOT EDIT!--><sub-class-of type="text/xml"/><comment>Glade project</comment><comment xml:lang="az">Glade layih&#x259;si</comment><comment xml:lang="bg">&#x41F;&#x440;&#x43E;&#x435;&#x43A;&#x442;&#x435;&#x43D; &#x444;&#x430;&#x439;&#x43B;, &#x444;&#x43E;&#x440;&#x43C;&#x430;&#x442; Glade</comment><comment xml:lang="cs">Projekt Glade</comment><comment xml:lang="cy">Prosiect Glade</comment><comment xml:lang="de">Glade-Projekt</comment><comment xml:lang="el">&#x3AD;&#x3C1;&#x3B3;&#x3BF; Glade</comment><comment xml:lang="eo">Glade-projekto</comment><comment xml:lang="es">Proyecto de Glade</comment><comment xml:lang="eu">Glade projektua</comment><comment xml:lang="fi">Glade-projekti</comment><comment xml:lang="fr">projet Glade</comment><comment xml:lang="hu">Glade-projekt</comment><comment xml:lang="it">Progetto Glade</comment><comment xml:lang="ja">Glade &#x30D7;&#x30ED;&#x30B8;&#x30A7;&#x30AF;&#x30C8;</comment><comment xml:lang="ko">Glade &#xD504;&#xB85C;&#xC81D;&#xD2B8;</comment><comment xml:lang="ms">Projek Glade</comment><comment xml:lang="nb">Glade prosjekt</comment><comment xml:lang="nl">Glade-project</comment><comment xml:lang="nn">Glade prosjekt</comment><comment xml:lang="no">Glade prosjekt</comment><comment xml:lang="pl">Projekt Glade</comment><comment xml:lang="pt">projecto Glade</comment><comment xml:lang="pt_BR">Projeto do Glade</comment><comment xml:lang="sq">Projekt Glade</comment><comment xml:lang="sr">&#x413;&#x43B;&#x435;&#x458;&#x434; &#x43F;&#x440;&#x43E;&#x458;&#x435;&#x43A;&#x430;&#x442;</comment><comment xml:lang="sv">Glade-projekt</comment><comment xml:lang="uk">&#x41F;&#x440;&#x43E;&#x435;&#x43A;&#x442; Glade</comment><comment xml:lang="zh_CN">Glade &#x5DE5;&#x7A0B;</comment></mime-type>
