<?xml version="1.0"?>
<mime-type xmlns="http://www.freedesktop.org/standards/shared-mime-info" type="application/x-gmc-link"><!--Created automatically by update-mime-database. DO NOT EDIT!--><comment>GMC link</comment><comment xml:lang="az">GMC k&#xF6;rp&#xFC;s&#xFC;</comment><comment xml:lang="bg">&#x412;&#x440;&#x44A;&#x437;&#x43A;&#x430; &#x437;&#x430; GMC</comment><comment xml:lang="cs">Odkaz GMC</comment><comment xml:lang="cy">Cyswllt GMC</comment><comment xml:lang="de">GMC-Link</comment><comment xml:lang="el">&#x3C3;&#x3CD;&#x3BD;&#x3B4;&#x3B5;&#x3C3;&#x3BC;&#x3BF;&#x3C2; GMC</comment><comment xml:lang="eo">GMC-ligilo</comment><comment xml:lang="es">Enlace GMC</comment><comment xml:lang="eu">GMC esteka</comment><comment xml:lang="fi">GMC-linkki</comment><comment xml:lang="fr">lien GMC</comment><comment xml:lang="hu">GMC-link</comment><comment xml:lang="it">Collegamento di GMC</comment><comment xml:lang="ja">GMC &#x30EA;&#x30F3;&#x30AF;</comment><comment xml:lang="ko">GMC &#xC5F0;&#xACB0;</comment><comment xml:lang="ms">Pautan GMC</comment><comment xml:lang="nb">GMC-lenke</comment><comment xml:lang="nl">GMC-verwijzing</comment><comment xml:lang="nn">GMC-lenkje</comment><comment xml:lang="no">GMC-lenke</comment><comment xml:lang="pl">Odno&#x15B;nik GMC</comment><comment xml:lang="pt">'link' GMC</comment><comment xml:lang="pt_BR">Link GMC</comment><comment xml:lang="sq">Lidhje GMC</comment><comment xml:lang="sr">GMC &#x432;&#x435;&#x437;&#x430;</comment><comment xml:lang="sv">GMC-l&#xE4;nk</comment><comment xml:lang="uk">&#x41F;&#x43E;&#x441;&#x438;&#x43B;&#x430;&#x43D;&#x43D;&#x44F; GMC</comment><comment xml:lang="zh_CN">GMC &#x94FE;&#x63A5;</comment></mime-type>
