<?xml version="1.0"?>
<mime-type xmlns="http://www.freedesktop.org/standards/shared-mime-info" type="application/x-gnucash"><!--Created automatically by update-mime-database. DO NOT EDIT!--><comment>GnuCash spreadsheet</comment><comment xml:lang="bg">&#x422;&#x430;&#x431;&#x43B;&#x438;&#x446;&#x430;, &#x444;&#x43E;&#x440;&#x43C;&#x430;&#x442; GnuCash</comment><comment xml:lang="cs">Tabulka GnuCash</comment><comment xml:lang="de">GnuCash-Tabellendokument</comment><comment xml:lang="el">&#x3BB;&#x3BF;&#x3B3;&#x3B9;&#x3C3;&#x3C4;&#x3B9;&#x3BA;&#x3CC; &#x3C6;&#x3CD;&#x3BB;&#x3BB;&#x3BF; Gnucash</comment><comment xml:lang="eo">GnuCash-sterntabelo</comment><comment xml:lang="es">Hoja de c&#xE1;lculo de GnuCash</comment><comment xml:lang="eu">GnuCash kalkulu-orria</comment><comment xml:lang="fi">GnuCash-taulukko</comment><comment xml:lang="fr">chiffier GnuCash</comment><comment xml:lang="hu">GnuCash-munkaf&#xFC;zet</comment><comment xml:lang="it">Foglio di calcolo GnuCash</comment><comment xml:lang="ja">GnuCash &#x30B9;&#x30D7;&#x30EC;&#x30C3;&#x30C9;&#x30B7;&#x30FC;&#x30C8;</comment><comment xml:lang="ko">GnuCash &#xC2A4;&#xD504;&#xB808;&#xB4DC;&#xC2DC;&#xD2B8;</comment><comment xml:lang="ms">Hamparan GnuCash</comment><comment xml:lang="nb">GnuCash-regneark</comment><comment xml:lang="nl">GnuCash-rekenblad</comment><comment xml:lang="nn">GnuCash-rekneark</comment><comment xml:lang="no">GnuCash-regneark</comment><comment xml:lang="pl">Arkusz kalkulacyjny GnuCash</comment><comment xml:lang="pt">folha de c&#xE1;lculo GnuCash</comment><comment xml:lang="pt_BR">Planilha do GnuCash</comment><comment xml:lang="sq">Flet&#xEB; llogarit&#xEB;se GnuCash</comment><comment xml:lang="sr">&#x413;&#x43D;&#x443;&#x41A;&#x435;&#x448; &#x442;&#x430;&#x431;&#x435;&#x43B;&#x430;&#x440;&#x43D;&#x438; &#x43F;&#x440;&#x43E;&#x440;&#x430;&#x447;&#x443;&#x43D;</comment><comment xml:lang="sv">GnuCash-kalkylblad</comment><comment xml:lang="uk">&#x415;&#x43B;.&#x442;&#x430;&#x431;&#x43B;&#x438;&#x446;&#x44F; GnuCash</comment><comment xml:lang="zh_CN">GnuCash &#x5DE5;&#x4F5C;&#x7C3F;</comment></mime-type>
