<?xml version="1.0"?>
<mime-type xmlns="http://www.freedesktop.org/standards/shared-mime-info" type="application/x-gnumeric"><!--Created automatically by update-mime-database. DO NOT EDIT!--><comment>Gnumeric spreadsheet</comment><comment xml:lang="bg">&#x422;&#x430;&#x431;&#x43B;&#x438;&#x446;&#x430;, &#x444;&#x43E;&#x440;&#x43C;&#x430;&#x442; Gnumeric</comment><comment xml:lang="cs">Tabulka Gnumeric</comment><comment xml:lang="de">Gnumeric-Tabellendokument</comment><comment xml:lang="el">&#x39B;&#x3BF;&#x3B3;&#x3B9;&#x3C3;&#x3C4;&#x3B9;&#x3BA;&#x3CC; &#x3C6;&#x3CD;&#x3BB;&#x3BB;&#x3BF; Gnumeric</comment><comment xml:lang="eo">Gnumeric-sterntabelo</comment><comment xml:lang="es">Hoja de c&#xE1;lculo de Gnumeric</comment><comment xml:lang="eu">Gnumeric kalkulu-orria</comment><comment xml:lang="fi">Gnumeric-taulukko</comment><comment xml:lang="fr">chiffrier Gnumeric</comment><comment xml:lang="hu">Gnumeric-munkaf&#xFC;zet</comment><comment xml:lang="it">Foglio di calcolo Gnumeric</comment><comment xml:lang="ja">Gnumeric &#x30B9;&#x30D7;&#x30EC;&#x30C3;&#x30C9;&#x30B7;&#x30FC;&#x30C8;</comment><comment xml:lang="ko">Gnumeric &#xC2A4;&#xD504;&#xB808;&#xB4DC;&#xC2DC;&#xD2B8;</comment><comment xml:lang="ms">Hamparan Gnumeric</comment><comment xml:lang="nb">Gnumeric-regneark</comment><comment xml:lang="nl">Gnumeric-rekenblad</comment><comment xml:lang="nn">Gnumeric-rekneark</comment><comment xml:lang="no">Gnumeric-regneark</comment><comment xml:lang="pl">Arkusz kalkulacyjny Gnumeric</comment><comment xml:lang="pt">folha de c&#xE1;lculo Gnumeric</comment><comment xml:lang="pt_BR">Planilha do Gnumeric</comment><comment xml:lang="ru">&#x43A;&#x43D;&#x438;&#x433;&#x430; &#x44D;&#x43B;&#x435;&#x43A;&#x442;&#x440;&#x43E;&#x43D;&#x43D;&#x43E;&#x439; &#x442;&#x430;&#x431;&#x43B;&#x438;&#x446;&#x44B; Gnumeric</comment><comment xml:lang="sq">Flet&#xEB; llogarit&#xEB;se Gnumeric</comment><comment xml:lang="sr">&#x413;&#x43D;&#x443;&#x43C;&#x435;&#x440;&#x438;&#x43A; &#x442;&#x430;&#x431;&#x435;&#x43B;&#x430;&#x440;&#x43D;&#x438; &#x440;&#x430;&#x447;&#x443;&#x43D;</comment><comment xml:lang="sv">Gnumeric-kalkylblad</comment><comment xml:lang="uk">&#x415;&#x43B;.&#x442;&#x430;&#x431;&#x43B;&#x438;&#x446;&#x44F; Gnumeric</comment><comment xml:lang="zh_CN">Gnumeric &#x5DE5;&#x4F5C;&#x7C3F;</comment></mime-type>
