<?xml version="1.0"?>
<mime-type xmlns="http://www.freedesktop.org/standards/shared-mime-info" type="application/x-graphite"><!--Created automatically by update-mime-database. DO NOT EDIT!--><comment>Graphite scientific graph</comment><comment xml:lang="bg">&#x413;&#x440;&#x430;&#x444;&#x438;&#x43A;&#x430;, &#x444;&#x43E;&#x440;&#x43C;&#x430;&#x442; Graphite</comment><comment xml:lang="cs">V&#x11B;deck&#xFD; graf Graphite</comment><comment xml:lang="de">wissenschaftlicher Graphite-Graph</comment><comment xml:lang="el">&#x3B5;&#x3C0;&#x3B9;&#x3C3;&#x3C4;&#x3B7;&#x3BC;&#x3BF;&#x3BD;&#x3B9;&#x3BA;&#x3CC; &#x3B3;&#x3C1;&#x3AC;&#x3C6;&#x3B7;&#x3BC;&#x3B1; Graphite</comment><comment xml:lang="eo">scienca grafika&#x135;o de Graphite</comment><comment xml:lang="es">Gr&#xE1;fica cient&#xED;fica de Graphite</comment><comment xml:lang="eu">Graphite - grafiko zientifikoak</comment><comment xml:lang="fi">Graphite- tieteellinen graafi</comment><comment xml:lang="fr">graphe Graphite scientific</comment><comment xml:lang="hu">Graphite tudom&#xE1;nyos grafikon</comment><comment xml:lang="it">Grafico scientifico Graphite</comment><comment xml:lang="ja">Graphite scientific &#x30B0;&#x30E9;&#x30D5;</comment><comment xml:lang="ko">Graphite &#xACF5;&#xD559; &#xADF8;&#xB798;&#xD504;</comment><comment xml:lang="ms">Graf saintifik Graphite</comment><comment xml:lang="nb">Vitenskapelig graf fra Graphite</comment><comment xml:lang="nl">Graphite wetenschappelijke grafiek</comment><comment xml:lang="nn">Graphite vitskaplege graf</comment><comment xml:lang="pl">Wykres Graphite scientific</comment><comment xml:lang="pt">gr&#xE1;fico cient&#xED;fico Graphite</comment><comment xml:lang="pt_BR">Gr&#xE1;fico cient&#xED;fico do Graphite</comment><comment xml:lang="sq">Grafik shllogarit&#xEB;s Graphite </comment><comment xml:lang="sr">Graphite &#x43D;&#x430;&#x443;&#x447;&#x43D;&#x438; &#x433;&#x440;&#x430;&#x444;&#x438;&#x43A;&#x43E;&#x43D;&#x438;</comment><comment xml:lang="sv">Vetenskaplig Graphite-grafer</comment><comment xml:lang="uk">&#x41D;&#x430;&#x443;&#x43A;&#x43E;&#x432;&#x430; &#x433;&#x440;&#x430;&#x444;&#x456;&#x43A;&#x430; Graphite</comment><comment xml:lang="zh_CN">Graphite &#x79D1;&#x5B66;&#x56FE;&#x5F62;</comment></mime-type>
