<?xml version="1.0"?>
<mime-type xmlns="http://www.freedesktop.org/standards/shared-mime-info" type="application/x-gtktalog"><!--Created automatically by update-mime-database. DO NOT EDIT!--><comment>GTKtalog catalog</comment><comment xml:lang="bg">&#x41A;&#x430;&#x442;&#x430;&#x43B;&#x43E;&#x433;, &#x444;&#x43E;&#x440;&#x43C;&#x430;&#x442; Gtktalog</comment><comment xml:lang="cs">Katalog GTKtalog</comment><comment xml:lang="de">GTKtalog-Katalog</comment><comment xml:lang="el">&#x39A;&#x3B1;&#x3C4;&#x3AC;&#x3BB;&#x3BF;&#x3B3;&#x3BF;&#x3C2; GTKtalog</comment><comment xml:lang="eo">katalogo de GTKtalog</comment><comment xml:lang="es">Cat&#xE1;logo de GTKtalog</comment><comment xml:lang="eu">Gtktalog katalogoa</comment><comment xml:lang="fi">GTKtalog-luettelo</comment><comment xml:lang="fr">catalogue Gtktalog</comment><comment xml:lang="hu">GTKtalog-katal&#xF3;gus</comment><comment xml:lang="it">Catalogo GTKcatalog</comment><comment xml:lang="ja">GTKtalog &#x30AB;&#x30BF;&#x30ED;&#x30B0;</comment><comment xml:lang="ko">GTKtalog &#xCE74;&#xD0C8;&#xB85C;&#xADF8;</comment><comment xml:lang="ms">Katalog GTKtalog</comment><comment xml:lang="nb">GTKtalog-katalog</comment><comment xml:lang="nl">GTKtalog-catalogus</comment><comment xml:lang="nn">GTKtalog-katalog</comment><comment xml:lang="no">GTKtalog-katalog</comment><comment xml:lang="pl">Katalog programu GTKtalog</comment><comment xml:lang="pt">cat&#xE1;logo GTKtalog</comment><comment xml:lang="pt_BR">Cat&#xE1;logo GTKtalog</comment><comment xml:lang="sq">Katallog GTKtalog</comment><comment xml:lang="sr">&#x413;&#x442;&#x43A;&#x442;&#x430;&#x43B;&#x43E;&#x433; &#x43A;&#x430;&#x442;&#x430;&#x43B;&#x43E;&#x433;</comment><comment xml:lang="sv">GTKtalog-katalog</comment><comment xml:lang="uk">&#x41A;&#x430;&#x442;&#x430;&#x43B;&#x43E;&#x433; GTKtalog</comment><comment xml:lang="zh_CN">GTKtalog &#x76EE;&#x5F55;</comment></mime-type>
