<?xml version="1.0"?>
<mime-type xmlns="http://www.freedesktop.org/standards/shared-mime-info" type="application/x-gtar"><!--Created automatically by update-mime-database. DO NOT EDIT!--><comment>gtar archive</comment><comment xml:lang="az">gtar arxivi</comment><comment xml:lang="bg">&#x410;&#x440;&#x445;&#x438;&#x432;, &#x444;&#x43E;&#x440;&#x43C;&#x430;&#x442; gtar</comment><comment xml:lang="cs">Archiv gtar</comment><comment xml:lang="cy">archif gtar</comment><comment xml:lang="de">gtar-Archiv</comment><comment xml:lang="el">&#x3B1;&#x3C1;&#x3C7;&#x3B5;&#x3AF;&#x3BF; gtar</comment><comment xml:lang="eo">gtar-arkivo</comment><comment xml:lang="es">archivo gtar</comment><comment xml:lang="eu">gtar artxiboa</comment><comment xml:lang="fi">gtar-arkisto</comment><comment xml:lang="fr">archive gtar</comment><comment xml:lang="hu">gtar-arch&#xED;vum</comment><comment xml:lang="it">archivio gtar</comment><comment xml:lang="ja">GNU tar &#x30A2;&#x30FC;&#x30AB;&#x30A4;&#x30D6;</comment><comment xml:lang="ko">gtar &#xC544;&#xCE74;&#xC774;&#xBE0C;</comment><comment xml:lang="ms">Arkib gtar</comment><comment xml:lang="nb">gtar-arkiv</comment><comment xml:lang="nl">gtar-archief</comment><comment xml:lang="nn">gtar-arkiv</comment><comment xml:lang="no">gtar-arkiv</comment><comment xml:lang="pl">archiwum gtar</comment><comment xml:lang="pt">arquivo gtar</comment><comment xml:lang="pt_BR">Arquivo gtar</comment><comment xml:lang="ru">&#x430;&#x440;&#x445;&#x438;&#x432; gtar</comment><comment xml:lang="sq">arkiv gtar</comment><comment xml:lang="sr">&#x433;&#x442;&#x430;&#x440; &#x430;&#x440;&#x445;&#x438;&#x432;&#x430;</comment><comment xml:lang="sv">gtar-arkiv</comment><comment xml:lang="uk">&#x430;&#x440;&#x445;&#x456;&#x432; gtar</comment><comment xml:lang="zh_CN">gtar &#x538B;&#x7F29;&#x5305;</comment></mime-type>
