<?xml version="1.0"?>
<mime-type xmlns="http://www.freedesktop.org/standards/shared-mime-info" type="application/x-gzip"><!--Created automatically by update-mime-database. DO NOT EDIT!--><comment>gzip archive</comment><comment xml:lang="bg">&#x410;&#x440;&#x445;&#x438;&#x432;, &#x444;&#x43E;&#x440;&#x43C;&#x430;&#x442; gzip</comment><comment xml:lang="cs">Archiv gzip</comment><comment xml:lang="de">gzip-Archiv</comment><comment xml:lang="el">&#x3B1;&#x3C1;&#x3C7;&#x3B5;&#x3AF;&#x3BF; gzip</comment><comment xml:lang="eo">gzip-arkivo</comment><comment xml:lang="es">archivo gzip</comment><comment xml:lang="eu">gzip artxiboa</comment><comment xml:lang="fi">gzip-arkisto</comment><comment xml:lang="fr">archive gzip</comment><comment xml:lang="hu">gzip-arch&#xED;vum</comment><comment xml:lang="it">archivio gzip</comment><comment xml:lang="ja">gzip &#x30A2;&#x30FC;&#x30AB;&#x30A4;&#x30D6;</comment><comment xml:lang="ko">gzip &#xC544;&#xCE74;&#xC774;&#xBE0C;</comment><comment xml:lang="ms">Arkib gzip</comment><comment xml:lang="nb">gzip-arkiv</comment><comment xml:lang="nl">gzip-archief</comment><comment xml:lang="nn">gzip-arkiv</comment><comment xml:lang="no">gzip-arkiv</comment><comment xml:lang="pl">archiwum gzip</comment><comment xml:lang="pt">arquivo gzip</comment><comment xml:lang="pt_BR">Arquivo gzip</comment><comment xml:lang="ru">&#x430;&#x440;&#x445;&#x438;&#x432; gzip</comment><comment xml:lang="sq">arkiv gzip</comment><comment xml:lang="sr">&#x433;&#x437;&#x438;&#x43F; &#x430;&#x440;&#x445;&#x438;&#x432;&#x430;</comment><comment xml:lang="sv">gzip-arkiv</comment><comment xml:lang="uk">&#x430;&#x440;&#x445;&#x456;&#x432; gzip</comment><comment xml:lang="zh_CN">gzip &#x538B;&#x7F29;&#x5305;</comment></mime-type>
