<?xml version="1.0"?>
<mime-type xmlns="http://www.freedesktop.org/standards/shared-mime-info" type="application/x-gzpostscript"><!--Created automatically by update-mime-database. DO NOT EDIT!--><comment>PostScript document (gzip-compressed)</comment><comment xml:lang="bg">&#x414;&#x43E;&#x43A;&#x443;&#x43C;&#x435;&#x43D;&#x442; &#x43D;&#x430; PostScript (&#x43A;&#x43E;&#x43C;&#x43F;&#x440;&#x435;&#x441;&#x438;&#x440;&#x430;&#x43D; &#x441; gzip)</comment><comment xml:lang="cs">Dokument PostScript (komprimovan&#xFD; gzip)</comment><comment xml:lang="de">PostScript-Dokument (gzip-komprimiert)</comment><comment xml:lang="el">&#x3AD;&#x3B3;&#x3B3;&#x3C1;&#x3B1;&#x3C6;&#x3BF; PostScript (&#x3C3;&#x3C5;&#x3BC;&#x3C0;&#x3B9;&#x3B5;&#x3C3;&#x3BC;&#x3AD;&#x3BD;&#x3BF; &#x3BC;&#x3B5; gzip)</comment><comment xml:lang="eo">PostScript-dokumento (kunpremita per gzip)</comment><comment xml:lang="es">Documento PostScript (comprimido con gzip)</comment><comment xml:lang="eu">PostScript dokumentua (gzip-konprimatua)</comment><comment xml:lang="fi">PostScript-asiakirja (gzip-pakattu)</comment><comment xml:lang="fr">document PostScript (compress&#xE9; gzip)</comment><comment xml:lang="hu">PostScript-dokumentum (gzip-pel t&#xF6;m&#xF6;r&#xED;tve)</comment><comment xml:lang="it">Documento PostScript (compresso gzip)</comment><comment xml:lang="ja">(gzip &#x5727;&#x7E2E;&#x3055;&#x308C;&#x305F;) PostScript &#x30C9;&#x30AD;&#x30E5;&#x30E1;&#x30F3;&#x30C8;</comment><comment xml:lang="ko">&#xD3EC;&#xC2A4;&#xD2B8;&#xC2A4;&#xD06C;&#xB9BD;&#xD2B8; &#xBB38;&#xC11C; (gzip&#xC555;&#xCD95;)</comment><comment xml:lang="ms">Dokumen PostScript (dimampatkan-gzip)</comment><comment xml:lang="nb">PostScript-dokument (gzip-komprimert)</comment><comment xml:lang="nl">PostScript-document (gzip-ingepakt)</comment><comment xml:lang="nn">PostScript-dokument pakka med gzip</comment><comment xml:lang="no">PostScript-dokument (gzip-komprimert)</comment><comment xml:lang="pl">Dokument Postscript (kompresja gzip)</comment><comment xml:lang="pt">documento PostScript (comprimido com gzip)</comment><comment xml:lang="pt_BR">Documento PostScript (compactado com gzip)</comment><comment xml:lang="sq">Dokument PostScript (i kompresuar me gzip)</comment><comment xml:lang="sr">&#x41F;&#x43E;&#x441;&#x442;&#x441;&#x43A;&#x440;&#x438;&#x43F;&#x442; &#x434;&#x43E;&#x43A;&#x443;&#x43C;&#x435;&#x43D;&#x442; (&#x43A;&#x43E;&#x43C;&#x43F;&#x440;&#x435;&#x441;&#x43E;&#x432;&#x430;&#x43D;&#x430; gzip-&#x43E;&#x43C;)</comment><comment xml:lang="sv">Postscript-dokument (gzip-komprimerat)</comment><comment xml:lang="uk">&#x414;&#x43E;&#x43A;&#x443;&#x43C;&#x435;&#x43D;&#x442; PostScript (&#x441;&#x442;&#x438;&#x441;&#x43D;&#x435;&#x43D;&#x435; gzip)</comment><comment xml:lang="zh_CN">PostScript &#x6587;&#x6863;(gzip &#x538B;&#x7F29;)</comment></mime-type>
