<?xml version="1.0"?>
<mime-type xmlns="http://www.freedesktop.org/standards/shared-mime-info" type="application/x-hdf"><!--Created automatically by update-mime-database. DO NOT EDIT!--><comment>HDF document</comment><comment xml:lang="az">HDF s&#x259;n&#x259;di</comment><comment xml:lang="bg">&#x414;&#x43E;&#x43A;&#x443;&#x43C;&#x435;&#x43D;&#x442;, &#x444;&#x43E;&#x440;&#x43C;&#x430;&#x442; HDF</comment><comment xml:lang="cs">Dokument HDF</comment><comment xml:lang="cy">Dogfen HDF</comment><comment xml:lang="de">HDF-Dokument</comment><comment xml:lang="el">&#x3AD;&#x3B3;&#x3B3;&#x3C1;&#x3B1;&#x3C6;&#x3BF; HDF</comment><comment xml:lang="eo">HDF-dokumento</comment><comment xml:lang="es">Documento HDF</comment><comment xml:lang="eu">HDF dokumentua</comment><comment xml:lang="fi">HDF-asiakirja</comment><comment xml:lang="fr">document HDF</comment><comment xml:lang="hu">HDF-dokumentum</comment><comment xml:lang="it">Documento HDF</comment><comment xml:lang="ja">HDF &#x30C9;&#x30AD;&#x30E5;&#x30E1;&#x30F3;&#x30C8;</comment><comment xml:lang="ko">HDF &#xBB38;&#xC11C;</comment><comment xml:lang="ms">Dokumen HDF</comment><comment xml:lang="nb">HDF-dokument</comment><comment xml:lang="nl">HDF-document</comment><comment xml:lang="nn">HDF-dokument</comment><comment xml:lang="no">HDF-dokument</comment><comment xml:lang="pl">Dokument HDF</comment><comment xml:lang="pt">documento HDF</comment><comment xml:lang="pt_BR">Documento HDF</comment><comment xml:lang="sq">Dokument HDF</comment><comment xml:lang="sr">HDF &#x434;&#x43E;&#x43A;&#x443;&#x43C;&#x435;&#x43D;&#x442;</comment><comment xml:lang="sv">HDF-dokument</comment><comment xml:lang="uk">&#x414;&#x43E;&#x43A;&#x443;&#x43C;&#x435;&#x43D;&#x442; HDF</comment><comment xml:lang="zh_CN">HDF &#x6587;&#x6863;</comment></mime-type>
