<?xml version="1.0"?>
<mime-type xmlns="http://www.freedesktop.org/standards/shared-mime-info" type="application/x-ipod-firmware"><!--Created automatically by update-mime-database. DO NOT EDIT!--><comment>iPod firmware</comment><comment xml:lang="bg">&#x424;&#x44A;&#x440;&#x43C;&#x443;&#x435;&#x440; &#x437;&#x430; iPod</comment><comment xml:lang="cs">Firmware iPod</comment><comment xml:lang="de">iPod-Firmware</comment><comment xml:lang="el">&#x3B5;&#x3B9;&#x3BA;&#x3CC;&#x3BD;&#x3B1; &#x3BC;&#x3BD;&#x3AE;&#x3BC;&#x3B7;&#x3C2; firmware iPod</comment><comment xml:lang="eo">iPod-firmvaro</comment><comment xml:lang="es">firmware de iPod</comment><comment xml:lang="eu">iPod firmwarea</comment><comment xml:lang="fi">iPod-laiteohjelmisto</comment><comment xml:lang="fr">firmware iPod</comment><comment xml:lang="hu">iPod-firmware</comment><comment xml:lang="it">Firmware iPod</comment><comment xml:lang="ja">iPod &#x30D5;&#x30A1;&#x30FC;&#x30E0;&#x30A6;&#x30A7;&#x30A2;</comment><comment xml:lang="ko">iPod &#xD38C;&#xC6E8;&#xC5B4;</comment><comment xml:lang="ms">Firmware iPod</comment><comment xml:lang="nb">iPod-firmware</comment><comment xml:lang="nl">iPod-firmware</comment><comment xml:lang="nn">iPod-firmvare</comment><comment xml:lang="no">iPod-firmware</comment><comment xml:lang="pl">oprogramowanie iPod</comment><comment xml:lang="pt">'firmware' iPod</comment><comment xml:lang="pt_BR">Firmware do iPod</comment><comment xml:lang="sq">Firmware iPod</comment><comment xml:lang="sr">iPod &#x43F;&#x440;&#x43E;&#x433;&#x440;&#x430;&#x43C;</comment><comment xml:lang="sv">fast iPod-program</comment><comment xml:lang="uk">&#x43C;&#x456;&#x43A;&#x440;&#x43E;&#x43F;&#x440;&#x43E;&#x433;&#x440;&#x430;&#x43C;&#x430; iPod</comment><comment xml:lang="zh_CN">iPod &#x56FA;&#x4EF6;</comment></mime-type>
