<?xml version="1.0"?>
<mime-type xmlns="http://www.freedesktop.org/standards/shared-mime-info" type="application/x-jar"><!--Created automatically by update-mime-database. DO NOT EDIT!--><comment>Java archive</comment><comment xml:lang="bg">&#x410;&#x440;&#x445;&#x438;&#x432;, &#x444;&#x43E;&#x440;&#x43C;&#x430;&#x442; Java</comment><comment xml:lang="cs">Archiv Java</comment><comment xml:lang="de">Java-Archiv</comment><comment xml:lang="el">&#x3B1;&#x3C1;&#x3C7;&#x3B5;&#x3AF;&#x3BF; Java</comment><comment xml:lang="eo">Java-arkivo</comment><comment xml:lang="es">Archivo Java</comment><comment xml:lang="eu">Java artxiboa</comment><comment xml:lang="fi">Java-arkisto</comment><comment xml:lang="fr">archive Java</comment><comment xml:lang="hu">Java-arch&#xED;vum</comment><comment xml:lang="it">Archivio Java</comment><comment xml:lang="ja">Java &#x30A2;&#x30FC;&#x30AB;&#x30A4;&#x30D6;</comment><comment xml:lang="ko">&#xC790;&#xBC14; &#xC544;&#xCE74;&#xC774;&#xBE0C;</comment><comment xml:lang="ms">Arkib Java</comment><comment xml:lang="nb">Java-arkiv</comment><comment xml:lang="nl">Java-archief</comment><comment xml:lang="nn">Java-arkiv</comment><comment xml:lang="no">Java-arkiv</comment><comment xml:lang="pl">Archiwum Java</comment><comment xml:lang="pt">arquivo Java</comment><comment xml:lang="pt_BR">Pacote Java</comment><comment xml:lang="ru">&#x430;&#x440;&#x445;&#x438;&#x432; Java</comment><comment xml:lang="sq">Arkiv Java</comment><comment xml:lang="sr">&#x408;&#x430;&#x432;&#x430; &#x430;&#x440;&#x445;&#x438;&#x432;&#x430;</comment><comment xml:lang="sv">Java-arkiv</comment><comment xml:lang="uk">&#x410;&#x440;&#x445;&#x456;&#x432; Java</comment><comment xml:lang="zh_CN">Java &#x538B;&#x7F29;&#x5305;</comment></mime-type>
