<?xml version="1.0"?>
<mime-type xmlns="http://www.freedesktop.org/standards/shared-mime-info" type="application/x-javascript"><!--Created automatically by update-mime-database. DO NOT EDIT!--><sub-class-of type="text/plain"/><comment>Javascript program</comment><comment xml:lang="bg">&#x41F;&#x440;&#x43E;&#x433;&#x440;&#x430;&#x43C;&#x430; &#x43D;&#x430; Javascript</comment><comment xml:lang="cs">Program v Javascriptu</comment><comment xml:lang="de">Javascript-Programm</comment><comment xml:lang="el">&#x3C0;&#x3C1;&#x3CC;&#x3B3;&#x3C1;&#x3B1;&#x3BC;&#x3BC;&#x3B1; Javascript</comment><comment xml:lang="eo">Javascript-programo</comment><comment xml:lang="es">Programa en Javascript</comment><comment xml:lang="eu">Javascript programa</comment><comment xml:lang="fi">Javascript-ohjelma</comment><comment xml:lang="fr">programme Javascript</comment><comment xml:lang="hu">Javascript-program</comment><comment xml:lang="it">Programma Javascript</comment><comment xml:lang="ja">Javascript &#x30D7;&#x30ED;&#x30B0;&#x30E9;&#x30E0;</comment><comment xml:lang="ko">&#xC790;&#xBC14;&#xC2A4;&#xD06C;&#xB9BD;&#xD2B8; &#xD504;&#xB85C;&#xADF8;&#xB7A8;</comment><comment xml:lang="ms">Program Javascript</comment><comment xml:lang="nb">Javascript-program</comment><comment xml:lang="nl">Javascript-programma</comment><comment xml:lang="nn">JavaScript-program</comment><comment xml:lang="pl">Pogram Javascript</comment><comment xml:lang="pt">programa Javascript</comment><comment xml:lang="pt_BR">Programa Javascript</comment><comment xml:lang="sq">program Javascript</comment><comment xml:lang="sr">&#x408;&#x430;&#x432;&#x430;&#x441;&#x43A;&#x440;&#x438;&#x43F;&#x442; &#x43F;&#x440;&#x43E;&#x433;&#x440;&#x430;&#x43C;</comment><comment xml:lang="sv">Javascript-program</comment><comment xml:lang="uk">&#x41F;&#x440;&#x43E;&#x433;&#x440;&#x430;&#x43C;&#x430; &#x43D;&#x430; &#x43C;&#x43E;&#x432;&#x456; Javascript</comment><comment xml:lang="zh_CN">Javascript &#x7A0B;&#x5E8F;</comment></mime-type>
