<?xml version="1.0"?>
<mime-type xmlns="http://www.freedesktop.org/standards/shared-mime-info" type="application/x-java"><!--Created automatically by update-mime-database. DO NOT EDIT!--><comment>Java class</comment><comment xml:lang="bg">&#x41A;&#x43B;&#x430;&#x441; &#x43D;&#x430; Java</comment><comment xml:lang="cs">T&#x159;&#xED;da Java</comment><comment xml:lang="de">Java-Klasse</comment><comment xml:lang="el">&#x3BA;&#x3BB;&#x3AC;&#x3C3;&#x3B7; Java</comment><comment xml:lang="eo">Java-klaso</comment><comment xml:lang="es">Clase Java</comment><comment xml:lang="eu">Java-ko klasea</comment><comment xml:lang="fi">Java-luokka</comment><comment xml:lang="fr">classe Java</comment><comment xml:lang="hu">Java-oszt&#xE1;ly</comment><comment xml:lang="it">Classe Java</comment><comment xml:lang="ja">Java &#x30AF;&#x30E9;&#x30B9;</comment><comment xml:lang="ko">&#xC790;&#xBC14; &#xD074;&#xB798;&#xC2A4;</comment><comment xml:lang="ms">Kelas Java</comment><comment xml:lang="nb">Java-klasse</comment><comment xml:lang="nl">Java-klasse</comment><comment xml:lang="nn">Java-klasse</comment><comment xml:lang="no">Java-klasse</comment><comment xml:lang="pl">Klasa Java</comment><comment xml:lang="pt">classe Java</comment><comment xml:lang="pt_BR">Classe Java</comment><comment xml:lang="sq">Klas&#xEB; Java</comment><comment xml:lang="sr">&#x408;&#x430;&#x432;&#x430; &#x43A;&#x43B;&#x430;&#x441;&#x430;</comment><comment xml:lang="sv">Java-klass</comment><comment xml:lang="uk">&#x41A;&#x43B;&#x430;&#x441; Java</comment><comment xml:lang="zh_CN">Java &#x7C7B;</comment></mime-type>
