<?xml version="1.0"?>
<mime-type xmlns="http://www.freedesktop.org/standards/shared-mime-info" type="application/x-jbuilder-project"><!--Created automatically by update-mime-database. DO NOT EDIT!--><comment>JBuilder project</comment><comment xml:lang="bg">&#x41F;&#x440;&#x43E;&#x435;&#x43A;&#x442;&#x435;&#x43D; &#x444;&#x430;&#x439;&#x43B;, &#x444;&#x43E;&#x440;&#x43C;&#x430;&#x442; JBuilder</comment><comment xml:lang="cs">Projekt JBuilder</comment><comment xml:lang="de">JBuilder-Projekt</comment><comment xml:lang="el">&#x3AD;&#x3C1;&#x3B3;&#x3BF; JBuilder</comment><comment xml:lang="eo">JBuilder-projekto</comment><comment xml:lang="es">Proyecto JBuilder</comment><comment xml:lang="eu">JBuilder proiektua</comment><comment xml:lang="fi">JBuilder-projekti</comment><comment xml:lang="fr">projet JBuilder</comment><comment xml:lang="hu">JBuilder-projekt</comment><comment xml:lang="it">Progetto JBuilder</comment><comment xml:lang="ja">JBuilder &#x30D7;&#x30ED;&#x30B8;&#x30A7;&#x30AF;&#x30C8;</comment><comment xml:lang="ko">JBuilder &#xD504;&#xB85C;&#xC81D;&#xD2B8;</comment><comment xml:lang="ms">Projek JBuilder</comment><comment xml:lang="nb">JBuilder-prosjekt</comment><comment xml:lang="nl">JBuilder-project</comment><comment xml:lang="nn">JBuilder-prosjekt</comment><comment xml:lang="no">JBuilder-prosjekt</comment><comment xml:lang="pl">Projekt JBuilder</comment><comment xml:lang="pt">projecto JBuilder</comment><comment xml:lang="pt_BR">Projeto do JBuilder</comment><comment xml:lang="ru">&#x43F;&#x440;&#x43E;&#x435;&#x43A;&#x442; JBuilder</comment><comment xml:lang="sq">Projekt JBuilder</comment><comment xml:lang="sr">JBuilder &#x43F;&#x440;&#x43E;&#x458;&#x435;&#x43A;&#x430;&#x442;</comment><comment xml:lang="sv">JBuilder-projekt</comment><comment xml:lang="uk">&#x41F;&#x440;&#x43E;&#x435;&#x43A;&#x442; JBuilder</comment><comment xml:lang="zh_CN">JBuilder &#x5DE5;&#x7A0B;</comment></mime-type>
