<?xml version="1.0"?>
<mime-type xmlns="http://www.freedesktop.org/standards/shared-mime-info" type="application/x-karbon"><!--Created automatically by update-mime-database. DO NOT EDIT!--><comment>Karbon14 drawing</comment><comment xml:lang="bg">&#x427;&#x435;&#x440;&#x442;&#x435;&#x436;, &#x444;&#x43E;&#x440;&#x43C;&#x430;&#x442; Karbon14</comment><comment xml:lang="cs">Kresba Karbon14</comment><comment xml:lang="de">Karbon14-Zeichnung</comment><comment xml:lang="el">&#x3C3;&#x3C7;&#x3AD;&#x3B4;&#x3B9;&#x3BF; Karbon14</comment><comment xml:lang="eo">Karbon14-grafika&#x135;o</comment><comment xml:lang="es">Dibujo de Karbon14</comment><comment xml:lang="eu">Karbon14 marrazkia</comment><comment xml:lang="fi">Karbon14-piirros</comment><comment xml:lang="fr">dessin Karbon14</comment><comment xml:lang="hu">Karbon14-rajz</comment><comment xml:lang="it">Disegno Karbon14</comment><comment xml:lang="ja">Karbon14 &#x7D75;</comment><comment xml:lang="ko">Karbon14 &#xADF8;&#xB9BC;</comment><comment xml:lang="ms">Lukisan Karbon14</comment><comment xml:lang="nb">Karbon14-tegning</comment><comment xml:lang="nl">Karbon14-tekening</comment><comment xml:lang="nn">Karbon14-teikning</comment><comment xml:lang="no">Karbon14-tegning</comment><comment xml:lang="pl">Rysunek Karbon14</comment><comment xml:lang="pt">desenho Karbon14</comment><comment xml:lang="pt_BR">Desenho do Karbon14</comment><comment xml:lang="sq">Vizatim Karbon14</comment><comment xml:lang="sr">Karbon14 &#x446;&#x440;&#x442;&#x435;&#x436;</comment><comment xml:lang="sv">Karbon14-teckning</comment><comment xml:lang="uk">&#x41C;&#x430;&#x43B;&#x44E;&#x43D;&#x43E;&#x43A; Karbon14</comment><comment xml:lang="zh_CN">Karbon14 &#x7ED8;&#x56FE;</comment></mime-type>
