<?xml version="1.0"?>
<mime-type xmlns="http://www.freedesktop.org/standards/shared-mime-info" type="application/x-kchart"><!--Created automatically by update-mime-database. DO NOT EDIT!--><comment>KChart chart</comment><comment xml:lang="bg">&#x414;&#x438;&#x430;&#x433;&#x440;&#x430;&#x43C;&#x430;, &#x444;&#x43E;&#x440;&#x43C;&#x430;&#x442; KChart</comment><comment xml:lang="cs">Graf Chart</comment><comment xml:lang="de">KChart-Diagramm</comment><comment xml:lang="el">&#x3B3;&#x3C1;&#x3AC;&#x3C6;&#x3B7;&#x3BC;&#x3B1; KChart</comment><comment xml:lang="eo">KChart-diagramo</comment><comment xml:lang="es">Gr&#xE1;fica de KChart</comment><comment xml:lang="eu">KChart diagrama</comment><comment xml:lang="fi">KChart-kaavio</comment><comment xml:lang="fr">graphique KChart</comment><comment xml:lang="hu">KChart-grafikon</comment><comment xml:lang="it">Grafico KChart</comment><comment xml:lang="ja">KChart &#x30C1;&#x30E3;&#x30FC;&#x30C8;</comment><comment xml:lang="ko">KChart &#xCC28;&#xD2B8;</comment><comment xml:lang="ms">Carta KChart</comment><comment xml:lang="nb">KChart-graf</comment><comment xml:lang="nl">KChart-grafiek</comment><comment xml:lang="nn">KChart-diagram</comment><comment xml:lang="no">KChart-graf</comment><comment xml:lang="pl">Wykres KChart</comment><comment xml:lang="pt">gr&#xE1;fico KChart</comment><comment xml:lang="pt_BR">Gr&#xE1;fico do KChart</comment><comment xml:lang="ru">&#x434;&#x438;&#x430;&#x433;&#x440;&#x430;&#x43C;&#x43C;&#x430; KChart</comment><comment xml:lang="sq">Grafik KChart</comment><comment xml:lang="sr">KChart &#x433;&#x440;&#x430;&#x444;&#x438;&#x43A;&#x43E;&#x43D;</comment><comment xml:lang="sv">KChart-diagram</comment><comment xml:lang="uk">&#x414;&#x456;&#x430;&#x433;&#x440;&#x430;&#x43C;&#x430; KChart</comment><comment xml:lang="zh_CN">KChart &#x56FE;&#x8868;</comment></mime-type>
