<?xml version="1.0"?>
<mime-type xmlns="http://www.freedesktop.org/standards/shared-mime-info" type="application/x-kformula"><!--Created automatically by update-mime-database. DO NOT EDIT!--><comment>KFormula formula</comment><comment xml:lang="bg">&#x424;&#x43E;&#x440;&#x43C;&#x443;&#x43B;&#x430;, &#x444;&#x43E;&#x440;&#x43C;&#x430;&#x442; KFormula</comment><comment xml:lang="cs">Vzorec KFormula</comment><comment xml:lang="de">KFormula-Formel</comment><comment xml:lang="el">&#x3BC;&#x3B1;&#x3B8;&#x3B7;&#x3BC;&#x3B1;&#x3C4;&#x3B9;&#x3BA;&#x3CC;&#x3C2; &#x3C4;&#x3CD;&#x3C0;&#x3BF;&#x3C2; KFormula</comment><comment xml:lang="eo">KFormula-formulo</comment><comment xml:lang="es">F&#xF3;rmula de KFormula</comment><comment xml:lang="eu">KFormula formula</comment><comment xml:lang="fi">KFormula-kaava</comment><comment xml:lang="fr">formuleKFormula</comment><comment xml:lang="hu">KFormula-k&#xE9;plet</comment><comment xml:lang="it">Formula KFormula</comment><comment xml:lang="ja">KFormula &#x8A08;&#x7B97;&#x5F0F;</comment><comment xml:lang="ko">KFormula &#xC218;&#xC2DD;</comment><comment xml:lang="ms">Formula KFormula</comment><comment xml:lang="nb">KFormula-formel</comment><comment xml:lang="nl">KFormula-formule</comment><comment xml:lang="nn">KFormula-formel</comment><comment xml:lang="no">KFormula-formel</comment><comment xml:lang="pl">Formu&#x142;a KFormula</comment><comment xml:lang="pt">f&#xF3;rmula KFormula</comment><comment xml:lang="pt_BR">F&#xF3;rmula do KFormula</comment><comment xml:lang="ru">&#x444;&#x43E;&#x440;&#x43C;&#x443;&#x43B;&#x430; KFormula</comment><comment xml:lang="sq">Formul&#xEB; KFormula</comment><comment xml:lang="sr">KFormula &#x444;&#x43E;&#x440;&#x43C;&#x443;&#x43B;&#x430;</comment><comment xml:lang="sv">KFormula-formel</comment><comment xml:lang="uk">&#x424;&#x43E;&#x440;&#x43C;&#x443;&#x43B;&#x430; KFormula</comment><comment xml:lang="zh_CN">KFormula &#x516C;&#x5F0F;</comment></mime-type>
