<?xml version="1.0"?>
<mime-type xmlns="http://www.freedesktop.org/standards/shared-mime-info" type="application/x-killustrator"><!--Created automatically by update-mime-database. DO NOT EDIT!--><comment>KIllustrator drawing</comment><comment xml:lang="bg">&#x427;&#x435;&#x440;&#x442;&#x435;&#x436;, &#x444;&#x43E;&#x440;&#x43C;&#x430;&#x442; KIllustrator</comment><comment xml:lang="cs">Kresba KIllustrator</comment><comment xml:lang="de">KIllustrator-Zeichnung</comment><comment xml:lang="el">&#x3C3;&#x3C7;&#x3AD;&#x3B4;&#x3B9;&#x3BF; KIllustrator</comment><comment xml:lang="eo">KIllustrator-grafika&#x135;o</comment><comment xml:lang="es">Dibujo de KIllustrator</comment><comment xml:lang="eu">KIllustrator marrazkia</comment><comment xml:lang="fi">KIllustrator-piirros</comment><comment xml:lang="fr">dessin KIllustrator</comment><comment xml:lang="hu">KIllustrator-rajz</comment><comment xml:lang="it">Disegno KIllustrator</comment><comment xml:lang="ja">KIllustrator &#x7D75;&#x753B;</comment><comment xml:lang="ko">KIllustrator &#xADF8;&#xB9BC;</comment><comment xml:lang="ms">Lukisan KIllustrator</comment><comment xml:lang="nb">KIllustrator-tegning</comment><comment xml:lang="nl">KIllustrator-tekening</comment><comment xml:lang="nn">KIllustrator-teikning</comment><comment xml:lang="no">KIllustrator-tegning</comment><comment xml:lang="pl">Rysunek KIllustratora</comment><comment xml:lang="pt">desenho KIllustrator</comment><comment xml:lang="pt_BR">Desenho do KIllustrator</comment><comment xml:lang="sq">Vizatim KIllustrator</comment><comment xml:lang="sr">KIllustrator &#x446;&#x440;&#x442;&#x435;&#x436;</comment><comment xml:lang="sv">KIllustrator-teckning</comment><comment xml:lang="uk">&#x41C;&#x430;&#x43B;&#x44E;&#x43D;&#x43E;&#x43A; KIllustrator</comment><comment xml:lang="zh_CN">KIllustrator &#x7ED8;&#x56FE;</comment></mime-type>
