<?xml version="1.0"?>
<mime-type xmlns="http://www.freedesktop.org/standards/shared-mime-info" type="application/x-kivio"><!--Created automatically by update-mime-database. DO NOT EDIT!--><comment>Kivio flowchart</comment><comment xml:lang="bg">&#x414;&#x438;&#x430;&#x433;&#x440;&#x430;&#x43C;&#x430;, &#x444;&#x43E;&#x440;&#x43C;&#x430;&#x442; Kivio</comment><comment xml:lang="cs">V&#xFD;vojov&#xFD; diagram Kivio</comment><comment xml:lang="de">Kivio-Flussdiagramm</comment><comment xml:lang="el">&#x3B4;&#x3B9;&#x3AC;&#x3B3;&#x3C1;&#x3B1;&#x3BC;&#x3BC;&#x3B1; &#x3C1;&#x3BF;&#x3AE;&#x3C2; Kivio</comment><comment xml:lang="eo">Kivo-fluskemo</comment><comment xml:lang="es">Diagrama de flujo de Kivio</comment><comment xml:lang="eu">Kivio diagrama</comment><comment xml:lang="fi">Kivio-vuokaavio</comment><comment xml:lang="fr">diagramme de flux Kivio</comment><comment xml:lang="hu">Kivio-folyamat&#xE1;bra</comment><comment xml:lang="it">Diagramma di flusso Kivio</comment><comment xml:lang="ja">Kivio &#x6D41;&#x308C;&#x56F3;</comment><comment xml:lang="ko">Kivio &#xD750;&#xB984;&#xB3C4;</comment><comment xml:lang="ms">Cartalir Kivio</comment><comment xml:lang="nb">Kivio-flytdiagram</comment><comment xml:lang="nl">Kivio-stroomschema</comment><comment xml:lang="nn">Kivio-flytdiagram</comment><comment xml:lang="no">Kivio-flytdiagram</comment><comment xml:lang="pl">Diagram przep&#x142;yw&#xF3;w Kivio</comment><comment xml:lang="pt">gr&#xE1;fico de fluxo Kivio</comment><comment xml:lang="pt_BR">Fluxograma do Kivio</comment><comment xml:lang="sq">Diagram&#xEB; Kivio</comment><comment xml:lang="sr">Kivio &#x434;&#x438;&#x458;&#x430;&#x433;&#x440;&#x430;&#x43C;</comment><comment xml:lang="sv">Kivio-fl&#xF6;desschema</comment><comment xml:lang="uk">&#x414;&#x456;&#x430;&#x433;&#x440;&#x430;&#x43C;&#x430; &#x43F;&#x43E;&#x442;&#x43E;&#x43A;&#x456;&#x432; Kivio</comment><comment xml:lang="zh_CN">Kivio &#x6D41;&#x7A0B;&#x56FE;</comment></mime-type>
