<?xml version="1.0"?>
<mime-type xmlns="http://www.freedesktop.org/standards/shared-mime-info" type="application/x-kontour"><!--Created automatically by update-mime-database. DO NOT EDIT!--><comment>Kontour drawing</comment><comment xml:lang="bg">&#x427;&#x435;&#x440;&#x442;&#x435;&#x436;, &#x444;&#x43E;&#x440;&#x43C;&#x430;&#x442; Kontour</comment><comment xml:lang="cs">Kresba Kontour</comment><comment xml:lang="de">Kontour-Zeichnung</comment><comment xml:lang="el">&#x3C3;&#x3C7;&#x3AD;&#x3B4;&#x3B9;&#x3BF; Kontour</comment><comment xml:lang="eo">Kontour-grafika&#x135;o</comment><comment xml:lang="es">Dibujo de Kontour</comment><comment xml:lang="eu">Kontour marrazkia</comment><comment xml:lang="fi">Kontour-piirros</comment><comment xml:lang="fr">dessin Kontour</comment><comment xml:lang="hu">Kontour-rajz</comment><comment xml:lang="it">Disegno Kontour</comment><comment xml:lang="ja">Kontour </comment><comment xml:lang="ko">Kontour &#xADF8;&#xB9BC;</comment><comment xml:lang="ms">Lukisan Kontour</comment><comment xml:lang="nb">Kontour-tegning</comment><comment xml:lang="nl">Kontour-tekening</comment><comment xml:lang="nn">Kontour-teikning</comment><comment xml:lang="no">Kontour-tegning</comment><comment xml:lang="pl">Rysunek Kontour</comment><comment xml:lang="pt">desenho Kontour</comment><comment xml:lang="pt_BR">Desenho do Kontour</comment><comment xml:lang="sq">Vizatim Kontour</comment><comment xml:lang="sr">Kontour &#x446;&#x440;&#x442;&#x435;&#x436;</comment><comment xml:lang="sv">Kontour-teckning</comment><comment xml:lang="uk">&#x41C;&#x430;&#x43B;&#x44E;&#x43D;&#x43E;&#x43A; Kontour</comment><comment xml:lang="zh_CN">Kontour &#x7ED8;&#x56FE;</comment></mime-type>
