<?xml version="1.0"?>
<mime-type xmlns="http://www.freedesktop.org/standards/shared-mime-info" type="application/x-kpovmodeler"><!--Created automatically by update-mime-database. DO NOT EDIT!--><comment>KPovModeler scene</comment><comment xml:lang="bg">&#x421;&#x446;&#x435;&#x43D;&#x430;, &#x444;&#x43E;&#x440;&#x43C;&#x430;&#x442; KPovModeler</comment><comment xml:lang="cs">Sc&#xE9;na KPovModeler</comment><comment xml:lang="de">KPovModeler-Szene</comment><comment xml:lang="el">&#x3C3;&#x3BA;&#x3B7;&#x3BD;&#x3AE; KPovModeler</comment><comment xml:lang="eo">KPovModeler-sceno</comment><comment xml:lang="es">Escena de KPovModeler</comment><comment xml:lang="eu">KPovModeler eszena</comment><comment xml:lang="fi">KPovModeler-n&#xE4;kym&#xE4;</comment><comment xml:lang="fr">sc&#xE8;ne KPovModeler</comment><comment xml:lang="hu">KPovModeler-jelenet</comment><comment xml:lang="it">Scena KPovModeler</comment><comment xml:lang="ja">KPovModeler </comment><comment xml:lang="ko">KPovModeler &#xC7A5;&#xBA74;</comment><comment xml:lang="ms">Babak KPovModeler</comment><comment xml:lang="nb">KPovModeler-scene</comment><comment xml:lang="nl">KPovModeler-sc&#xE8;ne</comment><comment xml:lang="nn">KPovModeler-scene</comment><comment xml:lang="pl">Scena KPovModeler</comment><comment xml:lang="pt">cen&#xE1;rio KPovModeler</comment><comment xml:lang="pt_BR">Cena do KPovModeler</comment><comment xml:lang="sq">Sken&#xEB; KPovModeler</comment><comment xml:lang="sr">KPovModeler &#x441;&#x446;&#x435;&#x43D;&#x430;</comment><comment xml:lang="sv">KPovModeler-scen</comment><comment xml:lang="uk">&#x421;&#x446;&#x435;&#x43D;&#x430; KPovModeler</comment><comment xml:lang="zh_CN">KPovModeler &#x573A;&#x666F;</comment></mime-type>
