<?xml version="1.0"?>
<mime-type xmlns="http://www.freedesktop.org/standards/shared-mime-info" type="application/x-kpresenter"><!--Created automatically by update-mime-database. DO NOT EDIT!--><comment>KPresenter presentation</comment><comment xml:lang="bg">&#x41F;&#x440;&#x435;&#x437;&#x435;&#x43D;&#x442;&#x430;&#x446;&#x438;&#x44F;, &#x444;&#x43E;&#x440;&#x43C;&#x430;&#x442; KPresenter</comment><comment xml:lang="cs">Prezentace KPresenter</comment><comment xml:lang="de">KPresenter-Pr&#xE4;sentation</comment><comment xml:lang="el">&#x3C0;&#x3B1;&#x3C1;&#x3BF;&#x3C5;&#x3C3;&#x3AF;&#x3B1;&#x3C3;&#x3B7; KPresenter</comment><comment xml:lang="eo">KPresenter-prezenta&#x135;o</comment><comment xml:lang="es">Presentaci&#xF3;n de KPresenter</comment><comment xml:lang="eu">Kpresenter aurkezpena</comment><comment xml:lang="fi">KPresenter-esitys</comment><comment xml:lang="fr">pr&#xE9;sentation KPresenter</comment><comment xml:lang="hu">KPresenter-bemutat&#xF3;</comment><comment xml:lang="it">Presentazione KPresenter</comment><comment xml:lang="ja">KPresenter &#x30D7;&#x30EC;&#x30BC;&#x30F3;&#x30C6;&#x30FC;&#x30B7;&#x30E7;&#x30F3;</comment><comment xml:lang="ko">KPresenter &#xD504;&#xB9AC;&#xC820;&#xD14C;&#xC774;&#xC158;</comment><comment xml:lang="ms">Persembahan Kpresenter</comment><comment xml:lang="nb">KPresenter-presentasjon</comment><comment xml:lang="nl">KPresenter-presentatie</comment><comment xml:lang="nn">KPresenter-presentasjon</comment><comment xml:lang="no">KPresenter-presentasjon</comment><comment xml:lang="pl">Prezentacja programu KPresenter</comment><comment xml:lang="pt">apresenta&#xE7;&#xE3;o KPresenter</comment><comment xml:lang="pt_BR">Apresenta&#xE7;&#xE3;o do KPresenter</comment><comment xml:lang="sq">Prezantim i KPresenter</comment><comment xml:lang="sr">KPresenter &#x43F;&#x440;&#x435;&#x437;&#x435;&#x43D;&#x442;&#x430;&#x446;&#x438;&#x458;&#x430;</comment><comment xml:lang="sv">KPresenter-presentation</comment><comment xml:lang="uk">&#x41F;&#x440;&#x435;&#x437;&#x435;&#x43D;&#x442;&#x430;&#x446;&#x456;&#x44F; KPresenter</comment><comment xml:lang="zh_CN">KPresenter &#x6F14;&#x793A;&#x6587;&#x7A3F;</comment></mime-type>
