<?xml version="1.0"?>
<mime-type xmlns="http://www.freedesktop.org/standards/shared-mime-info" type="application/x-krita"><!--Created automatically by update-mime-database. DO NOT EDIT!--><comment>Krita document</comment><comment xml:lang="bg">&#x414;&#x43E;&#x43A;&#x443;&#x43C;&#x435;&#x43D;&#x442;, &#x444;&#x43E;&#x440;&#x43C;&#x430;&#x442; Krita</comment><comment xml:lang="cs">Dokument Krita</comment><comment xml:lang="de">Krita-Dokument</comment><comment xml:lang="el">&#x3AD;&#x3B3;&#x3B3;&#x3C1;&#x3B1;&#x3C6;&#x3BF; Krita</comment><comment xml:lang="eo">Krita-dokumento</comment><comment xml:lang="es">Documento de Krita</comment><comment xml:lang="eu">Krita dokumentua</comment><comment xml:lang="fi">Krita-asiakirja</comment><comment xml:lang="fr">document Krita</comment><comment xml:lang="hu">Krita-dokumentum</comment><comment xml:lang="it">Documento Krita</comment><comment xml:lang="ja">Krita &#x30C9;&#x30AD;&#x30E5;&#x30E1;&#x30F3;&#x30C8;</comment><comment xml:lang="ko">Krita &#xBB38;&#xC11C;</comment><comment xml:lang="ms">Dokumen Krita</comment><comment xml:lang="nb">Krita-dokument</comment><comment xml:lang="nl">Krita-document</comment><comment xml:lang="nn">Krita-dokument</comment><comment xml:lang="no">Krita-dokument</comment><comment xml:lang="pl">Dokument Krita</comment><comment xml:lang="pt">documento Krita</comment><comment xml:lang="pt_BR">Documento do Krita</comment><comment xml:lang="sq">Dokument Krita</comment><comment xml:lang="sr">Krita &#x434;&#x43E;&#x43A;&#x443;&#x43C;&#x435;&#x43D;&#x442;</comment><comment xml:lang="sv">Krita-dokument</comment><comment xml:lang="uk">&#x414;&#x43E;&#x43A;&#x443;&#x43C;&#x435;&#x43D;&#x442; Krita</comment><comment xml:lang="zh_CN">Krita &#x6587;&#x6863;</comment></mime-type>
