<?xml version="1.0"?>
<mime-type xmlns="http://www.freedesktop.org/standards/shared-mime-info" type="application/x-kspread-crypt"><!--Created automatically by update-mime-database. DO NOT EDIT!--><comment>KSpread spreadsheet (encrypted)</comment><comment xml:lang="bg">&#x422;&#x430;&#x431;&#x43B;&#x438;&#x446;&#x430;, &#x444;&#x43E;&#x440;&#x43C;&#x430;&#x442; KSpread (&#x448;&#x438;&#x444;&#x440;&#x43E;&#x432;&#x430;&#x43D;&#x430;)</comment><comment xml:lang="cs">Tabulka KSpread (&#x161;ifrovan&#xE1;)</comment><comment xml:lang="de">KSpread-Tabellendokument (verschl&#xFC;sselt)</comment><comment xml:lang="el">&#x3BB;&#x3BF;&#x3B3;&#x3B9;&#x3C3;&#x3C4;&#x3B9;&#x3BA;&#x3CC; &#x3C6;&#x3CD;&#x3BB;&#x3BB;&#x3BF; KSpread (&#x3BA;&#x3C1;&#x3C5;&#x3C0;&#x3C4;&#x3BF;&#x3B3;&#x3C1;&#x3B1;&#x3C6;&#x3B7;&#x3BC;&#x3AD;&#x3BD;&#x3BF;)</comment><comment xml:lang="eo">KSpread-sterntabelo (&#x109;ifrita)</comment><comment xml:lang="es">Hoja de c&#xE1;lculo de KSpread (cifrada)</comment><comment xml:lang="eu">KSpread kalkulu-orria (enkriptatua)</comment><comment xml:lang="fi">KSpread-taulukko (salattu)</comment><comment xml:lang="fr">chiffrier KSpread (encrypt&#xE9;)</comment><comment xml:lang="hu">KSpread-munkaf&#xFC;zet (titkos&#xED;tott)</comment><comment xml:lang="it">Foglio di calcolo KSpread (cifrato)</comment><comment xml:lang="ja">KSpread (&#x6697;&#x53F7;&#x5316;)&#x30B9;&#x30D7;&#x30EC;&#x30C3;&#x30C9;&#x30B7;&#x30FC;&#x30C8;</comment><comment xml:lang="ko">&#xC554;&#xD638;&#xD654;&#xB41C; KSpread &#xC2A4;&#xD504;&#xB808;&#xB4DC;&#xC2DC;&#xD2B8;</comment><comment xml:lang="ms">Hampatan KSpread (terenkripsi)</comment><comment xml:lang="nb">KSpread-regneark (kryptert)</comment><comment xml:lang="nl">KSpread-rekenblad (gecodeerd)</comment><comment xml:lang="nn">Kryptert KSpread-rekneark</comment><comment xml:lang="no">KSpread-regneark (kryptert)</comment><comment xml:lang="pl">Arkusz programu KSpread (zaszyfowany)</comment><comment xml:lang="pt">folha de c&#xE1;lculo KSpread (cifrada)</comment><comment xml:lang="pt_BR">Planilha do KSpread (criptografada)</comment><comment xml:lang="sq">Flet&#xEB; llogarit&#xEB;se KSpread (e kriptuar)</comment><comment xml:lang="sr">KSpread &#x442;&#x430;&#x431;&#x435;&#x43B;&#x430;&#x440;&#x43D;&#x438; &#x43F;&#x440;&#x43E;&#x440;&#x430;&#x447;&#x443;&#x43D; (&#x448;&#x438;&#x444;&#x440;&#x43E;&#x432;&#x430;&#x43D;&#x438;)</comment><comment xml:lang="sv">KSpread-kalkylblad (krypterat)</comment><comment xml:lang="uk">&#x415;&#x43B;.&#x442;&#x430;&#x431;&#x43B;&#x438;&#x446;&#x44F; KSpread (&#x437;&#x430;&#x448;&#x438;&#x444;&#x440;&#x43E;&#x432;&#x430;&#x43D;&#x430;)</comment><comment xml:lang="zh_CN">KSpread &#x52A0;&#x5BC6;&#x5DE5;&#x4F5C;&#x7C3F;</comment></mime-type>
