<?xml version="1.0"?>
<mime-type xmlns="http://www.freedesktop.org/standards/shared-mime-info" type="application/x-kspread"><!--Created automatically by update-mime-database. DO NOT EDIT!--><comment>KSpread spreadsheet</comment><comment xml:lang="bg">&#x422;&#x430;&#x431;&#x43B;&#x438;&#x446;&#x430;, &#x444;&#x43E;&#x440;&#x43C;&#x430;&#x442; KSpread</comment><comment xml:lang="cs">Tabulka KSpread</comment><comment xml:lang="de">KSpread-Tabellendokument</comment><comment xml:lang="el">&#x3BB;&#x3BF;&#x3B3;&#x3B9;&#x3C3;&#x3C4;&#x3B9;&#x3BA;&#x3CC; &#x3C6;&#x3CD;&#x3BB;&#x3BB;&#x3BF; KSpread</comment><comment xml:lang="eo">KSpread-sterntabelo</comment><comment xml:lang="es">Hoja de c&#xE1;lculo de KSpread</comment><comment xml:lang="eu">KSpread kalkulu-orria</comment><comment xml:lang="fi">KSpread-taulukko</comment><comment xml:lang="fr">chiffier KSpread</comment><comment xml:lang="hu">KSpread-munkaf&#xFC;zet</comment><comment xml:lang="it">Foglio di calcolo KSpread</comment><comment xml:lang="ja">KSpread &#x30B9;&#x30D7;&#x30EC;&#x30C3;&#x30C9;&#x30B7;&#x30FC;&#x30C8;</comment><comment xml:lang="ko">KSpread &#xC2A4;&#xD504;&#xB808;&#xB4DC;&#xC2DC;&#xD2B8;</comment><comment xml:lang="ms">Hamparan KSpread</comment><comment xml:lang="nb">KSpread-regneark</comment><comment xml:lang="nl">KSpread-rekenblad</comment><comment xml:lang="nn">KSpread-rekneark</comment><comment xml:lang="no">KSpread-regneark</comment><comment xml:lang="pl">Arkusz programu KSpread</comment><comment xml:lang="pt">folha de c&#xE1;lculo KSpread</comment><comment xml:lang="pt_BR">Planilha do KSpread</comment><comment xml:lang="sq">Flet&#xEB; llogarit&#xEB;se KSpread</comment><comment xml:lang="sr">KSpread &#x442;&#x430;&#x431;&#x435;&#x43B;&#x430;&#x440;&#x43D;&#x438; &#x43F;&#x440;&#x43E;&#x440;&#x430;&#x447;&#x443;&#x43D;</comment><comment xml:lang="sv">KSpread-kalkylblad</comment><comment xml:lang="uk">&#x415;&#x43B;.&#x442;&#x430;&#x431;&#x43B;&#x438;&#x446;&#x44F; KSpread</comment><comment xml:lang="zh_CN">KSpread &#x5DE5;&#x4F5C;&#x7C3F;</comment></mime-type>
