<?xml version="1.0"?>
<mime-type xmlns="http://www.freedesktop.org/standards/shared-mime-info" type="application/x-kugar"><!--Created automatically by update-mime-database. DO NOT EDIT!--><comment>Kugar document</comment><comment xml:lang="bg">&#x414;&#x43E;&#x43A;&#x443;&#x43C;&#x435;&#x43D;&#x442;, &#x444;&#x43E;&#x440;&#x43C;&#x430;&#x442; Kugar</comment><comment xml:lang="cs">Dokument Kugar</comment><comment xml:lang="de">Kugar-Dokument</comment><comment xml:lang="el">&#x3AD;&#x3B3;&#x3B3;&#x3C1;&#x3B1;&#x3C6;&#x3BF; Kugar</comment><comment xml:lang="eo">Kugar-dokumento</comment><comment xml:lang="es">Documento de Kugar</comment><comment xml:lang="eu">Kugar dokumentua</comment><comment xml:lang="fi">Kugar-asiakirja</comment><comment xml:lang="fr">document Kugar</comment><comment xml:lang="hu">Kugar-dokumentum</comment><comment xml:lang="it">Documento Kugar</comment><comment xml:lang="ja">KuKrita &#x30C9;&#x30AD;&#x30E5;&#x30E1;&#x30F3;&#x30C8;</comment><comment xml:lang="ko">Kugar &#xBB38;&#xC11C;</comment><comment xml:lang="ms">Dokumen Kugar</comment><comment xml:lang="nb">Kugar-dokument</comment><comment xml:lang="nl">Kugar-document</comment><comment xml:lang="nn">Kugar-dokument</comment><comment xml:lang="no">Kugar-dokument</comment><comment xml:lang="pl">Dokument Kuguar</comment><comment xml:lang="pt">documento Kugar</comment><comment xml:lang="pt_BR">Documento do Kugar</comment><comment xml:lang="ru">&#x434;&#x43E;&#x43A;&#x443;&#x43C;&#x435;&#x43D;&#x442; Kugar</comment><comment xml:lang="sq">Dokument Kugar</comment><comment xml:lang="sr">Kugar &#x434;&#x43E;&#x43A;&#x443;&#x43C;&#x435;&#x43D;&#x442;</comment><comment xml:lang="sv">Kugar-dokument</comment><comment xml:lang="uk">&#x414;&#x43E;&#x43A;&#x443;&#x43C;&#x435;&#x43D;&#x442; Kugar</comment><comment xml:lang="zh_CN">Kugar &#x6587;&#x6863;</comment></mime-type>
