<?xml version="1.0"?>
<mime-type xmlns="http://www.freedesktop.org/standards/shared-mime-info" type="application/x-kword"><!--Created automatically by update-mime-database. DO NOT EDIT!--><comment>KWord document</comment><comment xml:lang="bg">&#x414;&#x43E;&#x43A;&#x443;&#x43C;&#x435;&#x43D;&#x442;, &#x444;&#x43E;&#x440;&#x43C;&#x430;&#x442; KWord</comment><comment xml:lang="cs">Dokument KWord</comment><comment xml:lang="cy">Dogfen KWord</comment><comment xml:lang="de">KWord-Dokument</comment><comment xml:lang="el">&#x3AD;&#x3B3;&#x3B3;&#x3C1;&#x3B1;&#x3C6;&#x3BF; KWord</comment><comment xml:lang="eo">KWord-dokumento</comment><comment xml:lang="es">Documento de KWord</comment><comment xml:lang="eu">KWord dokumentua</comment><comment xml:lang="fi">KWord-asiakirja</comment><comment xml:lang="fr">document KWord</comment><comment xml:lang="hu">KWord-dokumentum</comment><comment xml:lang="it">Documento KWord</comment><comment xml:lang="ja">KWord &#x30C9;&#x30AD;&#x30E5;&#x30E1;&#x30F3;&#x30C8;</comment><comment xml:lang="ko">KWord &#xBB38;&#xC11C;</comment><comment xml:lang="ms">Dokumen KWord</comment><comment xml:lang="nb">KWord-dokument</comment><comment xml:lang="nl">KWord-document</comment><comment xml:lang="nn">KWord-dokument</comment><comment xml:lang="no">KWord-dokument</comment><comment xml:lang="pl">Dokument KWord</comment><comment xml:lang="pt">documento KWord</comment><comment xml:lang="pt_BR">Documento do KWord</comment><comment xml:lang="ru">&#x434;&#x43E;&#x43A;&#x443;&#x43C;&#x435;&#x43D;&#x442; KWord</comment><comment xml:lang="sq">Dokument KWord</comment><comment xml:lang="sr">KWord &#x434;&#x43E;&#x43A;&#x443;&#x43C;&#x435;&#x43D;&#x442;</comment><comment xml:lang="sv">KWord-dokument</comment><comment xml:lang="uk">&#x414;&#x43E;&#x43A;&#x443;&#x43C;&#x435;&#x43D;&#x442; KWord</comment><comment xml:lang="zh_CN">KWord &#x6587;&#x6863;</comment></mime-type>
