<?xml version="1.0"?>
<mime-type xmlns="http://www.freedesktop.org/standards/shared-mime-info" type="application/x-kword-crypt"><!--Created automatically by update-mime-database. DO NOT EDIT!--><comment>KWord document (encrypted)</comment><comment xml:lang="bg">&#x414;&#x43E;&#x43A;&#x443;&#x43C;&#x435;&#x43D;&#x442;, &#x444;&#x43E;&#x440;&#x43C;&#x430;&#x442; KWord (&#x448;&#x438;&#x444;&#x440;&#x43E;&#x432;&#x430;&#x43D;)</comment><comment xml:lang="cs">Dokument KWord (&#x161;ifrovan&#xFD;)</comment><comment xml:lang="de">KWord-Dokument (verschl&#xFC;sselt)</comment><comment xml:lang="el">&#x3AD;&#x3B3;&#x3B3;&#x3C1;&#x3B1;&#x3C6;&#x3BF; KWord (&#x3BA;&#x3C1;&#x3C5;&#x3C0;&#x3C4;&#x3BF;&#x3B3;&#x3C1;&#x3B1;&#x3C6;&#x3B7;&#x3BC;&#x3AD;&#x3BD;&#x3BF;)</comment><comment xml:lang="eo">KWord-dokumento (&#x109;ifrita)</comment><comment xml:lang="es">Documento de KWord (cifrado)</comment><comment xml:lang="eu">KWord dokumentua (enkriptatua)</comment><comment xml:lang="fi">KWord-asiakirja (salattu)</comment><comment xml:lang="fr">document KWord (encrypt&#xE9;)</comment><comment xml:lang="hu">KWord-dokumentum (titkos&#xED;tott)</comment><comment xml:lang="it">Documento KWord (cifrato)</comment><comment xml:lang="ja">KWord (&#x6697;&#x53F7;&#x5316;)&#x30C9;&#x30AD;&#x30E5;&#x30E1;&#x30F3;&#x30C8;</comment><comment xml:lang="ko">&#xC554;&#xD638;&#xD654;&#xB41C; KWord &#xBB38;&#xC11C;</comment><comment xml:lang="ms">Dokumen Kword (terenkripsi)</comment><comment xml:lang="nb">KWord-dokument (kryptert)</comment><comment xml:lang="nl">KWord-document (gecodeerd)</comment><comment xml:lang="nn">Kryptert KWord-dokument</comment><comment xml:lang="no">KWord-dokument (kryptert)</comment><comment xml:lang="pl">Dokument KWord (zaszyfrowany)</comment><comment xml:lang="pt">documento KWord (cifrado)</comment><comment xml:lang="pt_BR">Documento do KWord (criptografado)</comment><comment xml:lang="sq">Dokument KWord (i kriptuar)</comment><comment xml:lang="sr">KWord &#x434;&#x43E;&#x43A;&#x443;&#x43C;&#x435;&#x43D;&#x442; (&#x448;&#x438;&#x444;&#x440;&#x43E;&#x432;&#x430;&#x43D;&#x438;)</comment><comment xml:lang="sv">KWord-dokument (krypterat)</comment><comment xml:lang="uk">&#x414;&#x43E;&#x43A;&#x443;&#x43C;&#x435;&#x43D;&#x442; KWord (&#x437;&#x430;&#x448;&#x438;&#x444;&#x440;&#x43E;&#x432;&#x430;&#x43D;&#x438;&#x439;)</comment><comment xml:lang="zh_CN">KWord &#x52A0;&#x5BC6;&#x6587;&#x6863;</comment></mime-type>
