<?xml version="1.0"?>
<mime-type xmlns="http://www.freedesktop.org/standards/shared-mime-info" type="application/x-lhz"><!--Created automatically by update-mime-database. DO NOT EDIT!--><comment>LHZ archive</comment><comment xml:lang="bg">&#x410;&#x440;&#x445;&#x438;&#x432;, &#x444;&#x43E;&#x440;&#x43C;&#x430;&#x442; LHZ</comment><comment xml:lang="cs">Archiv LHZ</comment><comment xml:lang="de">LHZ-Archiv</comment><comment xml:lang="el">&#x3B1;&#x3C1;&#x3C7;&#x3B5;&#x3AF;&#x3BF; LHZ</comment><comment xml:lang="eo">LHZ-arkivo</comment><comment xml:lang="es">Archivo LHZ</comment><comment xml:lang="eu">LHZ artxiboa</comment><comment xml:lang="fi">LHZ-arkisto</comment><comment xml:lang="fr">archive LHZ</comment><comment xml:lang="hu">LHZ-arch&#xED;vum</comment><comment xml:lang="it">Archivio LHZ</comment><comment xml:lang="ja">LHZ &#x30A2;&#x30FC;&#x30AB;&#x30A4;&#x30D6;</comment><comment xml:lang="ko">LHZ &#xC544;&#xCE74;&#xC774;&#xBE0C;</comment><comment xml:lang="ms">Arkib LHZ</comment><comment xml:lang="nb">LHZ-arkiv</comment><comment xml:lang="nl">LHZ-archief</comment><comment xml:lang="nn">LHZ-arkiv</comment><comment xml:lang="no">LHZ-arkiv</comment><comment xml:lang="pl">Archiwum LHZ</comment><comment xml:lang="pt">arquivo LHZ</comment><comment xml:lang="pt_BR">Arquivo LZH</comment><comment xml:lang="ru">&#x430;&#x440;&#x445;&#x438;&#x432; LHZ</comment><comment xml:lang="sq">Arkiv LHZ</comment><comment xml:lang="sr">LHZ &#x430;&#x440;&#x445;&#x438;&#x432;&#x430;</comment><comment xml:lang="sv">LHZ-arkiv</comment><comment xml:lang="uk">&#x410;&#x440;&#x445;&#x456;&#x432; LHZ</comment><comment xml:lang="zh_CN">LHZ &#x538B;&#x7F29;&#x5305;</comment></mime-type>
