<?xml version="1.0"?>
<mime-type xmlns="http://www.freedesktop.org/standards/shared-mime-info" type="application/x-lha"><!--Created automatically by update-mime-database. DO NOT EDIT!--><comment>LHA archive</comment><comment xml:lang="az">LHA arxivi</comment><comment xml:lang="bg">&#x410;&#x440;&#x445;&#x438;&#x432;, &#x444;&#x43E;&#x440;&#x43C;&#x430;&#x442; LHA</comment><comment xml:lang="cs">Archiv LHA</comment><comment xml:lang="cy">Archif LHA</comment><comment xml:lang="de">LHA-Archiv</comment><comment xml:lang="el">&#x3B1;&#x3C1;&#x3C7;&#x3B5;&#x3AF;&#x3BF; LHA</comment><comment xml:lang="eo">LHA-arkivo</comment><comment xml:lang="es">Archivo LHA</comment><comment xml:lang="eu">LHA artxiboa</comment><comment xml:lang="fi">LHA-arkisto</comment><comment xml:lang="fr">archive LHA</comment><comment xml:lang="hu">LHA-arch&#xED;vum</comment><comment xml:lang="it">Archivio LHA</comment><comment xml:lang="ja">LHA &#x30A2;&#x30FC;&#x30AB;&#x30A4;&#x30D6;</comment><comment xml:lang="ko">LHA &#xC544;&#xCE74;&#xC774;&#xBE0C;</comment><comment xml:lang="ms">Arkib LHA</comment><comment xml:lang="nb">LHA-arkiv</comment><comment xml:lang="nl">LHA-archief</comment><comment xml:lang="nn">LHA-arkiv</comment><comment xml:lang="no">LHA-arkiv</comment><comment xml:lang="pl">Archiwum LHA</comment><comment xml:lang="pt">arquivo LHA</comment><comment xml:lang="pt_BR">Arquivo LHA</comment><comment xml:lang="ru">&#x430;&#x440;&#x445;&#x438;&#x432; LHA</comment><comment xml:lang="sq">Arkiv LHA</comment><comment xml:lang="sr">LHA &#x430;&#x440;&#x445;&#x438;&#x432;&#x430;</comment><comment xml:lang="sv">LHA-arkiv</comment><comment xml:lang="uk">&#x410;&#x440;&#x445;&#x456;&#x432; LHA</comment><comment xml:lang="zh_CN">LHA &#x538B;&#x7F29;&#x5305;</comment></mime-type>
