<?xml version="1.0"?>
<mime-type xmlns="http://www.freedesktop.org/standards/shared-mime-info" type="application/x-linguist"><!--Created automatically by update-mime-database. DO NOT EDIT!--><comment>message catalog</comment><comment xml:lang="bg">&#x41A;&#x430;&#x442;&#x430;&#x43B;&#x43E;&#x433; &#x441;&#x44A;&#x441; &#x441;&#x44A;&#x43E;&#x431;&#x449;&#x435;&#x43D;&#x438;&#x44F;</comment><comment xml:lang="cs">Katalog zpr&#xE1;v</comment><comment xml:lang="de">Nachrichtenkatalog</comment><comment xml:lang="el">&#x3BA;&#x3B1;&#x3C4;&#x3AC;&#x3BB;&#x3BF;&#x3B3;&#x3BF;&#x3C2; &#x3BC;&#x3B7;&#x3BD;&#x3C5;&#x3BC;&#x3AC;&#x3C4;&#x3C9;&#x3BD;</comment><comment xml:lang="eo">katalogo de mesa&#x11D;oj</comment><comment xml:lang="es">cat&#xE1;logo de mensajes</comment><comment xml:lang="eu">mezuen katalogoa</comment><comment xml:lang="fi">viestiluettelo</comment><comment xml:lang="fr">catalogue de messages</comment><comment xml:lang="hu">&#xFC;zenetkatal&#xF3;gus</comment><comment xml:lang="ja">&#x30E1;&#x30C3;&#x30BB;&#x30FC;&#x30B8;&#x30AB;&#x30BF;&#x30ED;&#x30B0;</comment><comment xml:lang="ko">&#xBA54;&#xC138;&#xC9C0; &#xCE74;&#xD0C8;&#xB85C;&#xADF8;</comment><comment xml:lang="ms">Katalog mesej</comment><comment xml:lang="nb">meldingskatalog</comment><comment xml:lang="nl">berichtencatalogus</comment><comment xml:lang="nn">meldingskatalog</comment><comment xml:lang="no">meldingskatalog</comment><comment xml:lang="pl">katalog wiadomo&#x15B;ci</comment><comment xml:lang="pt">cat&#xE1;logo de mensagens</comment><comment xml:lang="pt_BR">Cat&#xF3;logo de mensagens</comment><comment xml:lang="sq">katallog mesazhi</comment><comment xml:lang="sr">&#x43A;&#x430;&#x442;&#x430;&#x43B;&#x43E;&#x433; &#x43F;&#x43E;&#x440;&#x443;&#x43A;&#x430;</comment><comment xml:lang="sv">meddelandekatalog</comment><comment xml:lang="uk">&#x43A;&#x430;&#x442;&#x430;&#x43B;&#x43E;&#x433; &#x43F;&#x43E;&#x432;&#x456;&#x434;&#x43E;&#x43C;&#x43B;&#x435;&#x43D;&#x44C;</comment><comment xml:lang="zh_CN">&#x6D88;&#x606F;&#x5E93;</comment></mime-type>
