<?xml version="1.0"?>
<mime-type xmlns="http://www.freedesktop.org/standards/shared-mime-info" type="application/x-lyx"><!--Created automatically by update-mime-database. DO NOT EDIT!--><comment>LyX document</comment><comment xml:lang="bg">&#x414;&#x43E;&#x43A;&#x443;&#x43C;&#x435;&#x43D;&#x442;, &#x444;&#x43E;&#x440;&#x43C;&#x430;&#x442; LyX</comment><comment xml:lang="cs">Dokument LyX</comment><comment xml:lang="de">LyX-Dokument</comment><comment xml:lang="el">&#x3AD;&#x3B3;&#x3B3;&#x3C1;&#x3B1;&#x3C6;&#x3BF; LyX</comment><comment xml:lang="eo">LyX-dokumento</comment><comment xml:lang="es">Documento de LyX</comment><comment xml:lang="eu">LyX dokumentua</comment><comment xml:lang="fi">LyX-asiakirja</comment><comment xml:lang="fr">document LyX</comment><comment xml:lang="hu">LyX-dokumentum</comment><comment xml:lang="it">Documento LyX</comment><comment xml:lang="ja">LyX &#x30C9;&#x30AD;&#x30E5;&#x30E1;&#x30F3;&#x30C8;</comment><comment xml:lang="ko">LyX &#xBB38;&#xC11C;</comment><comment xml:lang="ms">Dokumen LyX</comment><comment xml:lang="nb">LyX-dokument</comment><comment xml:lang="nl">LyX-document</comment><comment xml:lang="nn">LyX-dokument</comment><comment xml:lang="no">LyX-dokument</comment><comment xml:lang="pl">Dokument LyXa</comment><comment xml:lang="pt">documento LyX</comment><comment xml:lang="pt_BR">Documento LyX</comment><comment xml:lang="sq">Dokument LyX</comment><comment xml:lang="sr">LyX &#x434;&#x43E;&#x43A;&#x443;&#x43C;&#x435;&#x43D;&#x442;</comment><comment xml:lang="sv">LyX-dokument</comment><comment xml:lang="uk">&#x414;&#x43E;&#x43A;&#x443;&#x43C;&#x435;&#x43D;&#x442; LyX</comment><comment xml:lang="zh_CN">LyX &#x6587;&#x6863;</comment></mime-type>
