<?xml version="1.0"?>
<mime-type xmlns="http://www.freedesktop.org/standards/shared-mime-info" type="application/x-lzop"><!--Created automatically by update-mime-database. DO NOT EDIT!--><comment>LZO archive</comment><comment xml:lang="bg">&#x410;&#x440;&#x445;&#x438;&#x432;, &#x444;&#x43E;&#x440;&#x43C;&#x430;&#x442; LZO</comment><comment xml:lang="cs">Archiv LZO</comment><comment xml:lang="de">LZO-Archiv</comment><comment xml:lang="el">&#x3B1;&#x3C1;&#x3C7;&#x3B5;&#x3AF;&#x3BF; LZO</comment><comment xml:lang="eo">LZO-arkivo</comment><comment xml:lang="es">Archivo LZO</comment><comment xml:lang="eu">LZO artxiboa</comment><comment xml:lang="fi">LZO-arkisto</comment><comment xml:lang="fr">archive LZO</comment><comment xml:lang="hu">LZO-arch&#xED;vum</comment><comment xml:lang="it">Archivio LZO</comment><comment xml:lang="ja">LZO &#x30A2;&#x30FC;&#x30AB;&#x30A4;&#x30D6;</comment><comment xml:lang="ko">LZO &#xC544;&#xCE74;&#xC774;&#xBE0C;</comment><comment xml:lang="ms">Arkib LZO</comment><comment xml:lang="nb">LZO-arkiv</comment><comment xml:lang="nl">LZO-archief</comment><comment xml:lang="nn">LZO-arkiv</comment><comment xml:lang="no">LZO-arkiv</comment><comment xml:lang="pl">Archiwum LZO</comment><comment xml:lang="pt">arquivo LZO</comment><comment xml:lang="pt_BR">Arquivo LZO</comment><comment xml:lang="ru">&#x430;&#x440;&#x445;&#x438;&#x432; LZO</comment><comment xml:lang="sq">Arkiv LZO</comment><comment xml:lang="sr">LZO &#x430;&#x440;&#x445;&#x438;&#x432;&#x430;</comment><comment xml:lang="sv">LZO-arkiv</comment><comment xml:lang="uk">&#x410;&#x440;&#x445;&#x456;&#x432; LZO</comment><comment xml:lang="zh_CN">LZO &#x538B;&#x7F29;&#x5305;</comment></mime-type>
