<?xml version="1.0"?>
<mime-type xmlns="http://www.freedesktop.org/standards/shared-mime-info" type="application/x-macbinary"><!--Created automatically by update-mime-database. DO NOT EDIT!--><comment>Macintosh MacBinary file</comment><comment xml:lang="bg">&#x424;&#x430;&#x439;&#x43B;, &#x444;&#x43E;&#x440;&#x43C;&#x430;&#x442; MacBinary</comment><comment xml:lang="cs">Soubor pro Macintosh MacBinary</comment><comment xml:lang="de">Macintosh-MacBinary-Datei</comment><comment xml:lang="el">&#x3B5;&#x3BA;&#x3C4;&#x3B5;&#x3BB;&#x3AD;&#x3C3;&#x3B9;&#x3BC;&#x3BF; Macintosh MacBinary</comment><comment xml:lang="eo">MacBinary-dosiero de Macintosh</comment><comment xml:lang="es">Fichero de Macintosh MacBinary</comment><comment xml:lang="eu">Macintosh MacBinary fitxategia</comment><comment xml:lang="fi">Macintosh MacBinary -tiedosto</comment><comment xml:lang="fr">fichier Macintosh MacBinary</comment><comment xml:lang="hu">Macintosh MacBinary-f&#xE1;jl</comment><comment xml:lang="it">File MacBinary Macintosh</comment><comment xml:lang="ja">MacBinary MacBinary &#x30D5;&#x30A1;&#x30A4;&#x30EB;</comment><comment xml:lang="ko">MacBinary &#xD30C;&#xC77C;</comment><comment xml:lang="ms">Fail MacBinary Macintosh</comment><comment xml:lang="nb">Macintosh MacBinary-fil</comment><comment xml:lang="nl">Macintosh MacBinary-bestand</comment><comment xml:lang="nn">Macintosh MacBinary-fil</comment><comment xml:lang="no">Macintosh MacBinary-fil</comment><comment xml:lang="pl">Plik MacBinary Macintosha</comment><comment xml:lang="pt">ficheiro MacBinary de Macintosh</comment><comment xml:lang="pt_BR">Arquivo do Macintosh MacBinary</comment><comment xml:lang="sq">File MacBinary Macintosh</comment><comment xml:lang="sr">&#x41C;&#x435;&#x43A;&#x438;&#x43D;&#x442;&#x43E;&#x448; MacBinary &#x434;&#x430;&#x442;&#x43E;&#x442;&#x435;&#x43A;&#x430;</comment><comment xml:lang="sv">Macintosh MacBinary-fil</comment><comment xml:lang="uk">&#x424;&#x430;&#x439;&#x43B; Macintosh MacBinary</comment><comment xml:lang="zh_CN">Macintosh MacBinary &#x6587;&#x4EF6;</comment></mime-type>
