<?xml version="1.0"?>
<mime-type xmlns="http://www.freedesktop.org/standards/shared-mime-info" type="application/x-magicpoint"><!--Created automatically by update-mime-database. DO NOT EDIT!--><sub-class-of type="text/plain"/><comment>MagicPoint presentation</comment><comment xml:lang="bg">&#x41F;&#x440;&#x435;&#x437;&#x435;&#x43D;&#x442;&#x430;&#x446;&#x438;&#x44F;, &#x444;&#x43E;&#x440;&#x43C;&#x430;&#x442; MagicPoint</comment><comment xml:lang="cs">Prezentace MagicPoint</comment><comment xml:lang="cy">Cyflwyniad MagicPoint</comment><comment xml:lang="de">MagicPoint-Pr&#xE4;sentation</comment><comment xml:lang="el">&#x3C0;&#x3B1;&#x3C1;&#x3BF;&#x3C5;&#x3C3;&#x3AF;&#x3B1;&#x3C3;&#x3B7; MagicPoint</comment><comment xml:lang="eo">MagicPoint-prezenta&#x135;o</comment><comment xml:lang="es">Presentaci&#xF3;n de MagicPoint</comment><comment xml:lang="eu">MagicPoint aurkezpena</comment><comment xml:lang="fi">MagicPoint-esitys</comment><comment xml:lang="fr">pr&#xE9;sentation MagicPoint</comment><comment xml:lang="hu">MagicPoint-bemutat&#xF3;</comment><comment xml:lang="it">Presentazione MagicPoint</comment><comment xml:lang="ja">MagicPoint &#x30D7;&#x30EC;&#x30BC;&#x30F3;&#x30C6;&#x30FC;&#x30B7;&#x30E7;&#x30F3;</comment><comment xml:lang="ko">MagicPoint &#xD504;&#xB9AC;&#xC820;&#xD14C;&#xC774;&#xC158;</comment><comment xml:lang="ms">Persembahan MagicPoint</comment><comment xml:lang="nb">MagicPoint-presentasjon</comment><comment xml:lang="nl">MagicPoint-presentatie</comment><comment xml:lang="nn">MagicPoint-presentasjon</comment><comment xml:lang="no">MagicPoint-presentasjon</comment><comment xml:lang="pl">Prezentacja programu MagicPoint</comment><comment xml:lang="pt">apresenta&#xE7;&#xE3;o MagicPoint</comment><comment xml:lang="pt_BR">Apresenta&#xE7;&#xE3;o do MagicPoint</comment><comment xml:lang="sq">Prezantim MagicPoint</comment><comment xml:lang="sr">MagicPoint &#x43F;&#x440;&#x435;&#x437;&#x435;&#x43D;&#x442;&#x430;&#x446;&#x438;&#x458;&#x430;</comment><comment xml:lang="sv">MagicPoint-presentation</comment><comment xml:lang="uk">&#x41F;&#x440;&#x435;&#x437;&#x435;&#x43D;&#x442;&#x430;&#x446;&#x456;&#x44F; MagicPoint</comment><comment xml:lang="zh_CN">MagicPoint &#x6F14;&#x793A;&#x6587;&#x7A3F;</comment></mime-type>
