<?xml version="1.0"?>
<mime-type xmlns="http://www.freedesktop.org/standards/shared-mime-info" type="application/x-matroska"><!--Created automatically by update-mime-database. DO NOT EDIT!--><comment>Matroska video</comment><comment xml:lang="bg">&#x412;&#x438;&#x434;&#x435;&#x43E; &#x444;&#x430;&#x439;&#x43B;, &#x444;&#x43E;&#x440;&#x43C;&#x430;&#x442; Matroska</comment><comment xml:lang="cs">Video Matroska</comment><comment xml:lang="de">Matroska-Video</comment><comment xml:lang="el">&#x3B2;&#x3AF;&#x3BD;&#x3C4;&#x3B5;&#x3BF; Matroska</comment><comment xml:lang="eo">Matroska-video</comment><comment xml:lang="es">V&#xED;deo Matroska</comment><comment xml:lang="eu">Matroska bideoa</comment><comment xml:lang="fi">Matroska-video</comment><comment xml:lang="fr">vid&#xE9;o Matroska</comment><comment xml:lang="hu">Matroska-video</comment><comment xml:lang="it">Video Matroska</comment><comment xml:lang="ja">Matroska &#x52D5;&#x753B;</comment><comment xml:lang="ko">Matroska &#xBE44;&#xB514;&#xC624;</comment><comment xml:lang="ms">Video Matroska</comment><comment xml:lang="nb">Matroska-film</comment><comment xml:lang="nl">Matroska-video</comment><comment xml:lang="nn">Matroska-video</comment><comment xml:lang="no">Matroska-film</comment><comment xml:lang="pl">Plik wideo Matroska</comment><comment xml:lang="pt">v&#xED;deo Matroska</comment><comment xml:lang="pt_BR">V&#xED;deo Matroska</comment><comment xml:lang="sq">Video Matroska</comment><comment xml:lang="sr">&#x41C;&#x430;&#x442;&#x440;&#x43E;&#x448;&#x43A;&#x430; &#x432;&#x438;&#x434;&#x435;&#x43E;</comment><comment xml:lang="sv">Matroska-video</comment><comment xml:lang="uk">&#x412;&#x456;&#x434;&#x435;&#x43E;-&#x43A;&#x43B;&#x456;&#x43F; Matroska</comment><comment xml:lang="zh_CN">Matroska &#x89C6;&#x9891;</comment></mime-type>
