<?xml version="1.0"?>
<mime-type xmlns="http://www.freedesktop.org/standards/shared-mime-info" type="application/x-mif"><!--Created automatically by update-mime-database. DO NOT EDIT!--><comment>FrameMaker MIF document</comment><comment xml:lang="bg">&#x414;&#x43E;&#x43A;&#x443;&#x43C;&#x435;&#x43D;&#x442;, &#x444;&#x43E;&#x440;&#x43C;&#x430;&#x442; FrameMaker&#xB7;MIF</comment><comment xml:lang="cs">Dokument FrameMaker MIF</comment><comment xml:lang="de">FrameMaker-MIF-Dokument</comment><comment xml:lang="el">&#x3AD;&#x3B3;&#x3B3;&#x3C1;&#x3B1;&#x3C6;&#x3BF; FrameMaker MIF</comment><comment xml:lang="eo">MIF-dokumento de FrameMaker</comment><comment xml:lang="es">Documento MIF de FrameMaker</comment><comment xml:lang="eu">Adobe FrameMake-enr letra-tipoa</comment><comment xml:lang="fi">FrameMaker MIF -asiakirja</comment><comment xml:lang="fr">document MIF FrameMaker</comment><comment xml:lang="hu">FrameMaker MIF-dokumentum</comment><comment xml:lang="it">Documento FrameMaker MIF</comment><comment xml:lang="ja">FrameMaker MIF &#x30C9;&#x30AD;&#x30E5;&#x30E1;&#x30F3;&#x30C8;</comment><comment xml:lang="ko">FrameMaker MIF &#xBB38;&#xC11C;</comment><comment xml:lang="ms">Dokumen MIF FrameMaker</comment><comment xml:lang="nb">FrameMaker MIF-dokument</comment><comment xml:lang="nl">FrameMaker MIF-document</comment><comment xml:lang="nn">FrameMaker MIF-dokument</comment><comment xml:lang="no">FrameMaker MIF-dokument</comment><comment xml:lang="pl">Dokument MIF FrameMakera</comment><comment xml:lang="pt">documento MIF do FrameMaker</comment><comment xml:lang="pt_BR">Documento MIF do FrameMaker</comment><comment xml:lang="sq">Dokument FrameMaker MIF</comment><comment xml:lang="sr">FrameMaker MIF &#x434;&#x43E;&#x43A;&#x443;&#x43C;&#x435;&#x43D;&#x442;</comment><comment xml:lang="sv">FrameMaker MIF-dokument</comment><comment xml:lang="uk">&#x414;&#x43E;&#x43A;&#x443;&#x43C;&#x435;&#x43D;&#x442; FrameMaker MIF</comment><comment xml:lang="zh_CN">FrameMaker MIF &#x6587;&#x6863;</comment></mime-type>
