<?xml version="1.0"?>
<mime-type xmlns="http://www.freedesktop.org/standards/shared-mime-info" type="application/x-mozilla-bookmarks"><!--Created automatically by update-mime-database. DO NOT EDIT!--><comment>Mozilla bookmarks</comment><comment xml:lang="bg">&#x424;&#x430;&#x439;&#x43B; &#x441; &#x43E;&#x442;&#x43C;&#x435;&#x442;&#x43A;&#x438; &#x437;&#x430; Mozilla</comment><comment xml:lang="cs">Z&#xE1;lo&#x17E;ky Mozilla</comment><comment xml:lang="de">Mozilla-Lesezeichen</comment><comment xml:lang="el">&#x3C3;&#x3B5;&#x3BB;&#x3B9;&#x3B4;&#x3BF;&#x3B4;&#x3B5;&#x3AF;&#x3BA;&#x3C4;&#x3B5;&#x3C2; Mozilla</comment><comment xml:lang="eo">Mozilla-legosignoj</comment><comment xml:lang="es">Marcadores de Mozilla</comment><comment xml:lang="eu">Mozillako laster-markak</comment><comment xml:lang="fi">Mozilla-kirjanmerkit</comment><comment xml:lang="fr">carnet de signets Mozilla</comment><comment xml:lang="hu">Mozilla-k&#xF6;nyvjelz&#x151;k</comment><comment xml:lang="it">Segnalibri di Mozilla</comment><comment xml:lang="ja">Mozilla &#x30D6;&#x30C3;&#x30AF;&#x30DE;&#x30FC;&#x30AF;</comment><comment xml:lang="ko">&#xBAA8;&#xC9C8;&#xB77C; &#xCC45;&#xAC08;&#xD53C;</comment><comment xml:lang="ms">Tandabuku Mozilla</comment><comment xml:lang="nb">Mozilla-bokmerker</comment><comment xml:lang="nl">Mozilla-bladwijzers</comment><comment xml:lang="nn">Mozilla-bokmerker</comment><comment xml:lang="no">Mozilla-bokmerker</comment><comment xml:lang="pl">Zak&#x142;adki Mozilli</comment><comment xml:lang="pt">marcadores do Mozilla</comment><comment xml:lang="pt_BR">Marcadores do Mozilla</comment><comment xml:lang="ru">&#x437;&#x430;&#x43A;&#x43B;&#x430;&#x434;&#x43A;&#x438; Mozilla</comment><comment xml:lang="sq">Lib&#xEB;rsh&#xEB;nues t&#xEB; Mozilla</comment><comment xml:lang="sr">Mozilla &#x43E;&#x431;&#x435;&#x43B;&#x435;&#x436;&#x438;&#x432;&#x430;&#x447;&#x438;</comment><comment xml:lang="sv">Mozilla-bokm&#xE4;rken</comment><comment xml:lang="uk">&#x417;&#x430;&#x43A;&#x43B;&#x430;&#x434;&#x43A;&#x438; Mozilla</comment><comment xml:lang="zh_CN">Mozilla &#x4E66;&#x7B7E;</comment></mime-type>
