<?xml version="1.0"?>
<mime-type xmlns="http://www.freedesktop.org/standards/shared-mime-info" type="application/x-ms-dos-executable"><!--Created automatically by update-mime-database. DO NOT EDIT!--><comment>DOS/Windows executable</comment><comment xml:lang="bg">&#x418;&#x437;&#x43F;&#x44A;&#x43B;&#x43D;&#x438;&#x43C; &#x444;&#x430;&#x439;&#x43B; &#x437;&#x430; DOS/Windows</comment><comment xml:lang="cs">Spustiteln&#xFD; soubor pro DOS/Windows</comment><comment xml:lang="de">DOS/Windows-Programm</comment><comment xml:lang="el">&#x3B5;&#x3BA;&#x3C4;&#x3B5;&#x3BB;&#x3AD;&#x3C3;&#x3B9;&#x3BC;&#x3BF; DOS/Windows</comment><comment xml:lang="eo">DOS/Windows-plenumebla</comment><comment xml:lang="es">Ejecutable de DOS/Windows</comment><comment xml:lang="eu">DOS/Windows-eko exekutagarria</comment><comment xml:lang="fi">DOS/Windows-ohjelma</comment><comment xml:lang="fr">ex&#xE9;cutable DOS/Windows</comment><comment xml:lang="hu">DOS/Windows futtathat&#xF3;</comment><comment xml:lang="it">Eseguibile DOS/Windows</comment><comment xml:lang="ja">DOS/Windows &#x5B9F;&#x884C;&#x30D5;&#x30A1;&#x30A4;&#x30EB;</comment><comment xml:lang="ko">DOS/&#xC708;&#xB3C4;&#xC6B0;&#xC988; &#xC2E4;&#xD589;&#xD30C;&#xC77C;</comment><comment xml:lang="ms">Bolehlaksana DOS/Windows</comment><comment xml:lang="nb">Kj&#xF8;rbar fil for DOS/Windows</comment><comment xml:lang="nl">DOS/Windows-uitvoerbaar bestand</comment><comment xml:lang="nn">DOS/Windows k&#xF8;yrbar fil</comment><comment xml:lang="no">Kj&#xF8;rbar fil for DOS/Windows</comment><comment xml:lang="pl">Program DOS/Windows</comment><comment xml:lang="pt">execut&#xE1;vel DOS/Windows</comment><comment xml:lang="pt_BR">Execut&#xE1;vel do DOS/Windows</comment><comment xml:lang="sq">I ekzekutuesh&#xEB;m DOS/Windows</comment><comment xml:lang="sr">&#x414;&#x41E;&#x421;/&#x412;&#x438;&#x43D;&#x434;&#x443;&#x437; &#x438;&#x437;&#x432;&#x440;&#x448;&#x43D;&#x430; &#x434;&#x430;&#x442;&#x43E;&#x442;&#x435;&#x43A;&#x430;</comment><comment xml:lang="sv">K&#xF6;rbar DOS/Windows-fil</comment><comment xml:lang="uk">&#x412;&#x438;&#x43A;&#x43E;&#x43D;&#x443;&#x432;&#x430;&#x43D;&#x438;&#x439; &#x444;&#x430;&#x439;&#x43B; DOS/Windows</comment><comment xml:lang="zh_CN">DOS/Windows &#x53EF;&#x6267;&#x884C;&#x6587;&#x4EF6;</comment></mime-type>
