<?xml version="1.0"?>
<mime-type xmlns="http://www.freedesktop.org/standards/shared-mime-info" type="application/x-mswrite"><!--Created automatically by update-mime-database. DO NOT EDIT!--><comment>Microsoft Write document</comment><comment xml:lang="az">Microsoft Write s&#x259;n&#x259;di</comment><comment xml:lang="bg">&#x414;&#x43E;&#x43A;&#x443;&#x43C;&#x435;&#x43D;&#x442;, &#x444;&#x43E;&#x440;&#x43C;&#x430;&#x442; Microsoft&#xB7;Write</comment><comment xml:lang="cs">Dokument Microsoft Write</comment><comment xml:lang="cy">Dogfen Microsoft Write</comment><comment xml:lang="de">Microsoft Write-Dokument</comment><comment xml:lang="el">&#x3AD;&#x3B3;&#x3B3;&#x3C1;&#x3B1;&#x3C6;&#x3BF; Microsoft Write</comment><comment xml:lang="eo">dokumento de Microsoft Write</comment><comment xml:lang="es">Documento de Microsoft Write</comment><comment xml:lang="eu">Microsoft Write dokumentua</comment><comment xml:lang="fi">Microsoft Write -asiakirja</comment><comment xml:lang="fr">document Microsoft Write</comment><comment xml:lang="hu">Microsoft Write-dokumentum</comment><comment xml:lang="it">Documento Microsoft Write</comment><comment xml:lang="ja">Microsoft Write &#x30C9;&#x30AD;&#x30E5;&#x30E1;&#x30F3;&#x30C8;</comment><comment xml:lang="ko">&#xB9C8;&#xC774;&#xD06C;&#xB85C;&#xC18C;&#xD504;&#xD2B8; &#xC6CC;&#xB4DC;&#xD328;&#xB4DC; &#xBB38;&#xC11C;</comment><comment xml:lang="ms">Dokumen Microsoft Write</comment><comment xml:lang="nb">Microsoft Write-dokument</comment><comment xml:lang="nl">Microsoft Write-document</comment><comment xml:lang="nn">Microsoft Write -dokument</comment><comment xml:lang="no">Microsoft Write-dokument</comment><comment xml:lang="pl">Dokument Microsoft Write</comment><comment xml:lang="pt">documento do Microsoft Write</comment><comment xml:lang="pt_BR">Documento do Microsoft Write</comment><comment xml:lang="ru">&#x434;&#x43E;&#x43A;&#x443;&#x43C;&#x435;&#x43D;&#x442; Microsoft Write</comment><comment xml:lang="sq">Dokument Microsoft Write</comment><comment xml:lang="sr">&#x41C;&#x438;&#x43A;&#x440;&#x43E;&#x441;&#x43E;&#x444;&#x442; &#x434;&#x43E;&#x43A;&#x443;&#x43C;&#x435;&#x43D;&#x442; &#x41F;&#x438;&#x441;&#x430;&#x43D;&#x43A;&#x435;</comment><comment xml:lang="sv">Microsoft Write-dokument</comment><comment xml:lang="uk">&#x414;&#x43E;&#x43A;&#x443;&#x43C;&#x435;&#x43D;&#x442; Microsoft Write</comment><comment xml:lang="zh_CN">Microsoft &#x4E66;&#x5199;&#x5668;&#x6587;&#x6863;</comment></mime-type>
