<?xml version="1.0"?>
<mime-type xmlns="http://www.freedesktop.org/standards/shared-mime-info" type="application/x-msx-rom"><!--Created automatically by update-mime-database. DO NOT EDIT!--><comment>MSX ROM</comment><comment xml:lang="bg">ROM, &#x444;&#x43E;&#x440;&#x43C;&#x430;&#x442; MSX</comment><comment xml:lang="cs">ROM pro MSX</comment><comment xml:lang="cy">ROM MSX</comment><comment xml:lang="de">MSX-ROM</comment><comment xml:lang="el">&#x3B5;&#x3B9;&#x3BA;&#x3CC;&#x3BD;&#x3B1; &#x3BC;&#x3BD;&#x3AE;&#x3BC;&#x3B7;&#x3C2; ROM MSX</comment><comment xml:lang="eo">MSX-NLM</comment><comment xml:lang="es">ROM de MSX</comment><comment xml:lang="eu">MSX-ko ROMa</comment><comment xml:lang="fi">MSX-ROM</comment><comment xml:lang="fr">ROM MSX</comment><comment xml:lang="hu">MSX ROM</comment><comment xml:lang="it">ROM MSX</comment><comment xml:lang="ja">MSX ROM</comment><comment xml:lang="ko">MSX &#xB86C;</comment><comment xml:lang="ms">ROM MSX</comment><comment xml:lang="nb">MSX-ROM</comment><comment xml:lang="nl">MSX-ROM</comment><comment xml:lang="nn">MSX-ROM</comment><comment xml:lang="no">MSX-ROM</comment><comment xml:lang="pl">MSX - plik z ROM-em</comment><comment xml:lang="pt">ROM MSX</comment><comment xml:lang="pt_BR">ROM do MSX</comment><comment xml:lang="sq">ROM MSX</comment><comment xml:lang="sr">MSX &#x440;&#x43E;&#x43C;</comment><comment xml:lang="sv">MSX-rom</comment><comment xml:lang="uk">&#x41F;&#x417;&#x41F; MSX</comment><comment xml:lang="zh_CN">MSX ROM</comment></mime-type>
