<?xml version="1.0"?>
<mime-type xmlns="http://www.freedesktop.org/standards/shared-mime-info" type="application/x-n64-rom"><!--Created automatically by update-mime-database. DO NOT EDIT!--><comment>Nintendo64 ROM</comment><comment xml:lang="bg">ROM, &#x444;&#x43E;&#x440;&#x43C;&#x430;&#x442; Nintendo64</comment><comment xml:lang="cs">ROM pro Nintendo64</comment><comment xml:lang="de">Nintendo64-ROM</comment><comment xml:lang="el">&#x3B5;&#x3B9;&#x3BA;&#x3CC;&#x3BD;&#x3B1; &#x3BC;&#x3BD;&#x3AE;&#x3BC;&#x3B7;&#x3C2; ROM Nintendo64</comment><comment xml:lang="eo">Nintendo64-NLM</comment><comment xml:lang="es">ROM de Nintendo64</comment><comment xml:lang="eu">Nintendo64-ko ROMa</comment><comment xml:lang="fi">Nintendo64-ROM</comment><comment xml:lang="fr">ROM Nintendo64</comment><comment xml:lang="hu">Nintendo64 ROM</comment><comment xml:lang="it">ROM Nintendo64</comment><comment xml:lang="ja">Nintendo64 ROM</comment><comment xml:lang="ko">&#xB2CC;&#xD150;&#xB3C4;64 &#xB86C;</comment><comment xml:lang="ms">ROM Nintendo64</comment><comment xml:lang="nb">Nintendo64-ROM</comment><comment xml:lang="nl">Nintendo64-ROM</comment><comment xml:lang="nn">Nintendo64-ROM</comment><comment xml:lang="no">Nintendo64-ROM</comment><comment xml:lang="pl">Nintendo64 - plik z ROM-em</comment><comment xml:lang="pt">ROM Nintendo64</comment><comment xml:lang="pt_BR">ROM do Nintendo64</comment><comment xml:lang="sq">ROM Nintendo64</comment><comment xml:lang="sr">&#x41D;&#x438;&#x43D;&#x442;&#x435;&#x43D;&#x434;&#x43E;64 &#x420;&#x41E;&#x41C;</comment><comment xml:lang="sv">Nintendo64-rom</comment><comment xml:lang="uk">&#x41F;&#x417;&#x41F; Nintendo64</comment><comment xml:lang="zh_CN">Nintendo64 ROM</comment></mime-type>
