<?xml version="1.0"?>
<mime-type xmlns="http://www.freedesktop.org/standards/shared-mime-info" type="application/x-nautilus-link"><!--Created automatically by update-mime-database. DO NOT EDIT!--><sub-class-of type="text/plain"/><comment>Nautilus link</comment><comment xml:lang="az">Nautilus k&#xF6;rp&#xFC;s&#xFC;</comment><comment xml:lang="bg">&#x412;&#x440;&#x44A;&#x437;&#x43A;&#x430; &#x43D;&#x430; Nautilus</comment><comment xml:lang="cs">Odkaz Nautilus</comment><comment xml:lang="cy">Cyswllt Nautilus</comment><comment xml:lang="de">Nautilus-Link</comment><comment xml:lang="el">&#x3C3;&#x3CD;&#x3BD;&#x3B4;&#x3B5;&#x3C3;&#x3BC;&#x3BF;&#x3C2; Nautilus</comment><comment xml:lang="eo">Nautilus-ligilo</comment><comment xml:lang="es">Enlace de Nautilus</comment><comment xml:lang="eu">Nautilus esteka</comment><comment xml:lang="fi">Nautilus-linkki</comment><comment xml:lang="fr">lien Nautilus</comment><comment xml:lang="hu">Nautilus-link</comment><comment xml:lang="it">Collegamento di Nautilus</comment><comment xml:lang="ja">Nautilus &#x30EA;&#x30F3;&#x30AF;</comment><comment xml:lang="ko">&#xB178;&#xD2F8;&#xB7EC;&#xC2A4; &#xB9C1;&#xD06C;</comment><comment xml:lang="ms">Pautan Nautilus</comment><comment xml:lang="nb">Nautilus-lenke</comment><comment xml:lang="nl">Nautilus-verwijzing</comment><comment xml:lang="nn">Nautilus-lenke</comment><comment xml:lang="no">Nautilus-lenke</comment><comment xml:lang="pl">Odno&#x15B;nik Nautilusa</comment><comment xml:lang="pt">atalho Nautilus</comment><comment xml:lang="pt_BR">Link do Nautilus</comment><comment xml:lang="sq">Lidhje Nautilus</comment><comment xml:lang="sr">&#x41D;&#x430;&#x443;&#x442;&#x438;&#x43B;&#x443;&#x441; &#x432;&#x435;&#x437;&#x430;</comment><comment xml:lang="sv">Nautilusl&#xE4;nk</comment><comment xml:lang="uk">&#x41F;&#x43E;&#x441;&#x438;&#x43B;&#x430;&#x43D;&#x43D;&#x44F; Nautilus</comment><comment xml:lang="zh_CN">Nautilus &#x94FE;&#x63A5;</comment></mime-type>
