<?xml version="1.0"?>
<mime-type xmlns="http://www.freedesktop.org/standards/shared-mime-info" type="application/x-netscape-bookmarks"><!--Created automatically by update-mime-database. DO NOT EDIT!--><sub-class-of type="text/plain"/><comment>Netscape bookmarks</comment><comment xml:lang="bg">&#x424;&#x430;&#x439;&#x43B; &#x441; &#x43E;&#x442;&#x43C;&#x435;&#x442;&#x43A;&#x438; &#x43D;&#x430; Netscape</comment><comment xml:lang="cs">Z&#xE1;lo&#x17E;ky Netscape</comment><comment xml:lang="de">Netscape-Lesezeichen</comment><comment xml:lang="el">&#x3C3;&#x3B5;&#x3BB;&#x3B9;&#x3B4;&#x3BF;&#x3B4;&#x3B5;&#x3AF;&#x3BA;&#x3C4;&#x3B5;&#x3C2; Netscape</comment><comment xml:lang="eo">Netscape-legosignoj</comment><comment xml:lang="es">Marcadores de Netscape</comment><comment xml:lang="eu">Netscape-ko laster-markak</comment><comment xml:lang="fi">Netscape-kirjanmerkit</comment><comment xml:lang="fr">carnet de signets Netscape</comment><comment xml:lang="hu">Netscape-k&#xF6;nyvjelz&#x151;k</comment><comment xml:lang="it">Segnalibri di Netscape</comment><comment xml:lang="ja">Netscape &#x30D6;&#x30C3;&#x30AF;&#x30DE;&#x30FC;&#x30AF;</comment><comment xml:lang="ko">&#xB137;&#xC2A4;&#xCF00;&#xC774;&#xD504; &#xCC45;&#xAC08;&#xD53C;</comment><comment xml:lang="ms">Tandabuku Netscape</comment><comment xml:lang="nb">Netscape-bokmerker</comment><comment xml:lang="nl">Netscape-bladwijzers</comment><comment xml:lang="nn">Netscape-bokmerker</comment><comment xml:lang="no">Netscape-bokmerker</comment><comment xml:lang="pl">Zak&#x142;adki Netscape</comment><comment xml:lang="pt">marcadores do Netscape</comment><comment xml:lang="pt_BR">Marcadores do Netscape</comment><comment xml:lang="ru">&#x437;&#x430;&#x43A;&#x43B;&#x430;&#x434;&#x43A;&#x438; Netskape</comment><comment xml:lang="sq">Lib&#xEB;rsh&#xEB;nues t&#xEB; Netscape</comment><comment xml:lang="sr">&#x41D;&#x435;&#x442;&#x441;&#x43A;&#x435;&#x458;&#x43F; &#x43E;&#x431;&#x435;&#x43B;&#x435;&#x436;&#x438;&#x432;&#x430;&#x447;&#x438;</comment><comment xml:lang="sv">Netscape-bokm&#xE4;rken</comment><comment xml:lang="uk">&#x417;&#x430;&#x43A;&#x43B;&#x430;&#x434;&#x43A;&#x438; Netscape</comment><comment xml:lang="zh_CN">Netscape &#x4E66;&#x7B7E;</comment></mime-type>
