<?xml version="1.0"?>
<mime-type xmlns="http://www.freedesktop.org/standards/shared-mime-info" type="application/x-netcdf"><!--Created automatically by update-mime-database. DO NOT EDIT!--><comment>Unidata NetCDF document</comment><comment xml:lang="bg">&#x414;&#x43E;&#x43A;&#x443;&#x43C;&#x435;&#x43D;&#x442;, &#x444;&#x43E;&#x440;&#x43C;&#x430;&#x442; Unidata&#xB7;NetCDF</comment><comment xml:lang="cs">Dokument Unidata NetCDF</comment><comment xml:lang="de">Unidata-NetCDF-Dokument</comment><comment xml:lang="el">&#x3AD;&#x3B3;&#x3B3;&#x3C1;&#x3B1;&#x3C6;&#x3BF; Unidata NetCDF</comment><comment xml:lang="eo">dokumento en NetCDF-formato de Unidata</comment><comment xml:lang="es">Documento de Unidata NetCDF</comment><comment xml:lang="eu">Unidata NetCDF dokumentua</comment><comment xml:lang="fi">Unidata NetCDF -asiakirja</comment><comment xml:lang="fr">document Unidata NetCDF</comment><comment xml:lang="hu">Unidata NetCDF-dokumentum</comment><comment xml:lang="it">Documento Unidata NetCDF</comment><comment xml:lang="ja">Unidata NetCDF &#x30C9;&#x30AD;&#x30E5;&#x30E1;&#x30F3;&#x30C8;</comment><comment xml:lang="ko">Unidata NetCDF &#xBB38;&#xC11C;</comment><comment xml:lang="ms">Dokumen Unidata NetCDF</comment><comment xml:lang="nb">Unidata NetCDF-dokument</comment><comment xml:lang="nl">Unidata NetCDF-document</comment><comment xml:lang="nn">Unidata netCDF-dokument</comment><comment xml:lang="no">Unidata NetCDF-dokument</comment><comment xml:lang="pl">Dokument Unidata NetCDF</comment><comment xml:lang="pt">documento Unidata NetCDF</comment><comment xml:lang="pt_BR">Documento do Unidata NetCDF</comment><comment xml:lang="sq">Dokument Unidata NetCDF</comment><comment xml:lang="sr">Unidata NetCDF &#x434;&#x43E;&#x43A;&#x443;&#x43C;&#x435;&#x43D;&#x442;</comment><comment xml:lang="sv">Unidata NetCDF-dokument</comment><comment xml:lang="uk">&#x414;&#x43E;&#x43A;&#x443;&#x43C;&#x435;&#x43D;&#x442; Unidata NetCDF</comment><comment xml:lang="zh_CN">Unidata NetCDF &#x6587;&#x6863;</comment></mime-type>
