<?xml version="1.0"?>
<mime-type xmlns="http://www.freedesktop.org/standards/shared-mime-info" type="application/x-nes-rom"><!--Created automatically by update-mime-database. DO NOT EDIT!--><comment>NES ROM</comment><comment xml:lang="bg">ROM, &#x444;&#x43E;&#x440;&#x43C;&#x430;&#x442; NES</comment><comment xml:lang="cs">ROM pro NES</comment><comment xml:lang="cy">ROM NES</comment><comment xml:lang="de">NES-ROM</comment><comment xml:lang="el">&#x3B5;&#x3B9;&#x3BA;&#x3CC;&#x3BD;&#x3B1; &#x3BC;&#x3BD;&#x3AE;&#x3BC;&#x3B7;&#x3C2; ROM NES</comment><comment xml:lang="eo">NES-NLM</comment><comment xml:lang="es">ROM de NES</comment><comment xml:lang="eu">NES-eko ROMa</comment><comment xml:lang="fi">NES-ROM</comment><comment xml:lang="fr">ROM NES</comment><comment xml:lang="hu">NES ROM</comment><comment xml:lang="it">ROM NES</comment><comment xml:lang="ja">NES ROM</comment><comment xml:lang="ko">NES &#xB86C;</comment><comment xml:lang="ms">ROM NES</comment><comment xml:lang="nb">NES ROM</comment><comment xml:lang="nl">NES-ROM</comment><comment xml:lang="nn">NES-ROM</comment><comment xml:lang="no">NES ROM</comment><comment xml:lang="pl">NES - plik z ROM-em</comment><comment xml:lang="pt">ROM NES</comment><comment xml:lang="pt_BR">ROM do NES</comment><comment xml:lang="sq">ROM NES</comment><comment xml:lang="sr">NES &#x440;&#x43E;&#x43C;</comment><comment xml:lang="sv">NES-rom</comment><comment xml:lang="uk">&#x41F;&#x417;&#x41F; NES</comment><comment xml:lang="zh_CN">NES ROM</comment></mime-type>
