<?xml version="1.0"?>
<mime-type xmlns="http://www.freedesktop.org/standards/shared-mime-info" type="application/x-object"><!--Created automatically by update-mime-database. DO NOT EDIT!--><comment>object code</comment><comment xml:lang="bg">&#x41E;&#x431;&#x435;&#x43A;&#x442;&#x435;&#x43D; &#x43A;&#x43E;&#x434;</comment><comment xml:lang="cs">Objektov&#xFD; k&#xF3;d</comment><comment xml:lang="de">Objekt-Code</comment><comment xml:lang="el">&#x3BC;&#x3B5;&#x3C4;&#x3B1;&#x3C6;&#x3C1;&#x3B1;&#x3C3;&#x3BC;&#x3AD;&#x3BD;&#x3BF;&#x3C2; &#x3BA;&#x3CE;&#x3B4;&#x3B9;&#x3BA;&#x3B1;&#x3C2;</comment><comment xml:lang="eo">celkodo</comment><comment xml:lang="es">c&#xF3;digo objeto</comment><comment xml:lang="eu">objektu kodea</comment><comment xml:lang="fi">objektikoodi</comment><comment xml:lang="fr">code objet</comment><comment xml:lang="hu">t&#xE1;rgyk&#xF3;d</comment><comment xml:lang="it">codice oggetto</comment><comment xml:lang="ja">&#x30AA;&#x30D6;&#x30B8;&#x30A7;&#x30AF;&#x30C8;&#x30B3;&#x30FC;&#x30C9;</comment><comment xml:lang="ko">&#xAC1C;&#xCCB4; &#xCF54;&#xB4DC;</comment><comment xml:lang="ms">Kod objek</comment><comment xml:lang="nb">objektkode</comment><comment xml:lang="nl">objectcode</comment><comment xml:lang="nn">objektkode</comment><comment xml:lang="no">objektkode</comment><comment xml:lang="pl">kod w postaci skompilowanej</comment><comment xml:lang="pt">c&#xF3;digo de objecto</comment><comment xml:lang="pt_BR">C&#xF3;digo objeto</comment><comment xml:lang="sq">kod objekti</comment><comment xml:lang="sr">&#x43E;&#x431;&#x458;&#x435;&#x43A;&#x442;&#x43D;&#x438; &#x43A;&#x43E;&#x302;&#x434;</comment><comment xml:lang="sv">objektkod</comment><comment xml:lang="uk">&#x43E;&#x431;'&#x454;&#x43A;&#x442;&#x43D;&#x438;&#x439; &#x43A;&#x43E;&#x434;</comment><comment xml:lang="zh_CN">&#x76EE;&#x6807;&#x4EE3;&#x7801;</comment></mime-type>
