<?xml version="1.0"?>
<mime-type xmlns="http://www.freedesktop.org/standards/shared-mime-info" type="application/x-ole-storage"><!--Created automatically by update-mime-database. DO NOT EDIT!--><comment>OLE2 compound document storage</comment><comment xml:lang="bg">&#x421;&#x44A;&#x441;&#x442;&#x430;&#x432;&#x435;&#x43D; &#x434;&#x43E;&#x43A;&#x443;&#x43C;&#x435;&#x43D;&#x442;-&#x445;&#x440;&#x430;&#x43D;&#x438;&#x43B;&#x438;&#x449;&#x435; &#x437;&#x430; OLE2</comment><comment xml:lang="cs">&#xDA;lo&#x17E;i&#x161;t&#x11B; slo&#x17E;en&#xE9;ho dokumentu OLE2</comment><comment xml:lang="de">OLE2-Verbunddokumentenspeicher</comment><comment xml:lang="el">&#x3B1;&#x3C1;&#x3C7;&#x3B5;&#x3AF;&#x3BF; &#x3C3;&#x3C5;&#x3BC;&#x3C0;&#x3B1;&#x3B3;&#x3BF;&#x3CD;&#x3C2; &#x3B1;&#x3C0;&#x3BF;&#x3B8;&#x3AE;&#x3BA;&#x3B5;&#x3C5;&#x3C3;&#x3B7;&#x3C2; &#x3B5;&#x3B3;&#x3B3;&#x3C1;&#x3AC;&#x3C6;&#x3C9;&#x3BD; OLE2</comment><comment xml:lang="eo">OLE2-deponejo de parentezaj dokumentoj</comment><comment xml:lang="es">Almacenamiento de documentos compuestos OLE2</comment><comment xml:lang="eu">OLE2 konposatutako dokumentu-bilduma</comment><comment xml:lang="fi">OLE2-yhdisteasiakirjatallenne</comment><comment xml:lang="fr">document de stockage compos&#xE9; OLE2</comment><comment xml:lang="hu">OLE2 &#xF6;sszetett dokumentumt&#xE1;rol&#xF3;</comment><comment xml:lang="ja">OLE2 &#x8907;&#x5408;&#x30C9;&#x30AD;&#x30E5;&#x30E1;&#x30F3;&#x30C8;&#x30B9;&#x30C8;&#x30EC;&#x30FC;&#x30B8;</comment><comment xml:lang="ko">OLE2 &#xBCF5;&#xD569; &#xBB38;&#xC11C;</comment><comment xml:lang="ms">Storan dokumen halaman OLE2</comment><comment xml:lang="nb">OLE-lager for sammensatte dokumenter</comment><comment xml:lang="nl">OLE2-samengestelde documentopslag</comment><comment xml:lang="nn">OLE2 lager for samansett dokument</comment><comment xml:lang="pl">Magazyn dokumentu z&#x142;o&#x17C;onego OLE2</comment><comment xml:lang="pt">armazenamento de documento composto OLE2</comment><comment xml:lang="pt_BR">Armazenamento de documento composto OLE2</comment><comment xml:lang="sq">Arkiv dokumenti i p&#xEB;rb&#xEB;r&#xEB; OLE2</comment><comment xml:lang="sr">&#x41E;&#x41B;&#x415;2 &#x441;&#x458;&#x435;&#x434;&#x438;&#x45A;&#x435;&#x43D;&#x438; &#x434;&#x43E;&#x43A;&#x443;&#x43C;&#x435;&#x43D;&#x442;</comment><comment xml:lang="sv">Sammansatt OLE2-dokumentlager</comment><comment xml:lang="uk">&#x421;&#x445;&#x43E;&#x432;&#x438;&#x449;&#x435; &#x441;&#x43A;&#x43B;&#x430;&#x434;&#x43D;&#x438;&#x445; &#x434;&#x43E;&#x43A;&#x443;&#x43C;&#x435;&#x43D;&#x442;&#x456;&#x432; OLE2</comment><comment xml:lang="zh_CN">OLE2 &#x7EC4;&#x5408;&#x6587;&#x6863;&#x5B58;&#x50A8;</comment></mime-type>
