<?xml version="1.0"?>
<mime-type xmlns="http://www.freedesktop.org/standards/shared-mime-info" type="application/x-oleo"><!--Created automatically by update-mime-database. DO NOT EDIT!--><comment>GNU Oleo spreadsheet</comment><comment xml:lang="bg">&#x422;&#x430;&#x431;&#x43B;&#x438;&#x446;&#x430;, &#x444;&#x43E;&#x440;&#x43C;&#x430;&#x442; GNU Oleo</comment><comment xml:lang="cs">Tabulka GNU Oleo</comment><comment xml:lang="de">GNU-Oleo-Tabellendokument</comment><comment xml:lang="el">&#x3BB;&#x3BF;&#x3B3;&#x3B9;&#x3C3;&#x3C4;&#x3B9;&#x3BA;&#x3CC; &#x3C6;&#x3CD;&#x3BB;&#x3BB;&#x3BF; GNU Oleo</comment><comment xml:lang="eo">sterntabelo de GNU Oleo</comment><comment xml:lang="es">Hoja de c&#xE1;lculo de GNU Oleo</comment><comment xml:lang="eu">GNU Oleo kalkulu-orria</comment><comment xml:lang="fi">GNU Oleo -taulukko</comment><comment xml:lang="fr">chiffrier GNU Oleo</comment><comment xml:lang="hu">GNU Oleo-munkaf&#xFC;zet</comment><comment xml:lang="it">Foglio di calcolo GNU Oleo</comment><comment xml:lang="ja">GNU Oleo &#x30B9;&#x30D7;&#x30EC;&#x30C3;&#x30C9;&#x30B7;&#x30FC;&#x30C8;</comment><comment xml:lang="ko">GNU Oleo &#xC2A4;&#xD504;&#xB808;&#xB4DC;&#xC2DC;&#xD2B8;</comment><comment xml:lang="ms">Hamparan GNU Oleo</comment><comment xml:lang="nb">GNU Oleo regneark</comment><comment xml:lang="nl">GNU Oleo-rekenblad</comment><comment xml:lang="nn">GNU Oleo-rekneark</comment><comment xml:lang="no">GNU Oleo regneark</comment><comment xml:lang="pl">Arkusz kalkulacyjny GNU Oleo</comment><comment xml:lang="pt">folha de c&#xE1;lculo GNU Oleo</comment><comment xml:lang="pt_BR">Planilha do GNU Oleo</comment><comment xml:lang="sq">Flet&#xEB; llogaritjesh GNU Oleo</comment><comment xml:lang="sr">&#x413;&#x41D;&#x423; Oleo &#x442;&#x430;&#x431;&#x435;&#x43B;&#x430;&#x440;&#x43D;&#x438; &#x43F;&#x440;&#x43E;&#x440;&#x430;&#x447;&#x443;&#x43D;</comment><comment xml:lang="sv">GNU Oleo-kalkylblad</comment><comment xml:lang="uk">&#x415;&#x43B;.&#x442;&#x430;&#x431;&#x43B;&#x438;&#x446;&#x44F; GNU Oleo</comment><comment xml:lang="zh_CN">GNU Oleo &#x5DE5;&#x4F5C;&#x7C3F;</comment></mime-type>
