<?xml version="1.0"?>
<mime-type xmlns="http://www.freedesktop.org/standards/shared-mime-info" type="application/x-palm-database"><!--Created automatically by update-mime-database. DO NOT EDIT!--><comment>Palm OS database</comment><comment xml:lang="az">Palm OS m&#x259;'lumat bazas&#x131;</comment><comment xml:lang="bg">&#x411;&#x430;&#x437;&#x430; &#x434;&#x430;&#x43D;&#x43D;&#x438; &#x437;&#x430; Palm&#xB7;OS</comment><comment xml:lang="cs">Datab&#xE1;ze Palm OS</comment><comment xml:lang="cy">Cronfa Ddata Palm OS</comment><comment xml:lang="de">Palm OS-Datenbank</comment><comment xml:lang="el">&#x3B2;&#x3AC;&#x3C3;&#x3B7; &#x3B4;&#x3B5;&#x3B4;&#x3BF;&#x3BC;&#x3AD;&#x3BD;&#x3C9;&#x3BD; Palm OS</comment><comment xml:lang="eo">datumbazo de Palm OS</comment><comment xml:lang="es">Base da datos de Palm OS</comment><comment xml:lang="eu">Palm OS datubasea</comment><comment xml:lang="fi">Palm OS -tietokanta</comment><comment xml:lang="fr">base de donn&#xE9;es Palm OS</comment><comment xml:lang="hu">Palm OS-adatb&#xE1;zis</comment><comment xml:lang="it">Database Palm OS</comment><comment xml:lang="ja">Palm OS &#x30C7;&#x30FC;&#x30BF;&#x30D9;&#x30FC;&#x30B9;</comment><comment xml:lang="ko">&#xD31C;OS &#xB370;&#xC774;&#xD130;&#xBCA0;&#xC774;&#xC2A4;</comment><comment xml:lang="ms">Pangkalandata PalmOS</comment><comment xml:lang="nb">Palm OS-database</comment><comment xml:lang="nl">Palm OS-gegevensbank</comment><comment xml:lang="nn">Palm OS-database</comment><comment xml:lang="no">Palm OS-database</comment><comment xml:lang="pl">Baza Danych Palm OS</comment><comment xml:lang="pt">base de dados do Palm OS</comment><comment xml:lang="pt_BR">Banco de dados do Palm OS</comment><comment xml:lang="sq">Bank&#xEB; t&#xEB; dh&#xEB;nash Palm OS</comment><comment xml:lang="sr">Palm OS &#x431;&#x430;&#x437;&#x430; &#x43F;&#x43E;&#x434;&#x430;&#x442;&#x430;&#x43A;&#x430;</comment><comment xml:lang="sv">Palm OS-databas</comment><comment xml:lang="uk">&#x411;&#x430;&#x437;&#x430; &#x434;&#x430;&#x43D;&#x438;&#x445; Palm OS</comment><comment xml:lang="zh_CN">Palm OS &#x6570;&#x636E;&#x5E93;</comment></mime-type>
