<?xml version="1.0"?>
<mime-type xmlns="http://www.freedesktop.org/standards/shared-mime-info" type="application/x-perl"><!--Created automatically by update-mime-database. DO NOT EDIT!--><sub-class-of type="application/x-executable"/><sub-class-of type="text/plain"/><comment>Perl script</comment><comment xml:lang="bg">&#x421;&#x43A;&#x440;&#x438;&#x43F;&#x442; &#x43D;&#x430; Perl</comment><comment xml:lang="cs">Skript v Perlu</comment><comment xml:lang="cy">Sgript Perl</comment><comment xml:lang="de">Perl-Skript</comment><comment xml:lang="el">&#x3C0;&#x3C1;&#x3CC;&#x3B3;&#x3C1;&#x3B1;&#x3BC;&#x3BC;&#x3B1; &#x3B5;&#x3BD;&#x3C4;&#x3BF;&#x3BB;&#x3CE;&#x3BD; Perl</comment><comment xml:lang="eo">Perl-skripto</comment><comment xml:lang="es">Script en Perl</comment><comment xml:lang="eu">Perl script-a</comment><comment xml:lang="fi">Perl-komentotiedosto</comment><comment xml:lang="fr">script Perl</comment><comment xml:lang="hu">Perl-parancsf&#xE1;jl</comment><comment xml:lang="it">Script Perl</comment><comment xml:lang="ja">Perl &#x30B9;&#x30AF;&#x30EA;&#x30D7;&#x30C8;</comment><comment xml:lang="ko">&#xD384; &#xC2A4;&#xD06C;&#xB9BD;&#xD2B8;</comment><comment xml:lang="ms">Skrip Perl</comment><comment xml:lang="nb">Perl skript</comment><comment xml:lang="nl">Perl-script</comment><comment xml:lang="nn">Perl-skript</comment><comment xml:lang="no">Perl skript</comment><comment xml:lang="pl">Skrypt w Perlu</comment><comment xml:lang="pt">'script' Perl</comment><comment xml:lang="pt_BR">Script Perl</comment><comment xml:lang="ru">&#x441;&#x43A;&#x440;&#x438;&#x43F;&#x442; Perl</comment><comment xml:lang="sq">Script Perl</comment><comment xml:lang="sr">&#x41F;&#x435;&#x440;&#x43B; &#x441;&#x43A;&#x440;&#x438;&#x43F;&#x442;&#x430;</comment><comment xml:lang="sv">Perlskript</comment><comment xml:lang="uk">&#x421;&#x446;&#x435;&#x43D;&#x430;&#x440;&#x456;&#x439; &#x43D;&#x430; Perl</comment><comment xml:lang="zh_CN">Perl &#x811A;&#x672C;</comment></mime-type>
