<?xml version="1.0"?>
<mime-type xmlns="http://www.freedesktop.org/standards/shared-mime-info" type="application/x-pef-executable"><!--Created automatically by update-mime-database. DO NOT EDIT!--><comment>PEF executable</comment><comment xml:lang="bg">&#x418;&#x437;&#x43F;&#x44A;&#x43B;&#x43D;&#x438;&#x43C; &#x444;&#x430;&#x439;&#x43B;, &#x444;&#x43E;&#x440;&#x43C;&#x430;&#x442; PEF</comment><comment xml:lang="cs">Spustiteln&#xFD; soubor PEF</comment><comment xml:lang="de">PEF-Programm</comment><comment xml:lang="el">&#x3B5;&#x3BA;&#x3C4;&#x3B5;&#x3BB;&#x3AD;&#x3C3;&#x3B9;&#x3BC;&#x3BF; PEF</comment><comment xml:lang="eo">PEF-plenumebla</comment><comment xml:lang="es">Ejecutable PEF</comment><comment xml:lang="eu">PEF exekutagarria</comment><comment xml:lang="fi">PEF-ohjelma</comment><comment xml:lang="fr">ex&#xE9;cutable PEF</comment><comment xml:lang="hu">PEF futtathat&#xF3;</comment><comment xml:lang="it">Eseguibile PEF</comment><comment xml:lang="ja">PEF &#x5B9F;&#x884C;&#x30D5;&#x30A1;&#x30A4;&#x30EB;</comment><comment xml:lang="ko">PEF &#xC2E4;&#xD589;&#xD30C;&#xC77C;</comment><comment xml:lang="ms">Bolehlaksana PEF</comment><comment xml:lang="nb">PEF-kj&#xF8;rbar</comment><comment xml:lang="nl">PEF-uitvoerbaar bestand</comment><comment xml:lang="nn">K&#xF8;yrbar PEF-fil</comment><comment xml:lang="no">PEF-kj&#xF8;rbar</comment><comment xml:lang="pl">Plik uruchamialny PEF</comment><comment xml:lang="pt">execut&#xE1;vel PEF</comment><comment xml:lang="pt_BR">Execut&#xE1;vel PEF</comment><comment xml:lang="sq">E ekzekutueshme PEF</comment><comment xml:lang="sr">PEF &#x438;&#x437;&#x432;&#x440;&#x448;&#x43D;&#x430;</comment><comment xml:lang="sv">K&#xF6;rbar PEF-fil</comment><comment xml:lang="uk">&#x412;&#x438;&#x43A;&#x43E;&#x43D;&#x443;&#x432;&#x430;&#x43D;&#x438;&#x439; &#x444;&#x430;&#x439;&#x43B; PEF</comment><comment xml:lang="zh_CN">PEF &#x53EF;&#x6267;&#x884C;&#x6587;&#x4EF6;</comment></mime-type>
