<?xml version="1.0"?>
<mime-type xmlns="http://www.freedesktop.org/standards/shared-mime-info" type="application/x-php"><!--Created automatically by update-mime-database. DO NOT EDIT!--><sub-class-of type="text/plain"/><comment>PHP script</comment><comment xml:lang="az">PHP skripti</comment><comment xml:lang="bg">&#x421;&#x43A;&#x440;&#x438;&#x43F;&#x442; &#x43D;&#x430; PHP</comment><comment xml:lang="cs">Skript PHP</comment><comment xml:lang="cy">Sgript PHP</comment><comment xml:lang="de">PHP-Skript</comment><comment xml:lang="el">&#x3C0;&#x3C1;&#x3CC;&#x3B3;&#x3C1;&#x3B1;&#x3BC;&#x3BC;&#x3B1; &#x3B5;&#x3BD;&#x3C4;&#x3BF;&#x3BB;&#x3CE;&#x3BD; PHP</comment><comment xml:lang="eo">PHP-skripto</comment><comment xml:lang="es">Script en PHP</comment><comment xml:lang="eu">PHP script-a</comment><comment xml:lang="fi">PHP-komentotiedosto</comment><comment xml:lang="fr">script PHP</comment><comment xml:lang="hu">PHP-parancsf&#xE1;jl</comment><comment xml:lang="it">Script PHP</comment><comment xml:lang="ja">PHP &#x30B9;&#x30AF;&#x30EA;&#x30D7;&#x30C8;</comment><comment xml:lang="ko">PHP &#xC2A4;&#xD06C;&#xB9BD;&#xD2B8;</comment><comment xml:lang="ms">Skrip PHP</comment><comment xml:lang="nb">PHP-skript</comment><comment xml:lang="nl">PHP-script</comment><comment xml:lang="nn">PHP-skript</comment><comment xml:lang="no">PHP-skript</comment><comment xml:lang="pl">Skrypt w PHP</comment><comment xml:lang="pt">'script' PHP</comment><comment xml:lang="pt_BR">Script PHP</comment><comment xml:lang="ru">&#x441;&#x43A;&#x440;&#x438;&#x43F;&#x442; PHP</comment><comment xml:lang="sq">Script PHP</comment><comment xml:lang="sr">PHP &#x441;&#x43A;&#x440;&#x438;&#x43F;&#x442;&#x430;</comment><comment xml:lang="sv">PHP-skript</comment><comment xml:lang="uk">&#x421;&#x446;&#x435;&#x43D;&#x430;&#x440;&#x456;&#x439; PHP</comment><comment xml:lang="zh_CN">PHP &#x811A;&#x672C;</comment></mime-type>
