<?xml version="1.0"?>
<mime-type xmlns="http://www.freedesktop.org/standards/shared-mime-info" type="application/x-pkcs12"><!--Created automatically by update-mime-database. DO NOT EDIT!--><comment>PKCS#12 certificate bundle</comment><comment xml:lang="bg">&#x421;&#x431;&#x43E;&#x440; &#x441;&#x44A;&#x441; &#x441;&#x435;&#x440;&#x442;&#x438;&#x444;&#x438;&#x43A;&#x430;&#x442;&#x438;, &#x444;&#x43E;&#x440;&#x43C;&#x430;&#x442; PKCS#12</comment><comment xml:lang="cs">Svazek certifik&#xE1;t&#x16F; PKCS#12</comment><comment xml:lang="de">PKCS#12-Zertifikatspaket</comment><comment xml:lang="el">&#x3C0;&#x3B1;&#x3BA;&#x3AD;&#x3C4;&#x3BF; &#x3C8;&#x3B7;&#x3C6;&#x3B9;&#x3B1;&#x3BA;&#x3CE;&#x3BD; &#x3C0;&#x3B9;&#x3C3;&#x3C4;&#x3BF;&#x3C0;&#x3BF;&#x3B9;&#x3B7;&#x3C4;&#x3B9;&#x3BA;&#x3CE;&#x3BD; PKCS#12</comment><comment xml:lang="eo">liga&#x135;o de PKCS#12-certigiloj</comment><comment xml:lang="es">Lote de certificados PCKS#12</comment><comment xml:lang="eu">PKCS#12 zertifikazio sorta</comment><comment xml:lang="fi">PKCS#12-varmennenippu</comment><comment xml:lang="fr">lot de certificats PKCS#12</comment><comment xml:lang="hu">PKCS#12-tan&#xFA;s&#xED;tv&#xE1;nycsomag</comment><comment xml:lang="ja">PKCS#12 &#x8A3C;&#x660E;&#x66F8;&#x675F;</comment><comment xml:lang="ko">PKCS#12 &#xC778;&#xC99D;&#xC11C; &#xBB36;&#xC74C;</comment><comment xml:lang="ms">Sijil PKCS#12</comment><comment xml:lang="nb">PKCS#12 sertifikathaug</comment><comment xml:lang="nl">PKCS#12-certificaatbundel</comment><comment xml:lang="nn">PKCS#12-sertifikatbunt</comment><comment xml:lang="no">PKCS#12 sertifikathaug</comment><comment xml:lang="pl">Pakiet certyfikatu PKCS#12</comment><comment xml:lang="pt">conjunto de certificados PKCS#12</comment><comment xml:lang="pt_BR">Pacote de certificados PKCS#12</comment><comment xml:lang="sq">&#xC7;ertifikat&#xEB; PKCS#12</comment><comment xml:lang="sr">PKCS#12 &#x43F;&#x430;&#x43A;&#x435;&#x442; &#x441;&#x435;&#x440;&#x442;&#x438;&#x444;&#x438;&#x43A;&#x430;&#x442;&#x430;</comment><comment xml:lang="sv">PKCS#12-certifikatsamling</comment><comment xml:lang="uk">&#x41A;&#x43E;&#x43C;&#x43F;&#x43B;&#x435;&#x43A;&#x442; &#x441;&#x435;&#x440;&#x442;&#x438;&#x444;&#x456;&#x43A;&#x430;&#x442;&#x456;&#x432; PKCS#12</comment><comment xml:lang="zh_CN">PKCS#12 &#x8BC1;&#x4E66;&#x675F;</comment></mime-type>
