<?xml version="1.0"?>
<mime-type xmlns="http://www.freedesktop.org/standards/shared-mime-info" type="application/x-profile"><!--Created automatically by update-mime-database. DO NOT EDIT!--><sub-class-of type="text/plain"/><comment>profiler results</comment><comment xml:lang="az">profiler n&#x259;tic&#x259;l&#x259;ri</comment><comment xml:lang="bg">&#x420;&#x435;&#x437;&#x443;&#x43B;&#x442;&#x430;&#x442;&#x438; &#x43E;&#x442; &#x430;&#x43D;&#x430;&#x43B;&#x438;&#x437;&#x430;&#x442;&#x43E;&#x440;&#x430;</comment><comment xml:lang="cs">V&#xFD;sledky profileru</comment><comment xml:lang="cy">canlyniadau proffeilio</comment><comment xml:lang="de">Profiler-Ergebnisse</comment><comment xml:lang="el">&#x3B1;&#x3C0;&#x3BF;&#x3C4;&#x3B5;&#x3BB;&#x3AD;&#x3C3;&#x3BC;&#x3B1;&#x3C4;&#x3B1; &#x3BC;&#x3B5;&#x3C4;&#x3C1;&#x3AE;&#x3C3;&#x3B5;&#x3C9;&#x3BD; &#x3B3;&#x3B9;&#x3B1; &#x3C4;&#x3B7;&#x3BD; &#x3B5;&#x3BA;&#x3C4;&#x3AD;&#x3BB;&#x3B5;&#x3C3;&#x3B7; &#x3C0;&#x3C1;&#x3BF;&#x3B3;&#x3C1;&#x3AC;&#x3BC;&#x3BC;&#x3B1;&#x3C4;&#x3BF;&#x3C2;</comment><comment xml:lang="eo">resultoj de profililo</comment><comment xml:lang="es">resultados del perfilador</comment><comment xml:lang="eu">profiler-aren emaitzak</comment><comment xml:lang="fi">profilointitulokset</comment><comment xml:lang="fr">r&#xE9;sultat du profileur</comment><comment xml:lang="hu">profil&#xED;roz&#xF3;-eredm&#xE9;nyek</comment><comment xml:lang="ja">&#x30D7;&#x30ED;&#x30D5;&#x30A1;&#x30A4;&#x30E9;&#x7D50;&#x679C;</comment><comment xml:lang="ko">&#xD504;&#xB85C;&#xD30C;&#xC77C;&#xB7EC; &#xACB0;&#xACFC;</comment><comment xml:lang="ms">Hasil pemprofil</comment><comment xml:lang="nb">profileingsresultat</comment><comment xml:lang="nl">profileerder resultaten</comment><comment xml:lang="nn">profileringsresultat</comment><comment xml:lang="no">profileingsresultat</comment><comment xml:lang="pl">wyniki profilera</comment><comment xml:lang="pt">resultados do 'profiler'</comment><comment xml:lang="pt_BR">Resultados do profiler</comment><comment xml:lang="sq">rezultate t&#xEB; profiluesit</comment><comment xml:lang="sr">&#x440;&#x435;&#x437;&#x443;&#x43B;&#x442;&#x430;&#x442;&#x438; &#x43F;&#x440;&#x43E;&#x444;&#x438;&#x43B;&#x430;&#x442;&#x43E;&#x440;&#x430;</comment><comment xml:lang="sv">profilerarresultat</comment><comment xml:lang="uk">&#x440;&#x435;&#x437;&#x443;&#x43B;&#x44C;&#x442;&#x430;&#x442;&#x438; &#x43F;&#x440;&#x43E;&#x444;&#x456;&#x43B;&#x44E;&#x432;&#x430;&#x43D;&#x43D;&#x44F;</comment><comment xml:lang="zh_CN">profiler &#x7ED3;&#x679C;</comment></mime-type>
