<?xml version="1.0"?>
<mime-type xmlns="http://www.freedesktop.org/standards/shared-mime-info" type="application/x-pw"><!--Created automatically by update-mime-database. DO NOT EDIT!--><comment>Pathetic Writer document</comment><comment xml:lang="bg">&#x414;&#x43E;&#x43A;&#x443;&#x43C;&#x435;&#x43D;&#x442;, &#x444;&#x43E;&#x440;&#x43C;&#x430;&#x442; Pathetic&#xB7;Writer</comment><comment xml:lang="cs">Dokument Pathetic Writer</comment><comment xml:lang="de">Pathetic Writer-Dokument</comment><comment xml:lang="el">&#x3AD;&#x3B3;&#x3B3;&#x3C1;&#x3B1;&#x3C6;&#x3BF; Pathetic Writer</comment><comment xml:lang="eo">dokumento de Pathetic Writer</comment><comment xml:lang="es">Documento de Pathetic Writer</comment><comment xml:lang="eu">Pathetic Writer dokumentua</comment><comment xml:lang="fi">Pathetic Writer -asiakirja</comment><comment xml:lang="fr">document Pathetic Writer</comment><comment xml:lang="hu">Pathetic Writer-dokumentum</comment><comment xml:lang="ko">Pathetic Writer &#xBB38;&#xC11C;</comment><comment xml:lang="ms">Dokumen Pathetic Writer</comment><comment xml:lang="nb">Pathetic Writer-dokument</comment><comment xml:lang="nl">Pathetic Writer-document</comment><comment xml:lang="nn">Pathetic Writer-dokument</comment><comment xml:lang="no">Pathetic Writer-dokument</comment><comment xml:lang="pl">Dokument Pathetic Writer</comment><comment xml:lang="pt">documento do Pathetic Writer</comment><comment xml:lang="pt_BR">Documento do Pathetic Writer</comment><comment xml:lang="sq">Dokument Pathetic Writer</comment><comment xml:lang="sr">&#x414;&#x43E;&#x43A;&#x443;&#x43C;&#x435;&#x43D;&#x442; &#x41F;&#x430;&#x442;&#x435;&#x442;&#x438;&#x447;&#x43D;&#x43E;&#x433; &#x43F;&#x438;&#x441;&#x446;&#x430;</comment><comment xml:lang="sv">Pathetic Writer-dokument</comment><comment xml:lang="uk">&#x414;&#x43E;&#x43A;&#x443;&#x43C;&#x435;&#x43D;&#x442; Pathetic Writer</comment><comment xml:lang="zh_CN">Pathetic Writer &#x6587;&#x6863;</comment></mime-type>
