<?xml version="1.0"?>
<mime-type xmlns="http://www.freedesktop.org/standards/shared-mime-info" type="application/x-python-bytecode"><!--Created automatically by update-mime-database. DO NOT EDIT!--><comment>Python bytecode</comment><comment xml:lang="az">Python bayt kodu</comment><comment xml:lang="bg">&#x411;&#x430;&#x439;&#x442; &#x43A;&#x43E;&#x434; &#x437;&#x430; Python</comment><comment xml:lang="cs">Bajtov&#xFD; k&#xF3;d Python</comment><comment xml:lang="cy">C&#xF4;d beit Python</comment><comment xml:lang="de">Python-Bytecode</comment><comment xml:lang="el">&#x3C3;&#x3C5;&#x3BC;&#x3B2;&#x3BF;&#x3BB;&#x3BF;&#x3BA;&#x3CE;&#x3B4;&#x3B9;&#x3BA;&#x3B1;&#x3C2; Python</comment><comment xml:lang="eo">Python-bajtkodo</comment><comment xml:lang="es">Bytecode Python</comment><comment xml:lang="eu">Python byte-kodea</comment><comment xml:lang="fi">Python-tavukoodi</comment><comment xml:lang="fr">bytecode Python</comment><comment xml:lang="hu">Python-b&#xE1;jtk&#xF3;d</comment><comment xml:lang="it">Bytecode Python</comment><comment xml:lang="ja">Python &#x30D0;&#x30A4;&#x30C8;&#x30B3;&#x30FC;&#x30C9;</comment><comment xml:lang="ko">&#xD30C;&#xC774;&#xC36C; &#xBC14;&#xC774;&#xD2B8;&#xCF54;&#xB4DC;</comment><comment xml:lang="ms">Kodbait Python</comment><comment xml:lang="nb">Python-bytekode</comment><comment xml:lang="nl">Python-bytecode</comment><comment xml:lang="nn">Python-bytekode</comment><comment xml:lang="no">Python-bytekode</comment><comment xml:lang="pl">Kod bajtowy Pythona</comment><comment xml:lang="pt">c&#xF3;digo bin&#xE1;rio Python</comment><comment xml:lang="pt_BR">C&#xF3;digo compilado Python</comment><comment xml:lang="sq">Bytecode Python</comment><comment xml:lang="sr">&#x41F;&#x438;&#x442;&#x43E;&#x43D;&#x43E;&#x432; &#x431;&#x430;&#x458;&#x442; &#x43A;&#x43E;&#x302;&#x434;</comment><comment xml:lang="sv">Python-bytekod</comment><comment xml:lang="uk">&#x411;&#x430;&#x439;&#x442;-&#x43A;&#x43E;&#x434; Python</comment><comment xml:lang="zh_CN">Python &#x5B57;&#x8282;&#x7801;</comment></mime-type>
