<?xml version="1.0"?>
<mime-type xmlns="http://www.freedesktop.org/standards/shared-mime-info" type="application/x-quattropro"><!--Created automatically by update-mime-database. DO NOT EDIT!--><comment>Quattro Pro spreadsheet</comment><comment xml:lang="bg">&#x422;&#x430;&#x431;&#x43B;&#x438;&#x446;&#x430;, &#x444;&#x43E;&#x440;&#x43C;&#x430;&#x442; Quattro&#xB7;Pro</comment><comment xml:lang="cs">Tabulka Quattro Pro</comment><comment xml:lang="de">Quattro Pro-Tabellendokument</comment><comment xml:lang="el">&#x3BB;&#x3BF;&#x3B3;&#x3B9;&#x3C3;&#x3C4;&#x3B9;&#x3BA;&#x3CC; &#x3C6;&#x3CD;&#x3BB;&#x3BB;&#x3BF; Quattro Pro</comment><comment xml:lang="eo">sterntabelo de Quattro Pro</comment><comment xml:lang="es">Hoja de c&#xE1;lculo Quattro Pro</comment><comment xml:lang="eu">Quattro Pro kalkulu-orria</comment><comment xml:lang="fi">Quattro Pro -taulukko</comment><comment xml:lang="fr">chiffrier Quattro Pro</comment><comment xml:lang="hu">Quattro Pro-munkaf&#xFC;zet</comment><comment xml:lang="it">Foglio di calcolo Quattro Pro</comment><comment xml:lang="ja">Quattro Pro &#x30B9;&#x30D7;&#x30EC;&#x30C3;&#x30C9;&#x30B7;&#x30FC;&#x30C8;</comment><comment xml:lang="ko">Quattro Pro &#xC2A4;&#xD504;&#xB808;&#xB4DC;&#xC2DC;&#xD2B8;</comment><comment xml:lang="ms">Hamparan Quatro Pro</comment><comment xml:lang="nb">Quattro Pro-regneark</comment><comment xml:lang="nl">Quattro Pro-rekenblad</comment><comment xml:lang="nn">Quattro Pro-rekneark</comment><comment xml:lang="no">Quattro Pro-regneark</comment><comment xml:lang="pl">Arkusz kalkulacyjny Quattro Pro</comment><comment xml:lang="pt">folha de c&#xE1;lculo Quattro Pro</comment><comment xml:lang="pt_BR">Planilha do Quattro Pro</comment><comment xml:lang="sq">Flet&#xEB; llogarit&#xEB;se Quattro Pro</comment><comment xml:lang="sr">Quattro Pro &#x442;&#x430;&#x431;&#x435;&#x43B;&#x430;&#x440;&#x43D;&#x438; &#x440;&#x430;&#x447;&#x443;&#x43D;</comment><comment xml:lang="sv">Quattro Pro-kalkylblad</comment><comment xml:lang="uk">&#x415;&#x43B;.&#x442;&#x430;&#x431;&#x43B;&#x438;&#x446;&#x44F; Quattro Pro</comment><comment xml:lang="zh_CN">Quattro Pro &#x5DE5;&#x4F5C;&#x7C3F;</comment></mime-type>
