<?xml version="1.0"?>
<mime-type xmlns="http://www.freedesktop.org/standards/shared-mime-info" type="application/x-qw"><!--Created automatically by update-mime-database. DO NOT EDIT!--><comment>Quicken document</comment><comment xml:lang="az">Quicken s&#x259;n&#x259;di</comment><comment xml:lang="bg">&#x414;&#x43E;&#x43A;&#x443;&#x43C;&#x435;&#x43D;&#x442;, &#x444;&#x43E;&#x440;&#x43C;&#x430;&#x442; Quicken</comment><comment xml:lang="cs">Dokument Quicken</comment><comment xml:lang="cy">Dogfen Quicken</comment><comment xml:lang="de">Quicken-Dokument</comment><comment xml:lang="el">&#x3AD;&#x3B3;&#x3B3;&#x3C1;&#x3B1;&#x3C6;&#x3BF; Quicken</comment><comment xml:lang="eo">Quicken-dokumento</comment><comment xml:lang="es">Documento de Quicken</comment><comment xml:lang="eu">Quicken dokumentua</comment><comment xml:lang="fi">Quicken-asiakirja</comment><comment xml:lang="fr">document Quicken</comment><comment xml:lang="hu">Quicken-dokumentum</comment><comment xml:lang="it">Documento Quicken</comment><comment xml:lang="ja">Quicken &#x30C9;&#x30AD;&#x30E5;&#x30E1;&#x30F3;&#x30C8;</comment><comment xml:lang="ko">Quicken &#xBB38;&#xC11C;</comment><comment xml:lang="ms">Dokumen Quicken</comment><comment xml:lang="nb">Quicken-dokument</comment><comment xml:lang="nl">Quicken-document</comment><comment xml:lang="nn">Quicken-dokument</comment><comment xml:lang="no">Quicken-dokument</comment><comment xml:lang="pl">Dokument Quicken</comment><comment xml:lang="pt">documento Quicken</comment><comment xml:lang="pt_BR">Documento do Quicken</comment><comment xml:lang="sq">Dokument Quicken</comment><comment xml:lang="sr">Quicken &#x434;&#x43E;&#x43A;&#x443;&#x43C;&#x435;&#x43D;&#x442;</comment><comment xml:lang="sv">Quicken-dokument</comment><comment xml:lang="uk">&#x414;&#x43E;&#x43A;&#x443;&#x43C;&#x435;&#x43D;&#x442; Quicken</comment><comment xml:lang="zh_CN">Quicken &#x6587;&#x6863;</comment></mime-type>
