<?xml version="1.0"?>
<mime-type xmlns="http://www.freedesktop.org/standards/shared-mime-info" type="application/x-rar"><!--Created automatically by update-mime-database. DO NOT EDIT!--><comment>RAR archive</comment><comment xml:lang="bg">&#x410;&#x440;&#x445;&#x438;&#x432;, &#x444;&#x43E;&#x440;&#x43C;&#x430;&#x442; RAR</comment><comment xml:lang="cs">Archiv RAR</comment><comment xml:lang="cy">Archif RAR</comment><comment xml:lang="de">RAR-Archiv</comment><comment xml:lang="el">&#x3B1;&#x3C1;&#x3C7;&#x3B5;&#x3AF;&#x3BF; RAR</comment><comment xml:lang="eo">RAR-arkivo</comment><comment xml:lang="es">Archivo RAR</comment><comment xml:lang="eu">RAR artxiboa</comment><comment xml:lang="fi">RAR-arkisto</comment><comment xml:lang="fr">archive RAR</comment><comment xml:lang="hu">RAR-arch&#xED;vum</comment><comment xml:lang="it">Archivio RAR</comment><comment xml:lang="ja">RAR &#x30A2;&#x30FC;&#x30AB;&#x30A4;&#x30D6;</comment><comment xml:lang="ko">RAR &#xC544;&#xCE74;&#xC774;&#xBE0C;</comment><comment xml:lang="ms">Arkib RAR</comment><comment xml:lang="nb">RAR-arkiv</comment><comment xml:lang="nl">RAR-archief</comment><comment xml:lang="nn">RAR-arkiv</comment><comment xml:lang="no">RAR-arkiv</comment><comment xml:lang="pl">Archiwum RAR</comment><comment xml:lang="pt">arquivo RAR</comment><comment xml:lang="pt_BR">Arquivo RAR</comment><comment xml:lang="ru">&#x430;&#x440;&#x445;&#x438;&#x432; RAR</comment><comment xml:lang="sq">Arkiv RAR</comment><comment xml:lang="sr">&#x420;&#x410;&#x420; &#x430;&#x440;&#x445;&#x438;&#x432;&#x430;</comment><comment xml:lang="sv">RAR-arkiv</comment><comment xml:lang="uk">&#x410;&#x440;&#x445;&#x456;&#x432; RAR</comment><comment xml:lang="zh_CN">RAR &#x538B;&#x7F29;&#x5305;</comment></mime-type>
