<?xml version="1.0"?>
<mime-type xmlns="http://www.freedesktop.org/standards/shared-mime-info" type="application/x-reject"><!--Created automatically by update-mime-database. DO NOT EDIT!--><sub-class-of type="text/plain"/><comment>rejected patch</comment><comment xml:lang="bg">&#x41E;&#x442;&#x445;&#x432;&#x44A;&#x440;&#x43B;&#x435;&#x43D; &#x444;&#x430;&#x439;&#x43B; &#x441; &#x43A;&#x440;&#x44A;&#x43F;&#x43A;&#x430;</comment><comment xml:lang="cs">Odm&#xED;tnut&#xFD; patch</comment><comment xml:lang="de">abgelehnter Patch</comment><comment xml:lang="el">&#x3BC;&#x3C0;&#x3AC;&#x3BB;&#x3C9;&#x3BC;&#x3B1; &#x3C0;&#x3BF;&#x3C5; &#x3B1;&#x3C0;&#x3BF;&#x3C1;&#x3C1;&#x3AF;&#x3C6;&#x3B8;&#x3B7;&#x3BA;&#x3B5;</comment><comment xml:lang="eo">re&#x135;eta flika&#x135;o</comment><comment xml:lang="es">parche rechazado</comment><comment xml:lang="eu">baztertutako bide-izena</comment><comment xml:lang="fi">hyl&#xE4;ttyjen muutosten tiedosto</comment><comment xml:lang="fr">correctif rejet&#xE9;</comment><comment xml:lang="hu">visszautas&#xED;tott folt</comment><comment xml:lang="ja">&#x5F53;&#x3089;&#x306A;&#x3044;&#x30D1;&#x30C3;&#x30C1;</comment><comment xml:lang="ko">&#xAC70;&#xBD80;&#xB41C; &#xD328;&#xCE58; &#xD30C;&#xC77C;</comment><comment xml:lang="ms">Tampungan ditolak</comment><comment xml:lang="nb">avvist patchfil</comment><comment xml:lang="nl">verworpen patch</comment><comment xml:lang="nn">avvist programfiks</comment><comment xml:lang="no">avvist patchfil</comment><comment xml:lang="pl">odrzucona &#x142;ata</comment><comment xml:lang="pt">ficheiro de patch rejeitado</comment><comment xml:lang="pt_BR">Arquivo de patch rejeitado</comment><comment xml:lang="ru">&#x43E;&#x442;&#x432;&#x435;&#x440;&#x433;&#x43D;&#x443;&#x442;&#x44B;&#x439; &#x43F;&#x430;&#x442;&#x447;</comment><comment xml:lang="sq">patch i papranuar</comment><comment xml:lang="sr">&#x43E;&#x434;&#x431;&#x438;&#x458;&#x435;&#x43D;&#x430; &#x437;&#x430;&#x43A;&#x440;&#x43F;&#x430;</comment><comment xml:lang="sv">avvisad programfix</comment><comment xml:lang="uk">&#x432;&#x456;&#x434;&#x445;&#x438;&#x43B;&#x435;&#x43D;&#x430; &#x43B;&#x430;&#x442;&#x43A;&#x430;</comment><comment xml:lang="zh_CN">&#x62D2;&#x7EDD;&#x7684;&#x8865;&#x4E01;</comment></mime-type>
