<?xml version="1.0"?>
<mime-type xmlns="http://www.freedesktop.org/standards/shared-mime-info" type="application/x-rpm"><!--Created automatically by update-mime-database. DO NOT EDIT!--><comment>RPM package</comment><comment xml:lang="bg">&#x41F;&#x430;&#x43A;&#x435;&#x442;, &#x444;&#x43E;&#x440;&#x43C;&#x430;&#x442; RPM</comment><comment xml:lang="cs">Bal&#xED;&#x10D;ek RPM</comment><comment xml:lang="de">RPM-Paket</comment><comment xml:lang="el">&#x3C0;&#x3B1;&#x3BA;&#x3AD;&#x3C4;&#x3BF; RPM</comment><comment xml:lang="eo">RPM-paka&#x135;o</comment><comment xml:lang="es">Paquete RPM</comment><comment xml:lang="eu">RPM paketea</comment><comment xml:lang="fi">RPM-paketti</comment><comment xml:lang="fr">package RPM</comment><comment xml:lang="hu">RPM-csomag</comment><comment xml:lang="it">Pacchetto RPM</comment><comment xml:lang="ja">RPM &#x30D1;&#x30C3;&#x30B1;&#x30FC;&#x30B8;</comment><comment xml:lang="ko">RPM &#xAFB8;&#xB7EC;&#xBBF8;</comment><comment xml:lang="ms">Pakej RPM</comment><comment xml:lang="nb">RPM-pakke</comment><comment xml:lang="nl">RPM-pakket</comment><comment xml:lang="nn">RPM-pakke</comment><comment xml:lang="no">RPM-pakke</comment><comment xml:lang="pl">Pakiet RPM</comment><comment xml:lang="pt">pacote RPM</comment><comment xml:lang="pt_BR">Pacote RPM</comment><comment xml:lang="ru">RPM &#x43F;&#x430;&#x43A;&#x435;&#x442;</comment><comment xml:lang="sq">Paket&#xEB; RPM</comment><comment xml:lang="sr">RPM &#x43F;&#x430;&#x43A;&#x435;&#x442;</comment><comment xml:lang="sv">RPM-paket</comment><comment xml:lang="uk">&#x41F;&#x430;&#x43A;&#x435;&#x442; RPM</comment><comment xml:lang="zh_CN">RPM &#x8F6F;&#x4EF6;&#x5305;</comment></mime-type>
