<?xml version="1.0"?>
<mime-type xmlns="http://www.freedesktop.org/standards/shared-mime-info" type="application/x-ruby"><!--Created automatically by update-mime-database. DO NOT EDIT!--><sub-class-of type="application/x-executable"/><sub-class-of type="text/plain"/><comment>Ruby script</comment><comment xml:lang="bg">&#x421;&#x43A;&#x440;&#x438;&#x43F;&#x442; &#x43D;&#x430; Ruby</comment><comment xml:lang="cs">Skript v Ruby</comment><comment xml:lang="de">Ruby-Skript</comment><comment xml:lang="el">&#x3C0;&#x3C1;&#x3CC;&#x3B3;&#x3C1;&#x3B1;&#x3BC;&#x3BC;&#x3B1; &#x3B5;&#x3BD;&#x3C4;&#x3BF;&#x3BB;&#x3CE;&#x3BD; Ruby</comment><comment xml:lang="eo">Ruby-skripto</comment><comment xml:lang="es">Script en Ruby</comment><comment xml:lang="eu">Ruby script-a</comment><comment xml:lang="fi">Ruby-komentotiedosto</comment><comment xml:lang="fr">script Ruby</comment><comment xml:lang="hu">Ruby-parancsf&#xE1;jl</comment><comment xml:lang="it">Script Ruby</comment><comment xml:lang="ja">Ruby &#x30B9;&#x30AF;&#x30EA;&#x30D7;&#x30C8;</comment><comment xml:lang="ko">Ruby &#xC2A4;&#xD06C;&#xB9BD;&#xD2B8;</comment><comment xml:lang="ms">Skrip Ruby</comment><comment xml:lang="nb">Ruby-skript</comment><comment xml:lang="nl">Ruby-script</comment><comment xml:lang="nn">Ruby-skript</comment><comment xml:lang="no">Ruby-skript</comment><comment xml:lang="pl">Skrypt Ruby</comment><comment xml:lang="pt">'script' Ruby</comment><comment xml:lang="pt_BR">Script Ruby</comment><comment xml:lang="ru">&#x441;&#x43A;&#x440;&#x438;&#x43F;&#x442; Ruby</comment><comment xml:lang="sq">Script Ruby</comment><comment xml:lang="sr">&#x420;&#x443;&#x431;&#x438; &#x441;&#x43A;&#x440;&#x438;&#x43F;&#x442;&#x430;</comment><comment xml:lang="sv">Ruby-skript</comment><comment xml:lang="uk">&#x421;&#x446;&#x435;&#x43D;&#x430;&#x440;&#x456;&#x439; Ruby</comment><comment xml:lang="zh_CN">Ruby &#x811A;&#x672C;</comment></mime-type>
