<?xml version="1.0"?>
<mime-type xmlns="http://www.freedesktop.org/standards/shared-mime-info" type="application/x-shockwave-flash"><!--Created automatically by update-mime-database. DO NOT EDIT!--><comment>Shockwave Flash file</comment><comment xml:lang="bg">&#x424;&#x430;&#x439;&#x43B;, &#x444;&#x43E;&#x440;&#x43C;&#x430;&#x442; Shockwave Flash</comment><comment xml:lang="cs">Soubor Shockwave Flash</comment><comment xml:lang="de">Shockwave Flash-Datei</comment><comment xml:lang="el">&#x3B1;&#x3C1;&#x3C7;&#x3B5;&#x3AF;&#x3BF; Shockwave Flash</comment><comment xml:lang="eo">dosiero de Shockwave Flash</comment><comment xml:lang="es">Fichero Shockwave Flash</comment><comment xml:lang="eu">Shockwave Flash fitxategia</comment><comment xml:lang="fi">Shockwave Flash -tiedosto</comment><comment xml:lang="fr">fichier Shockwave Flash</comment><comment xml:lang="hu">Shockwave Flash-f&#xE1;jl</comment><comment xml:lang="it">File Shockwave Flash</comment><comment xml:lang="ja">Shockwave Flash &#x30D5;&#x30A1;&#x30A4;&#x30EB;</comment><comment xml:lang="ko">Shockwave &#xD50C;&#xB798;&#xC2DC; &#xD30C;&#xC77C;</comment><comment xml:lang="ms">Fail Shockwave Flash</comment><comment xml:lang="nb">Shockwave Flash-fil</comment><comment xml:lang="nl">Shockwave Flash-bestand</comment><comment xml:lang="nn">Shockwave Flash-fil</comment><comment xml:lang="no">Shockwave Flash-fil</comment><comment xml:lang="pl">Plik Shockwave Flash</comment><comment xml:lang="pt">ficheiro Shockwave Flash</comment><comment xml:lang="pt_BR">Arquivo Shockwave Flash</comment><comment xml:lang="sq">File Flash Shockwave</comment><comment xml:lang="sr">&#x428;&#x43E;&#x43A;&#x432;&#x435;&#x458;&#x432; &#x424;&#x43B;&#x435;&#x448; &#x434;&#x430;&#x442;&#x43E;&#x442;&#x435;&#x43A;&#x430;</comment><comment xml:lang="sv">Shockwave Flash-fil</comment><comment xml:lang="uk">&#x424;&#x430;&#x439;&#x43B; Shockwave Flash</comment><comment xml:lang="zh_CN">Shockwave Flash &#x6587;&#x4EF6;</comment></mime-type>
