<?xml version="1.0"?>
<mime-type xmlns="http://www.freedesktop.org/standards/shared-mime-info" type="application/x-shared-library-la"><!--Created automatically by update-mime-database. DO NOT EDIT!--><comment>shared library (la)</comment><comment xml:lang="bg">&#x421;&#x43F;&#x43E;&#x434;&#x435;&#x43B;&#x435;&#x43D;&#x430; &#x431;&#x438;&#x431;&#x43B;&#x438;&#x43E;&#x442;&#x435;&#x43A;&#x430;, &#x444;&#x43E;&#x440;&#x43C;&#x430;&#x442; la</comment><comment xml:lang="cs">Sd&#xED;len&#xE1; knihovna (la)</comment><comment xml:lang="de">gemeinsame Bibliothek (la)</comment><comment xml:lang="el">&#x3B1;&#x3C1;&#x3C7;&#x3B5;&#x3AF;&#x3BF; &#x3BA;&#x3BF;&#x3B9;&#x3BD;&#x3CC;&#x3C7;&#x3C1;&#x3B7;&#x3C3;&#x3C4;&#x3B7;&#x3C2; &#x3B2;&#x3B9;&#x3B2;&#x3BB;&#x3B9;&#x3BF;&#x3B8;&#x3AE;&#x3BA;&#x3B7;&#x3C2; (la)</comment><comment xml:lang="eo">dinamike bindebla biblioteko (la)</comment><comment xml:lang="es">biblioteca compartida (la)</comment><comment xml:lang="eu">partekatutako liburutegia (la)</comment><comment xml:lang="fi">jaettu kirjasto (la)</comment><comment xml:lang="fr">librairie partag&#xE9;e (la)</comment><comment xml:lang="hu">osztott programk&#xF6;nyvt&#xE1;r (la)</comment><comment xml:lang="ja">&#x5171;&#x6709;&#x30E9;&#x30A4;&#x30D6;&#x30E9;&#x30EA; (la)</comment><comment xml:lang="ko">&#xACF5;&#xC720; &#xB77C;&#xC774;&#xBE0C;&#xB7EC;&#xB9AC; (la)</comment><comment xml:lang="ms">Pustaka terkongsi (la)</comment><comment xml:lang="nb">delt bibliotek (la)</comment><comment xml:lang="nl">gedeelde bibliotheek (la)</comment><comment xml:lang="nn">delt bibliotek (la)</comment><comment xml:lang="no">delt bibliotek (la)</comment><comment xml:lang="pl">biblioteka wsp&#xF3;&#x142;dzielona (la)</comment><comment xml:lang="pt">biblioteca partilhada (la)</comment><comment xml:lang="pt_BR">Biblioteca compartilhada (la)</comment><comment xml:lang="ru">&#x440;&#x430;&#x437;&#x434;&#x435;&#x43B;&#x44F;&#x435;&#x43C;&#x430;&#x44F; &#x431;&#x438;&#x431;&#x43B;&#x438;&#x43E;&#x442;&#x435;&#x43A;&#x430; (la)</comment><comment xml:lang="sq">librari e p&#xEB;rbashk&#xEB;t (la)</comment><comment xml:lang="sr">&#x434;&#x435;&#x459;&#x435;&#x43D;&#x430; &#x431;&#x438;&#x431;&#x43B;&#x438;&#x43E;&#x442;&#x435;&#x43A;&#x430; (la)</comment><comment xml:lang="sv">delat bibliotek (la)</comment><comment xml:lang="uk">&#x441;&#x43F;&#x456;&#x43B;&#x44C;&#x43D;&#x430; &#x431;&#x456;&#x431;&#x43B;&#x456;&#x43E;&#x442;&#x435;&#x43A;&#x430; (la)</comment><comment xml:lang="zh_CN">&#x5171;&#x4EAB;&#x5E93;(la)</comment></mime-type>
