<?xml version="1.0"?>
<mime-type xmlns="http://www.freedesktop.org/standards/shared-mime-info" type="application/x-shellscript"><!--Created automatically by update-mime-database. DO NOT EDIT!--><sub-class-of type="text/plain"/><comment>shell script</comment><comment xml:lang="az">qab&#x131;q skripti</comment><comment xml:lang="bg">&#x421;&#x43A;&#x440;&#x438;&#x43F;&#x442; &#x43D;&#x430; &#x43E;&#x431;&#x432;&#x438;&#x432;&#x43A;&#x430;&#x442;&#x430;</comment><comment xml:lang="cs">Skript shellu</comment><comment xml:lang="cy">sgript plisgyn</comment><comment xml:lang="de">Shell-Skript</comment><comment xml:lang="el">&#x3B1;&#x3C1;&#x3C7;&#x3B5;&#x3AF;&#x3BF; &#x3B5;&#x3BD;&#x3C4;&#x3BF;&#x3BB;&#x3CE;&#x3BD; &#x3C6;&#x3BB;&#x3BF;&#x3B9;&#x3BF;&#x3CD;</comment><comment xml:lang="eo">&#x15D;elskripto</comment><comment xml:lang="es">script en shell</comment><comment xml:lang="eu">shell script-a</comment><comment xml:lang="fi">komentotulkin komentotiedotosto</comment><comment xml:lang="fr">script shell</comment><comment xml:lang="hu">h&#xE9;j-parancsf&#xE1;jl</comment><comment xml:lang="ja">&#x30B7;&#x30A7;&#x30EB;&#x30B9;&#x30AF;&#x30EA;&#x30D7;&#x30C8;</comment><comment xml:lang="ko">&#xC258; &#xC2A4;&#xD06C;&#xB9BD;&#xD2B8;</comment><comment xml:lang="ms">Skrip shell</comment><comment xml:lang="nb">skallskript</comment><comment xml:lang="nl">shellscript</comment><comment xml:lang="nn">skalskript</comment><comment xml:lang="no">skallskript</comment><comment xml:lang="pl">skrypt pow&#x142;oki</comment><comment xml:lang="pt">'script' de consola</comment><comment xml:lang="pt_BR">Script shell</comment><comment xml:lang="sq">script shell</comment><comment xml:lang="sr">&#x441;&#x43A;&#x440;&#x438;&#x43F;&#x442;&#x430; &#x459;&#x443;&#x441;&#x43A;&#x435;</comment><comment xml:lang="sv">skalskript</comment><comment xml:lang="uk">&#x441;&#x446;&#x435;&#x43D;&#x430;&#x440;&#x456;&#x439; &#x43E;&#x431;&#x43E;&#x43B;&#x43E;&#x43D;&#x43A;&#x438;</comment><comment xml:lang="zh_CN">shell &#x811A;&#x672C;</comment></mime-type>
