<?xml version="1.0"?>
<mime-type xmlns="http://www.freedesktop.org/standards/shared-mime-info" type="application/x-shar"><!--Created automatically by update-mime-database. DO NOT EDIT!--><sub-class-of type="text/plain"/><comment>shell archive</comment><comment xml:lang="az">qab&#x131;q arxivi</comment><comment xml:lang="bg">&#x410;&#x440;&#x445;&#x438;&#x432; &#x43D;&#x430; &#x43E;&#x431;&#x432;&#x438;&#x432;&#x43A;&#x430;&#x442;&#x430;</comment><comment xml:lang="cs">Archiv shellu</comment><comment xml:lang="cy">archif plisgyn</comment><comment xml:lang="de">Shell-Archiv</comment><comment xml:lang="el">&#x3B1;&#x3C1;&#x3C7;&#x3B5;&#x3AF;&#x3BF; &#x3C6;&#x3BB;&#x3BF;&#x3B9;&#x3BF;&#x3CD; (SHAR)</comment><comment xml:lang="eo">&#x15D;el-arkivo</comment><comment xml:lang="es">archivo shell</comment><comment xml:lang="eu">shell artxiboa</comment><comment xml:lang="fi">komentotulkkiarkisto</comment><comment xml:lang="fr">archive shell</comment><comment xml:lang="hu">h&#xE9;jarch&#xED;vum</comment><comment xml:lang="ja">&#x30B7;&#x30A7;&#x30EB;&#x30A2;&#x30FC;&#x30AB;&#x30A4;&#x30D6;</comment><comment xml:lang="ko">&#xC258; &#xC544;&#xCE74;&#xC774;&#xBE0C;</comment><comment xml:lang="ms">Arkib shell</comment><comment xml:lang="nb">skallarkiv</comment><comment xml:lang="nl">shell-archief</comment><comment xml:lang="nn">skal-arkiv</comment><comment xml:lang="no">skallarkiv</comment><comment xml:lang="pl">archiwum pow&#x142;oki</comment><comment xml:lang="pt">arquivo de consola</comment><comment xml:lang="pt_BR">Arquivo shell</comment><comment xml:lang="sq">arkiv shell</comment><comment xml:lang="sr">&#x410;&#x440;&#x445;&#x438;&#x432;&#x430; &#x459;&#x443;&#x441;&#x43A;&#x435; (SHAR)</comment><comment xml:lang="sv">skalarkiv</comment><comment xml:lang="uk">&#x430;&#x440;&#x445;&#x456;&#x432; &#x43E;&#x431;&#x43E;&#x43B;&#x43E;&#x43D;&#x43A;&#x438;</comment><comment xml:lang="zh_CN">shell &#x538B;&#x7F29;&#x5305;</comment></mime-type>
