<?xml version="1.0"?>
<mime-type xmlns="http://www.freedesktop.org/standards/shared-mime-info" type="application/x-slp"><!--Created automatically by update-mime-database. DO NOT EDIT!--><comment>Stampede package</comment><comment xml:lang="az">Stampede paketi</comment><comment xml:lang="bg">&#x41F;&#x430;&#x43A;&#x435;&#x442;, &#x444;&#x43E;&#x440;&#x43C;&#x430;&#x442; Stampede</comment><comment xml:lang="cs">Bal&#xED;&#x10D;ek Stampede</comment><comment xml:lang="cy">Pecyn Stampede</comment><comment xml:lang="de">Stampede-Paket</comment><comment xml:lang="el">&#x3C0;&#x3B1;&#x3BA;&#x3AD;&#x3C4;&#x3BF; Stampede</comment><comment xml:lang="eo">Stampede-paka&#x135;o</comment><comment xml:lang="es">Paquete Stampede</comment><comment xml:lang="eu">Stampede paketea</comment><comment xml:lang="fi">Stampede-paketti</comment><comment xml:lang="fr">package Stampede</comment><comment xml:lang="hu">Stampede-csomag</comment><comment xml:lang="it">Pacchetto Stampede</comment><comment xml:lang="ja">Stampede &#x30D1;&#x30C3;&#x30B1;&#x30FC;&#x30B8;</comment><comment xml:lang="ko">Stampede &#xAFB8;&#xB7EC;&#xBBF8;</comment><comment xml:lang="ms">Pakej Stampede</comment><comment xml:lang="nb">Stampede-pakke</comment><comment xml:lang="nl">Stampede-pakket</comment><comment xml:lang="nn">Stampede-pakke</comment><comment xml:lang="no">Stampede-pakke</comment><comment xml:lang="pl">Pakiet Stampede</comment><comment xml:lang="pt">pacote Stampede</comment><comment xml:lang="pt_BR">Pacote Stampede</comment><comment xml:lang="sq">Paket&#xEB; Stampede</comment><comment xml:lang="sr">Stampede &#x43F;&#x430;&#x43A;&#x435;&#x442;</comment><comment xml:lang="sv">Stampede-paket</comment><comment xml:lang="uk">&#x41F;&#x430;&#x43A;&#x435;&#x442; Stampede</comment><comment xml:lang="zh_CN">Stampede &#x8F6F;&#x4EF6;&#x5305;</comment></mime-type>
