<?xml version="1.0"?>
<mime-type xmlns="http://www.freedesktop.org/standards/shared-mime-info" type="application/x-sms-rom"><!--Created automatically by update-mime-database. DO NOT EDIT!--><comment>SMS/Game Gear ROM</comment><comment xml:lang="bg">ROM, &#x444;&#x43E;&#x440;&#x43C;&#x430;&#x442; SMS/Game Gear</comment><comment xml:lang="cs">ROM pro SMS/Game Gear</comment><comment xml:lang="de">SMS/Game Gear-ROM</comment><comment xml:lang="el">&#x3B5;&#x3B9;&#x3BA;&#x3CC;&#x3BD;&#x3B1; &#x3BC;&#x3BD;&#x3AE;&#x3BC;&#x3B7;&#x3C2; ROM SMS/Game Gear</comment><comment xml:lang="eo">NLM de SMS/Game Gear</comment><comment xml:lang="es">Rom de SMS/Game Gear</comment><comment xml:lang="eu">SMS/Game Gea-eko ROMa</comment><comment xml:lang="fi">SMS/Game Gear -ROM</comment><comment xml:lang="fr">ROM SMS/Game Gear</comment><comment xml:lang="hu">SMS/Game Gear ROM</comment><comment xml:lang="it">ROM SMS/Game Gear</comment><comment xml:lang="ja">SMS/Game Gear ROM</comment><comment xml:lang="ko">SMS/Game Gear &#xB86C;</comment><comment xml:lang="ms">ROM SMS atau Game Gear</comment><comment xml:lang="nb">SMS/Game Gear-ROM</comment><comment xml:lang="nl">SMS/Game Gear-ROM</comment><comment xml:lang="nn">SMS/Game Gear-ROM</comment><comment xml:lang="no">SMS/Game Gear-ROM</comment><comment xml:lang="pl">SMS/Game Gear - plik z ROM-em</comment><comment xml:lang="pt">ROM da SMS/Game Gear</comment><comment xml:lang="pt_BR">ROM do SMS/Game Gear</comment><comment xml:lang="sq">ROM SMS/Game Gear</comment><comment xml:lang="sr">SMS/Game Gear &#x420;&#x41E;&#x41C;</comment><comment xml:lang="sv">SMS/Game Gear-rom</comment><comment xml:lang="uk">&#x41F;&#x417;&#x41F; SMS/Game Gear</comment><comment xml:lang="zh_CN">SMS/Game Gear ROM</comment></mime-type>
