<?xml version="1.0"?>
<mime-type xmlns="http://www.freedesktop.org/standards/shared-mime-info" type="application/x-stuffit"><!--Created automatically by update-mime-database. DO NOT EDIT!--><comment>Macintosh StuffIt archive</comment><comment xml:lang="az">Macintosh StuffIt arxivi</comment><comment xml:lang="bg">&#x410;&#x440;&#x445;&#x438;&#x432;, &#x444;&#x43E;&#x440;&#x43C;&#x430;&#x442; Macintosh StuffIt</comment><comment xml:lang="cs">Archiv Macintosh StuffIt</comment><comment xml:lang="cy">Archif Macintosh StuffIt</comment><comment xml:lang="de">Macintosh StuffIt-Archiv</comment><comment xml:lang="el">&#x3B1;&#x3C1;&#x3C7;&#x3B5;&#x3AF;&#x3BF; Macintosh StuffIt</comment><comment xml:lang="eo">StuffIt-arkivo de Macintosh</comment><comment xml:lang="es">Archivo Macintosh StuffIt</comment><comment xml:lang="eu">Macintosh StuffIt artxiboa</comment><comment xml:lang="fi">Macintosh StuffIt -arkisto</comment><comment xml:lang="fr">archive Macintosh StuffIt</comment><comment xml:lang="hu">Macintosh StuffIt-arch&#xED;vum</comment><comment xml:lang="it">Archivio Macintosh Stuffit</comment><comment xml:lang="ja">Macintosh StuffIt &#x30A2;&#x30FC;&#x30AB;&#x30A4;&#x30D6;</comment><comment xml:lang="ko">&#xB9E5;&#xD0A8;&#xD1A0;&#xC2DC; StuffIt &#xC544;&#xCE74;&#xC774;&#xBE0C;</comment><comment xml:lang="ms">Arkib StuffIt Macintosh</comment><comment xml:lang="nb">Macintosh StuffIt arkiv</comment><comment xml:lang="nl">Macintosh StuffIt-archief</comment><comment xml:lang="nn">Macintosh StuffIt arkiv</comment><comment xml:lang="no">Macintosh StuffIt arkiv</comment><comment xml:lang="pl">Archiwum StuffIt dla Macintosha</comment><comment xml:lang="pt">arquivo StuffIt de Macintosh</comment><comment xml:lang="pt_BR">Arquivo Macintosh StuffIt</comment><comment xml:lang="sq">Arkiv Macintosh StuffIt</comment><comment xml:lang="sr">&#x41C;&#x435;&#x43A;&#x438;&#x43D;&#x442;&#x43E;&#x448; StuffIt &#x430;&#x440;&#x445;&#x438;&#x432;&#x430;</comment><comment xml:lang="sv">Macintosh StuffIt-arkiv </comment><comment xml:lang="uk">&#x410;&#x440;&#x445;&#x456;&#x432; Macintosh StuffIt</comment><comment xml:lang="zh_CN">Macintosh StuffIt &#x538B;&#x7F29;&#x5305;</comment></mime-type>
