<?xml version="1.0"?>
<mime-type xmlns="http://www.freedesktop.org/standards/shared-mime-info" type="application/x-sv4cpio"><!--Created automatically by update-mime-database. DO NOT EDIT!--><comment>SV4 CPIO archive</comment><comment xml:lang="az">SV4 CPIO arxivi</comment><comment xml:lang="bg">&#x410;&#x440;&#x445;&#x438;&#x432;, &#x444;&#x43E;&#x440;&#x43C;&#x430;&#x442; SV4 CPIO</comment><comment xml:lang="cs">Archiv SV4 CPIO</comment><comment xml:lang="cy">Archif CPIO SV4</comment><comment xml:lang="de">SV4-CPIO-Archiv</comment><comment xml:lang="el">&#x3B1;&#x3C1;&#x3C7;&#x3B5;&#x3AF;&#x3BF; SV4 CPIO</comment><comment xml:lang="eo">SV4-CPIO-arkivo</comment><comment xml:lang="es">Archivo SV4 CPIO</comment><comment xml:lang="eu">SV4 CPIO artxiboa</comment><comment xml:lang="fi">SV4 CPIO -arkisto</comment><comment xml:lang="fr">archive SV4 CPIO</comment><comment xml:lang="hu">SV4 CPIO-arch&#xED;vum</comment><comment xml:lang="it">Archivio SV4 CPIO</comment><comment xml:lang="ja">SV4 CPIO &#x30A2;&#x30FC;&#x30AB;&#x30A4;&#x30D6;</comment><comment xml:lang="ko">SV4 CPIO &#xC544;&#xCE74;&#xC774;&#xBE0C;</comment><comment xml:lang="ms">Arkib CPIO SV4</comment><comment xml:lang="nb">SV4 CPIO-arkiv</comment><comment xml:lang="nl">SV4 CPIO-archief</comment><comment xml:lang="nn">SV4 CPIO-arkiv</comment><comment xml:lang="no">SV4 CPIO-arkiv</comment><comment xml:lang="pl">Archiwum SV4 CPIO</comment><comment xml:lang="pt">ficheiro SV4 CPIO</comment><comment xml:lang="pt_BR">Arquivo SV4 CPIO</comment><comment xml:lang="sq">Arkiv SV4 CPIO</comment><comment xml:lang="sr">SV4 CPIO &#x430;&#x440;&#x445;&#x438;&#x432;&#x430;</comment><comment xml:lang="sv">SV4 CPIO-arkiv</comment><comment xml:lang="uk">&#x410;&#x440;&#x445;&#x456;&#x432; SV4 CPIO</comment><comment xml:lang="zh_CN">SV4 CPIO &#x538B;&#x7F29;&#x5305;</comment></mime-type>
