<?xml version="1.0"?>
<mime-type xmlns="http://www.freedesktop.org/standards/shared-mime-info" type="application/x-sv4crc"><!--Created automatically by update-mime-database. DO NOT EDIT!--><comment>SV4 CPIP archive (with CRC)</comment><comment xml:lang="az">SV4 CPIP arxivi (CRC il&#x259;)</comment><comment xml:lang="bg">&#x410;&#x440;&#x445;&#x438;&#x432;, &#x444;&#x43E;&#x440;&#x43C;&#x430;&#x442; SV4 CPIP, &#x43F;&#x440;&#x43E;&#x432;&#x435;&#x440;&#x43A;&#x430; &#x437;&#x430; &#x433;&#x440;&#x435;&#x448;&#x43A;&#x438; CRC</comment><comment xml:lang="cs">Archiv SV4 CPIP (s CRC)</comment><comment xml:lang="cy">Archif CPIP SV4 (efo CRC)</comment><comment xml:lang="de">SV4-CPIP-Archiv (mit CRC)</comment><comment xml:lang="el">&#x3B1;&#x3C1;&#x3C7;&#x3B5;&#x3AF;&#x3BF; SV4 CPIP (&#x3BC;&#x3B5; CRC)</comment><comment xml:lang="eo">SV4-CPIP-arkivo (kun CRC)</comment><comment xml:lang="es">Archivo SV4 CPIP (con CRC)</comment><comment xml:lang="eu">SV4 CPIP artxiboa (CRC-rekin)</comment><comment xml:lang="fi">SV4 CPIP -arkisto (CRC:ll&#xE4;)</comment><comment xml:lang="fr">archive SV4 CPIP (avec CRC)</comment><comment xml:lang="hu">SV4 CPIP-arch&#xED;vum (CRC-vel)</comment><comment xml:lang="it">Archivio SV4 CPIP (con CRC)</comment><comment xml:lang="ja">SV4 CPIP &#x30A2;&#x30FC;&#x30AB;&#x30A4;&#x30D6; (CRC &#x6709;&#x308A;)</comment><comment xml:lang="ko">(CRC&#xB97C; &#xAC00;&#xC9C0;&#xB294;) SV4 CPIP &#xC544;&#xCE74;&#xC774;&#xBE0C;</comment><comment xml:lang="ms">Arkib CPIP SV4 (dengan CRC)</comment><comment xml:lang="nb">SV4 CPIO-arkiv (med CRC)</comment><comment xml:lang="nl">SV4 CPIP-archief (met CRC)</comment><comment xml:lang="nn">SV4 CPIP arkiv (med SRS)</comment><comment xml:lang="no">SV4 CPIO-arkiv (med CRC)</comment><comment xml:lang="pl">Archiwum SV4 CPIP (z sum&#x105; kontroln&#x105;)</comment><comment xml:lang="pt">arquivo SV4 CPIO (com CRC)</comment><comment xml:lang="pt_BR">Arquivo SV4 CPIP (com CRC)</comment><comment xml:lang="sq">Arkiv SV4 CPIP (me CRC)</comment><comment xml:lang="sr">SV4 CPIP &#x430;&#x440;&#x445;&#x438;&#x432;&#x430; (&#x441;&#x430; CRC-&#x43E;&#x43C;)</comment><comment xml:lang="sv">SV4 CPIO-arkiv (med CRC)</comment><comment xml:lang="uk">&#x410;&#x440;&#x445;&#x456;&#x432; SV4 CPIP (&#x437; CRC)</comment><comment xml:lang="zh_CN">SV4 CPIP &#x538B;&#x7F29;&#x5305;(&#x5E26; CRC)</comment></mime-type>
