<?xml version="1.0"?>
<mime-type xmlns="http://www.freedesktop.org/standards/shared-mime-info" type="application/x-tar"><!--Created automatically by update-mime-database. DO NOT EDIT!--><comment>tar archive</comment><comment xml:lang="bg">&#x410;&#x440;&#x445;&#x438;&#x432;, &#x444;&#x43E;&#x440;&#x43C;&#x430;&#x442; tar</comment><comment xml:lang="cs">Archiv tar</comment><comment xml:lang="de">tar-Archiv</comment><comment xml:lang="el">&#x3B1;&#x3C1;&#x3C7;&#x3B5;&#x3AF;&#x3BF; tar</comment><comment xml:lang="eo">tar-arkivo</comment><comment xml:lang="es">archivo tar</comment><comment xml:lang="eu">tar artxiboa</comment><comment xml:lang="fi">tar-arkisto</comment><comment xml:lang="fr">archive tar</comment><comment xml:lang="hu">tar-arch&#xED;vum</comment><comment xml:lang="ja">tar &#x30A2;&#x30FC;&#x30AB;&#x30A4;&#x30D6;</comment><comment xml:lang="ko">tar &#xC544;&#xCE74;&#xC774;&#xBE0C;</comment><comment xml:lang="ms">Arkib tar</comment><comment xml:lang="nb">tar-arkiv</comment><comment xml:lang="nl">tar-archief</comment><comment xml:lang="nn">tar-arkiv</comment><comment xml:lang="no">tar-arkiv</comment><comment xml:lang="pl">archiwum tar</comment><comment xml:lang="pt">arquivo tar</comment><comment xml:lang="pt_BR">Arquivo tar</comment><comment xml:lang="ru">&#x430;&#x440;&#x445;&#x438;&#x432; tar</comment><comment xml:lang="sq">arkiv tar</comment><comment xml:lang="sr">&#x442;&#x430;&#x440; &#x430;&#x440;&#x445;&#x438;&#x432;&#x430;</comment><comment xml:lang="sv">tar-arkiv</comment><comment xml:lang="uk">&#x430;&#x440;&#x445;&#x456;&#x432; tar</comment><comment xml:lang="zh_CN">tar &#x538B;&#x7F29;&#x5305;</comment></mime-type>
