<?xml version="1.0"?>
<mime-type xmlns="http://www.freedesktop.org/standards/shared-mime-info" type="application/x-tex-gf"><!--Created automatically by update-mime-database. DO NOT EDIT!--><comment>generic font file</comment><comment xml:lang="bg">&#x428;&#x440;&#x438;&#x444;&#x442;&#x43E;&#x432; &#x444;&#x430;&#x439;&#x43B;</comment><comment xml:lang="cs">Obecn&#xFD; soubor p&#xED;sma</comment><comment xml:lang="de">generische Schriftdatei</comment><comment xml:lang="el">&#x3B3;&#x3B5;&#x3BD;&#x3B9;&#x3BA;&#x3CC; &#x3B1;&#x3C1;&#x3C7;&#x3B5;&#x3AF;&#x3BF; &#x3B3;&#x3C1;&#x3B1;&#x3BC;&#x3BC;&#x3B1;&#x3C4;&#x3BF;&#x3C3;&#x3B5;&#x3B9;&#x3C1;&#x3AC;&#x3C2;</comment><comment xml:lang="eo">genera tipara dosiero</comment><comment xml:lang="es">tipo de letra gen&#xE9;rico</comment><comment xml:lang="eu">letra-tipo orokorra</comment><comment xml:lang="fi">yleinen kirjasintiedosto</comment><comment xml:lang="fr">fichier de fontes g&#xE9;n&#xE9;rique</comment><comment xml:lang="hu">&#xE1;ltal&#xE1;nos bet&#x171;k&#xE9;szletf&#xE1;jl</comment><comment xml:lang="ja">&#x4E00;&#x822C;&#x30D5;&#x30A9;&#x30F3;&#x30C8;&#x30D5;&#x30A1;&#x30A4;&#x30EB;</comment><comment xml:lang="ko">&#xC77C;&#xBC18; &#xAE00;&#xAF34; &#xD30C;&#xC77C;</comment><comment xml:lang="ms">Fail font generik</comment><comment xml:lang="nb">vanlig skriftfil</comment><comment xml:lang="nl">algemeen lettertypebestand</comment><comment xml:lang="nn">vanleg skrifttypefil</comment><comment xml:lang="no">vanlig skriftfil</comment><comment xml:lang="pl">zwyk&#x142;y plik czcionki</comment><comment xml:lang="pt">ficheiro gen&#xE9;rico de tipo de letra</comment><comment xml:lang="pt_BR">Arquivo de fonte gen&#xE9;rico</comment><comment xml:lang="sq">file me g&#xEB;rma t&#xEB; zakonshme</comment><comment xml:lang="sr">&#x43E;&#x43F;&#x448;&#x442;&#x430; &#x434;&#x430;&#x442;&#x43E;&#x442;&#x435;&#x43A;&#x430; &#x444;&#x43E;&#x43D;&#x442;&#x430;</comment><comment xml:lang="sv">allm&#xE4;n typsnittsfil</comment><comment xml:lang="uk">&#x437;&#x430;&#x433;&#x430;&#x43B;&#x44C;&#x43D;&#x438;&#x439; &#x444;&#x430;&#x439;&#x43B; &#x448;&#x440;&#x438;&#x444;&#x442;&#x443;</comment><comment xml:lang="zh_CN">&#x901A;&#x7528;&#x5B57;&#x4F53;&#x6587;&#x4EF6;</comment></mime-type>
