<?xml version="1.0"?>
<mime-type xmlns="http://www.freedesktop.org/standards/shared-mime-info" type="application/x-tex-pk"><!--Created automatically by update-mime-database. DO NOT EDIT!--><comment>packed font file</comment><comment xml:lang="bg">&#x428;&#x440;&#x438;&#x444;&#x442;&#x43E;&#x432; &#x444;&#x430;&#x439;&#x43B;, &#x43A;&#x43E;&#x43C;&#x43F;&#x440;&#x435;&#x441;&#x438;&#x440;&#x430;&#x43D;</comment><comment xml:lang="cs">Komprimovan&#xFD; soubor p&#xED;sma</comment><comment xml:lang="de">gepackte Schriftdatei</comment><comment xml:lang="el">&#x3B1;&#x3C1;&#x3C7;&#x3B5;&#x3AF;&#x3BF; &#x3C3;&#x3C5;&#x3BC;&#x3C0;&#x3B9;&#x3B5;&#x3C3;&#x3BC;&#x3AD;&#x3BD;&#x3B7;&#x3C2; &#x3B3;&#x3C1;&#x3B1;&#x3BC;&#x3BC;&#x3B1;&#x3C4;&#x3BF;&#x3C3;&#x3B5;&#x3B9;&#x3C1;&#x3AC;&#x3C2;</comment><comment xml:lang="eo">pakigita tipara dosiero</comment><comment xml:lang="es">fichero de tipo de letra empaquetada</comment><comment xml:lang="eu">Letra-tipo fitxategi paketatua</comment><comment xml:lang="fi">pakattu kirjasintiedosto</comment><comment xml:lang="fr">fichier de fontes empaquet&#xE9;es</comment><comment xml:lang="hu">packed font-f&#xE1;jl</comment><comment xml:lang="ja">&#x30D1;&#x30C3;&#x30AF;&#x3055;&#x308C;&#x305F;&#x30D5;&#x30A9;&#x30F3;&#x30C8;&#x30D5;&#x30A1;&#x30A4;&#x30EB;</comment><comment xml:lang="ko">&#xAE00;&#xAF34; &#xBB36;&#xC74C; &#xD30C;&#xC77C;</comment><comment xml:lang="ms">Fail font dipek</comment><comment xml:lang="nb">pakket skriftfil</comment><comment xml:lang="nl">ingepakt lettertypebestand</comment><comment xml:lang="nn">pakka skrifttypefil</comment><comment xml:lang="no">pakket skriftfil</comment><comment xml:lang="pl">plik ze spakowan&#x105; czcionk&#x105;</comment><comment xml:lang="pt">ficheiro de fontes empacotadas</comment><comment xml:lang="pt_BR">Arquivo de fonte empacotada</comment><comment xml:lang="sq">file i paketuar g&#xEB;rmash</comment><comment xml:lang="sr">&#x43F;&#x430;&#x43A;&#x43E;&#x432;&#x430;&#x43D;&#x430; &#x434;&#x430;&#x442;&#x43E;&#x442;&#x435;&#x43A;&#x430; &#x441;&#x430; &#x444;&#x43E;&#x43D;&#x442;&#x43E;&#x43C;</comment><comment xml:lang="sv">packad typsnittsfil</comment><comment xml:lang="uk">&#x443;&#x43F;&#x430;&#x43A;&#x43E;&#x432;&#x430;&#x43D;&#x438;&#x439; &#x444;&#x430;&#x439;&#x43B; &#x448;&#x440;&#x438;&#x444;&#x442;&#x443;</comment><comment xml:lang="zh_CN">&#x6253;&#x5305;&#x7684;&#x5B57;&#x4F53;&#x6587;&#x4EF6;</comment></mime-type>
