<?xml version="1.0"?>
<mime-type xmlns="http://www.freedesktop.org/standards/shared-mime-info" type="application/x-tgif"><!--Created automatically by update-mime-database. DO NOT EDIT!--><comment>TGIF document</comment><comment xml:lang="bg">&#x414;&#x43E;&#x43A;&#x443;&#x43C;&#x435;&#x43D;&#x442;, &#x444;&#x43E;&#x440;&#x43C;&#x430;&#x442; TGIF</comment><comment xml:lang="cs">Dokument TGIF</comment><comment xml:lang="de">TGIF-Dokument</comment><comment xml:lang="el">&#x3A3;&#x3C7;&#x3AD;&#x3B4;&#x3B9;&#x3BF; TGIF</comment><comment xml:lang="eo">TGIF-dokumento</comment><comment xml:lang="es">Documento TGIF</comment><comment xml:lang="eu">TGIF dokumentua</comment><comment xml:lang="fi">TGIF-asiakirja</comment><comment xml:lang="fr">document TGIF</comment><comment xml:lang="hu">TGIF-dokumentum</comment><comment xml:lang="it">Documento TGIF</comment><comment xml:lang="ja">TGIF &#x30C9;&#x30AD;&#x30E5;&#x30E1;&#x30F3;&#x30C8;</comment><comment xml:lang="ko">TGIF &#xBB38;&#xC11C;</comment><comment xml:lang="ms">Dokumen TGIF</comment><comment xml:lang="nb">TGIF-dokument</comment><comment xml:lang="nl">TGIF-document</comment><comment xml:lang="nn">TGIF-dokument</comment><comment xml:lang="no">TGIF-dokument</comment><comment xml:lang="pl">Dokument TGIF</comment><comment xml:lang="pt">documento TGIF</comment><comment xml:lang="pt_BR">Documento TGIF</comment><comment xml:lang="sq">Dokument TGIF</comment><comment xml:lang="sr">TGIF &#x434;&#x43E;&#x43A;&#x443;&#x43C;&#x435;&#x43D;&#x442;</comment><comment xml:lang="sv">TGIF-dokument</comment><comment xml:lang="uk">&#x414;&#x43E;&#x43A;&#x443;&#x43C;&#x435;&#x43D;&#x442; TGIF</comment><comment xml:lang="zh_CN">TGIF &#x6587;&#x6863;</comment></mime-type>
