<?xml version="1.0"?>
<mime-type xmlns="http://www.freedesktop.org/standards/shared-mime-info" type="application/x-theme"><!--Created automatically by update-mime-database. DO NOT EDIT!--><sub-class-of type="text/plain"/><comment>theme</comment><comment xml:lang="az">&#xF6;rt&#xFC;k</comment><comment xml:lang="bg">&#x422;&#x435;&#x43C;&#x430;</comment><comment xml:lang="cs">T&#xE9;ma</comment><comment xml:lang="cy">thema</comment><comment xml:lang="de">Thema</comment><comment xml:lang="el">&#x398;&#x3AD;&#x3BC;&#x3B1;</comment><comment xml:lang="eo">etoso</comment><comment xml:lang="es">tema</comment><comment xml:lang="eu">gaia</comment><comment xml:lang="fi">teema</comment><comment xml:lang="fr">th&#xE8;me</comment><comment xml:lang="hu">t&#xE9;ma</comment><comment xml:lang="it">tema</comment><comment xml:lang="ja">&#x30C6;&#x30FC;&#x30DE;</comment><comment xml:lang="ko">&#xD14C;&#xB9C8;</comment><comment xml:lang="ms">Tema</comment><comment xml:lang="nb">tema</comment><comment xml:lang="nl">thema</comment><comment xml:lang="nn">drakt</comment><comment xml:lang="no">tema</comment><comment xml:lang="pl">motyw</comment><comment xml:lang="pt">tema</comment><comment xml:lang="pt_BR">Tema</comment><comment xml:lang="ru">&#x442;&#x435;&#x43C;&#x430;</comment><comment xml:lang="sq">tema</comment><comment xml:lang="sr">&#x442;&#x435;&#x43C;&#x430;</comment><comment xml:lang="sv">tema</comment><comment xml:lang="uk">&#x442;&#x435;&#x43C;&#x430;</comment><comment xml:lang="zh_CN">&#x4E3B;&#x9898;</comment></mime-type>
