<?xml version="1.0"?>
<mime-type xmlns="http://www.freedesktop.org/standards/shared-mime-info" type="application/x-toutdoux"><!--Created automatically by update-mime-database. DO NOT EDIT!--><comment>ToutDoux document</comment><comment xml:lang="az">ToutDoux s&#x259;n&#x259;di</comment><comment xml:lang="bg">&#x414;&#x43E;&#x43A;&#x443;&#x43C;&#x435;&#x43D;&#x442;, &#x444;&#x43E;&#x440;&#x43C;&#x430;&#x442; ToutDoux</comment><comment xml:lang="cs">Dokument ToutDoux</comment><comment xml:lang="cy">Dogfen ToutDoux</comment><comment xml:lang="de">ToutDoux-Dokument</comment><comment xml:lang="el">&#x3AD;&#x3B3;&#x3B3;&#x3C1;&#x3B1;&#x3C6;&#x3BF; ToutDoux</comment><comment xml:lang="eo">ToutDoux-dokumento</comment><comment xml:lang="es">Documento de ToutDoux</comment><comment xml:lang="eu">ToutDoux dokumentua</comment><comment xml:lang="fi">ToutDoux-asiakirja</comment><comment xml:lang="fr">document ToutDoux</comment><comment xml:lang="hu">ToutDoux-dokumentum</comment><comment xml:lang="it">Documento ToutDoux</comment><comment xml:lang="ja">ToutDoux &#x30C9;&#x30AD;&#x30E5;&#x30E1;&#x30F3;&#x30C8;</comment><comment xml:lang="ko">ToutDoux &#xBB38;&#xC11C;</comment><comment xml:lang="ms">Dokumen ToutDoux</comment><comment xml:lang="nb">ToutDoux-dokument</comment><comment xml:lang="nl">ToutDoux-document</comment><comment xml:lang="nn">ToutDoux-dokument</comment><comment xml:lang="no">ToutDoux-dokument</comment><comment xml:lang="pl">Dokument ToutDoux</comment><comment xml:lang="pt">documento ToutDoux</comment><comment xml:lang="pt_BR">Documento do ToutDoux</comment><comment xml:lang="sq">Dokument ToutDoux</comment><comment xml:lang="sr">ToutDoux &#x434;&#x43E;&#x43A;&#x443;&#x43C;&#x435;&#x43D;&#x442;</comment><comment xml:lang="sv">ToutDoux-dokument</comment><comment xml:lang="uk">&#x414;&#x43E;&#x43A;&#x443;&#x43C;&#x435;&#x43D;&#x442; ToutDoux</comment><comment xml:lang="zh_CN">ToutDoux &#x6587;&#x6863;</comment></mime-type>
