<?xml version="1.0"?>
<mime-type xmlns="http://www.freedesktop.org/standards/shared-mime-info" type="application/x-troff"><!--Created automatically by update-mime-database. DO NOT EDIT!--><sub-class-of type="text/plain"/><comment>Troff document</comment><comment xml:lang="az">Troff s&#x259;n&#x259;di</comment><comment xml:lang="bg">&#x414;&#x43E;&#x43A;&#x443;&#x43C;&#x435;&#x43D;&#x442;, &#x444;&#x43E;&#x440;&#x43C;&#x430;&#x442; Troff</comment><comment xml:lang="cs">Dokument troff</comment><comment xml:lang="cy">Dogfen troff</comment><comment xml:lang="de">Troff-Dokument</comment><comment xml:lang="el">&#x3AD;&#x3B3;&#x3B3;&#x3C1;&#x3B1;&#x3C6;&#x3BF; troff</comment><comment xml:lang="eo">Troff-dokumento</comment><comment xml:lang="es">Documento troff</comment><comment xml:lang="eu">Troff dokumentua</comment><comment xml:lang="fi">Troff-asiakirja</comment><comment xml:lang="fr">document Troff</comment><comment xml:lang="hu">Troff-dokumentum</comment><comment xml:lang="it">Documento troff</comment><comment xml:lang="ja">Troff &#x5165;&#x529B;&#x30C9;&#x30AD;&#x30E5;&#x30E1;&#x30F3;&#x30C8;</comment><comment xml:lang="ko">Troff &#xBB38;&#xC11C;</comment><comment xml:lang="ms">Dokumen Troff</comment><comment xml:lang="nb">Troff-dokument</comment><comment xml:lang="nl">Troff-document</comment><comment xml:lang="nn">Troff-dokument</comment><comment xml:lang="no">Troff-dokument</comment><comment xml:lang="pl">Dokument troff</comment><comment xml:lang="pt">documento Troff</comment><comment xml:lang="pt_BR">Documento troff</comment><comment xml:lang="sq">Dokument Troff</comment><comment xml:lang="sr">Troff &#x434;&#x43E;&#x43A;&#x443;&#x43C;&#x435;&#x43D;&#x442;</comment><comment xml:lang="sv">Troff-dokument</comment><comment xml:lang="uk">&#x414;&#x43E;&#x43A;&#x443;&#x43C;&#x435;&#x43D;&#x442; Troff</comment><comment xml:lang="zh_CN">Troff &#x6587;&#x6863;</comment></mime-type>
