<?xml version="1.0"?>
<mime-type xmlns="http://www.freedesktop.org/standards/shared-mime-info" type="application/x-troff-man"><!--Created automatically by update-mime-database. DO NOT EDIT!--><sub-class-of type="text/plain"/><comment>Troff document (with manpage macros)</comment><comment xml:lang="bg">&#x414;&#x43E;&#x43A;&#x443;&#x43C;&#x435;&#x43D;&#x442;, &#x444;&#x43E;&#x440;&#x43C;&#x430;&#x442; Troff (&#x441; &#x43C;&#x430;&#x43A;&#x440;&#x43E;&#x441;&#x438; &#x437;&#x430; &#x441;&#x43F;&#x440;&#x430;&#x432;&#x43E;&#x447;&#x43D;&#x438; &#x441;&#x442;&#x440;&#x430;&#x43D;&#x438;&#x446;&#x438;)</comment><comment xml:lang="cs">Dokument troff (s makry pro str&#xE1;nky man)</comment><comment xml:lang="de">Troff-Dokument (mit man-Seitenmakros)</comment><comment xml:lang="el">&#x3AD;&#x3B3;&#x3B3;&#x3C1;&#x3B1;&#x3C6;&#x3BF; troff (&#x3BC;&#x3B5; &#x3BC;&#x3B1;&#x3BA;&#x3C1;&#x3BF;&#x3B5;&#x3BD;&#x3C4;&#x3BF;&#x3BB;&#x3AD;&#x3C2; manpage)</comment><comment xml:lang="eo">Troff-dokumento (kun manpa&#x11D;aj makrooj)</comment><comment xml:lang="es">Documento troff (con macros de p&#xE1;ginas de manual)</comment><comment xml:lang="eu">Troff dokumentua (manpage makroekin)</comment><comment xml:lang="fi">Troff-asiakirja (man-sivu-makroilla)</comment><comment xml:lang="fr">document Troff (avec macros manpage)</comment><comment xml:lang="hu">Troff-dokumentum (manpage-makr&#xF3;kkal)</comment><comment xml:lang="it">Documento troff (con macro manpage)</comment><comment xml:lang="ja">Troff &#x5165;&#x529B;&#x30C9;&#x30AD;&#x30E5;&#x30E1;&#x30F3;&#x30C8; (man &#x30DA;&#x30FC;&#x30B8;&#x30DE;&#x30AF;&#x30ED;&#x6709;&#x308A;)</comment><comment xml:lang="ko">(&#xC124;&#xBA85;&#xC11C; &#xB9E4;&#xD06C;&#xB85C;&#xAC00; &#xC788;&#xB294;) Troff &#xBB38;&#xC11C;</comment><comment xml:lang="ms">Dokumen Troff (dengan macros halaman man)</comment><comment xml:lang="nb">Troff-dokument (med manualsidemakroer)</comment><comment xml:lang="nl">Troff-document (met man-pagina macro's)</comment><comment xml:lang="nn">Troff-dokument med manualside-makroar</comment><comment xml:lang="pl">Dokument Troff (z makrami stron pomocy)</comment><comment xml:lang="pt">documento Troff (com macros manpage)</comment><comment xml:lang="pt_BR">Documento troff (com macros de p&#xE1;ginas de manual)</comment><comment xml:lang="sq">Dokumet Troff (me makro p&#xEB;r manpage)</comment><comment xml:lang="sr">Troff &#x434;&#x43E;&#x43A;&#x443;&#x43C;&#x435;&#x43D;&#x442; (&#x441;&#x430; &#x43C;&#x430;&#x43A;&#x440;&#x43E;&#x438;&#x43C;&#x430; &#x437;&#x430; &#x43C;&#x430;&#x43D; &#x441;&#x442;&#x440;&#x430;&#x43D;&#x438;&#x446;&#x435;)</comment><comment xml:lang="sv">Troff-dokument (med manualsidemakron)</comment><comment xml:lang="uk">&#x414;&#x43E;&#x43A;&#x443;&#x43C;&#x435;&#x43D;&#x442; Troff (&#x437; &#x43C;&#x430;&#x43A;&#x440;&#x43E;&#x441;&#x430;&#x43C;&#x438; manpage)</comment><comment xml:lang="zh_CN">Troff &#x6587;&#x6863;(&#x5E26; manpage &#x5B8F;)</comment></mime-type>
