<?xml version="1.0"?>
<mime-type xmlns="http://www.freedesktop.org/standards/shared-mime-info" type="application/x-trash"><!--Created automatically by update-mime-database. DO NOT EDIT!--><comment>backup file</comment><comment xml:lang="bg">&#x420;&#x435;&#x437;&#x435;&#x440;&#x432;&#x43D;&#x43E; &#x43A;&#x43E;&#x43F;&#x438;&#x435; &#x43D;&#x430; &#x444;&#x430;&#x439;&#x43B;</comment><comment xml:lang="cs">Z&#xE1;lo&#x17E;n&#xED; soubor</comment><comment xml:lang="de">Sicherungsdatei</comment><comment xml:lang="el">&#x3B1;&#x3BD;&#x3C4;&#x3AF;&#x3B3;&#x3C1;&#x3B1;&#x3C6;&#x3BF; &#x3B1;&#x3C3;&#x3C6;&#x3B1;&#x3BB;&#x3B5;&#x3AF;&#x3B1;&#x3C2;</comment><comment xml:lang="eo">resta&#x16D;rkopio</comment><comment xml:lang="es">fichero de respaldo</comment><comment xml:lang="eu">babes-kopiako fitxategia</comment><comment xml:lang="fi">varmuuskopio</comment><comment xml:lang="fr">fichier d'archive</comment><comment xml:lang="hu">biztons&#xE1;gi ment&#xE9;s</comment><comment xml:lang="it">file di backup</comment><comment xml:lang="ja">&#x30D0;&#x30C3;&#x30AF;&#x30A2;&#x30C3;&#x30D7;&#x30D5;&#x30A1;&#x30A4;&#x30EB;</comment><comment xml:lang="ko">&#xBC31;&#xC5C5; &#xD30C;&#xC77C;</comment><comment xml:lang="ms">Fail backup</comment><comment xml:lang="nb">sikkerhetskopi</comment><comment xml:lang="nl">reservekopiebestand</comment><comment xml:lang="nn">tryggleikskopi</comment><comment xml:lang="no">sikkerhetskopi</comment><comment xml:lang="pl">plik zapasowy</comment><comment xml:lang="pt">c&#xF3;pia de seguran&#xE7;a</comment><comment xml:lang="pt_BR">Arquivo de backup</comment><comment xml:lang="ru">&#x444;&#x430;&#x439;&#x43B; &#x437;&#x430;&#x43F;&#x430;&#x441;&#x43D;&#x43E;&#x439; &#x43A;&#x43E;&#x43F;&#x438;&#x438;</comment><comment xml:lang="sq">file backup</comment><comment xml:lang="sr">&#x440;&#x435;&#x437;&#x435;&#x440;&#x432;&#x43D;&#x430; &#x43A;&#x43E;&#x43F;&#x438;&#x458;&#x430;</comment><comment xml:lang="sv">s&#xE4;kerhetskopia</comment><comment xml:lang="uk">&#x440;&#x435;&#x437;&#x435;&#x440;&#x432;&#x43D;&#x430; &#x43A;&#x43E;&#x43F;&#x456;&#x44F;</comment><comment xml:lang="zh_CN">&#x5907;&#x4EFD;&#x6587;&#x4EF6;</comment></mime-type>
