<?xml version="1.0"?>
<mime-type xmlns="http://www.freedesktop.org/standards/shared-mime-info" type="application/x-troff-man-compressed"><!--Created automatically by update-mime-database. DO NOT EDIT!--><comment>manual page (compressed)</comment><comment xml:lang="az">man s&#x259;hif&#x259;si (s&#x131;x&#x131;&#x15F;d&#x131;r&#x131;lm&#x131;&#x15F;)</comment><comment xml:lang="bg">&#x421;&#x442;&#x440;&#x430;&#x43D;&#x438;&#x446;&#x430; &#x43E;&#x442; &#x441;&#x43F;&#x440;&#x430;&#x432;&#x43E;&#x447;&#x43D;&#x438;&#x43A;&#x430; (&#x43A;&#x43E;&#x43C;&#x43F;&#x440;&#x435;&#x441;&#x438;&#x440;&#x430;&#x43D;&#x430;)</comment><comment xml:lang="cs">Manu&#xE1;lov&#xE1; str&#xE1;nka (komprimovan&#xE1;)</comment><comment xml:lang="cy">tudalen llawlyfr (wedi ei gywasgu)</comment><comment xml:lang="de">Handbuchseite (komprimiert)</comment><comment xml:lang="el">&#x3C3;&#x3B5;&#x3BB;&#x3AF;&#x3B4;&#x3B1; &#x3BF;&#x3B4;&#x3B7;&#x3B3;&#x3B9;&#x3CE;&#x3BD; (&#x3C3;&#x3C5;&#x3BC;&#x3C0;&#x3B9;&#x3B5;&#x3C3;&#x3BC;&#x3AD;&#x3BD;&#x3B7;)</comment><comment xml:lang="eo">manpa&#x11D;o (kunpremita)</comment><comment xml:lang="es">p&#xE1;gina de manual (comprimida)</comment><comment xml:lang="eu">eskuliburu orria (konprimatua)</comment><comment xml:lang="fi">manuaalisivu (pakattu)</comment><comment xml:lang="fr">man pages (compress&#xE9;s)</comment><comment xml:lang="hu">k&#xE9;zik&#xF6;nyvoldal (t&#xF6;m&#xF6;r&#xED;tett)</comment><comment xml:lang="it">pagina di manuale (compressa)</comment><comment xml:lang="ja">(&#x5727;&#x7E2E;) man &#x30DA;&#x30FC;&#x30B8;</comment><comment xml:lang="ko">(&#xC555;&#xCD95;&#xB41C;) &#xC124;&#xBA85;&#xC11C; &#xD398;&#xC774;&#xC9C0;</comment><comment xml:lang="ms">Halaman manual (termampat)</comment><comment xml:lang="nb">manualside (komprimert)</comment><comment xml:lang="nl">handleidingspagina (ingepakt)</comment><comment xml:lang="nn">manualside (pakka)</comment><comment xml:lang="no">manualside (komprimert)</comment><comment xml:lang="pl">strona pomocy (skompresowana)</comment><comment xml:lang="pt">p&#xE1;gina de manual (comprimida)</comment><comment xml:lang="pt_BR">P&#xE1;gina de manual (compactada)</comment><comment xml:lang="sq">faqe manuali (e kompresuar)</comment><comment xml:lang="sr">&#x441;&#x442;&#x440;&#x430;&#x43D;&#x430; &#x443;&#x43F;&#x443;&#x442;&#x441;&#x442;&#x432;&#x430; (&#x43A;&#x43E;&#x43C;&#x43F;&#x440;&#x435;&#x441;&#x43E;&#x432;&#x430;&#x43D;&#x430;)</comment><comment xml:lang="sv">manualsida (komprimerad)</comment><comment xml:lang="uk">&#x441;&#x442;&#x43E;&#x440;&#x456;&#x43D;&#x43A;&#x430; &#x43F;&#x43E;&#x441;&#x456;&#x431;&#x43D;&#x438;&#x43A;&#x430; (&#x441;&#x442;&#x438;&#x441;&#x43D;&#x435;&#x43D;&#x430;)</comment><comment xml:lang="zh_CN">&#x624B;&#x518C;&#x9875;(&#x538B;&#x7F29;)</comment></mime-type>
