<?xml version="1.0"?>
<mime-type xmlns="http://www.freedesktop.org/standards/shared-mime-info" type="application/x-ustar"><!--Created automatically by update-mime-database. DO NOT EDIT!--><comment>ustar archive</comment><comment xml:lang="az">ustar arxivi</comment><comment xml:lang="bg">&#x410;&#x440;&#x445;&#x438;&#x432;, &#x444;&#x43E;&#x440;&#x43C;&#x430;&#x442; ustar</comment><comment xml:lang="cs">Archiv ustar</comment><comment xml:lang="cy">archif ustar</comment><comment xml:lang="de">ustar-Archiv</comment><comment xml:lang="el">&#x3B1;&#x3C1;&#x3C7;&#x3B5;&#x3AF;&#x3BF; ustar</comment><comment xml:lang="eo">ustar-arkivo</comment><comment xml:lang="es">archivo ustar</comment><comment xml:lang="eu">ustar artxiboa</comment><comment xml:lang="fi">ustar-arkisto</comment><comment xml:lang="fr">archive ustar</comment><comment xml:lang="hu">ustar-arch&#xED;vum</comment><comment xml:lang="it">archivio ustar</comment><comment xml:lang="ja">ustar &#x30A2;&#x30FC;&#x30AB;&#x30A4;&#x30D6;</comment><comment xml:lang="ko">Ustar &#xC544;&#xCE74;&#xC774;&#xBE0C;</comment><comment xml:lang="ms">Arkib ustar</comment><comment xml:lang="nb">ustar-arkiv</comment><comment xml:lang="nl">ustar-archief</comment><comment xml:lang="nn">ustar-arkiv</comment><comment xml:lang="no">ustar-arkiv</comment><comment xml:lang="pl">archiwum ustar</comment><comment xml:lang="pt">arquivo ustar</comment><comment xml:lang="pt_BR">Arquivo ustar</comment><comment xml:lang="ru">&#x430;&#x440;&#x445;&#x438;&#x432; ustar</comment><comment xml:lang="sq">arkiv ustar</comment><comment xml:lang="sr">ustar &#x430;&#x440;&#x445;&#x438;&#x432;&#x430;</comment><comment xml:lang="sv">ustar-arkiv</comment><comment xml:lang="uk">&#x430;&#x440;&#x445;&#x456;&#x432; ustar</comment><comment xml:lang="zh_CN">ustar &#x538B;&#x7F29;&#x5305;</comment></mime-type>
