<?xml version="1.0"?>
<mime-type xmlns="http://www.freedesktop.org/standards/shared-mime-info" type="application/x-wpg"><!--Created automatically by update-mime-database. DO NOT EDIT!--><comment>WordPerfect/Drawperfect image</comment><comment xml:lang="bg">&#x418;&#x437;&#x43E;&#x431;&#x440;&#x430;&#x436;&#x435;&#x43D;&#x438;&#x435;, &#x444;&#x43E;&#x440;&#x43C;&#x430;&#x442; WordPerfect/Drawperfect</comment><comment xml:lang="cs">Obr&#xE1;zek WordPerfect/Drawperfect</comment><comment xml:lang="de">WordPerfect/DrawPerfect-Bild</comment><comment xml:lang="el">&#x3B5;&#x3B9;&#x3BA;&#x3CC;&#x3BD;&#x3B1; WordPerfect/Drawperfect</comment><comment xml:lang="eo">WordPerfect/Drawperfect-bildo</comment><comment xml:lang="es">Imagen de WordPerfect/Drawperfect</comment><comment xml:lang="eu">WordPerfect/Drawperfect irudia</comment><comment xml:lang="fi">WordPerfect/Drawperfect-kuva</comment><comment xml:lang="fr">image WordPerfect/DrawPerfect</comment><comment xml:lang="hu">WordPerfect/Drawperfect-k&#xE9;p</comment><comment xml:lang="ja">WordPerfect/Drawperfect &#x753B;&#x50CF;</comment><comment xml:lang="ko">WordPerfect/Drawperfect &#xADF8;&#xB9BC;</comment><comment xml:lang="ms">Imej WordPerfect/Drawperfect</comment><comment xml:lang="nb">WordPerfect-/Drawperfect-bilde</comment><comment xml:lang="nl">WordPerfect/Drawperfect-afbeelding</comment><comment xml:lang="nn">WordPerfect/DrawPerfect-bilete</comment><comment xml:lang="pl">Obraz WordPerfect/DrawPerfect</comment><comment xml:lang="pt">imagem do WordPerfect/Drawperfect</comment><comment xml:lang="pt_BR">Imagem do WordPerfect/Drawperfect</comment><comment xml:lang="sq">Figur&#xEB; WordPerfect/Drawperfect</comment><comment xml:lang="sr">WordPerfect/Drawperfect &#x441;&#x43B;&#x438;&#x43A;&#x430;</comment><comment xml:lang="sv">WordPerfect/Drawperfect-bild</comment><comment xml:lang="uk">&#x417;&#x43E;&#x431;&#x440;&#x430;&#x436;&#x435;&#x43D;&#x43D;&#x44F; WordPerfect/Drawperfect</comment><comment xml:lang="zh_CN">WordPerfect/Drawperfect &#x56FE;&#x50CF;</comment></mime-type>
