<?xml version="1.0"?>
<mime-type xmlns="http://www.freedesktop.org/standards/shared-mime-info" type="application/x-x509-ca-cert"><!--Created automatically by update-mime-database. DO NOT EDIT!--><comment>DER/PEM/Netscape-encoded X.509 certificate</comment><comment xml:lang="bg">&#x421;&#x435;&#x440;&#x442;&#x438;&#x444;&#x438;&#x43A;&#x430;&#x442;, &#x43A;&#x43E;&#x434;&#x438;&#x440;&#x430;&#x43D; &#x432;&#x44A;&#x432; &#x444;&#x43E;&#x440;&#x43C;&#x430;&#x442; DER/PEM/Netscape X.509</comment><comment xml:lang="cs">Certifik&#xE1;t X.509 k&#xF3;dovan&#xFD; jako DER/PEM/Netscape</comment><comment xml:lang="de">DER/PEM/Netscape-kodiertes X.509-Zertifikat</comment><comment xml:lang="el">&#x3C8;&#x3B7;&#x3C6;&#x3B9;&#x3B1;&#x3BA;&#x3CC; &#x3C0;&#x3B9;&#x3C3;&#x3C4;&#x3BF;&#x3C0;&#x3BF;&#x3B9;&#x3B7;&#x3C4;&#x3B9;&#x3BA;&#x3CC; X.509 &#x3BA;&#x3C9;&#x3B4;&#x3B9;&#x3BA;&#x3BF;&#x3C0;&#x3BF;&#x3B9;&#x3B7;&#x3BC;&#x3AD;&#x3BD;&#x3BF; &#x3BA;&#x3B1;&#x3C4;&#x3AC; DER/PEM/Netscape</comment><comment xml:lang="eo">DER/PEM/Netscape-kodigita X.509-certigilo</comment><comment xml:lang="es">Certificado X.509 codificado con DER/PEM/Netscape</comment><comment xml:lang="eu">X.509rekin kodetutako DER, PEM edo Netscape zertifikatua</comment><comment xml:lang="fi">DER/PEM/Netscape-koodattu X.509-varmenne</comment><comment xml:lang="fr">certificat DER/PEM/Netscape- encod&#xE9; X.509</comment><comment xml:lang="hu">DER/PEM/Netscape form&#xE1;tum&#xFA; X.509-tan&#xFA;s&#xED;tv&#xE1;ny</comment><comment xml:lang="ja">DER/PEM/Netscape &#x30A8;&#x30F3;&#x30B3;&#x30FC;&#x30C9; X.509 &#x8A3C;&#x660E;&#x66F8;</comment><comment xml:lang="ko">DER/PEM/X.509&#xB85C; &#xC778;&#xCF54;&#xB4DC;&#xB41C; &#xB137;&#xC2A4;&#xCF00;&#xC774;&#xD504; &#xC778;&#xC99D;&#xC11C;</comment><comment xml:lang="ms">Sijil X.509 dienkod /DER/PEM/Netscape</comment><comment xml:lang="nb">DER/PEM/Netscape-kodet X.509-sertifikat</comment><comment xml:lang="nl">DER/PEM/Netscape-gecodeerd X.509 certificaat</comment><comment xml:lang="nn">DER/PEM/Netscape-koda X.509-sertifikat</comment><comment xml:lang="no">DER/PEM/Netscape-kodet X.509-sertifikat</comment><comment xml:lang="pl">Certyfikat X.509 DER/PEM/Netscape-zakodowany</comment><comment xml:lang="pt">certificado X.509 codificado com DER/PEM/Netscape</comment><comment xml:lang="pt_BR">Certificado X.509 codificado com DER/PEM/Netscape</comment><comment xml:lang="sq">&#xC7;ertifikat&#xEB; DER/PEM/Netscape-encoded X.509</comment><comment xml:lang="sr">DER, PEM &#x438;&#x43B;&#x438; &#x41D;&#x435;&#x442;&#x441;&#x43A;&#x435;&#x458;&#x43F; &#x43A;&#x43E;&#x434;&#x438;&#x440;&#x430;&#x43D;&#x438; &#x441;&#x435;&#x440;&#x442;&#x438;&#x444;&#x438;&#x43A;&#x430;&#x442; X.509</comment><comment xml:lang="sv">DER/PEM/Netscape-kodat X.509-certifikat</comment><comment xml:lang="uk">&#x421;&#x435;&#x440;&#x442;&#x438;&#x444;&#x456;&#x43A;&#x430;&#x442; X.509 &#x443; &#x444;&#x43E;&#x440;&#x43C;&#x430;&#x442;&#x456; DER/PEM/Netscape</comment><comment xml:lang="zh_CN">DER/PEM/Netscape-encoded X.509 &#x8BC1;&#x4E66;</comment></mime-type>
