<?xml version="1.0"?>
<mime-type xmlns="http://www.freedesktop.org/standards/shared-mime-info" type="application/x-xbel"><!--Created automatically by update-mime-database. DO NOT EDIT!--><sub-class-of type="text/plain"/><comment>XBEL bookmarks</comment><comment xml:lang="bg">&#x424;&#x430;&#x439;&#x43B; &#x441; &#x43E;&#x442;&#x43C;&#x435;&#x442;&#x43A;&#x438; &#x43D;&#x430; XBEL</comment><comment xml:lang="cs">Z&#xE1;lo&#x17E;ky XBEL</comment><comment xml:lang="de">XBEL-Lesezeichen</comment><comment xml:lang="el">&#x3C3;&#x3B5;&#x3BB;&#x3B9;&#x3B4;&#x3BF;&#x3B4;&#x3B5;&#x3AF;&#x3BA;&#x3C4;&#x3B5;&#x3C2; XBEL</comment><comment xml:lang="eo">XBEL-legosignoj</comment><comment xml:lang="es">Marcadores XBEL</comment><comment xml:lang="eu">XBEL laster-markak</comment><comment xml:lang="fi">XBEL-kirjanmerkit</comment><comment xml:lang="fr">carnet de signets XBEL</comment><comment xml:lang="hu">XBEL-k&#xF6;nyvjelz&#x151;k</comment><comment xml:lang="it">Segnalibri XBEL</comment><comment xml:lang="ja">XBEL &#x30D6;&#x30C3;&#x30AF;&#x30DE;&#x30FC;&#x30AF;</comment><comment xml:lang="ko">XBEL &#xCC45;&#xAC08;&#xD53C;</comment><comment xml:lang="ms">Tandabuku XBEL</comment><comment xml:lang="nb">XBEL-bokmerker</comment><comment xml:lang="nl">XBEL-bladwijzers</comment><comment xml:lang="nn">XBEL-bokmerker</comment><comment xml:lang="no">XBEL-bokmerker</comment><comment xml:lang="pl">Zak&#x142;adki XBEL</comment><comment xml:lang="pt">marcadores XBEL</comment><comment xml:lang="pt_BR">Marcadores do XBEL</comment><comment xml:lang="sq">Lib&#xEB;rsh&#xEB;nues XBEL</comment><comment xml:lang="sr">XBEL &#x43E;&#x431;&#x435;&#x43B;&#x435;&#x436;&#x438;&#x432;&#x430;&#x447;&#x438;</comment><comment xml:lang="sv">XBEL-bokm&#xE4;rken</comment><comment xml:lang="uk">&#x417;&#x430;&#x43A;&#x43B;&#x430;&#x434;&#x43A;&#x438; XBEL</comment><comment xml:lang="zh_CN">XBEL &#x4E66;&#x7B7E;</comment></mime-type>
