<?xml version="1.0"?>
<mime-type xmlns="http://www.freedesktop.org/standards/shared-mime-info" type="application/x-zerosize"><!--Created automatically by update-mime-database. DO NOT EDIT!--><comment>empty document</comment><comment xml:lang="bg">&#x41F;&#x440;&#x430;&#x437;&#x435;&#x43D; &#x434;&#x43E;&#x43A;&#x443;&#x43C;&#x435;&#x43D;&#x442;</comment><comment xml:lang="cs">Pr&#xE1;zdn&#xFD; dokument</comment><comment xml:lang="de">leeres Dokument</comment><comment xml:lang="el">&#x3BA;&#x3B5;&#x3BD;&#x3CC; &#x3AD;&#x3B3;&#x3B3;&#x3C1;&#x3B1;&#x3C6;&#x3BF;</comment><comment xml:lang="eo">malplena dokumento</comment><comment xml:lang="es">documento vac&#xED;o</comment><comment xml:lang="eu">dokumentu hutsa</comment><comment xml:lang="fi">tyhj&#xE4; asiakirja</comment><comment xml:lang="fr">document vide</comment><comment xml:lang="hu">&#xFC;res dokumentum</comment><comment xml:lang="it">documento vuoto</comment><comment xml:lang="ja">&#x7A7A;&#x306E;&#x30C9;&#x30AD;&#x30E5;&#x30E1;&#x30F3;&#x30C8;</comment><comment xml:lang="ko">&#xBE48; &#xBB38;&#xC11C;</comment><comment xml:lang="ms">Dokumen kosong</comment><comment xml:lang="nb">tomt dokument</comment><comment xml:lang="nl">leeg document</comment><comment xml:lang="nn">tomt dokument</comment><comment xml:lang="no">tomt dokument</comment><comment xml:lang="pl">pusty dokument</comment><comment xml:lang="pt">documento vazio</comment><comment xml:lang="pt_BR">Documento vazio</comment><comment xml:lang="ru">&#x43F;&#x443;&#x441;&#x442;&#x43E;&#x439; &#x434;&#x43E;&#x43A;&#x443;&#x43C;&#x435;&#x43D;&#x442;</comment><comment xml:lang="sq">dokument bosh</comment><comment xml:lang="sr">&#x43F;&#x440;&#x430;&#x437;&#x430;&#x43D; &#x434;&#x43E;&#x43A;&#x443;&#x43C;&#x435;&#x43D;&#x442;</comment><comment xml:lang="sv">tomt dokument</comment><comment xml:lang="uk">&#x43F;&#x43E;&#x440;&#x43E;&#x436;&#x43D;&#x456;&#x439; &#x434;&#x43E;&#x43A;&#x443;&#x43C;&#x435;&#x43D;&#x442;</comment><comment xml:lang="zh_CN">&#x7A7A;&#x6587;&#x6863;</comment></mime-type>
