<?xml version="1.0"?>
<mime-type xmlns="http://www.freedesktop.org/standards/shared-mime-info" type="application/x-zoo"><!--Created automatically by update-mime-database. DO NOT EDIT!--><comment>zoo archive</comment><comment xml:lang="bg">&#x410;&#x440;&#x445;&#x438;&#x432;, &#x444;&#x43E;&#x440;&#x43C;&#x430;&#x442; zoo</comment><comment xml:lang="cs">Archiv zoo</comment><comment xml:lang="de">zoo-Archiv</comment><comment xml:lang="el">&#x3B1;&#x3C1;&#x3C7;&#x3B5;&#x3AF;&#x3BF; zoo</comment><comment xml:lang="eo">zoo-arkivo</comment><comment xml:lang="es">archivo zoo</comment><comment xml:lang="eu">zoo artxiboa</comment><comment xml:lang="fi">zoo-arkisto</comment><comment xml:lang="fr">archive zoo</comment><comment xml:lang="hu">zoo-arch&#xED;vum</comment><comment xml:lang="it">archivio zoo</comment><comment xml:lang="ja">zoo &#x30A2;&#x30FC;&#x30AB;&#x30A4;&#x30D6;</comment><comment xml:lang="ko">zoo &#xC544;&#xCE74;&#xC774;&#xBE0C;</comment><comment xml:lang="ms">Arkib zoo</comment><comment xml:lang="nb">zoo-arkiv</comment><comment xml:lang="nl">zoo-archief</comment><comment xml:lang="nn">zoo-arkiv</comment><comment xml:lang="no">zoo-arkiv</comment><comment xml:lang="pl">archiwum zoo</comment><comment xml:lang="pt">arquivo zoo</comment><comment xml:lang="pt_BR">Arquivo zoo</comment><comment xml:lang="ru">&#x430;&#x440;&#x445;&#x438;&#x432; zoo</comment><comment xml:lang="sq">arkiv zoo</comment><comment xml:lang="sr">zoo &#x430;&#x440;&#x445;&#x438;&#x432;&#x430;</comment><comment xml:lang="sv">zoo-arkiv</comment><comment xml:lang="uk">&#x430;&#x440;&#x445;&#x456;&#x432; zoo</comment><comment xml:lang="zh_CN">zoo &#x538B;&#x7F29;&#x5305;</comment></mime-type>
