<?xml version="1.0"?>
<mime-type xmlns="http://www.freedesktop.org/standards/shared-mime-info" type="application/xhtml+xml"><!--Created automatically by update-mime-database. DO NOT EDIT!--><sub-class-of type="text/xml"/><comment>XHTML page</comment><comment xml:lang="bg">&#x421;&#x442;&#x440;&#x430;&#x43D;&#x438;&#x446;&#x430;, &#x444;&#x43E;&#x440;&#x43C;&#x430;&#x442; XHTML</comment><comment xml:lang="cs">Str&#xE1;nka XHTML</comment><comment xml:lang="de">XHTML-Seite</comment><comment xml:lang="el">&#x3C3;&#x3B5;&#x3BB;&#x3AF;&#x3B4;&#x3B1; XHTML</comment><comment xml:lang="eo">XHTML-pa&#x11D;o</comment><comment xml:lang="es">P&#xE1;gina XHTML</comment><comment xml:lang="eu">XHTML orria</comment><comment xml:lang="fi">XHTML-sivu</comment><comment xml:lang="fr">page XHTML</comment><comment xml:lang="hu">XHTML-oldal</comment><comment xml:lang="it">Pagina XHTML</comment><comment xml:lang="ja">XHTML &#x30DA;&#x30FC;&#x30B8;</comment><comment xml:lang="ko">XHTML &#xD398;&#xC774;&#xC9C0;</comment><comment xml:lang="ms">Laman XHTML</comment><comment xml:lang="nb">XHTML-side</comment><comment xml:lang="nl">XHTML-pagina</comment><comment xml:lang="nn">XHTML-side</comment><comment xml:lang="no">XHTML-side</comment><comment xml:lang="pl">Strona XHTML</comment><comment xml:lang="pt">p&#xE1;gina XHTML</comment><comment xml:lang="pt_BR">P&#xE1;gina XHTML</comment><comment xml:lang="sq">Faqe XHTML</comment><comment xml:lang="sr">XHTML &#x441;&#x442;&#x440;&#x430;&#x43D;&#x430;</comment><comment xml:lang="sv">XHTML-sida</comment><comment xml:lang="uk">&#x421;&#x442;&#x43E;&#x440;&#x456;&#x43D;&#x43A;&#x430; XHTML</comment><comment xml:lang="zh_CN">XHTML &#x9875;&#x9762;</comment></mime-type>
