<?xml version="1.0"?>
<mime-type xmlns="http://www.freedesktop.org/standards/shared-mime-info" type="application/zip"><!--Created automatically by update-mime-database. DO NOT EDIT!--><alias type="application/x-zip-compressed"/><comment>ZIP archive</comment><comment xml:lang="bg">&#x410;&#x440;&#x445;&#x438;&#x432;, &#x444;&#x43E;&#x440;&#x43C;&#x430;&#x442; ZIP</comment><comment xml:lang="cs">Archiv ZIP</comment><comment xml:lang="de">ZIP-Archiv</comment><comment xml:lang="el">&#x3B1;&#x3C1;&#x3C7;&#x3B5;&#x3AF;&#x3BF; ZIP</comment><comment xml:lang="eo">ZIP-arkivo</comment><comment xml:lang="es">Archivo ZIP</comment><comment xml:lang="eu">ZIP artxiboa</comment><comment xml:lang="fi">ZIP-arkisto</comment><comment xml:lang="fr">archive Zip</comment><comment xml:lang="hu">ZIP-arch&#xED;vum</comment><comment xml:lang="it">Archivio ZIP</comment><comment xml:lang="ja">ZIP &#x30A2;&#x30FC;&#x30AB;&#x30A4;&#x30D6;</comment><comment xml:lang="ko">ZIP &#xC544;&#xCE74;&#xC774;&#xBE0C;</comment><comment xml:lang="ms">Arkib ZIP</comment><comment xml:lang="nb">ZIP-arkiv</comment><comment xml:lang="nl">ZIP-archief</comment><comment xml:lang="nn">ZIP-arkiv</comment><comment xml:lang="no">ZIP-arkiv</comment><comment xml:lang="pl">Archiwum ZIP</comment><comment xml:lang="pt">arquivo ZIP</comment><comment xml:lang="pt_BR">Arquivo ZIP</comment><comment xml:lang="ru">&#x430;&#x440;&#x445;&#x438;&#x432; ZIP</comment><comment xml:lang="sq">Arkiv ZIP</comment><comment xml:lang="sr">&#x417;&#x438;&#x43F; &#x430;&#x440;&#x445;&#x438;&#x432;&#x430;</comment><comment xml:lang="sv">ZIP-arkiv</comment><comment xml:lang="uk">&#x410;&#x440;&#x445;&#x456;&#x432; ZIP</comment><comment xml:lang="zh_CN">ZIP &#x538B;&#x7F29;&#x5305;</comment></mime-type>
