<?xml version="1.0"?>
<gconf>
        <entry name="last_version" mtime="1142967332" type="schema" stype="string" owner="evolution">
                <local_schema locale="pt" short_desc="Versão da última configuração actualizada">
                        <longdesc>A última versão actualizada da configuração do Evolution, com o nível principal/menor/configuração (por exemplo &quot;2.6.0&quot;).</longdesc>
                </local_schema>
                <local_schema locale="hi" short_desc="अंतिम उन्नत विन्यास संस्करण">
                </local_schema>
                <local_schema locale="zh_HK" short_desc="上次升級的組態版本">
                        <longdesc>上次升級的 Evolution 組態版本，以 major/minor/configuration 層級表示(例如「2.6.0」) 。</longdesc>
                </local_schema>
                <local_schema locale="uk" short_desc="Версія останньої оновленої конфігурації">
                        <longdesc>Версія останньої оновленої конфігурації Evolution, з рівнями major/minor/configuration (наприклад &quot;2.6.0&quot;).</longdesc>
                </local_schema>
                <local_schema locale="en_CA" short_desc="Last upgraded configuration version">
                        <longdesc>The last upgraded configuration version of Evolution, with major/minor/configuration level (for example &quot;2.6.0&quot;).</longdesc>
                </local_schema>
                <local_schema locale="ne" short_desc="पछिल्लो पटक अद्याबधिक गरिएको कन्फिगरेसन संस्करण">
                </local_schema>
                <local_schema locale="bg" short_desc="Последната обновена версия на конфигурацията">
                        <longdesc>Подробна версия на последните настроки на Evolution - номер на версия/подверсия/конфигурационно ниво (напр. „2.6.0“).</longdesc>
                </local_schema>
                <local_schema locale="zh_CN" short_desc="上次升级的配置版本">
                        <longdesc>上次升级的 Evolution 配置版本，带主/次/配置级别(如“2.6.0”)。</longdesc>
                </local_schema>
                <local_schema locale="be" short_desc="Вэрсія апошняй абноўленай канфігурацыі">
                </local_schema>
                <local_schema locale="C" short_desc="Last upgraded configuration version">
                        <longdesc>The last upgraded configuration version of Evolution, with major/minor/configuration level (for example &quot;2.6.0&quot;).</longdesc>
                </local_schema>
                <local_schema locale="nb" short_desc="Sist oppgradert konfigurasjonsversjon">
                        <longdesc>Sist oppgradert konfigurasjonsversjon for Evolution, med major/minor/konfigurasjonsnivå (for eksempel «2.6.0»).</longdesc>
                </local_schema>
                <local_schema locale="pt_BR" short_desc="Última versão de configuração atualizada">
                        <longdesc>A última versão de configuração do Evolution atualizada, com maior/menor/nível de configuração (por exemplo &quot;2.6.0&quot;).</longdesc>
                </local_schema>
                <local_schema locale="eu" short_desc="Azken bertsio-berritutako konfigurazio-bertsioa">
                        <longdesc>Azken bertsio-berritutako Evolution-en konfigurazio-bertsioa, konfigurazio maila altuarekin/baxuarekin (&quot;2.6.0&quot; adibidez).</longdesc>
                </local_schema>
                <local_schema locale="pl" short_desc="Ostatnia zaktualizowana wersja konfiguracji">
                </local_schema>
                <local_schema locale="et" short_desc="Viimati uuendatud seadistuste versioon">
                </local_schema>
                <local_schema locale="es" short_desc="Última versión de la configuración actualizada">
                        <longdesc>La última versión de configuración de Evolution actualizada, con nivel de configuración mayor/menor (por ejemplo &quot;2.6.0&quot;).</longdesc>
                </local_schema>
                <local_schema locale="vi" short_desc="Phiên bản cấu hình Evolution đã cập nhật cuối cùng">
                        <longdesc>Phiên bản cấu hình Evolution đã cập nhật cuối cùng, với mức độ cấu hình lớn/nhỏ (v.d. « 2.6.0 »).</longdesc>
                </local_schema>
                <local_schema locale="ru" short_desc="Версия последней обновленной конфигурации">
                        <longdesc>Версия последней обновленной версии Evolution, с уровнями major/minor/configuration (например, &quot;2.6.0&quot;).</longdesc>
                </local_schema>
                <local_schema locale="id" short_desc="Versi konfigurasi Evolution terakhir yang diupgrade.">
                </local_schema>
                <local_schema locale="ko" short_desc="최근 업그레이드한 설정 버전">
                        <longdesc>최근 업그레이드한 Evolution의 설정 버전, major/minor/configuration 단계. (예를 들어 &quot;2.6.0&quot;)</longdesc>
                </local_schema>
                <local_schema locale="lt" short_desc="Paskutinė atnaujinta konfigūracijos versija">
                        <longdesc>Paskutinė atnaujinta Evolution konfigūracijos versija, su mažoriniu/minoriniu/konfigūracijos lygiu (pvz., „2.6.0“).</longdesc>
                </local_schema>
                <local_schema locale="ca" short_desc="Última versió de la configuració actualitzada">
                        <longdesc>La darrera versió actualitzada de l&apos;Evolution, amb nivell major/menor/configuració (per exemple &quot;2.6.0&quot;).</longdesc>
                </local_schema>
                <local_schema locale="sv" short_desc="Senast uppgraderad konfigurationsversion">
                        <longdesc>Den senast uppgraderade konfigurationsversionen för Evolution, med överordnad/underordnad/konfigurationsnivå (till exempel &quot;2.6.0&quot;).</longdesc>
                </local_schema>
                <local_schema locale="el" short_desc="Τελευταία ενημερωμένη έκδοση ρυθμίσεων">
                        <longdesc>Η τελευταία αναβαθμισμένη έκδοση του Evolution, με μέγιστο/ελάχιστο επίπεδο ρυθμίσεων (για παράδειγμα &quot;2.6.0&quot;).</longdesc>
                </local_schema>
                <local_schema locale="fr" short_desc="Dernière configuration de version d&apos;Evolution mise à jour">
                        <longdesc>La dernière version d&apos;Evolution mise à jour, avec les niveaux /major/minor/configuration (par ex. « 2.6.0 »).</longdesc>
                </local_schema>
                <local_schema locale="ro" short_desc="Versiunea ultimei configurării actualizate">
                        <longdesc>Ultima versiune actualizată de configurare a Evolution, cu nivel de configurare major/minor (de exemplu „2.6.0”).</longdesc>
                </local_schema>
                <local_schema locale="de" short_desc="Zuletzt aktualisierte Konfigurationsversion">
                        <longdesc>Die zuletzt aktualisierte Konfigurationsversion von Evolution mit Haupt-, Unter- und Konfigurations-Stufe (z.B. »2.6.0«).</longdesc>
                </local_schema>
                <local_schema locale="sr@Latn" short_desc="Poslednja nadograđena verzija podešavanja">
                        <longdesc>Poslednja nadograđena verzija podešavanja Evolucije, sa glavnim/sporednim/nivoom podešavanja (npr. „2.6.0“).</longdesc>
                </local_schema>
                <local_schema locale="pa" short_desc="ਆਖਰੀ ਨਵੀਨ ਸੰਰਚਨਾ ਵਰਜਨ">
                        <longdesc>ਈਵੂਲੇਸ਼ਨ ਦਾ ਆਖਰੀ ਅੱਪਗਰੇਡ ਕੀਤਾ ਸੰਰਚਨਾ ਵਰਜਨ, ਵੱਧ/ਘੱਟ/ਸੰਰਚਨਾ ਪੱਧਰ ਨਾਲ (ਉਦਾਹਰਨ ਲਈ &quot;2.6.0&quot;)</longdesc>
                </local_schema>
                <local_schema locale="gu" short_desc="છેલ્લે સુધારાયેલ રૂપરેખાંકન આવૃત્તિ">
                        <longdesc>ઈવોલ્યુશનની છેલ્લી સુધારાયેલ રૂપરેખાંકિત આવૃત્તિ, મુખ્ય/ગૌણ/ રૂપરેખાંકન સ્તરો સાથે (ઉદાહરણ તરીકે &quot;2.6.0&quot;).</longdesc>
                </local_schema>
                <local_schema locale="sr" short_desc="Последња надограђена верзија подешавања">
                        <longdesc>Последња надограђена верзија подешавања Еволуције, са главним/споредним/нивоом подешавања (нпр. „2.6.0“).</longdesc>
                </local_schema>
                <local_schema locale="ja" short_desc="最後にアップグレードした設定のバージョン">
                        <longdesc>最後にアップグレードした Evolution の設定バージョン (書式: メジャー番号/マイナー番号/設定レベル) です (例: &quot;2.6.0&quot;)。</longdesc>
                </local_schema>
                <local_schema locale="sq" short_desc="Versioni i fundit i përditsuar i konfigurimit">
                        <longdesc>Versioni i fundit i përditsuar i konfigurimit të Evolution, me nivelet e konfigurimit major/minor/ (për shembull &quot;2.6.0&quot;).</longdesc>
                </local_schema>
                <local_schema locale="da" short_desc="Sidste opgraderet konfigurationsversion">
                </local_schema>
                <local_schema locale="zh_TW" short_desc="上次升級的組態版本">
                        <longdesc>上次升級的 Evolution 組態版本，以 major/minor/configuration 層級表示(例如「2.6.0」) 。</longdesc>
                </local_schema>
                <local_schema locale="fi" short_desc="Viimeksi päivitetty konfiguraation versio">
                        <longdesc>Viimeisin päivitetty Evolutionin konfiguraatioversio, major/minor/configuration tasoilla (esimerkiksi &quot;2.6.0&quot;).</longdesc>
                </local_schema>
                <local_schema locale="hu" short_desc="Utoljára frissített konfiguráció verziója">
                </local_schema>
                <local_schema locale="tr" short_desc="En son güncellenen yapılandırma sürümü">
                </local_schema>
                <local_schema locale="en_GB" short_desc="Last upgraded configuration version">
                </local_schema>
                <local_schema locale="sk" short_desc="Posledná aktualizovaná verzia konfigurácie">
                </local_schema>
                <local_schema locale="cy" short_desc="Fersiwn cyfluniad a ddiweddarwyd diwethaf">
                        <longdesc>Fersiwn Evolution pryd gafodd y cyfluniad ei ddiweddaru diwethaf, gyda lefel pennaf/lleiaf/cyfluniad (er enghraifft &quot;2.6.0&quot;).</longdesc>
                </local_schema>
                <local_schema locale="gl" short_desc="Última versión da configuración actualizada">
                        <longdesc>A última versión actualizada da configuración de Evolution, con nivel de configuración maior/menor (por exemplo &quot;2.6.0&quot;).</longdesc>
                </local_schema>
                <local_schema locale="mk" short_desc="Последна надградена конфигурациска верзија">
                        <longdesc>Последната надградена конфигурациска верзија на Еволушн, со големо/помало/ниво на конфигурација</longdesc>
                </local_schema>
                <local_schema locale="no" short_desc="Sist oppgradert konfigurasjonsversjon">
                        <longdesc>Sist oppgradert konfigurasjonsversjon for Evolution, med major/minor/konfigurasjonsnivå (for eksempel «2.6.0»).</longdesc>
                </local_schema>
                <local_schema locale="nn" short_desc="Sist oppgraderte versjon av oppsettet">
                </local_schema>
                <local_schema locale="it" short_desc="Ultima versione aggiornata di configurazione">
                        <longdesc>L&apos;ultima versione aggiornata di configurazione, con livello major/minor/configurazione (per esempio &quot;2.6.0&quot;).</longdesc>
                </local_schema>
                <local_schema locale="bn" short_desc="সর্বশেষ আপগ্রেড কনফিগারেশন সংস্করণ">
                </local_schema>
                <local_schema locale="fa" short_desc="نسخه‌ی آخرین پیکربندی ارتقاء یافته">
                </local_schema>
                <local_schema locale="nl" short_desc="Laatst bijgewerkte configuratieversie">
                        <longdesc>De laatst bijgewerkte configuratieversie van Evolution, met major/minor/configuratieniveau (bijvoorbeeld &quot;2.6.0&quot;).</longdesc>
                </local_schema>
                <local_schema locale="cs" short_desc="Verze posledního aktualizovaného nastavení">
                        <longdesc>Poslední verze aktualizovaného nastavení Evolution, s hlavní/vedlejší/úrovní nastavení (například &quot;2.6.0&quot;).</longdesc>
                </local_schema>
                <local_schema locale="th" short_desc="รุ่นล่าสุดของการปรับรุ่นค่าตั้ง">
                        <longdesc>รุ่นล่าสุดของการปรับรุ่นค่าตั้งของ Evolution ในรูปแบบ รุ่นใหญ่.รุ่นย่อย.ระดับค่าตั้ง (เช่น &quot;2.6.0&quot;)</longdesc>
                </local_schema>
        </entry>
        <entry name="version" mtime="1142967332" type="schema" stype="string" owner="evolution">
                <local_schema locale="pt" short_desc="Versão da configuração">
                        <longdesc>A versão da configuração do Evolution, com o nível principal/menor/configuração (por exemplo &quot;2.6.0&quot;).</longdesc>
                </local_schema>
                <local_schema locale="hi" short_desc="विन्यास संस्करण">
                </local_schema>
                <local_schema locale="zh_HK" short_desc="組態版本">
                        <longdesc>Evolution 的組態版本，以 major/minor/configuration 層級表示(例如「2.6.0」) 。</longdesc>
                </local_schema>
                <local_schema locale="uk" short_desc="Версія конфігурації">
                        <longdesc>Версія конфігурації Evolution, з рівнями major/minor/configuration (наприклад &quot;2.6.0&quot;).</longdesc>
                </local_schema>
                <local_schema locale="en_CA" short_desc="Configuration version">
                        <longdesc>The configuration version of Evolution, with major/minor/configuration level (for example &quot;2.6.0&quot;).</longdesc>
                </local_schema>
                <local_schema locale="ne" short_desc="संस्करण कन्फिगरेसन">
                </local_schema>
                <local_schema locale="bg" short_desc="Версия на конфигурацията">
                        <longdesc>Подробна версия на настроките на Evolution - номер на версия/подверсия/конфигурационно ниво (напр. „2.6.0“).</longdesc>
                </local_schema>
                <local_schema locale="zh_CN" short_desc="配置版本">
                        <longdesc>Evolution 的配置版本，带主/次/配置级别(如“2.6.0”)。</longdesc>
                </local_schema>
                <local_schema locale="be" short_desc="Вэрсія канфігурацыі">
                </local_schema>
                <local_schema locale="C" short_desc="Configuration version">
                        <longdesc>The configuration version of Evolution, with major/minor/configuration level (for example &quot;2.6.0&quot;).</longdesc>
                </local_schema>
                <local_schema locale="nb" short_desc="Konfigurasjonsversjon">
                        <longdesc>Konfigurasjonsversjon for Evolution med større/mindre/konfigurasjonsnivå (for eksempel «2.6.0»).</longdesc>
                </local_schema>
                <local_schema locale="pt_BR" short_desc="Versão de configuração">
                        <longdesc>A versão de configuração do Evolution, com maior/menor/nível de configuração (por exemplo &quot;2.6.0&quot;).</longdesc>
                </local_schema>
                <local_schema locale="eu" short_desc="Konfigurazio-bertsioa">
                        <longdesc>Evolution-en konfigurazio-bertsioa, konfigurazio maila altuarekin/baxuarekin (&quot;2.6.0&quot; adibidez).</longdesc>
                </local_schema>
                <local_schema locale="pl" short_desc="Wersja konfiguracji">
                </local_schema>
                <local_schema locale="et" short_desc="Seadistuste versioon">
                </local_schema>
                <local_schema locale="es" short_desc="Versión de la configuración">
                        <longdesc>La versión de configuración de Evolution, con nivel de configuración mayor/menor (por ejemplo &quot;2.6.0&quot;).</longdesc>
                </local_schema>
                <local_schema locale="vi" short_desc="Phiên bản cấu hình">
                        <longdesc>Phiên bản cấu hình của trình Evolution, với mức độ cấu hình lớn/nhỏ (v.d. « 2.6.0 »).</longdesc>
                </local_schema>
                <local_schema locale="ru" short_desc="Версия конфигурации">
                        <longdesc>Версия конфигурации Evolution, с уровнями major/minor/configuration (например, &quot;2.6.0&quot;).</longdesc>
                </local_schema>
                <local_schema locale="id" short_desc="Versi Evolution">
                </local_schema>
                <local_schema locale="ko" short_desc="설정 버전">
                        <longdesc>Evolution의 설정 버전, major/minor/configuration 단계. (예를 들어 &quot;2.6.0&quot;)</longdesc>
                </local_schema>
                <local_schema locale="lt" short_desc="Konfigūracijos versija">
                        <longdesc>Evolution konfigūracijos versija, su mažoriniu/minoriniu/konfigūracijos lygiu (pvz., „2.6.0“).</longdesc>
                </local_schema>
                <local_schema locale="ca" short_desc="Versió de la configuració">
                        <longdesc>La versió de la configuració de l&apos;Evolution, amb nivell major/menor/configuració (per exemple &quot;2.6.0&quot;).</longdesc>
                </local_schema>
                <local_schema locale="sv" short_desc="Konfigurationsversion">
                        <longdesc>Evolutions konfigurationsversion, med överordnad/underordnad/konfigurationsnivå (till exempel &quot;2.6.0&quot;).</longdesc>
                </local_schema>
                <local_schema locale="el" short_desc="Έκδοση ρυθμίσεων">
                        <longdesc>Η έκδοση του Evolution, με μέγιστο/ελάχιστο επίπεδο ρυθμίσεων (για παράδειγμα &quot;2.6.0&quot;).</longdesc>
                </local_schema>
                <local_schema locale="fr" short_desc="Configuration de version">
                        <longdesc>La configuration de la version d&apos;Evolution, avec les niveaux /major/minor/configuration (par ex. « 2.6.0 »).</longdesc>
                </local_schema>
                <local_schema locale="ro" short_desc="Versiune configurare">
                        <longdesc>Versiunea de configurare pentru Evolution, cu nivel de configurare major/minor (de exemplu „2.6.0”).</longdesc>
                </local_schema>
                <local_schema locale="de" short_desc="Konfigurationsversion">
                        <longdesc>Die Konfigurationsversion von Evolution mit Haupt-, Unter- und Konfigurations-Stufe (z.B. »2.6.0«).</longdesc>
                </local_schema>
                <local_schema locale="sr@Latn" short_desc="Verzija podešavanja">
                        <longdesc>Verzija podešavanja Evolucije, sa glavnim/sporednim/nivoom podešavanja — npr. „2.6.0“.</longdesc>
                </local_schema>
                <local_schema locale="pa" short_desc="ਸੰਰਚਨਾ ਵਰਜਨ">
                        <longdesc>ਈਵੂਲੇਸ਼ਨ ਦਾ ਸੰਰਚਨਾ ਵਰਜਨ, ਵੱਧ/ਘੱਟ/ਸੰਰਚਨਾ ਪੱਧਰ ਨਾਲ (ਉਦਾਹਰਨ ਲਈ &quot;2.6.0&quot;)</longdesc>
                </local_schema>
                <local_schema locale="gu" short_desc="રૂપરેખાંકન આવૃત્તિ">
                        <longdesc>ઈવોલ્યુશનની રૂપરેખાંકિત આવૃત્તિ, મુખ્ય/ગૌણ/રૂપરેખાંકન સ્તર સાથે (ઉદાહરણ તરીકે &quot;2.6.0&quot;).</longdesc>
                </local_schema>
                <local_schema locale="sr" short_desc="Верзија подешавања">
                        <longdesc>Верзија подешавања Еволуције, са главним/споредним/нивоом подешавања — нпр. „2.6.0“.</longdesc>
                </local_schema>
                <local_schema locale="ja" short_desc="設定バージョン">
                        <longdesc>Evolution の設定バージョン (書式: メジャー番号/マイナー番号/設定レベル) です (例: &quot;2.6.0&quot;)。</longdesc>
                </local_schema>
                <local_schema locale="sq" short_desc="Versioni i konfigurimit">
                        <longdesc>Versioni i konfigurimit të Evolution, me nivelet e konfigurimit major/minor/ (për shembull &quot;2.6.0&quot;).</longdesc>
                </local_schema>
                <local_schema locale="da" short_desc="Konfigurationsversion">
                </local_schema>
                <local_schema locale="zh_TW" short_desc="組態版本">
                        <longdesc>Evolution 的組態版本，以 major/minor/configuration 層級表示(例如「2.6.0」) 。</longdesc>
                </local_schema>
                <local_schema locale="fi" short_desc="Konfiguraation versio">
                        <longdesc>Evolutionin konfiguraatioversio, major/minor/configuration tasoilla (esimerkiksi &quot;2.6.0&quot;).</longdesc>
                </local_schema>
                <local_schema locale="hu" short_desc="Konfiguráció-verzió">
                </local_schema>
                <local_schema locale="tr" short_desc="Yapılandırma sürümü">
                </local_schema>
                <local_schema locale="en_GB" short_desc="Configuration version">
                </local_schema>
                <local_schema locale="sk" short_desc="Verzia konfigurácie">
                </local_schema>
                <local_schema locale="cy" short_desc="Fersiwn cyfluniad">
                        <longdesc>Fersiwn cyfluniad Evolution, gyda lefel pennaf/lleiaf/cyfluniad (er enghraifft &quot;2.6.0&quot;).</longdesc>
                </local_schema>
                <local_schema locale="gl" short_desc="Versión de configuración">
                        <longdesc>A versión de configuración de Evolution, co nivel de configuración maior/menor (por exemplo &quot;2.6.0&quot;).</longdesc>
                </local_schema>
                <local_schema locale="mk" short_desc="Верзија на конфигурацијата">
                        <longdesc>Конфигурациската верзија на Еволушн, со големо/помало/ниво на конфигурација.</longdesc>
                </local_schema>
                <local_schema locale="no" short_desc="Konfigurasjonsversjon">
                        <longdesc>Konfigurasjonsversjon for Evolution med større/mindre/konfigurasjonsnivå (for eksempel «2.6.0»).</longdesc>
                </local_schema>
                <local_schema locale="nn" short_desc="Oppsettversjon">
                </local_schema>
                <local_schema locale="it" short_desc="Versione configurazione">
                        <longdesc>La versione di configurazione di Evolution, con livello major/minor/configurazione (per esempio &quot;2.6.0&quot;).</longdesc>
                </local_schema>
                <local_schema locale="bn" short_desc="কনফিগারেশনের সংস্করণ">
                </local_schema>
                <local_schema locale="fa" short_desc="نسخه‌ی پیکربندی">
                </local_schema>
                <local_schema locale="nl" short_desc="Configuratieversie">
                        <longdesc>De configuratieversie van Evolution, met major/minor/configuratieniveau (bijvoorbeeld &quot;2.6.0&quot;).</longdesc>
                </local_schema>
                <local_schema locale="cs" short_desc="Verze nastavení">
                        <longdesc>Verze nastavení Evolution, jako hlavní/vedlejší/úrovně nastavení (například·&quot;2.6.0&quot;).</longdesc>
                </local_schema>
                <local_schema locale="th" short_desc="รุ่นของค่าตั้ง">
                        <longdesc>รุ่นของค่าตั้งของ Evolution ในรูปแบบ รุ่นใหญ่.รุ่นย่อย.ระดับค่าตั้ง (เช่น &quot;2.6.0&quot;)</longdesc>
                </local_schema>
        </entry>
</gconf>
