<?xml version="1.0"?>
<mime-type xmlns="http://www.freedesktop.org/standards/shared-mime-info" type="inode/blockdevice"><!--Created automatically by update-mime-database. DO NOT EDIT!--><comment>block device</comment><comment xml:lang="bg">&#x411;&#x43B;&#x43E;&#x43A;&#x43E;&#x432;&#x43E; &#x443;&#x441;&#x442;&#x440;&#x43E;&#x439;&#x441;&#x442;&#x432;&#x43E;</comment><comment xml:lang="cs">Blokov&#xE9; za&#x159;&#xED;zen&#xED;</comment><comment xml:lang="de">Blockger&#xE4;t</comment><comment xml:lang="el">&#x3C3;&#x3C5;&#x3C3;&#x3BA;&#x3B5;&#x3C5;&#x3AE; block</comment><comment xml:lang="eo">bloka dispona&#x135;o</comment><comment xml:lang="es">dispositivo de bloques</comment><comment xml:lang="eu">bloke-gailua</comment><comment xml:lang="fi">laitetiedosto</comment><comment xml:lang="fr">p&#xE9;riph&#xE9;rique de blocs</comment><comment xml:lang="hu">blokkos eszk&#xF6;z</comment><comment xml:lang="it">device a blocchi</comment><comment xml:lang="ja">&#x30D6;&#x30ED;&#x30C3;&#x30AF;&#x30C7;&#x30D0;&#x30A4;&#x30B9;</comment><comment xml:lang="ko">&#xBE14;&#xB7ED; &#xC7A5;&#xCE58;</comment><comment xml:lang="ms">Peranti blok</comment><comment xml:lang="nb">blokkenhet</comment><comment xml:lang="nl">blokapparaat</comment><comment xml:lang="nn">blokk-eining</comment><comment xml:lang="no">blokkenhet</comment><comment xml:lang="pl">urz&#x105;dzenie blokowe</comment><comment xml:lang="pt">dispositivo de bloco</comment><comment xml:lang="pt_BR">Dispositivo de bloco</comment><comment xml:lang="ru">&#x431;&#x43B;&#x43E;&#x447;&#x43D;&#x43E;&#x435; &#x443;&#x441;&#x442;&#x440;&#x43E;&#x439;&#x441;&#x442;&#x432;&#x43E;</comment><comment xml:lang="sq">dispozitiv me blloqe</comment><comment xml:lang="sr">&#x431;&#x43B;&#x43E;&#x43A; &#x443;&#x440;&#x435;&#x452;&#x430;&#x458;</comment><comment xml:lang="sv">blockenhet</comment><comment xml:lang="uk">&#x431;&#x43B;&#x43E;&#x447;&#x43D;&#x438;&#x439; &#x43F;&#x440;&#x438;&#x441;&#x442;&#x440;&#x456;&#x439;</comment><comment xml:lang="zh_CN">&#x5757;&#x8BBE;&#x5907;</comment></mime-type>
