<?xml version="1.0"?>
<mime-type xmlns="http://www.freedesktop.org/standards/shared-mime-info" type="inode/chardevice"><!--Created automatically by update-mime-database. DO NOT EDIT!--><comment>character device</comment><comment xml:lang="bg">&#x421;&#x438;&#x43C;&#x432;&#x43E;&#x43B;&#x43D;&#x43E; &#x443;&#x441;&#x442;&#x440;&#x43E;&#x439;&#x441;&#x442;&#x432;&#x43E;</comment><comment xml:lang="cs">Znakov&#xE9; za&#x159;&#xED;zen&#xED;</comment><comment xml:lang="de">Character-Device</comment><comment xml:lang="el">&#x3C3;&#x3C5;&#x3C3;&#x3BA;&#x3B5;&#x3C5;&#x3AE; &#x3C7;&#x3B1;&#x3C1;&#x3B1;&#x3BA;&#x3C4;&#x3AE;&#x3C1;&#x3C9;&#x3BD;</comment><comment xml:lang="eo">signa dispona&#x135;o</comment><comment xml:lang="es">dispositivo de caracteres</comment><comment xml:lang="eu">karaktereen gailua</comment><comment xml:lang="fi">merkkilaite</comment><comment xml:lang="fr">p&#xE9;riph&#xE9;rique de caract&#xE8;res</comment><comment xml:lang="hu">karakteres eszk&#xF6;z</comment><comment xml:lang="it">device a caratteri</comment><comment xml:lang="ja">&#x30AD;&#x30E3;&#x30E9;&#x30AF;&#x30BF;&#x30C7;&#x30D0;&#x30A4;&#x30B9;</comment><comment xml:lang="ko">&#xBB38;&#xC790; &#xC7A5;&#xCE58;</comment><comment xml:lang="ms">Peranti aksara</comment><comment xml:lang="nb">tegnenhet</comment><comment xml:lang="nl">teken-geori&#xEB;nteerd apparaat</comment><comment xml:lang="nn">teikneining</comment><comment xml:lang="no">tegnenhet</comment><comment xml:lang="pl">urz&#x105;dzenie znakowe</comment><comment xml:lang="pt">dispositivo de caracteres</comment><comment xml:lang="pt_BR">Dispositivo de caractere</comment><comment xml:lang="ru">&#x441;&#x438;&#x43C;&#x432;&#x43E;&#x43B;&#x44C;&#x43D;&#x43E;&#x435; &#x443;&#x441;&#x442;&#x440;&#x43E;&#x439;&#x441;&#x442;&#x432;&#x43E;</comment><comment xml:lang="sq">dispozitiv me karaktere</comment><comment xml:lang="sr">&#x437;&#x43D;&#x430;&#x43A;&#x43E;&#x432;&#x43D;&#x438; &#x443;&#x440;&#x435;&#x452;&#x430;&#x458;</comment><comment xml:lang="sv">teckenenhet</comment><comment xml:lang="uk">&#x441;&#x438;&#x43C;&#x432;&#x43E;&#x43B;&#x44C;&#x43D;&#x438;&#x439; &#x43F;&#x440;&#x438;&#x441;&#x442;&#x440;&#x456;&#x439;</comment><comment xml:lang="zh_CN">&#x5B57;&#x7B26;&#x8BBE;&#x5907;</comment></mime-type>
