<?xml version="1.0"?>
<mime-type xmlns="http://www.freedesktop.org/standards/shared-mime-info" type="inode/directory"><!--Created automatically by update-mime-database. DO NOT EDIT!--><comment>folder</comment><comment xml:lang="bg">&#x41F;&#x430;&#x43F;&#x43A;&#x430;</comment><comment xml:lang="cs">adres&#xE1;&#x159;</comment><comment xml:lang="de">Ordner</comment><comment xml:lang="el">&#x3C6;&#x3AC;&#x3BA;&#x3B5;&#x3BB;&#x3BF;&#x3C2;</comment><comment xml:lang="eo">dosierujo</comment><comment xml:lang="es">carpeta</comment><comment xml:lang="eu">karpeta</comment><comment xml:lang="fi">kansio</comment><comment xml:lang="fr">r&#xE9;pertoire</comment><comment xml:lang="hu">mappa</comment><comment xml:lang="it">cartella</comment><comment xml:lang="ja">&#x30D5;&#x30A9;&#x30EB;&#x30C0;</comment><comment xml:lang="ko">&#xD3F4;&#xB354;</comment><comment xml:lang="ms">Folder</comment><comment xml:lang="nb">mappe</comment><comment xml:lang="nl">map</comment><comment xml:lang="nn">mappe</comment><comment xml:lang="no">mappe</comment><comment xml:lang="pl">folder</comment><comment xml:lang="pt">pasta</comment><comment xml:lang="pt_BR">Pasta</comment><comment xml:lang="ru">&#x43F;&#x430;&#x43F;&#x43A;&#x430;</comment><comment xml:lang="sq">kartel&#xEB;</comment><comment xml:lang="sr">&#x434;&#x438;&#x440;&#x435;&#x43A;&#x442;&#x43E;&#x440;&#x438;&#x458;&#x443;&#x43C;</comment><comment xml:lang="sv">mapp</comment><comment xml:lang="uk">&#x442;&#x435;&#x43A;&#x430;</comment><comment xml:lang="zh_CN">&#x6587;&#x4EF6;&#x5939;</comment></mime-type>
