<?xml version="1.0"?>
<mime-type xmlns="http://www.freedesktop.org/standards/shared-mime-info" type="inode/fifo"><!--Created automatically by update-mime-database. DO NOT EDIT!--><comment>pipe</comment><comment xml:lang="bg">&#x41A;&#x43E;&#x43D;&#x432;&#x435;&#x439;&#x435;&#x440;</comment><comment xml:lang="cs">Roura</comment><comment xml:lang="de">Pipe</comment><comment xml:lang="el">&#x3C3;&#x3C9;&#x3BB;&#x3AE;&#x3BD;&#x3C9;&#x3C3;&#x3B7;</comment><comment xml:lang="eo">dukto</comment><comment xml:lang="es">tuber&#xED;a</comment><comment xml:lang="eu">kanalizazioa</comment><comment xml:lang="fi">putki</comment><comment xml:lang="fr">pipe</comment><comment xml:lang="hu">cs&#x151;</comment><comment xml:lang="it">pipe</comment><comment xml:lang="ja">&#x30D1;&#x30A4;&#x30D7;</comment><comment xml:lang="ko">&#xD30C;&#xC774;&#xD504;</comment><comment xml:lang="ms">Paip</comment><comment xml:lang="nb">r&#xF8;r</comment><comment xml:lang="nl">pijp</comment><comment xml:lang="nn">r&#xF8;yr</comment><comment xml:lang="no">r&#xF8;r</comment><comment xml:lang="pl">potok</comment><comment xml:lang="pt">canal</comment><comment xml:lang="pt_BR">pipe</comment><comment xml:lang="sq">pipe</comment><comment xml:lang="sr">&#x446;&#x435;&#x432;</comment><comment xml:lang="sv">r&#xF6;r</comment><comment xml:lang="uk">&#x43A;&#x430;&#x43D;&#x430;&#x43B;</comment><comment xml:lang="zh_CN">&#x7BA1;&#x9053;</comment></mime-type>
