<?xml version="1.0"?>
<mime-type xmlns="http://www.freedesktop.org/standards/shared-mime-info" type="inode/mount-point"><!--Created automatically by update-mime-database. DO NOT EDIT!--><sub-class-of type="inode/directory"/><comment>mount point</comment><comment xml:lang="bg">&#x422;&#x43E;&#x447;&#x43A;&#x430; &#x43D;&#x430; &#x43C;&#x43E;&#x43D;&#x442;&#x438;&#x440;&#x430;&#x43D;&#x435;</comment><comment xml:lang="cs">M&#xED;sto p&#x159;ipojen&#xED;</comment><comment xml:lang="de">Einbindepunkt</comment><comment xml:lang="el">&#x3C3;&#x3B7;&#x3BC;&#x3B5;&#x3AF;&#x3BF; &#x3C0;&#x3C1;&#x3BF;&#x3C3;&#x3AC;&#x3C1;&#x3C4;&#x3B7;&#x3C3;&#x3B7;&#x3C2;</comment><comment xml:lang="eo">surmetingo</comment><comment xml:lang="es">punto de montaje</comment><comment xml:lang="eu">muntatze-puntua</comment><comment xml:lang="fi">liitospiste</comment><comment xml:lang="fr">point d'acc&#xE8;s</comment><comment xml:lang="hu">csatlakoztat&#xE1;si pont</comment><comment xml:lang="it">mount point</comment><comment xml:lang="ja">&#x30DE;&#x30A6;&#x30F3;&#x30C8;&#x30DD;&#x30A4;&#x30F3;&#x30C8;</comment><comment xml:lang="ko">&#xB9C8;&#xC6B4;&#xD2B8; &#xC704;&#xCE58;</comment><comment xml:lang="ms">Titik lekapan</comment><comment xml:lang="nb">monteringspunkt</comment><comment xml:lang="nl">koppelingspunt</comment><comment xml:lang="nn">monteringspunkt</comment><comment xml:lang="no">monteringspunkt</comment><comment xml:lang="pl">punkt montowania</comment><comment xml:lang="pt">ponto de montagem</comment><comment xml:lang="pt_BR">Ponto de montagem</comment><comment xml:lang="ru">&#x442;&#x43E;&#x447;&#x43A;&#x430; &#x43C;&#x43E;&#x43D;&#x442;&#x438;&#x440;&#x43E;&#x432;&#x430;&#x43D;&#x438;&#x44F;</comment><comment xml:lang="sq">pik&#xEB; montimi</comment><comment xml:lang="sr">&#x442;&#x430;&#x447;&#x43A;&#x430; &#x43F;&#x440;&#x438;&#x43A;&#x459;&#x443;&#x447;&#x435;&#x45A;&#x430;</comment><comment xml:lang="sv">monteringspunkt</comment><comment xml:lang="uk">&#x442;&#x43E;&#x447;&#x43A;&#x430; &#x43C;&#x43E;&#x43D;&#x443;&#x442;&#x432;&#x430;&#x43D;&#x43D;&#x44F;</comment><comment xml:lang="zh_CN">&#x6302;&#x8F7D;&#x70B9;</comment></mime-type>
