<?xml version="1.0"?>
<mime-type xmlns="http://www.freedesktop.org/standards/shared-mime-info" type="inode/socket"><!--Created automatically by update-mime-database. DO NOT EDIT!--><comment>socket</comment><comment xml:lang="bg">&#x413;&#x43D;&#x435;&#x437;&#x434;&#x43E;</comment><comment xml:lang="cs">Soket</comment><comment xml:lang="de">Socket</comment><comment xml:lang="el">&#x3C5;&#x3C0;&#x3BF;&#x3B4;&#x3BF;&#x3C7;&#x3AE;</comment><comment xml:lang="eo">kontaktoskatolo</comment><comment xml:lang="es">socket</comment><comment xml:lang="eu">socketa</comment><comment xml:lang="fi">pistoke</comment><comment xml:lang="fr">socket</comment><comment xml:lang="hu">illeszt&#x151;pont</comment><comment xml:lang="ja">&#x30BD;&#x30B1;&#x30C3;&#x30C8;</comment><comment xml:lang="ko">&#xC18C;&#xCF13;</comment><comment xml:lang="ms">Soket</comment><comment xml:lang="nb">plugg</comment><comment xml:lang="nl">socket</comment><comment xml:lang="nn">sokkel</comment><comment xml:lang="no">plugg</comment><comment xml:lang="pl">gniazdo</comment><comment xml:lang="pt">'socket'</comment><comment xml:lang="pt_BR">Socket</comment><comment xml:lang="sq">socket</comment><comment xml:lang="sr">&#x441;&#x43E;&#x43A;&#x435;&#x442;</comment><comment xml:lang="sv">uttag</comment><comment xml:lang="uk">&#x433;&#x43D;&#x456;&#x437;&#x434;&#x43E;</comment><comment xml:lang="zh_CN">&#x5957;&#x63A5;&#x5B57;</comment></mime-type>
