<?xml version="1.0"?>
<mime-type xmlns="http://www.freedesktop.org/standards/shared-mime-info" type="inode/symlink"><!--Created automatically by update-mime-database. DO NOT EDIT!--><comment>symbolic link</comment><comment xml:lang="az">simvolik k&#xF6;rp&#xFC;</comment><comment xml:lang="bg">&#x421;&#x438;&#x43C;&#x432;&#x43E;&#x43B;&#x43D;&#x430; &#x432;&#x440;&#x44A;&#x437;&#x43A;&#x430;</comment><comment xml:lang="cs">Symbolick&#xFD; odkaz</comment><comment xml:lang="cy">cyswllt symbolaidd</comment><comment xml:lang="de">Symbolischer Link</comment><comment xml:lang="el">&#x3C3;&#x3C5;&#x3BC;&#x3B2;&#x3BF;&#x3BB;&#x3B9;&#x3BA;&#x3CC;&#x3C2; &#x3C3;&#x3CD;&#x3BD;&#x3B4;&#x3B5;&#x3C3;&#x3BC;&#x3BF;&#x3C2;</comment><comment xml:lang="eo">simbola ligilo</comment><comment xml:lang="es">enlace simb&#xF3;lico</comment><comment xml:lang="eu">esteka sinbolikoa</comment><comment xml:lang="fi">symbolinen linkki</comment><comment xml:lang="fr">lien symbolique</comment><comment xml:lang="hu">szimbolikus link</comment><comment xml:lang="ja">&#x30B7;&#x30F3;&#x30DC;&#x30EA;&#x30C3;&#x30AF;&#x30EA;&#x30F3;&#x30AF;</comment><comment xml:lang="ko">&#xC2EC;&#xBCFC;&#xB9AD; &#xB9C1;&#xD06C;</comment><comment xml:lang="ms">Pautan simbolik</comment><comment xml:lang="nb">symbolsk lenke</comment><comment xml:lang="nl">symbolische verwijzing</comment><comment xml:lang="nn">symbolsk lenkje</comment><comment xml:lang="no">symbolsk lenke</comment><comment xml:lang="pl">dowi&#x105;zanie symboliczne</comment><comment xml:lang="pt">liga&#xE7;&#xE3;o simb&#xF3;lica</comment><comment xml:lang="pt_BR">Liga&#xE7;&#xE3;o simb&#xF3;lica</comment><comment xml:lang="ru">&#x441;&#x438;&#x43C;&#x432;&#x43E;&#x43B;&#x438;&#x447;&#x435;&#x441;&#x43A;&#x430;&#x44F; &#x441;&#x441;&#x44B;&#x43B;&#x43A;&#x430;</comment><comment xml:lang="sq">lidhje simbolike</comment><comment xml:lang="sr">&#x441;&#x438;&#x43C;&#x431;&#x43E;&#x43B;&#x438;&#x447;&#x43A;&#x430; &#x432;&#x435;&#x437;&#x430;</comment><comment xml:lang="sv">symbolisk l&#xE4;nk</comment><comment xml:lang="uk">&#x441;&#x438;&#x43C;&#x432;&#x43E;&#x43B;&#x456;&#x447;&#x43D;&#x435; &#x43F;&#x43E;&#x441;&#x438;&#x43B;&#x430;&#x43D;&#x43D;&#x44F;</comment><comment xml:lang="zh_CN">&#x7B26;&#x53F7;&#x94FE;&#x63A5;</comment></mime-type>
