<?xml version="1.0"?>
<mime-type xmlns="http://www.freedesktop.org/standards/shared-mime-info" type="model/vrml"><!--Created automatically by update-mime-database. DO NOT EDIT!--><comment>VRML document</comment><comment xml:lang="az">VRML s&#x259;n&#x259;di</comment><comment xml:lang="bg">&#x414;&#x43E;&#x43A;&#x443;&#x43C;&#x435;&#x43D;&#x442;, &#x444;&#x43E;&#x440;&#x43C;&#x430;&#x442; VRML</comment><comment xml:lang="cs">Dokument VRML</comment><comment xml:lang="cy">Dogfen VRML</comment><comment xml:lang="de">VRML-Dokument</comment><comment xml:lang="el">&#x3AD;&#x3B3;&#x3B3;&#x3C1;&#x3B1;&#x3C6;&#x3BF; VRML</comment><comment xml:lang="eo">VRML-dokumento</comment><comment xml:lang="es">Documento VRML</comment><comment xml:lang="eu">VRML dokumentua</comment><comment xml:lang="fi">VRML-asiakirja</comment><comment xml:lang="fr">document VRML</comment><comment xml:lang="hu">VRML-dokumentum</comment><comment xml:lang="it">Documento VRML</comment><comment xml:lang="ja">VRML &#x30C9;&#x30AD;&#x30E5;&#x30E1;&#x30F3;&#x30C8;</comment><comment xml:lang="ko">VRML &#xBB38;&#xC11C;</comment><comment xml:lang="ms">Dokumen VRML</comment><comment xml:lang="nb">VRML-dokument</comment><comment xml:lang="nl">VRML-document</comment><comment xml:lang="nn">VRML-dokument</comment><comment xml:lang="no">VRML-dokument</comment><comment xml:lang="pl">Dokument VRML</comment><comment xml:lang="pt">documento VRML</comment><comment xml:lang="pt_BR">Documento VRML</comment><comment xml:lang="ru">&#x434;&#x43E;&#x43A;&#x443;&#x43C;&#x435;&#x43D;&#x442; VRML</comment><comment xml:lang="sq">Dokument VRML</comment><comment xml:lang="sr">VRML &#x434;&#x43E;&#x43A;&#x443;&#x43C;&#x435;&#x43D;&#x442;</comment><comment xml:lang="sv">VRML-dokument</comment><comment xml:lang="uk">&#x414;&#x43E;&#x43A;&#x443;&#x43C;&#x435;&#x43D;&#x442; VRML</comment><comment xml:lang="zh_CN">VRML &#x6587;&#x6863;</comment></mime-type>
