<?xml version="1.0"?>
<gconf>
        <entry name="last_version" mtime="1138676071" type="schema" stype="string" owner="evolution">
        <local_schema locale="pt" short_desc="Versão da última configuração actualizada">
        </local_schema>
        <local_schema locale="zh_HK" short_desc="上次升級的組態版本">
        </local_schema>
        <local_schema locale="uk" short_desc="Версія останньої оновленої конфігурації">
        </local_schema>
        <local_schema locale="en_CA" short_desc="Last upgraded configuration version">
                <longdesc>The last upgraded configuration version of Evolution, with major/minor/configuration level (for example &quot;2.6.0&quot;).</longdesc>
        </local_schema>
        <local_schema locale="ne" short_desc="पछिल्लो पटक अद्याबधिक गरिएको कन्फिगरेसन संस्करण">
        </local_schema>
        <local_schema locale="bg" short_desc="Последната обновена версия на конфигурацията">
        </local_schema>
        <local_schema locale="zh_CN" short_desc="上次升级的配置版本">
                <longdesc>上次升级的 Evolution 配置版本，带主/次/配置级别(如“2.6.0”)。</longdesc>
        </local_schema>
        <local_schema locale="be" short_desc="Вэрсія апошняй абноўленай канфігурацыі">
        </local_schema>
        <local_schema locale="C" short_desc="Last upgraded configuration version">
                <longdesc>The last upgraded configuration version of Evolution, with major/minor/configuration level (for example &quot;2.6.0&quot;).</longdesc>
        </local_schema>
        <local_schema locale="nb" short_desc="Sist oppgradert konfigurasjonsversjon">
        </local_schema>
        <local_schema locale="pt_BR" short_desc="Última versão de configuração atualizada">
        </local_schema>
        <local_schema locale="pl" short_desc="Ostatnia zaktualizowana wersja konfiguracji">
        </local_schema>
        <local_schema locale="es" short_desc="Última versión de la configuración actualizada">
                <longdesc>La última versión de configuración de Evolution actualizada, con nivel de configuración mayor/menor (por ejemplo &quot;2.6.0&quot;).</longdesc>
        </local_schema>
        <local_schema locale="vi" short_desc="Phiên bản cấu hình Evolution đã cập nhật cuối cùng">
                <longdesc>Phiên bản cấu hình Evolution đã cập nhật cuối cùng, với mức độ cấu hình lớn/nhỏ (v.d. « 2.6.0 »).</longdesc>
        </local_schema>
        <local_schema locale="ru" short_desc="Версия последней обновленной конфигурации">
        </local_schema>
        <local_schema locale="id" short_desc="Versi konfigurasi Evolution terakhir yang diupgrade.">
        </local_schema>
        <local_schema locale="ko" short_desc="최근 업그레이드한 설정 버전">
                <longdesc>최근 업그레이드한 Evolution의 설정 버전, major/minor/configuration 단계. (예를 들어 &quot;2.6.0&quot;)</longdesc>
        </local_schema>
        <local_schema locale="lt" short_desc="Paskutinė atnaujinta konfigūracijos versija">
        </local_schema>
        <local_schema locale="ca" short_desc="Última versió de la configuració actualitzada">
        </local_schema>
        <local_schema locale="sv" short_desc="Senast uppgraderad konfigurationsversion">
        </local_schema>
        <local_schema locale="el" short_desc="Τελευταία ενημερωμένη έκδοση ρυθμίσεων">
        </local_schema>
        <local_schema locale="fr" short_desc="Dernière configuration de version d&apos;Evolution mise à jour">
        </local_schema>
        <local_schema locale="ro" short_desc="Versiunea ultimei configurării actualizate">
        </local_schema>
        <local_schema locale="de" short_desc="Zuletzt aktualisierte Konfigurationsversion">
        </local_schema>
        <local_schema locale="sr@Latn" short_desc="Poslednja nadograđena verzija podešavanja">
        </local_schema>
        <local_schema locale="pa" short_desc="ਆਖਰੀ ਨਵੀਨ ਸੰਰਚਨਾ ਵਰਜਨ">
        </local_schema>
        <local_schema locale="gu" short_desc="છેલ્લે સુધારાયેલ રૂપરેખાંકન આવૃત્તિ">
                <longdesc>ઈવોલ્યુશનની છેલ્લી સુધારાયેલ રૂપરેખાંકિત આવૃત્તિ, મુખ્ય/ગૌણ/ રૂપરેખાંકન સ્તરો સાથે (ઉદાહરણ તરીકે &quot;2.6.0&quot;).</longdesc>
        </local_schema>
        <local_schema locale="sr" short_desc="Последња надограђена верзија подешавања">
        </local_schema>
        <local_schema locale="ja" short_desc="最後にアップグレードした設定のバージョン">
        </local_schema>
        <local_schema locale="sq" short_desc="Versioni i fundit i përditsuar i konfigurimit">
        </local_schema>
        <local_schema locale="da" short_desc="Sidste opgraderet konfigurationsversion">
        </local_schema>
        <local_schema locale="zh_TW" short_desc="上次升級的組態版本">
        </local_schema>
        <local_schema locale="fi" short_desc="Viimeksi päivitetty konfiguraation versio">
        </local_schema>
        <local_schema locale="hu" short_desc="Utoljára frissített konfiguráció verziója">
        </local_schema>
        <local_schema locale="tr" short_desc="En son güncellenen yapılandırma sürümü">
        </local_schema>
        <local_schema locale="en_GB" short_desc="Last upgraded configuration version">
        </local_schema>
        <local_schema locale="sk" short_desc="Posledná aktualizovaná verzia konfigurácie">
        </local_schema>
        <local_schema locale="cy" short_desc="Fersiwn cyfluniad a ddiweddarwyd diwethaf">
        </local_schema>
        <local_schema locale="gl" short_desc="Última versión da configuración actualizada">
                <longdesc>A última versión actualizada da configuración de Evolution, con nivel de configuración maior/menor (por exemplo &quot;2.6.0&quot;).</longdesc>
        </local_schema>
        <local_schema locale="no" short_desc="Sist oppgradert konfigurasjonsversjon">
        </local_schema>
        <local_schema locale="nn" short_desc="Sist oppgraderte versjon av oppsettet">
        </local_schema>
        <local_schema locale="it" short_desc="Ultima versione aggiornata di configurazione">
        </local_schema>
        <local_schema locale="bn" short_desc="সর্বশেষ আপগ্রেড কনফিগারেশন সংস্করণ">
        </local_schema>
        <local_schema locale="fa" short_desc="نسخه‌ی آخرین پیکربندی ارتقاء یافته">
        </local_schema>
        <local_schema locale="nl" short_desc="Laatst bijgewerkte configuratieversie">
        </local_schema>
        <local_schema locale="cs" short_desc="Verze posledního aktualizovaného nastavení">
        </local_schema>
        </entry>
        <entry name="version" mtime="1138676071" type="schema" stype="string" owner="evolution">
        <local_schema locale="pt" short_desc="Versão da configuração">
        </local_schema>
        <local_schema locale="zh_HK" short_desc="組態版本">
        </local_schema>
        <local_schema locale="uk" short_desc="Версія конфігурації">
        </local_schema>
        <local_schema locale="en_CA" short_desc="Configuration version">
                <longdesc>The configuration version of Evolution, with major/minor/configuration level (for example &quot;2.6.0&quot;).</longdesc>
        </local_schema>
        <local_schema locale="ne" short_desc="संस्करण कन्फिगरेसन">
        </local_schema>
        <local_schema locale="bg" short_desc="Версия на конфигурацията">
        </local_schema>
        <local_schema locale="zh_CN" short_desc="配置版本">
                <longdesc>Evolution 的配置版本，带主/次/配置级别(如“2.6.0”)。</longdesc>
        </local_schema>
        <local_schema locale="be" short_desc="Вэрсія канфігурацыі">
        </local_schema>
        <local_schema locale="C" short_desc="Configuration version">
                <longdesc>The configuration version of Evolution, with major/minor/configuration level (for example &quot;2.6.0&quot;).</longdesc>
        </local_schema>
        <local_schema locale="nb" short_desc="Konfigurasjonsversjon">
        </local_schema>
        <local_schema locale="pt_BR" short_desc="Versão de configuração">
        </local_schema>
        <local_schema locale="et" short_desc="Seadistuste versioon">
        </local_schema>
        <local_schema locale="pl" short_desc="Wersja konfiguracji">
        </local_schema>
        <local_schema locale="es" short_desc="Versión de la configuración">
                <longdesc>La versión de configuración de Evolution, con nivel de configuración mayor/menor (por ejemplo &quot;2.6.0&quot;).</longdesc>
        </local_schema>
        <local_schema locale="vi" short_desc="Phiên bản cấu hình">
                <longdesc>Phiên bản cấu hình của trình Evolution, với mức độ cấu hình lớn/nhỏ (v.d. « 2.6.0 »).</longdesc>
        </local_schema>
        <local_schema locale="ru" short_desc="Версия конфигурации">
        </local_schema>
        <local_schema locale="id" short_desc="Versi Evolution">
        </local_schema>
        <local_schema locale="ko" short_desc="설정 버전">
                <longdesc>Evolution의 설정 버전, major/minor/configuration 단계. (예를 들어 &quot;2.6.0&quot;)</longdesc>
        </local_schema>
        <local_schema locale="lt" short_desc="Konfigūracijos versija">
        </local_schema>
        <local_schema locale="ca" short_desc="Versió de la configuració">
        </local_schema>
        <local_schema locale="sv" short_desc="Konfigurationsversion">
        </local_schema>
        <local_schema locale="el" short_desc="Έκδοση ρυθμίσεων">
        </local_schema>
        <local_schema locale="fr" short_desc="Configuration de version">
        </local_schema>
        <local_schema locale="ro" short_desc="Versiune configurare">
        </local_schema>
        <local_schema locale="de" short_desc="Konfigurationsversion">
        </local_schema>
        <local_schema locale="sr@Latn" short_desc="Verzija podešavanja">
        </local_schema>
        <local_schema locale="pa" short_desc="ਸੰਰਚਨਾ ਵਰਜਨ">
        </local_schema>
        <local_schema locale="gu" short_desc="રૂપરેખાંકન આવૃત્તિ">
                <longdesc>ઈવોલ્યુશનની રૂપરેખાંકિત આવૃત્તિ, મુખ્ય/ગૌણ/રૂપરેખાંકન સ્તર સાથે (ઉદાહરણ તરીકે &quot;2.6.0&quot;).</longdesc>
        </local_schema>
        <local_schema locale="sr" short_desc="Верзија подешавања">
        </local_schema>
        <local_schema locale="ja" short_desc="設定バージョン">
        </local_schema>
        <local_schema locale="sq" short_desc="Versioni i konfigurimit">
        </local_schema>
        <local_schema locale="da" short_desc="Konfigurationsversion">
        </local_schema>
        <local_schema locale="zh_TW" short_desc="組態版本">
        </local_schema>
        <local_schema locale="fi" short_desc="Konfiguraation versio">
        </local_schema>
        <local_schema locale="hu" short_desc="Konfiguráció-verzió">
        </local_schema>
        <local_schema locale="tr" short_desc="Yapılandırma sürümü">
        </local_schema>
        <local_schema locale="en_GB" short_desc="Configuration version">
        </local_schema>
        <local_schema locale="sk" short_desc="Verzia konfigurácie">
        </local_schema>
        <local_schema locale="cy" short_desc="Fersiwn cyfluniad">
        </local_schema>
        <local_schema locale="gl" short_desc="Versión de configuración">
                <longdesc>A versión de configuración de Evolution, co nivel de configuración maior/menor (por exemplo &quot;2.6.0&quot;).</longdesc>
        </local_schema>
        <local_schema locale="no" short_desc="Konfigurasjonsversjon">
        </local_schema>
        <local_schema locale="nn" short_desc="Oppsettversjon">
        </local_schema>
        <local_schema locale="it" short_desc="Versione configurazione">
        </local_schema>
        <local_schema locale="bn" short_desc="কনফিগারেশনের সংস্করণ">
        </local_schema>
        <local_schema locale="fa" short_desc="نسخه‌ی پیکربندی">
        </local_schema>
        <local_schema locale="nl" short_desc="Configuratieversie">
        </local_schema>
        <local_schema locale="cs" short_desc="Verze nastavení">
        </local_schema>
        </entry>
</gconf>
