<?xml version="1.0"?>
<gconf>
        <entry name="error_level" mtime="1212488843" schema="/schemas/apps/evolution/mail/display/error_level"/>
        <entry name="error_timeout" mtime="1212488843" schema="/schemas/apps/evolution/mail/display/error_timeout"/>
        <entry name="thread_latest" mtime="1212488842" schema="/schemas/apps/evolution/mail/display/thread_latest"/>
        <entry name="thread_expand" mtime="1212488842" schema="/schemas/apps/evolution/mail/display/thread_expand"/>
        <entry name="thread_subject" mtime="1212488842" schema="/schemas/apps/evolution/mail/display/thread_subject"/>
        <entry name="address_count" mtime="1212488842" schema="/schemas/apps/evolution/mail/display/address_count"/>
        <entry name="message_text_part_limit" mtime="1212488842" schema="/schemas/apps/evolution/mail/display/message_text_part_limit"/>
        <entry name="force_message_limit" mtime="1212488842" schema="/schemas/apps/evolution/mail/display/force_message_limit"/>
        <entry name="address_compress" mtime="1212488842" schema="/schemas/apps/evolution/mail/display/address_compress"/>
        <entry name="thread_list" mtime="1212488842" schema="/schemas/apps/evolution/mail/display/thread_list"/>
        <entry name="show_wide" mtime="1212488842" schema="/schemas/apps/evolution/mail/display/show_wide"/>
        <entry name="hpaned_size" mtime="1212488842" schema="/schemas/apps/evolution/mail/display/hpaned_size"/>
        <entry name="paned_size" mtime="1212488842" schema="/schemas/apps/evolution/mail/display/paned_size"/>
        <entry name="safe_list" mtime="1212488842" schema="/schemas/apps/evolution/mail/display/safe_list"/>
        <entry name="enable_vfolders" mtime="1212488842" schema="/schemas/apps/evolution/mail/display/enable_vfolders"/>
        <entry name="show_preview" mtime="1212488842" schema="/schemas/apps/evolution/mail/display/show_preview"/>
        <entry name="show_deleted" mtime="1212488842" schema="/schemas/apps/evolution/mail/display/show_deleted"/>
        <entry name="mark_seen_timeout" mtime="1212488842" schema="/schemas/apps/evolution/mail/display/mark_seen_timeout"/>
        <entry name="vertical_view_fonts" mtime="1212488842" schema="/schemas/apps/evolution/mail/display/vertical_view_fonts"/>
        <entry name="show_email" mtime="1212488842" schema="/schemas/apps/evolution/mail/display/show_email"/>
        <entry name="mark_seen" mtime="1212488842" schema="/schemas/apps/evolution/mail/display/mark_seen"/>
        <entry name="mime_types" mtime="1212488842" schema="/schemas/apps/evolution/mail/display/mime_types"/>
        <entry name="photo_local" mtime="1212488842" schema="/schemas/apps/evolution/mail/display/photo_local"/>
        <entry name="sender_photo" mtime="1212488842" schema="/schemas/apps/evolution/mail/display/sender_photo"/>
        <entry name="headers" mtime="1212488842" schema="/schemas/apps/evolution/mail/display/headers"/>
        <entry name="animate_images" mtime="1212488842" schema="/schemas/apps/evolution/mail/display/animate_images"/>
        <entry name="load_http_images" mtime="1212488842" schema="/schemas/apps/evolution/mail/display/load_http_images"/>
        <entry name="charset" mtime="1212488842" schema="/schemas/apps/evolution/mail/display/charset"/>
        <entry name="caret_mode" mtime="1212488842" schema="/schemas/apps/evolution/mail/display/caret_mode"/>
        <entry name="citation_colour" mtime="1212488842" schema="/schemas/apps/evolution/mail/display/citation_colour"/>
        <entry name="mark_citations" mtime="1212488842" schema="/schemas/apps/evolution/mail/display/mark_citations"/>
        <entry name="magic_spacebar" mtime="1212488842" schema="/schemas/apps/evolution/mail/display/magic_spacebar"/>
        <entry name="side_bar_search" mtime="1212488842" schema="/schemas/apps/evolution/mail/display/side_bar_search"/>
</gconf>
