<?xml version="1.0" encoding="utf-8"?>
<mime-type xmlns="http://www.freedesktop.org/standards/shared-mime-info" type="audio/mp4">
<!--Created automatically by update-mime-database. DO NOT EDIT!-->
  <comment>MPEG-4 audio</comment>
  <comment xml:lang="be@latin">Aŭdyjo MPEG-4</comment>
  <comment xml:lang="bg">Аудио — MPEG-4</comment>
  <comment xml:lang="ca">àudio MPEG-4</comment>
  <comment xml:lang="cs">Zvuk MPEG-4</comment>
  <comment xml:lang="de">MPEG-4-Audio</comment>
  <comment xml:lang="en_GB">MPEG-4 audio</comment>
  <comment xml:lang="es">audio MPEG-4</comment>
  <comment xml:lang="eu">MPEG-4 audioa</comment>
  <comment xml:lang="fi">MPEG-4-ääni</comment>
  <comment xml:lang="fr">audio MPEG-4</comment>
  <comment xml:lang="ga">fuaim MPEG-4</comment>
  <comment xml:lang="hu">MPEG-4 hang</comment>
  <comment xml:lang="id">Audio MPEG-4</comment>
  <comment xml:lang="it">Audio MPEG-4</comment>
  <comment xml:lang="ko">MPEG-4 오디오</comment>
  <comment xml:lang="lt">MPEG-4 garsas</comment>
  <comment xml:lang="nb">MPEG-4-lyd</comment>
  <comment xml:lang="nl">MPEG4-audio</comment>
  <comment xml:lang="nn">MPEG-4-lyd</comment>
  <comment xml:lang="pl">Plik dźwiękowy MPEG-4</comment>
  <comment xml:lang="pt_BR">Áudio MPEG-4</comment>
  <comment xml:lang="ru">MPEG-4 аудио</comment>
  <comment xml:lang="sv">MPEG-4-ljud</comment>
  <comment xml:lang="uk">Звук MPEG-4</comment>
  <comment xml:lang="vi">Âm thanh MPEG-4</comment>
  <alias type="audio/x-m4a"/>
</mime-type>
