<?xml version="1.0" encoding="utf-8"?>
<mime-type xmlns="http://www.freedesktop.org/standards/shared-mime-info" type="audio/x-ape">
<!--Created automatically by update-mime-database. DO NOT EDIT!-->
  <comment>Monkey's audio</comment>
  <comment xml:lang="be@latin">Aŭdyjo Monkey's</comment>
  <comment xml:lang="bg">Аудио — Monkey</comment>
  <comment xml:lang="ca">àudio Monkey</comment>
  <comment xml:lang="cs">Zvuk Monkey's</comment>
  <comment xml:lang="de">Monkey's Audio</comment>
  <comment xml:lang="es">audio Monkey</comment>
  <comment xml:lang="eu">Monkey audioa</comment>
  <comment xml:lang="fi">Monkeyn ääni</comment>
  <comment xml:lang="fr">audio Monkey</comment>
  <comment xml:lang="ga">fuaim Monkey's</comment>
  <comment xml:lang="hu">Monkey hang</comment>
  <comment xml:lang="id">Audio Monkey</comment>
  <comment xml:lang="it">Audio Monkey's</comment>
  <comment xml:lang="ko">Monkey's 오디오</comment>
  <comment xml:lang="lt">Monkey garsas</comment>
  <comment xml:lang="nb">Monkey's-lyd</comment>
  <comment xml:lang="nl">Monkey's-audio</comment>
  <comment xml:lang="pl">Plik dźwiękowy Monkey</comment>
  <comment xml:lang="pt_BR">Áudio Monkey's</comment>
  <comment xml:lang="sv">Monkey's audio</comment>
  <comment xml:lang="uk">Звук Monkey's</comment>
  <comment xml:lang="vi">Âm thanh cua Monkey</comment>
</mime-type>
