<?xml version="1.0" encoding="utf-8"?>
<mime-type xmlns="http://www.freedesktop.org/standards/shared-mime-info" type="audio/x-ms-wma">
<!--Created automatically by update-mime-database. DO NOT EDIT!-->
  <comment>Windows Media audio</comment>
  <comment xml:lang="be@latin">Aŭdyjo Windows Media</comment>
  <comment xml:lang="bg">Аудио — Windows Media</comment>
  <comment xml:lang="ca">àudio Windows Media</comment>
  <comment xml:lang="cs">Zvuk Windows Media</comment>
  <comment xml:lang="es">Audio de Windows Media</comment>
  <comment xml:lang="eu">Windows Media audioa</comment>
  <comment xml:lang="fi">Windows Media -ääni</comment>
  <comment xml:lang="fr">audio Windows Media</comment>
  <comment xml:lang="ga">fuaim Windows Media</comment>
  <comment xml:lang="hu">Windows Media hang</comment>
  <comment xml:lang="id">Audio Windows Media</comment>
  <comment xml:lang="it">Audio Windows Media</comment>
  <comment xml:lang="ko">윈도우즈 미디어 오디오</comment>
  <comment xml:lang="lt">Windows Media garsas</comment>
  <comment xml:lang="nb">Windows Media lyd</comment>
  <comment xml:lang="nl">Windows Media-audio</comment>
  <comment xml:lang="pt_BR">Áudio do Windows Media</comment>
  <comment xml:lang="sv">Windows Media-ljud</comment>
  <comment xml:lang="vi">Âm thanh Windows Media</comment>
  <sub-class-of type="video/x-ms-asf"/>
  <alias type="audio/wma"/>
</mime-type>
