<?xml version="1.0"?>
<gconf>
        <entry name="thread_subject" mtime="1136303139" schema="/schemas/apps/evolution/mail/display/thread_subject"/>
        <entry name="thread_list" mtime="1136303139" schema="/schemas/apps/evolution/mail/display/thread_list"/>
        <entry name="paned_size" mtime="1136303139" schema="/schemas/apps/evolution/mail/display/paned_size"/>
        <entry name="show_preview" mtime="1136303139" schema="/schemas/apps/evolution/mail/display/show_preview"/>
        <entry name="show_deleted" mtime="1136303139" schema="/schemas/apps/evolution/mail/display/show_deleted"/>
        <entry name="mark_seen_timeout" mtime="1136303139" schema="/schemas/apps/evolution/mail/display/mark_seen_timeout"/>
        <entry name="mark_seen" mtime="1136303139" schema="/schemas/apps/evolution/mail/display/mark_seen"/>
        <entry name="mime_types" mtime="1136303139" schema="/schemas/apps/evolution/mail/display/mime_types"/>
        <entry name="headers" mtime="1136303139" schema="/schemas/apps/evolution/mail/display/headers"/>
        <entry name="animate_images" mtime="1136303139" schema="/schemas/apps/evolution/mail/display/animate_images"/>
        <entry name="load_http_images" mtime="1136303139" schema="/schemas/apps/evolution/mail/display/load_http_images"/>
        <entry name="charset" mtime="1136303139" schema="/schemas/apps/evolution/mail/display/charset"/>
        <entry name="caret_mode" mtime="1136303139" schema="/schemas/apps/evolution/mail/display/caret_mode"/>
        <entry name="citation_colour" mtime="1136303139" schema="/schemas/apps/evolution/mail/display/citation_colour"/>
        <entry name="mark_citations" mtime="1136303139" schema="/schemas/apps/evolution/mail/display/mark_citations"/>
</gconf>
