<?xml version="1.0"?>
<mime-type xmlns="http://www.freedesktop.org/standards/shared-mime-info" type="text/calendar"><!--Created automatically by update-mime-database. DO NOT EDIT!--><alias type="text/x-vcalendar"/><comment>vCalendar interchange file</comment><comment xml:lang="az">vCalendar d&#x259;yi&#x15F;m&#x259; fayl&#x131;</comment><comment xml:lang="bg">&#x424;&#x430;&#x439;&#x43B; &#x437;&#x430; &#x43E;&#x431;&#x43C;&#x44F;&#x43D;&#x430;, &#x444;&#x43E;&#x440;&#x43C;&#x430;&#x442; vCalendar</comment><comment xml:lang="cs">Soubor v&#xFD;m&#x11B;ny vCalendar</comment><comment xml:lang="cy">Ffeil gyfnewid vCalendar</comment><comment xml:lang="de">vCalendar-Austauschdatei</comment><comment xml:lang="el">&#x3B1;&#x3C1;&#x3C7;&#x3B5;&#x3AF;&#x3BF; &#x3C5;&#x3C0;&#x3BF;&#x3BC;&#x3BD;&#x3AE;&#x3C3;&#x3B5;&#x3C9;&#x3BD;/&#x3B5;&#x3C0;&#x3B1;&#x3C6;&#x3CE;&#x3BD; vCalendar</comment><comment xml:lang="eo">inter&#x15D;an&#x11D;a dosiero de vCaledar</comment><comment xml:lang="es">fichero de intercambio vCalendar</comment><comment xml:lang="eu">vCalendar trukatze fitxategia</comment><comment xml:lang="fi">vCalendar-v&#xE4;litystiedosto</comment><comment xml:lang="fr">fichier &#xAB; vCalendar interchange &#xBB;</comment><comment xml:lang="hu">vCalendar-cser&#xE9;lhet&#x151;f&#xE1;jl</comment><comment xml:lang="ja">vCalendar &#x4EA4;&#x63DB;&#x30D5;&#x30A1;&#x30A4;&#x30EB;</comment><comment xml:lang="ko">vCalendar &#xAD50;&#xD658; &#xD30C;&#xC77C;</comment><comment xml:lang="ms">Fail penukaran vCalendar</comment><comment xml:lang="nb">vCalendar-utvekslingsfil</comment><comment xml:lang="nl">vCalendar-uitwisselingsbestand</comment><comment xml:lang="nn">vCalendar-utvekslingsfil</comment><comment xml:lang="no">vCalendar-utvekslingsfil</comment><comment xml:lang="pl">Plik wymiany vCalendar</comment><comment xml:lang="pt">ficheiro vCalendar interchange</comment><comment xml:lang="pt_BR">Arquivo de interc&#xE2;mbio vCalendar</comment><comment xml:lang="sq">File interchange vCalendar</comment><comment xml:lang="sr">&#x414;&#x430;&#x442;&#x43E;&#x442;&#x435;&#x43A;&#x430; &#x437;&#x430; vCalendar &#x440;&#x430;&#x437;&#x43C;&#x435;&#x43D;&#x443;</comment><comment xml:lang="sv">vCalendar-utbytesfil</comment><comment xml:lang="uk">&#x444;&#x430;&#x439;&#x43B; &#x43E;&#x431;&#x43C;&#x456;&#x43D;&#x443; vCalendar</comment><comment xml:lang="zh_CN">vCalendar &#x4EA4;&#x6362;&#x6587;&#x4EF6;</comment></mime-type>
