<?xml version="1.0"?>
<mime-type xmlns="http://www.freedesktop.org/standards/shared-mime-info" type="text/css"><!--Created automatically by update-mime-database. DO NOT EDIT!--><comment>Cascading Style Sheet</comment><comment xml:lang="az">Stil Laylar&#x131; (CSS)</comment><comment xml:lang="bg">&#x424;&#x430;&#x439;&#x43B; &#x441; &#x43A;&#x430;&#x441;&#x43A;&#x430;&#x434;&#x43D;&#x438; &#x441;&#x442;&#x438;&#x43B;&#x43E;&#x432;&#x435;</comment><comment xml:lang="cs">Cascading Style Sheet</comment><comment xml:lang="cy">Taflen Arddull Rhaeadrol</comment><comment xml:lang="de">CSS-Stylesheet</comment><comment xml:lang="el">&#x3A6;&#x3CD;&#x3BB;&#x3BB;&#x3BF; &#x39A;&#x3BB;&#x3B9;&#x3BC;&#x3B1;&#x3BA;&#x3C9;&#x3C4;&#x3BF;&#x3CD; &#x3A3;&#x3C4;&#x3C5;&#x3BB;</comment><comment xml:lang="eo">Kaskadi&#x11D;anta Stilfolio</comment><comment xml:lang="es">Hoja de estilo en cascada</comment><comment xml:lang="eu">Kaskada estilo orria</comment><comment xml:lang="fi">CSS-tyylis&#xE4;&#xE4;nn&#xF6;st&#xF6;</comment><comment xml:lang="fr">Cascading Style Sheet</comment><comment xml:lang="hu">CSS-st&#xED;luslap</comment><comment xml:lang="ja">&#x30AB;&#x30B9;&#x30B1;&#x30FC;&#x30C7;&#x30A3;&#x30F3;&#x30B0;&#x30B9;&#x30BF;&#x30A4;&#x30EB;&#x30B7;&#x30FC;&#x30C8;</comment><comment xml:lang="ko">&#xB2E4;&#xB2E8; &#xC2A4;&#xD0C0;&#xC77C;&#xC2DC;&#xD2B8;</comment><comment xml:lang="ms">Helaian Gaya Cascading</comment><comment xml:lang="nb">Cascading style sheet</comment><comment xml:lang="nl">Cascading Style Sheet</comment><comment xml:lang="nn">Overlappande stilark (CSS)</comment><comment xml:lang="no">Cascading style sheet</comment><comment xml:lang="pl">Arkusz styl&#xF3;w kaskadowych (CSS)</comment><comment xml:lang="pt">folha de estilos CSS</comment><comment xml:lang="pt_BR">Folha de Estilo Progressiva</comment><comment xml:lang="sq">Cascading Style Sheet (Flet&#xEB; Stili)</comment><comment xml:lang="sr">&#x41A;&#x430;&#x441;&#x43A;&#x430;&#x434;&#x43D;&#x430; &#x441;&#x442;&#x438;&#x43B;&#x441;&#x43A;&#x430; &#x441;&#x442;&#x440;&#x430;&#x43D;&#x430; (CSS)</comment><comment xml:lang="sv">Kaskadstilmall</comment><comment xml:lang="uk">&#x421;&#x442;&#x438;&#x43B;&#x44C;&#x43E;&#x432;&#x430; &#x441;&#x442;&#x43E;&#x440;&#x456;&#x43D;&#x43A;&#x430; (CSS)</comment><comment xml:lang="zh_CN">&#x5C42;&#x53E0;&#x6837;&#x5F0F;&#x8868;</comment></mime-type>
