<?xml version="1.0"?>
<mime-type xmlns="http://www.freedesktop.org/standards/shared-mime-info" type="text/enriched"><!--Created automatically by update-mime-database. DO NOT EDIT!--><comment>enriched text document</comment><comment xml:lang="az">z&#x259;ngin m&#x259;tn s&#x259;n&#x259;di</comment><comment xml:lang="bg">&#x414;&#x43E;&#x43A;&#x443;&#x43C;&#x435;&#x43D;&#x442; &#x441; &#x43E;&#x431;&#x43E;&#x433;&#x430;&#x442;&#x435;&#x43D; &#x442;&#x435;&#x43A;&#x441;&#x442;</comment><comment xml:lang="cs">Roz&#x161;&#xED;&#x159;en&#xFD; textov&#xFD; dokument</comment><comment xml:lang="cy">Dogfen testun wedi ei gyfoethogi</comment><comment xml:lang="de">angereichertes Textdokument</comment><comment xml:lang="el">&#x3B5;&#x3B3;&#x3B3;&#x3C1;&#x3B1;&#x3C6;&#x3BF; &#x3B5;&#x3BC;&#x3C0;&#x3BB;&#x3BF;&#x3C5;&#x3C4;&#x3B9;&#x3C3;&#x3BC;&#x3AD;&#x3BD;&#x3BF;&#x3C5; &#x3BA;&#x3B5;&#x3B9;&#x3BC;&#x3AD;&#x3BD;&#x3BF;&#x3C5;</comment><comment xml:lang="eo">ri&#x109;igita teksta dokumento</comment><comment xml:lang="es">documento de texto enriquecido</comment><comment xml:lang="eu">aberastutako testu dokumentua</comment><comment xml:lang="fi">rikastettu tekstiasiakirja</comment><comment xml:lang="fr">document  &#xAB; enriched text &#xBB;</comment><comment xml:lang="hu">enriched text dokumentum</comment><comment xml:lang="ja">&#x30EA;&#x30C3;&#x30C1;&#x30C6;&#x30AD;&#x30B9;&#x30C8;&#x30C9;&#x30AD;&#x30E5;&#x30E1;&#x30F3;&#x30C8;</comment><comment xml:lang="ko">enriched text &#xBB38;&#xC11C;</comment><comment xml:lang="ms">Dokumen teks diperkaya</comment><comment xml:lang="nb">riktekst-dokument</comment><comment xml:lang="nl">verrijkt tekstdocument</comment><comment xml:lang="nn">rik tekst tekstdokument</comment><comment xml:lang="no">riktekst-dokument</comment><comment xml:lang="pl">wzbogacony dokument tekstowy</comment><comment xml:lang="pt">documento de texto rico</comment><comment xml:lang="pt_BR">Documento de Enriched text</comment><comment xml:lang="sq">dokument teksti i pasuruar</comment><comment xml:lang="sr">&#x43E;&#x431;&#x43E;&#x433;&#x430;&#x45B;&#x435;&#x43D;&#x438; &#x442;&#x435;&#x43A;&#x441;&#x442;&#x443;&#x430;&#x43B;&#x43D;&#x438; &#x434;&#x43E;&#x43A;&#x443;&#x43C;&#x435;&#x43D;&#x442;</comment><comment xml:lang="sv">berikat textdokument</comment><comment xml:lang="uk">&#x444;&#x43E;&#x440;&#x43C;&#x430;&#x442;&#x43E;&#x432;&#x430;&#x43D;&#x438;&#x439; &#x442;&#x435;&#x43A;&#x441;&#x442;&#x43E;&#x432;&#x438;&#x439; &#x434;&#x43E;&#x43A;&#x443;&#x43C;&#x435;&#x43D;&#x442;</comment></mime-type>
