<?xml version="1.0"?>
<mime-type xmlns="http://www.freedesktop.org/standards/shared-mime-info" type="text/htmlh"><!--Created automatically by update-mime-database. DO NOT EDIT!--><comment>help page</comment><comment xml:lang="az">yard&#x131;m s&#x259;hif&#x259;si</comment><comment xml:lang="bg">&#x421;&#x442;&#x440;&#x430;&#x43D;&#x438;&#x446;&#x430; &#x43E;&#x442; &#x43F;&#x43E;&#x43C;&#x43E;&#x449;&#x442;&#x430;</comment><comment xml:lang="cs">Str&#xE1;nka n&#xE1;pov&#x11B;dy</comment><comment xml:lang="cy">tudalen gymorth</comment><comment xml:lang="de">Hilfeseite</comment><comment xml:lang="el">&#x3C3;&#x3B5;&#x3BB;&#x3AF;&#x3B4;&#x3B1; &#x3B2;&#x3BF;&#x3B7;&#x3B8;&#x3B5;&#x3AF;&#x3B1;&#x3C2;</comment><comment xml:lang="eo">help-pa&#x11D;o</comment><comment xml:lang="es">p&#xE1;gina de ayuda</comment><comment xml:lang="eu">laguntzako orria</comment><comment xml:lang="fi">ohjesivu</comment><comment xml:lang="fr">page d'aide</comment><comment xml:lang="hu">s&#xFA;g&#xF3;oldal</comment><comment xml:lang="it">pagina di aiuto</comment><comment xml:lang="ja">&#x30D8;&#x30EB;&#x30D7;&#x30DA;&#x30FC;&#x30B8;</comment><comment xml:lang="ko">&#xB3C4;&#xC6C0;&#xB9D0; &#xD398;&#xC774;&#xC9C0;</comment><comment xml:lang="ms">Halaman bantuan</comment><comment xml:lang="nb">hjelpside</comment><comment xml:lang="nl">hulppagina</comment><comment xml:lang="nn">hjelpeside</comment><comment xml:lang="no">hjelpside</comment><comment xml:lang="pl">strona pomocy</comment><comment xml:lang="pt">p&#xE1;gina de ajuda</comment><comment xml:lang="pt_BR">P&#xE1;gina de ajuda</comment><comment xml:lang="ru">&#x441;&#x442;&#x440;&#x430;&#x43D;&#x438;&#x446;&#x430; &#x43F;&#x43E;&#x43C;&#x43E;&#x449;&#x438;</comment><comment xml:lang="sq">faqe ndihme</comment><comment xml:lang="sr">&#x441;&#x442;&#x440;&#x430;&#x43D;&#x430; &#x43F;&#x43E;&#x43C;&#x43E;&#x45B;&#x438;</comment><comment xml:lang="sv">hj&#xE4;lpsida</comment><comment xml:lang="uk">&#x441;&#x442;&#x43E;&#x440;&#x456;&#x43D;&#x43A;&#x430; &#x434;&#x43E;&#x432;&#x456;&#x434;&#x43A;&#x438;</comment><comment xml:lang="zh_CN">&#x5E2E;&#x52A9;&#x9875;&#x9762;</comment></mime-type>
