<?xml version="1.0"?>
<mime-type xmlns="http://www.freedesktop.org/standards/shared-mime-info" type="text/html"><!--Created automatically by update-mime-database. DO NOT EDIT!--><comment>HTML page</comment><comment xml:lang="bg">&#x421;&#x442;&#x440;&#x430;&#x43D;&#x438;&#x446;&#x430;, &#x444;&#x43E;&#x440;&#x43C;&#x430;&#x442; HTML</comment><comment xml:lang="cs">Str&#xE1;nka HTML</comment><comment xml:lang="de">HTML-Seite</comment><comment xml:lang="el">&#x3C3;&#x3B5;&#x3BB;&#x3AF;&#x3B4;&#x3B1; HTML</comment><comment xml:lang="eo">HTML-pa&#x11D;o</comment><comment xml:lang="es">P&#xE1;gina HTML</comment><comment xml:lang="eu">HTML orria</comment><comment xml:lang="fi">HTML-sivu</comment><comment xml:lang="fr">page HTML</comment><comment xml:lang="hu">HTML-oldal</comment><comment xml:lang="it">Pagina HTML</comment><comment xml:lang="ja">HTML &#x30DA;&#x30FC;&#x30B8;</comment><comment xml:lang="ko">HTML &#xD398;&#xC774;&#xC9C0;</comment><comment xml:lang="ms">Laman HTML</comment><comment xml:lang="nb">HTML-side</comment><comment xml:lang="nl">HTML-pagina</comment><comment xml:lang="nn">HTML-side</comment><comment xml:lang="no">HTML-side</comment><comment xml:lang="pl">Strona HTML</comment><comment xml:lang="pt">p&#xE1;gina HTML</comment><comment xml:lang="pt_BR">P&#xE1;gina HTML</comment><comment xml:lang="ru">&#x441;&#x442;&#x440;&#x430;&#x43D;&#x438;&#x446;&#x430; HTML</comment><comment xml:lang="sq">Faqe HTML</comment><comment xml:lang="sr">HTML &#x441;&#x442;&#x440;&#x430;&#x43D;&#x430;</comment><comment xml:lang="sv">HTML-sida</comment><comment xml:lang="uk">&#x421;&#x442;&#x43E;&#x440;&#x456;&#x43D;&#x43A;&#x430; HTML</comment><comment xml:lang="zh_CN">HTML &#x9875;&#x9762;</comment></mime-type>
