<?xml version="1.0"?>
<mime-type xmlns="http://www.freedesktop.org/standards/shared-mime-info" type="text/mathml"><!--Created automatically by update-mime-database. DO NOT EDIT!--><sub-class-of type="text/xml"/><comment>MathML document</comment><comment xml:lang="az">MathML s&#x259;n&#x259;di</comment><comment xml:lang="bg">&#x414;&#x43E;&#x43A;&#x443;&#x43C;&#x435;&#x43D;&#x442;, &#x444;&#x43E;&#x440;&#x43C;&#x430;&#x442; MathML</comment><comment xml:lang="cs">Dokument MathML</comment><comment xml:lang="cy">Dogfen MathML</comment><comment xml:lang="de">MathML-Dokument</comment><comment xml:lang="el">&#x3AD;&#x3B3;&#x3B3;&#x3C1;&#x3B1;&#x3C6;&#x3BF; MathML</comment><comment xml:lang="eo">MathML-dokumento</comment><comment xml:lang="es">Documento MathML</comment><comment xml:lang="eu">MathML dokumentua</comment><comment xml:lang="fi">MathML-asiakirja</comment><comment xml:lang="fr">document MathML</comment><comment xml:lang="hu">MathML-dokumentum</comment><comment xml:lang="it">Documento MathML</comment><comment xml:lang="ja">MathML &#x30C9;&#x30AD;&#x30E5;&#x30E1;&#x30F3;&#x30C8;</comment><comment xml:lang="ko">MathML &#xBB38;&#xC11C;</comment><comment xml:lang="ms">Dokumen MathML</comment><comment xml:lang="nb">MathML-dokument</comment><comment xml:lang="nl">MathML-document</comment><comment xml:lang="nn">MathML-dokument</comment><comment xml:lang="no">MathML-dokument</comment><comment xml:lang="pl">Dokument MathML</comment><comment xml:lang="pt">documento MathML</comment><comment xml:lang="pt_BR">Documento MathML</comment><comment xml:lang="sq">Dokument MathML</comment><comment xml:lang="sr">MathML &#x434;&#x43E;&#x43A;&#x443;&#x43C;&#x435;&#x43D;&#x442;</comment><comment xml:lang="sv">MathML-dokument</comment><comment xml:lang="uk">&#x414;&#x43E;&#x43A;&#x443;&#x43C;&#x435;&#x43D;&#x442; MathML</comment><comment xml:lang="zh_CN">MathML &#x6587;&#x6863;</comment></mime-type>
