<?xml version="1.0"?>
<mime-type xmlns="http://www.freedesktop.org/standards/shared-mime-info" type="text/plain"><!--Created automatically by update-mime-database. DO NOT EDIT!--><comment>plain text document</comment><comment xml:lang="bg">&#x414;&#x43E;&#x43A;&#x443;&#x43C;&#x435;&#x43D;&#x442; &#x441; &#x43D;&#x435;&#x444;&#x43E;&#x440;&#x43C;&#x430;&#x442;&#x438;&#x440;&#x430;&#x43D; &#x442;&#x435;&#x43A;&#x441;&#x442;</comment><comment xml:lang="cs">Prost&#xFD; textov&#xFD; dokument</comment><comment xml:lang="de">einfaches Textdokument</comment><comment xml:lang="el">&#x3AD;&#x3B3;&#x3B3;&#x3C1;&#x3B1;&#x3C6;&#x3BF; &#x3B1;&#x3C0;&#x3BB;&#x3BF;&#x3CD; &#x3BA;&#x3B5;&#x3B9;&#x3BC;&#x3AD;&#x3BD;&#x3BF;&#x3C5;</comment><comment xml:lang="eo">plata teksta dokumento</comment><comment xml:lang="es">documento de texto sencillo</comment><comment xml:lang="eu">testu soileko dokumentua</comment><comment xml:lang="fi">perustekstiasiakirja</comment><comment xml:lang="fr">document plein texte</comment><comment xml:lang="hu">egyszer&#x171; sz&#xF6;veg</comment><comment xml:lang="ja">&#x5E73;&#x6587;&#x30C6;&#x30AD;&#x30B9;&#x30C8;&#x30C9;&#x30AD;&#x30E5;&#x30E1;&#x30F3;&#x30C8;</comment><comment xml:lang="ko">&#xBCF4;&#xD1B5; text &#xBB38;&#xC11C;</comment><comment xml:lang="ms">Dokumen teks jernih</comment><comment xml:lang="nb">vanlig tekstdokument</comment><comment xml:lang="nl">platte tekst document</comment><comment xml:lang="nn">vanleg tekstdokument</comment><comment xml:lang="no">vanlig tekstdokument</comment><comment xml:lang="pl">zwyk&#x142;y dokument tekstowy</comment><comment xml:lang="pt">documento em texto simples</comment><comment xml:lang="pt_BR">Documento somente texto</comment><comment xml:lang="sq">dokument teksti i thjesht&#xEB;</comment><comment xml:lang="sr">&#x43E;&#x431;&#x438;&#x447;&#x430;&#x43D; &#x442;&#x435;&#x43A;&#x441;&#x442;&#x443;&#x430;&#x43B;&#x43D;&#x438; &#x434;&#x43E;&#x43A;&#x443;&#x43C;&#x435;&#x43D;&#x442;</comment><comment xml:lang="sv">vanligt textdokument</comment><comment xml:lang="uk">&#x437;&#x432;&#x438;&#x447;&#x430;&#x439;&#x43D;&#x438;&#x439; &#x442;&#x435;&#x43A;&#x441;&#x442;&#x43E;&#x432;&#x438;&#x439; &#x434;&#x43E;&#x43A;&#x443;&#x43C;&#x435;&#x43D;&#x442;</comment><comment xml:lang="zh_CN">&#x7EAF;&#x6587;&#x672C;&#x6587;&#x6863;</comment></mime-type>
