<?xml version="1.0"?>
<mime-type xmlns="http://www.freedesktop.org/standards/shared-mime-info" type="text/rdf"><!--Created automatically by update-mime-database. DO NOT EDIT!--><sub-class-of type="text/plain"/><comment>Resource Description Framework (RDF) file</comment><comment xml:lang="az">M&#x259;nb&#x259; &#x130;zahat &#xC7;&#x259;r&#xE7;iv&#x259;si (RDF) fayl&#x131;</comment><comment xml:lang="bg">&#x424;&#x430;&#x439;&#x43B; &#x437;&#x430; &#x43E;&#x431;&#x43E;&#x431;&#x449;&#x435;&#x43D;&#x438;&#x435;, &#x444;&#x43E;&#x440;&#x43C;&#x430;&#x442; RDF</comment><comment xml:lang="cs">Soubor Resource Description Framework (RDF)</comment><comment xml:lang="cy">Ffeil RDF (Resource Description Framework)</comment><comment xml:lang="de">Ressourcenbeschreibungs-Framework (RDF)-Datei</comment><comment xml:lang="el">&#x3B1;&#x3C1;&#x3C7;&#x3B5;&#x3AF;&#x3BF; &#x3C5;&#x3C0;&#x3BF;&#x3B4;&#x3BF;&#x3BC;&#x3AE;&#x3C2; &#x3C0;&#x3B5;&#x3C1;&#x3B9;&#x3B3;&#x3C1;&#x3B1;&#x3C6;&#x3AE;&#x3C2; &#x3C0;&#x3CC;&#x3C1;&#x3C9;&#x3BD; (RDF)</comment><comment xml:lang="es">Fichero de marco de trabajo de descripci&#xF3;n de recursos (RDF)</comment><comment xml:lang="eu">Resource Description Framework (RDF) fitxategia</comment><comment xml:lang="fi">Resource Description Framework (RDF) -tiedosto</comment><comment xml:lang="fr">fichier Resource Description Framework (RDF)</comment><comment xml:lang="hu">RDF (er&#x151;forr&#xE1;sle&#xED;r&#xF3;) -f&#xE1;jl</comment><comment xml:lang="ja">&#x30EA;&#x30BD;&#x30FC;&#x30B9;&#x8A18;&#x8FF0;&#x30D5;&#x30EC;&#x30FC;&#x30E0;&#x30EF;&#x30FC;&#x30AF; (RDF) &#x30D5;&#x30A1;&#x30A4;&#x30EB;</comment><comment xml:lang="ko">&#xC790;&#xC6D0; &#xAE30;&#xC220; &#xD504;&#xB808;&#xC784;&#xC6CC;&#xD06C; (RDF) &#xD30C;&#xC77C;</comment><comment xml:lang="ms">Fail Kerangkakerja Keterangan Sumber (RDF)</comment><comment xml:lang="nb">Resource Description Framework-fil (RDF)</comment><comment xml:lang="nl">Resource Description Framework (RDF) bestand</comment><comment xml:lang="nn">Resource Description Framework (RDF)-fil</comment><comment xml:lang="pl">Plik szkieletu opisu zasobu (RDF)</comment><comment xml:lang="pt">ficheiro de Arquitectura de Descri&#xE7;&#xE3;o de Recurso (RDF)</comment><comment xml:lang="pt_BR">Arquivo de Plataforma de Descri&#xE7;&#xE3;o de Recursos (RDF)</comment><comment xml:lang="sq">File Resource Description Framework (RDF)</comment><comment xml:lang="sr">Resource Description Framework (RDF) &#x434;&#x430;&#x442;&#x43E;&#x442;&#x435;&#x43A;&#x430;</comment><comment xml:lang="sv">Resursbeskrivningsfil</comment><comment xml:lang="uk">&#x424;&#x430;&#x439;&#x43B; &#x441;&#x442;&#x440;&#x443;&#x43A;&#x442;&#x443;&#x440;&#x438; &#x43E;&#x43F;&#x438;&#x441;&#x443; &#x440;&#x435;&#x441;&#x443;&#x440;&#x441;&#x443; (RDF)</comment><comment xml:lang="zh_CN">&#x8D44;&#x6E90;&#x63CF;&#x8FF0;&#x6846;&#x67B6;(RDF)&#x6587;&#x4EF6;</comment></mime-type>
