<?xml version="1.0"?>
<mime-type xmlns="http://www.freedesktop.org/standards/shared-mime-info" type="text/rfc822-headers"><!--Created automatically by update-mime-database. DO NOT EDIT!--><comment>email headers</comment><comment xml:lang="az">epo&#xE7;t ba&#x15F;l&#x131;qlar&#x131;</comment><comment xml:lang="bg">&#x417;&#x430;&#x433;&#x43B;&#x430;&#x432;&#x43D;&#x438; &#x447;&#x430;&#x441;&#x442;&#x438; &#x43D;&#x430; &#x435;&#x43B;&#x435;&#x43A;&#x442;&#x440;&#x43E;&#x43D;&#x43D;&#x438; &#x43F;&#x438;&#x441;&#x43C;&#x430;</comment><comment xml:lang="cs">Hlavi&#x10D;ky e-mailu</comment><comment xml:lang="cy">penawdau e-bost</comment><comment xml:lang="de">E-Mail-Kopfzeilen</comment><comment xml:lang="el">&#x3BA;&#x3B5;&#x3C6;&#x3B1;&#x3BB;&#x3AF;&#x3B4;&#x3B5;&#x3C2; &#x3B7;&#x3BB;. &#x3BC;&#x3B7;&#x3BD;&#x3C5;&#x3BC;&#x3AC;&#x3C4;&#x3C9;&#x3BD;</comment><comment xml:lang="eo">retpo&#x15D;taj &#x109;apoj</comment><comment xml:lang="es">cabeceras de correo electr&#xF3;nico</comment><comment xml:lang="eu">helbide elektronikoen goiburuak</comment><comment xml:lang="fi">s&#xE4;hk&#xF6;postiotsakkeet</comment><comment xml:lang="fr">en-t&#xEA;te de courriel</comment><comment xml:lang="hu">lev&#xE9;lfejl&#xE9;c</comment><comment xml:lang="it">intestazioni posta elettronica</comment><comment xml:lang="ja">&#x30E1;&#x30FC;&#x30EB;&#x30D8;&#x30C3;&#x30C0;&#x30FC;</comment><comment xml:lang="ko">&#xC804;&#xC790;&#xC6B0;&#xD3B8; &#xD5E4;&#xB354;</comment><comment xml:lang="ms">Pengepala emel</comment><comment xml:lang="nb">e-posthode</comment><comment xml:lang="nl">e-mail koppen</comment><comment xml:lang="nn">e-post-hovud</comment><comment xml:lang="no">e-posthode</comment><comment xml:lang="pl">nag&#x142;&#xF3;wki listu e-mail</comment><comment xml:lang="pt">cabe&#xE7;alhos de e-mail</comment><comment xml:lang="pt_BR">Cabe&#xE7;alhos de e-mail</comment><comment xml:lang="ru">&#x43F;&#x43E;&#x447;&#x442;&#x43E;&#x432;&#x44B;&#x435; &#x437;&#x430;&#x433;&#x43E;&#x43B;&#x43E;&#x432;&#x43A;&#x438;</comment><comment xml:lang="sq">headers e email</comment><comment xml:lang="sr">&#x437;&#x430;&#x433;&#x43B;&#x430;&#x432;&#x459;&#x430; &#x435;-&#x43F;&#x43E;&#x440;&#x443;&#x43A;&#x430;</comment><comment xml:lang="sv">e-posthuvuden</comment><comment xml:lang="uk">&#x437;&#x430;&#x433;&#x43E;&#x43B;&#x43E;&#x432;&#x43A;&#x438; email</comment><comment xml:lang="zh_CN">&#x7535;&#x5B50;&#x90AE;&#x4EF6;&#x5934;</comment></mime-type>
