<?xml version="1.0"?>
<mime-type xmlns="http://www.freedesktop.org/standards/shared-mime-info" type="text/richtext"><!--Created automatically by update-mime-database. DO NOT EDIT!--><sub-class-of type="text/plain"/><comment>rich text document</comment><comment xml:lang="az">z&#x259;ngin m&#x259;tn s&#x259;n&#x259;di</comment><comment xml:lang="bg">&#x414;&#x43E;&#x43A;&#x443;&#x43C;&#x435;&#x43D;&#x442;, &#x444;&#x43E;&#x440;&#x43C;&#x430;&#x442; rich&#xB7;text</comment><comment xml:lang="cs">Bohat&#xFD; textov&#xFD; dokument</comment><comment xml:lang="cy">dogfen testun gyfoethog (rtf)</comment><comment xml:lang="de">RTF-Textdokument</comment><comment xml:lang="el">&#x3AD;&#x3B3;&#x3B3;&#x3C1;&#x3B1;&#x3C6;&#x3BF; &#x3B5;&#x3BC;&#x3C0;&#x3BB;&#x3BF;&#x3C5;&#x3C4;&#x3B9;&#x3C3;&#x3BC;&#x3AD;&#x3BD;&#x3BF;&#x3C5; &#x3BA;&#x3B5;&#x3B9;&#x3BC;&#x3AD;&#x3BD;&#x3BF;&#x3C5; (RTF)</comment><comment xml:lang="eo">ri&#x109;teksta dokumento</comment><comment xml:lang="es">documento de texto enriquecido</comment><comment xml:lang="eu">aberastutako testu formatua</comment><comment xml:lang="fi">RTF-asiakirja</comment><comment xml:lang="fr">document &#xAB; rich text &#xBB;</comment><comment xml:lang="hu">rich text-dokumentum</comment><comment xml:lang="ja">&#x30EA;&#x30C3;&#x30C1;&#x30C6;&#x30AD;&#x30B9;&#x30C8;&#x30C9;&#x30AD;&#x30E5;&#x30E1;&#x30F3;&#x30C8;</comment><comment xml:lang="ko">rich text &#xBB38;&#xC11C;</comment><comment xml:lang="ms">Dokumen teks diperkaya</comment><comment xml:lang="nb">rik tekst-dokument</comment><comment xml:lang="nl">opgemaakt tekstdocument</comment><comment xml:lang="nn">rik tekst-dokument</comment><comment xml:lang="no">rik tekst-dokument</comment><comment xml:lang="pl">dokument rich text</comment><comment xml:lang="pt">documento em texto rico</comment><comment xml:lang="pt_BR">Documento de Rich Text</comment><comment xml:lang="sq">dokument rich text</comment><comment xml:lang="sr">&#x43E;&#x431;&#x43E;&#x433;&#x430;&#x45B;&#x435;&#x43D;&#x438; &#x442;&#x435;&#x43A;&#x441;&#x442;&#x443;&#x430;&#x43B;&#x43D;&#x438; &#x434;&#x43E;&#x43A;&#x443;&#x43C;&#x435;&#x43D;&#x442;</comment><comment xml:lang="sv">rikt textdokument</comment><comment xml:lang="uk">&#x444;&#x43E;&#x440;&#x43C;&#x430;&#x442;&#x43E;&#x432;&#x430;&#x43D;&#x438;&#x439; &#x442;&#x435;&#x43A;&#x441;&#x442;&#x43E;&#x432;&#x438;&#x439; &#x434;&#x43E;&#x43A;&#x443;&#x43C;&#x435;&#x43D;&#x442;</comment><comment xml:lang="zh_CN">RTF &#x4E30;&#x5BCC;&#x6587;&#x672C;&#x6587;&#x6863;</comment></mime-type>
