<?xml version="1.0"?>
<mime-type xmlns="http://www.freedesktop.org/standards/shared-mime-info" type="text/rss"><!--Created automatically by update-mime-database. DO NOT EDIT!--><sub-class-of type="text/plain"/><comment>RDF Site Summary</comment><comment xml:lang="az">RDF Sayt &#x130;cmal&#x131;</comment><comment xml:lang="bg">&#x41E;&#x431;&#x43E;&#x431;&#x449;&#x435;&#x43D;&#x438;&#x435; &#x437;&#x430; &#x441;&#x430;&#x439;&#x442;&#x43E;&#x432;&#x435;, &#x444;&#x43E;&#x440;&#x43C;&#x430;&#x442; RDF</comment><comment xml:lang="cs">Sourhn serveru RDF</comment><comment xml:lang="cy">Crynodeb Safle RDF</comment><comment xml:lang="de">RDF-Seitenzusammenfassung</comment><comment xml:lang="el">&#x3C0;&#x3B5;&#x3C1;&#x3AF;&#x3BB;&#x3B7;&#x3C8;&#x3B7; &#x3B9;&#x3C3;&#x3C4;&#x3BF;&#x3C3;&#x3B5;&#x3BB;&#x3AF;&#x3B4;&#x3B1;&#x3C2; RDF</comment><comment xml:lang="eo">RDF-Epitomo de pa&#x11D;aro</comment><comment xml:lang="es">Resumen de sitio RDF</comment><comment xml:lang="eu">RDF gune-laburpena</comment><comment xml:lang="fi">RDF-sivuston tiivistelm&#xE4;</comment><comment xml:lang="fr">sommaire RDF Site</comment><comment xml:lang="hu">RDF-webhelyinform&#xE1;ci&#xF3;</comment><comment xml:lang="ja">RDF &#x30B5;&#x30A4;&#x30C8;&#x30B5;&#x30DE;&#x30EA;</comment><comment xml:lang="ko">RDF &#xC0AC;&#xC774;&#xD2B8; &#xC694;&#xC57D;</comment><comment xml:lang="ms">Ringkasan Tapak RDF</comment><comment xml:lang="nb">RDF-str&#xF8;m</comment><comment xml:lang="nl">RDF-website samenvatting</comment><comment xml:lang="nn">RDF-sidesamandrag</comment><comment xml:lang="no">RDF-str&#xF8;m</comment><comment xml:lang="pl">Podsumowanie witryny RDF</comment><comment xml:lang="pt">Resumo de Site RDF</comment><comment xml:lang="pt_BR">Resumo de Site RDF</comment><comment xml:lang="sq">P&#xEB;rmbledhje e sitit n&#xEB; RDF</comment><comment xml:lang="sr">RDF &#x441;&#x430;&#x436;&#x435;&#x442;&#x430;&#x43A; &#x441;&#x442;&#x440;&#x430;&#x43D;&#x438;&#x446;&#x435; (RSS)</comment><comment xml:lang="sv">RDF-webbplatssammanfattning</comment><comment xml:lang="uk">&#x417;&#x432;&#x435;&#x434;&#x435;&#x43D;&#x43D;&#x44F; &#x441;&#x430;&#x439;&#x442;&#x443; RDF</comment><comment xml:lang="zh_CN">RDF &#x7F51;&#x7AD9;&#x6982;&#x89C8;</comment></mime-type>
