<?xml version="1.0"?>
<mime-type xmlns="http://www.freedesktop.org/standards/shared-mime-info" type="text/sgml"><!--Created automatically by update-mime-database. DO NOT EDIT!--><comment>SGML document</comment><comment xml:lang="bg">&#x414;&#x43E;&#x43A;&#x443;&#x43C;&#x435;&#x43D;&#x442;, &#x444;&#x43E;&#x440;&#x43C;&#x430;&#x442; SGML</comment><comment xml:lang="cs">Dokument SGML</comment><comment xml:lang="cy">Dogfen SGML</comment><comment xml:lang="de">SGML-Dokument</comment><comment xml:lang="el">&#x3AD;&#x3B3;&#x3B3;&#x3C1;&#x3B1;&#x3C6;&#x3BF; SGML</comment><comment xml:lang="eo">SGML-document</comment><comment xml:lang="es">Documento SGML</comment><comment xml:lang="eu">SGML dokumentua</comment><comment xml:lang="fi">SGML-asiakirja</comment><comment xml:lang="fr">document SGML</comment><comment xml:lang="hu">SGML-dokumentum</comment><comment xml:lang="it">Documento SGML</comment><comment xml:lang="ja">SGML &#x30C9;&#x30AD;&#x30E5;&#x30E1;&#x30F3;&#x30C8;</comment><comment xml:lang="ko">SGML &#xBB38;&#xC11C;</comment><comment xml:lang="ms">Dokumen SGML</comment><comment xml:lang="nb">SGML-dokument</comment><comment xml:lang="nl">SGML-document</comment><comment xml:lang="nn">SGML-dokument</comment><comment xml:lang="no">SGML-dokument</comment><comment xml:lang="pl">Dokument SGML</comment><comment xml:lang="pt">documento SGML</comment><comment xml:lang="pt_BR">Documento SGML</comment><comment xml:lang="sq">Dokument SGML</comment><comment xml:lang="sr">SGML &#x434;&#x43E;&#x43A;&#x443;&#x43C;&#x435;&#x43D;&#x442;</comment><comment xml:lang="sv">SGML-dokument</comment><comment xml:lang="uk">&#x414;&#x43E;&#x43A;&#x443;&#x43C;&#x435;&#x43D;&#x442; SGML</comment><comment xml:lang="zh_CN">SGML &#x6587;&#x6863;</comment></mime-type>
