<?xml version="1.0"?>
<mime-type xmlns="http://www.freedesktop.org/standards/shared-mime-info" type="text/spreadsheet"><!--Created automatically by update-mime-database. DO NOT EDIT!--><comment>Spreadsheet interchange document</comment><comment xml:lang="bg">&#x414;&#x43E;&#x43A;&#x443;&#x43C;&#x435;&#x43D;&#x442; &#x437;&#x430; &#x43E;&#x431;&#x43C;&#x44F;&#x43D;&#x430; &#x43C;&#x435;&#x436;&#x434;&#x443; &#x43F;&#x440;&#x43E;&#x433;&#x440;&#x430;&#x43C;&#x438; &#x437;&#x430; &#x435;&#x43B;&#x435;&#x43A;&#x442;&#x440;&#x43E;&#x43D;&#x43D;&#x438; &#x442;&#x430;&#x431;&#x43B;&#x438;&#x446;&#x438;</comment><comment xml:lang="cs">Dokument Spreadsheet interchange</comment><comment xml:lang="de">Tabellenkalkulations-Austauschdokument</comment><comment xml:lang="el">&#x3BB;&#x3BF;&#x3B3;&#x3B9;&#x3C3;&#x3C4;&#x3B9;&#x3BA;&#x3CC; &#x3C6;&#x3CD;&#x3BB;&#x3BB;&#x3BF; interchange</comment><comment xml:lang="es">Documento de intercambio de hojas de c&#xE1;lculo</comment><comment xml:lang="eu">Kalkulu-orri trukaketa dokumentua</comment><comment xml:lang="fi">taulukkov&#xE4;litysasiakirja</comment><comment xml:lang="fr">document Spreadsheet Interchange</comment><comment xml:lang="hu">Spreadsheet-cser&#xE9;lhet&#x151;dokumentum</comment><comment xml:lang="ja">&#x30B9;&#x30D7;&#x30EC;&#x30C3;&#x30C9;&#x30B7;&#x30FC;&#x30C8;&#x4EA4;&#x63DB;&#x30C9;&#x30AD;&#x30E5;&#x30E1;&#x30F3;&#x30C8;</comment><comment xml:lang="ko">Spreadsheet &#xAD50;&#xD658; &#xBB38;&#xC11C;</comment><comment xml:lang="ms">Dokumen penukaran hamparan</comment><comment xml:lang="nb">Dokument for regnearkutveksling</comment><comment xml:lang="nl">Rekenblad-uitwisselingsdocument</comment><comment xml:lang="nn">Utvekslingsdokument for rekneark</comment><comment xml:lang="no">Dokument for regnearkutveksling</comment><comment xml:lang="pl">Dokument wymiany arkuszy kalkulacyjnych</comment><comment xml:lang="pt">documento de troca de folha de c&#xE1;lculo</comment><comment xml:lang="pt_BR">Documento de interc&#xE2;mbio de planilhas</comment><comment xml:lang="sq">Dokument interchange Spreadsheet</comment><comment xml:lang="sr">&#x414;&#x43E;&#x43A;&#x443;&#x43C;&#x435;&#x43D;&#x442; &#x437;&#x430; &#x440;&#x430;&#x437;&#x43C;&#x435;&#x43D;&#x443; &#x442;&#x430;&#x431;&#x435;&#x43B;&#x430;&#x440;&#x43D;&#x438;&#x445; &#x43F;&#x440;&#x43E;&#x440;&#x430;&#x447;&#x443;&#x43D;&#x430;</comment><comment xml:lang="sv">Spreadsheet interchange-dokument</comment><comment xml:lang="uk">&#x414;&#x43E;&#x43A;&#x443;&#x43C;&#x435;&#x43D;&#x442; &#x43E;&#x431;&#x43C;&#x456;&#x43D;&#x443; &#x435;&#x43B;.&#x442;&#x430;&#x431;&#x43B;&#x438;&#x446;&#x44F;&#x43C;&#x438;</comment><comment xml:lang="zh_CN">&#x7535;&#x5B50;&#x8868;&#x683C;&#x4EA4;&#x6362;&#x6587;&#x6863;</comment></mime-type>
