<?xml version="1.0"?>
<mime-type xmlns="http://www.freedesktop.org/standards/shared-mime-info" type="text/tab-separated-values"><!--Created automatically by update-mime-database. DO NOT EDIT!--><sub-class-of type="text/plain"/><comment>text document (with tab-separated values)</comment><comment xml:lang="bg">&#x422;&#x435;&#x43A;&#x441;&#x442;&#x43E;&#x432; &#x434;&#x43E;&#x43A;&#x443;&#x43C;&#x435;&#x43D;&#x442;, &#x441;&#x442;&#x43E;&#x439;&#x43D;&#x43E;&#x441;&#x442;&#x438;, &#x440;&#x430;&#x437;&#x434;&#x435;&#x43B;&#x435;&#x43D;&#x438; &#x441; &#x442;&#x430;&#x431;&#x443;&#x43B;&#x430;&#x446;&#x438;&#x438;</comment><comment xml:lang="cs">Textov&#xFD; soubor )s hodnotami odd&#x11B;len&#xFD;mi tabel&#xE1;tory)</comment><comment xml:lang="de">Textdokument&#xB7;(Werte&#xB7;durch&#xB7;Tabulatorzeichen&#xB7;unterteilt)</comment><comment xml:lang="el">&#x3B1;&#x3C1;&#x3C7;&#x3B5;&#x3AF;&#x3BF; &#x3BA;&#x3B5;&#x3B9;&#x3BC;&#x3AD;&#x3BD;&#x3BF;&#x3C5; (&#x3BC;&#x3B5; &#x3C4;&#x3B1; &#x3C0;&#x3B5;&#x3B4;&#x3AF;&#x3B1; &#x3BD;&#x3B1; &#x3C7;&#x3C9;&#x3C1;&#x3AF;&#x3B6;&#x3BF;&#x3BD;&#x3C4;&#x3B1;&#x3B9; &#x3BC;&#x3B5; &#x3C3;&#x3C4;&#x3B7;&#x3BB;&#x3BF;&#x3B3;&#x3BD;&#x3CE;&#x3BC;&#x3BF;&#x3BD;&#x3B5;&#x3C2;)</comment><comment xml:lang="eo">teksta dokumento (kun tabdisigitaj valoroj)</comment><comment xml:lang="es">documento de texto (con valores separados por tabuladores)</comment><comment xml:lang="eu">testu dokumentua (tabulazioz banandutako balioak)</comment><comment xml:lang="fi">tekstiasiakirja (sarkaimin eroteltuja arvoja)</comment><comment xml:lang="fr">fichier texte (avec valeurs s&#xE9;par&#xE9;es par des tabulations)</comment><comment xml:lang="hu">sz&#xF6;veges dokumentum (tabul&#xE1;torral elv&#xE1;lasztott &#xE9;rt&#xE9;kek)</comment><comment xml:lang="it">documento di testo (con valori separati da tabulazioni)</comment><comment xml:lang="ja">(&#x30BF;&#x30D6;&#x3067;&#x533A;&#x5207;&#x3089;&#x308C;&#x305F;&#x5024;&#x3092;&#x6301;&#x3064;) &#x30C6;&#x30AD;&#x30B9;&#x30C8;&#x30C9;&#x30AD;&#x30E5;&#x30E1;&#x30F3;&#x30C8; (CSV)</comment><comment xml:lang="ko">(&#xD0ED;&#xC73C;&#xB85C; &#xB098;&#xB258;&#xC5B4;&#xC9C4;) &#xD14D;&#xC2A4;&#xD2B8; &#xD30C;&#xC77C;</comment><comment xml:lang="ms">Dokumen teks (dengan nilai dipisahi koma)</comment><comment xml:lang="nb">tekstdokument (med tabulatorseparerte verdier)</comment><comment xml:lang="nl">tekstbestand (met tab-gescheiden waarden)</comment><comment xml:lang="nn">tekstdokument med tabulatordelte verdiar</comment><comment xml:lang="no">tekstdokument (med tabulatorseparerte verdier)</comment><comment xml:lang="pl">dokument tekstowy (z warto&#x15B;ciami oddzielonymi tabulacjami)</comment><comment xml:lang="pt">documento de texto (com valores separados por tabuladores)</comment><comment xml:lang="pt_BR">Documento texto (com valores separados por tabula&#xE7;&#xE3;o)</comment><comment xml:lang="ru">&#x442;&#x435;&#x43A;&#x441;&#x442;&#x43E;&#x432;&#x44B;&#x439; &#x434;&#x43E;&#x43A;&#x443;&#x43C;&#x435;&#x43D;&#x442; (TAB &#x432; &#x43A;&#x430;&#x447;&#x435;&#x441;&#x442;&#x432;&#x435; &#x440;&#x430;&#x437;&#x434;&#x435;&#x43B;&#x438;&#x442;&#x435;&#x43B;&#x44F;)</comment><comment xml:lang="sq">dokumet teksti (me vlera t&#xEB; ndara me tab)</comment><comment xml:lang="sr">&#x442;&#x435;&#x43A;&#x441;&#x442;&#x443;&#x430;&#x43B;&#x43D;&#x430; &#x434;&#x430;&#x442;&#x43E;&#x442;&#x435;&#x43A;&#x430; (&#x441;&#x430; &#x432;&#x440;&#x435;&#x434;&#x43D;&#x43E;&#x441;&#x442;&#x438;&#x43C;&#x430; &#x440;&#x430;&#x437;&#x434;&#x432;&#x43E;&#x458;&#x435;&#x43D;&#x438;&#x43C; &#x442;&#x430;&#x431;&#x443;&#x43B;&#x430;&#x442;&#x43E;&#x440;&#x438;&#x43C;&#x430;)</comment><comment xml:lang="sv">textdokument (med tabulatorseparerade v&#xE4;rden)</comment><comment xml:lang="uk">&#x442;&#x435;&#x43A;&#x441;&#x442;&#x43E;&#x432;&#x438;&#x439; &#x434;&#x43E;&#x43A;&#x443;&#x43C;&#x435;&#x43D;&#x442; (&#x437;&#x43D;&#x430;&#x447;&#x435;&#x43D;&#x43D;&#x44F; &#x440;&#x43E;&#x437;&#x434;&#x456;&#x43B;&#x435;&#x43D;&#x456; &#x442;&#x430;&#x431;&#x443;&#x43B;&#x44F;&#x446;&#x456;&#x454;&#x44E;)</comment><comment xml:lang="zh_CN">&#x6587;&#x672C;&#x6587;&#x6863;(&#x5E26;&#x5236;&#x8868;&#x7B26;&#x5206;&#x9694;&#x7684;&#x503C;)</comment></mime-type>
