<?xml version="1.0"?>
<mime-type xmlns="http://www.freedesktop.org/standards/shared-mime-info" type="text/vnd.wap.wml"><!--Created automatically by update-mime-database. DO NOT EDIT!--><comment>WML document</comment><comment xml:lang="az">WML s&#x259;n&#x259;di</comment><comment xml:lang="bg">&#x414;&#x43E;&#x43A;&#x443;&#x43C;&#x435;&#x43D;&#x442;, &#x444;&#x43E;&#x440;&#x43C;&#x430;&#x442; WML</comment><comment xml:lang="cs">Dokument WML</comment><comment xml:lang="cy">Dogfen WML</comment><comment xml:lang="de">WML-Dokument</comment><comment xml:lang="el">&#x3AD;&#x3B3;&#x3B3;&#x3C1;&#x3B1;&#x3C6;&#x3BF; WML</comment><comment xml:lang="eo">WML-dokumento</comment><comment xml:lang="es">Documento WML</comment><comment xml:lang="eu">WML dokumentua</comment><comment xml:lang="fi">WML-asiakirja</comment><comment xml:lang="fr">document WML</comment><comment xml:lang="hu">WML-dokumentum</comment><comment xml:lang="it">Documento WML</comment><comment xml:lang="ja">WML &#x30C9;&#x30AD;&#x30E5;&#x30E1;&#x30F3;&#x30C8;</comment><comment xml:lang="ko">WML &#xBB38;&#xC11C;</comment><comment xml:lang="ms">Dokumen XML</comment><comment xml:lang="nb">WML-dokument</comment><comment xml:lang="nl">WML-document</comment><comment xml:lang="nn">WML-dokument</comment><comment xml:lang="no">WML-dokument</comment><comment xml:lang="pl">Dokument WML</comment><comment xml:lang="pt">documento WML</comment><comment xml:lang="pt_BR">Documento WML</comment><comment xml:lang="sq">Dokument WML</comment><comment xml:lang="sr">WML &#x434;&#x43E;&#x43A;&#x443;&#x43C;&#x435;&#x43D;&#x442;</comment><comment xml:lang="sv">WML-dokument</comment><comment xml:lang="uk">&#x414;&#x43E;&#x43A;&#x443;&#x43C;&#x435;&#x43D;&#x442; WML</comment><comment xml:lang="zh_CN">WML &#x6587;&#x6863;</comment></mime-type>
