<?xml version="1.0"?>
<mime-type xmlns="http://www.freedesktop.org/standards/shared-mime-info" type="text/x-authors"><!--Created automatically by update-mime-database. DO NOT EDIT!--><sub-class-of type="text/plain"/><comment>author list</comment><comment xml:lang="bg">&#x421;&#x43F;&#x438;&#x441;&#x44A;&#x43A; &#x43D;&#x430; &#x430;&#x432;&#x442;&#x43E;&#x440;&#x438;&#x442;&#x435;</comment><comment xml:lang="cs">Seznam autor&#x16F;</comment><comment xml:lang="de">Autorenliste</comment><comment xml:lang="el">&#x3BA;&#x3B1;&#x3C4;&#x3AC;&#x3BB;&#x3BF;&#x3B3;&#x3BF;&#x3C2; &#x3C3;&#x3C5;&#x3B3;&#x3B3;&#x3C1;&#x3B1;&#x3C6;&#x3AD;&#x3C9;&#x3BD;</comment><comment xml:lang="eo">listo de a&#x16D;toroj</comment><comment xml:lang="es">lista de autores</comment><comment xml:lang="eu">egile-zerrenda</comment><comment xml:lang="fi">tekij&#xE4;luettelo</comment><comment xml:lang="fr">liste d'auteurs</comment><comment xml:lang="hu">szerz&#x151;lista</comment><comment xml:lang="it">lista autori</comment><comment xml:lang="ja">&#x8457;&#x8005;&#x30EA;&#x30B9;&#x30C8;</comment><comment xml:lang="ko">&#xC800;&#xC790; &#xBAA9;&#xB85D;</comment><comment xml:lang="ms">Senarai penulis</comment><comment xml:lang="nb">forfatterliste</comment><comment xml:lang="nl">auteurslijst</comment><comment xml:lang="nn">forfattarliste</comment><comment xml:lang="no">forfatterliste</comment><comment xml:lang="pl">lista autor&#xF3;w</comment><comment xml:lang="pt">lista de autores</comment><comment xml:lang="pt_BR">Lista de autores</comment><comment xml:lang="sq">lista e autor&#xEB;ve</comment><comment xml:lang="sr">&#x441;&#x43F;&#x438;&#x441;&#x430;&#x43A; &#x430;&#x443;&#x442;&#x43E;&#x440;&#x430;</comment><comment xml:lang="sv">f&#xF6;rfattarlista</comment><comment xml:lang="uk">&#x43F;&#x435;&#x440;&#x435;&#x43B;&#x456;&#x43A; &#x430;&#x432;&#x442;&#x43E;&#x440;&#x456;&#x432;</comment><comment xml:lang="zh_CN">&#x4F5C;&#x8005;&#x5217;&#x8868;</comment></mime-type>
