<?xml version="1.0"?>
<mime-type xmlns="http://www.freedesktop.org/standards/shared-mime-info" type="text/x-bibtex"><!--Created automatically by update-mime-database. DO NOT EDIT!--><sub-class-of type="text/plain"/><comment>Bibtex bibliographic data</comment><comment xml:lang="bg">&#x411;&#x438;&#x431;&#x43B;&#x438;&#x43E;&#x433;&#x440;&#x430;&#x444;&#x441;&#x43A;&#x438; &#x434;&#x430;&#x43D;&#x43D;&#x438;, &#x444;&#x43E;&#x440;&#x43C;&#x430;&#x442; Bibtex</comment><comment xml:lang="cs">Bibliografick&#xE1; data bibtex</comment><comment xml:lang="de">bibliographische Bibitex-Daten</comment><comment xml:lang="el">&#x3B2;&#x3B9;&#x3B2;&#x3BB;&#x3B9;&#x3BF;&#x3B3;&#x3C1;&#x3B1;&#x3C6;&#x3B9;&#x3BA;&#x3AC; &#x3B4;&#x3B5;&#x3B4;&#x3BF;&#x3BC;&#x3AD;&#x3BD;&#x3B1; Bibtex</comment><comment xml:lang="eo">Bibliografia datumo de Bibtex</comment><comment xml:lang="es">Datos bibliogr&#xE1;ficos Bibtex</comment><comment xml:lang="eu">BibTeX datu-bibliografikoa</comment><comment xml:lang="fi">Bibtex-kirjallisuusviittaustiedot</comment><comment xml:lang="fr">donn&#xE9;es bibliographiques Bibtex</comment><comment xml:lang="hu">Bibtex bibliogr&#xE1;fiaadatok</comment><comment xml:lang="it">Dati bibliografici Bibtex</comment><comment xml:lang="ja">Bibtex &#x56F3;&#x66F8;&#x76EE;&#x9332;&#x30C7;&#x30FC;&#x30BF;</comment><comment xml:lang="ko">Bibtex Bibliographic &#xB370;&#xC774;&#xD130;</comment><comment xml:lang="ms">Data Bibtext bibliographic</comment><comment xml:lang="nb">Bibtex bibliografiske data</comment><comment xml:lang="nl">Bibtex-bibliografische gegevens</comment><comment xml:lang="nn">Bibliografiske data (BibTeX)</comment><comment xml:lang="no">Bibtex bibliografiske data</comment><comment xml:lang="pl">Dane bibliograficzne Bibtex</comment><comment xml:lang="pt">dados bibliogr&#xE1;ficos Bibtex</comment><comment xml:lang="pt_BR">Dados bibliogr&#xE1;ficos Bibtex</comment><comment xml:lang="sq">E dh&#xEB;n&#xEB; bibliografike Bibtex</comment><comment xml:lang="sr">&#x411;&#x438;&#x431;&#x43B;&#x438;&#x43E;&#x433;&#x440;&#x430;&#x444;&#x441;&#x43A;&#x438; &#x43F;&#x43E;&#x434;&#x430;&#x446;&#x438; (&#x431;&#x438;&#x431;&#x442;&#x435;&#x445;)</comment><comment xml:lang="sv">Bibliografiska Bibtex-data</comment><comment xml:lang="uk">&#x411;&#x456;&#x431;&#x43B;&#x456;&#x43E;&#x433;&#x440;&#x430;&#x444;&#x456;&#x447;&#x43D;&#x456; &#x434;&#x430;&#x43D;&#x456; Bibtex</comment></mime-type>
