<?xml version="1.0"?>
<mime-type xmlns="http://www.freedesktop.org/standards/shared-mime-info" type="text/x-c++hdr"><!--Created automatically by update-mime-database. DO NOT EDIT!--><sub-class-of type="text/plain"/><comment>C++ source code header</comment><comment xml:lang="bg">&#x417;&#x430;&#x433;&#x43B;&#x430;&#x432;&#x435;&#x43D; &#x444;&#x430;&#x439;&#x43B; &#x43D;&#x430; C++</comment><comment xml:lang="cs">Hlavi&#x10D;ka zdrojov&#xE9;ho k&#xF3;du v C++</comment><comment xml:lang="de">C++-Quelltext-Header</comment><comment xml:lang="el">&#x3BA;&#x3B5;&#x3C6;&#x3B1;&#x3BB;&#x3AF;&#x3B4;&#x3B1; &#x3C0;&#x3B7;&#x3B3;&#x3B1;&#x3AF;&#x3BF;&#x3C5; &#x3BA;&#x3CE;&#x3B4;&#x3B9;&#x3BA;&#x3B1; C++</comment><comment xml:lang="eo">C++-&#x109;apdosiero</comment><comment xml:lang="es">Cabecera de c&#xF3;digo fuente en C++</comment><comment xml:lang="eu">C++ iturburu-kodearen goiburua</comment><comment xml:lang="fi">C++-l&#xE4;hdekoodiotsake</comment><comment xml:lang="fr">en-t&#xEA;te de cose source C++</comment><comment xml:lang="hu">C++-forr&#xE1;sk&#xF3;dfejl&#xE9;c</comment><comment xml:lang="it">Header codice sorgente C++</comment><comment xml:lang="ja">C++ &#x30BD;&#x30FC;&#x30B9;&#x30B3;&#x30FC;&#x30C9;&#x30D8;&#x30C3;&#x30C0;&#x30FC;</comment><comment xml:lang="ko">C++ &#xC18C;&#xC2A4; &#xCF54;&#xB4DC; &#xD5E4;&#xB354;</comment><comment xml:lang="ms">Pengepala kod sumber C++</comment><comment xml:lang="nb">C++-kildekodeheader</comment><comment xml:lang="nl">C++-broncode header</comment><comment xml:lang="nn">C++-kjeldekode-header</comment><comment xml:lang="no">C++-kildekodeheader</comment><comment xml:lang="pl">Plik nag&#x142;&#xF3;wkowy w C++</comment><comment xml:lang="pt">cabe&#xE7;alho de c&#xF3;digo fonte C++</comment><comment xml:lang="pt_BR">Cabe&#xE7;alho de c&#xF3;digo fonte C++</comment><comment xml:lang="sq">Header kod burues C++</comment><comment xml:lang="sr">C++ &#x437;&#x430;&#x433;&#x43B;&#x430;&#x432;&#x459;&#x430; &#x438;&#x437;&#x432;&#x43E;&#x440;&#x43D;&#x43E;&#x433; &#x43A;&#x43E;&#x302;&#x434;&#x430;</comment><comment xml:lang="sv">C++-k&#xE4;llkodshuvud</comment><comment xml:lang="uk">&#x424;&#x430;&#x439;&#x43B; &#x437;&#x430;&#x433;&#x43E;&#x43B;&#x43E;&#x432;&#x43A;&#x443; &#x43C;&#x43E;&#x432;&#x438; C++</comment><comment xml:lang="zh_CN">C++ &#x6E90;&#x4EE3;&#x7801;&#x5934;&#x6587;&#x4EF6;</comment></mime-type>
