<?xml version="1.0"?>
<mime-type xmlns="http://www.freedesktop.org/standards/shared-mime-info" type="text/x-copying"><!--Created automatically by update-mime-database. DO NOT EDIT!--><sub-class-of type="text/plain"/><comment>software license terms</comment><comment xml:lang="az">proqram t&#x259;'minat&#x131;n&#x131; lisenziya qaydalar&#x131;</comment><comment xml:lang="bg">&#x41B;&#x438;&#x446;&#x435;&#x43D;&#x437;&#x43D;&#x438; &#x443;&#x441;&#x43B;&#x43E;&#x432;&#x438;&#x44F; &#x43D;&#x430; &#x441;&#x43E;&#x444;&#x442;&#x443;&#x435;&#x440;&#x430;</comment><comment xml:lang="cs">Podm&#xED;nky licence na software</comment><comment xml:lang="cy">termau trwydded meddalwedd</comment><comment xml:lang="de">Software-Lizenzbedingungen</comment><comment xml:lang="el">&#x3BF;&#x3C1;&#x3BF;&#x3B9; &#x3AC;&#x3B4;&#x3B5;&#x3B9;&#x3B1;&#x3C2; &#x3C7;&#x3C1;&#x3AE;&#x3C3;&#x3B7;&#x3C2; &#x3BB;&#x3BF;&#x3B3;&#x3B9;&#x3C3;&#x3BC;&#x3B9;&#x3BA;&#x3BF;&#x3CD;</comment><comment xml:lang="eo">licencaj kondi&#x109;oj de programo</comment><comment xml:lang="es">t&#xE9;rminos de licencia del software</comment><comment xml:lang="eu">softwarearen lizentziako baldintzak</comment><comment xml:lang="fi">ohjelmiston lisenssiehdot</comment><comment xml:lang="fr">termes de la license du logiciel</comment><comment xml:lang="hu">szoftver felhaszn&#xE1;l&#xE1;si szerz&#x151;d&#xE9;se</comment><comment xml:lang="ja">&#x30BD;&#x30D5;&#x30C8;&#x30A6;&#x30A7;&#x30A2;&#x30E9;&#x30A4;&#x30BB;&#x30F3;&#x30B9;&#x6761;&#x9805;</comment><comment xml:lang="ko">&#xC18C;&#xD504;&#xD2B8;&#xC6E8;&#xC5B4; &#xB77C;&#xC774;&#xC13C;&#xC2A4; &#xC870;&#xD56D;</comment><comment xml:lang="ms">Syarat lesen perisian</comment><comment xml:lang="nb">lisensbestemmelser for programvare</comment><comment xml:lang="nl">software licentievoorwaarden</comment><comment xml:lang="nn">lisensvilk&#xE5;r for programvare</comment><comment xml:lang="no">lisensbestemmelser for programvare</comment><comment xml:lang="pl">warunki licencji programu</comment><comment xml:lang="pt">termos de licen&#xE7;a de aplica&#xE7;&#xE3;o</comment><comment xml:lang="pt_BR">Termos de licen&#xE7;a do software</comment><comment xml:lang="ru">&#x43B;&#x438;&#x446;&#x435;&#x43D;&#x437;&#x438;&#x43E;&#x43D;&#x43D;&#x43E;&#x435; &#x441;&#x43E;&#x433;&#x43B;&#x430;&#x448;&#x435;&#x43D;&#x438;&#x435;</comment><comment xml:lang="sq">kushtet e li&#xE7;enc&#xEB;s s&#xEB; programit</comment><comment xml:lang="sr">&#x43B;&#x438;&#x446;&#x435;&#x43D;&#x446;&#x430; &#x437;&#x430; &#x43F;&#x440;&#x43E;&#x433;&#x440;&#x430;&#x43C;</comment><comment xml:lang="sv">programlicensavtal</comment><comment xml:lang="uk">&#x43B;&#x456;&#x446;&#x435;&#x43D;&#x437;&#x456;&#x439;&#x43D;&#x456; &#x443;&#x43C;&#x43E;&#x432;&#x438; &#x43F;&#x440;&#x43E;&#x433;&#x440;&#x430;&#x43C;&#x438;</comment><comment xml:lang="zh_CN">&#x8F6F;&#x4EF6;&#x8BB8;&#x53EF;&#x6761;&#x6B3E;</comment></mime-type>
