<?xml version="1.0"?>
<mime-type xmlns="http://www.freedesktop.org/standards/shared-mime-info" type="text/x-credits"><!--Created automatically by update-mime-database. DO NOT EDIT!--><sub-class-of type="text/plain"/><comment>software author credits</comment><comment xml:lang="az">proqram m&#xFC;&#x259;llifl&#x259;ri s&#x259;n&#x259;di</comment><comment xml:lang="bg">&#x411;&#x43B;&#x430;&#x433;&#x43E;&#x434;&#x430;&#x440;&#x43D;&#x43E;&#x441;&#x442;&#x438; &#x43A;&#x44A;&#x43C; &#x430;&#x432;&#x442;&#x43E;&#x440;&#x438;&#x442;&#x435; &#x43D;&#x430; &#x441;&#x43E;&#x444;&#x442;&#x443;&#x435;&#x440;&#x430;</comment><comment xml:lang="cs">Informace o autorovi software</comment><comment xml:lang="cy">clodau awduron meddalwedd</comment><comment xml:lang="de">Software-Impressum</comment><comment xml:lang="el">&#x3B1;&#x3BD;&#x3B1;&#x3C6;&#x3BF;&#x3C1;&#x3AC; &#x3C3;&#x3B5; &#x3C3;&#x3C5;&#x3B3;&#x3B3;&#x3C1;&#x3B1;&#x3C6;&#x3AD;&#x3B1; &#x3BB;&#x3BF;&#x3B3;&#x3B9;&#x3C3;&#x3BC;&#x3B9;&#x3BA;&#x3BF;&#x3CD;</comment><comment xml:lang="eo">dankoj al autoroj de programo</comment><comment xml:lang="es">cr&#xE9;ditos a los autores del software</comment><comment xml:lang="eu">software egileen kredituak</comment><comment xml:lang="fi">ohjelmiston tekij&#xE4;luettelo</comment><comment xml:lang="fr">cr&#xE9;dits des auteurs pour le logiciel</comment><comment xml:lang="hu">szoftver szerz&#x151;inek felsorol&#xE1;sa</comment><comment xml:lang="ja">&#x30BD;&#x30D5;&#x30C8;&#x30A6;&#x30A7;&#x30A2;&#x4F5C;&#x8005;&#x30AF;&#x30EC;&#x30B8;&#x30C3;&#x30C8;</comment><comment xml:lang="ko">&#xC18C;&#xD504;&#xD2B8;&#xC6E8;&#xC5B4; &#xC800;&#xC791;&#xC790; &#xD06C;&#xB808;&#xB514;&#xD2B8;</comment><comment xml:lang="ms">Kredit penulis perisian</comment><comment xml:lang="nb">forfatterliste for programvare</comment><comment xml:lang="nl">informatie over auteur</comment><comment xml:lang="nn">forfattarliste for programvare</comment><comment xml:lang="no">forfatterliste for programvare</comment><comment xml:lang="pl">podzi&#x119;kowania autor&#xF3;w programu</comment><comment xml:lang="pt">cr&#xE9;ditos de autor de aplica&#xE7;&#xE3;o</comment><comment xml:lang="pt_BR">Cr&#xE9;ditos do autor do software</comment><comment xml:lang="sq">kredit&#xEB; e autorit t&#xEB; programit</comment><comment xml:lang="sr">&#x437;&#x430;&#x441;&#x43B;&#x443;&#x433;&#x435; &#x430;&#x443;&#x442;&#x43E;&#x440;&#x430; &#x43F;&#x440;&#x43E;&#x433;&#x440;&#x430;&#x43C;&#x430;</comment><comment xml:lang="sv">programf&#xF6;rfattarlista</comment><comment xml:lang="uk">&#x43F;&#x43E;&#x434;&#x44F;&#x43A;&#x438; &#x430;&#x432;&#x442;&#x43E;&#x440;&#x430;&#x43C; &#x43F;&#x440;&#x43E;&#x433;&#x440;&#x430;&#x43C;&#x438;</comment><comment xml:lang="zh_CN">&#x8F6F;&#x4EF6;&#x4F5C;&#x8005;&#x81F4;&#x8C22;</comment></mime-type>
