<?xml version="1.0"?>
<mime-type xmlns="http://www.freedesktop.org/standards/shared-mime-info" type="text/x-csrc"><!--Created automatically by update-mime-database. DO NOT EDIT!--><sub-class-of type="text/plain"/><comment>C source code</comment><comment xml:lang="bg">&#x418;&#x437;&#x445;&#x43E;&#x434;&#x435;&#x43D; &#x43A;&#x43E;&#x434; &#x43D;&#x430; C</comment><comment xml:lang="cs">Zdrojov&#xFD; k&#xF3;d v C</comment><comment xml:lang="de">C-Quelltext</comment><comment xml:lang="el">&#x3C0;&#x3B7;&#x3B3;&#x3B1;&#x3AF;&#x3BF;&#x3C2; &#x3BA;&#x3CE;&#x3B4;&#x3B9;&#x3BA;&#x3B1;&#x3C2; C</comment><comment xml:lang="eo">C-fontkodo</comment><comment xml:lang="es">C&#xF3;digo fuente en C</comment><comment xml:lang="eu">C iturburu-kodea</comment><comment xml:lang="fi">C-l&#xE4;hdekoodi</comment><comment xml:lang="fr">code source C</comment><comment xml:lang="hu">C-forr&#xE1;sk&#xF3;d</comment><comment xml:lang="it">Codice sorgente C</comment><comment xml:lang="ja">C &#x30BD;&#x30FC;&#x30B9;&#x30B3;&#x30FC;&#x30C9;</comment><comment xml:lang="ko">C &#xC18C;&#xC2A4; &#xCF54;&#xB4DC;</comment><comment xml:lang="ms">Kod sumber C</comment><comment xml:lang="nb">C-kildekode</comment><comment xml:lang="nl">C-broncode</comment><comment xml:lang="nn">C-kjeldekode</comment><comment xml:lang="no">C-kildekode</comment><comment xml:lang="pl">Kod &#x17A;r&#xF3;d&#x142;owy w C</comment><comment xml:lang="pt">c&#xF3;digo fonte C</comment><comment xml:lang="pt_BR">C&#xF3;digo fonte C</comment><comment xml:lang="sq">Kod burues C</comment><comment xml:lang="sr">C &#x438;&#x437;&#x432;&#x43E;&#x440;&#x43D;&#x438; &#x43A;&#x43E;&#x302;&#x434;</comment><comment xml:lang="sv">C-k&#xE4;llkod</comment><comment xml:lang="uk">&#x412;&#x438;&#x445;&#x456;&#x434;&#x43D;&#x438;&#x439; &#x43A;&#x43E;&#x434; &#x43D;&#x430; &#x43C;&#x43E;&#x432;&#x456; C</comment><comment xml:lang="zh_CN">C &#x6E90;&#x4EE3;&#x7801;</comment></mime-type>
