<?xml version="1.0"?>
<mime-type xmlns="http://www.freedesktop.org/standards/shared-mime-info" type="text/x-dcl"><!--Created automatically by update-mime-database. DO NOT EDIT!--><sub-class-of type="text/plain"/><comment>DCL script</comment><comment xml:lang="az">DCL skripti</comment><comment xml:lang="bg">&#x421;&#x43A;&#x440;&#x438;&#x43F;&#x442; &#x437;&#x430; &#x43E;&#x431;&#x432;&#x438;&#x432;&#x43A;&#x430;&#x442;&#x430; DCL</comment><comment xml:lang="cs">Skript DCL</comment><comment xml:lang="cy">Sgript DCL</comment><comment xml:lang="de">DCL-Skript</comment><comment xml:lang="el">&#x3C0;&#x3C1;&#x3CC;&#x3B3;&#x3C1;&#x3B1;&#x3BC;&#x3BC;&#x3B1; &#x3B5;&#x3BD;&#x3C4;&#x3BF;&#x3BB;&#x3CE;&#x3BD; DCL</comment><comment xml:lang="eo">DCL-skripto</comment><comment xml:lang="es">Script en DCL</comment><comment xml:lang="eu">DCL script-a</comment><comment xml:lang="fi">DCL-komentotiedosto</comment><comment xml:lang="fr">script DCL</comment><comment xml:lang="hu">DCL-parancsf&#xE1;jl</comment><comment xml:lang="it">Script DCL</comment><comment xml:lang="ja">DCL &#x30B9;&#x30AF;&#x30EA;&#x30D7;&#x30C8;</comment><comment xml:lang="ko">DCL &#xC2A4;&#xD06C;&#xB9BD;&#xD2B8;</comment><comment xml:lang="ms">Skrip DCL</comment><comment xml:lang="nb">DCL-skript</comment><comment xml:lang="nl">DCL-script</comment><comment xml:lang="nn">DCL-skript</comment><comment xml:lang="no">DCL-skript</comment><comment xml:lang="pl">Skrypt DCL</comment><comment xml:lang="pt">'script' DCL</comment><comment xml:lang="pt_BR">Script DCL</comment><comment xml:lang="sq">Script DCL</comment><comment xml:lang="sr">DCL &#x441;&#x43A;&#x440;&#x438;&#x43F;&#x442;&#x430;</comment><comment xml:lang="sv">DCL-skript</comment><comment xml:lang="uk">&#x421;&#x446;&#x435;&#x43D;&#x430;&#x440;&#x456;&#x439; DCL</comment><comment xml:lang="zh_CN">DCL &#x811A;&#x672C;</comment></mime-type>
