<?xml version="1.0"?>
<mime-type xmlns="http://www.freedesktop.org/standards/shared-mime-info" type="text/x-dsl"><!--Created automatically by update-mime-database. DO NOT EDIT!--><comment>DSSSL document</comment><comment xml:lang="az">DSSSL s&#x259;n&#x259;di</comment><comment xml:lang="bg">&#x414;&#x43E;&#x43A;&#x443;&#x43C;&#x435;&#x43D;&#x442;, &#x444;&#x43E;&#x440;&#x43C;&#x430;&#x442; DSSSL</comment><comment xml:lang="cs">Dokument DSSSL</comment><comment xml:lang="cy">Dogfen DSSSL</comment><comment xml:lang="de">DSSSL-Dokument</comment><comment xml:lang="el">&#x3AD;&#x3B3;&#x3B3;&#x3C1;&#x3B1;&#x3C6;&#x3BF; DSSSL</comment><comment xml:lang="eo">DSSSL-dokumento</comment><comment xml:lang="es">Documento DSSSL</comment><comment xml:lang="eu">DSSSL dokumentua</comment><comment xml:lang="fi">DSSSL-asiakirja</comment><comment xml:lang="fr">document DSSSL</comment><comment xml:lang="hu">DSSSL-dokumentum</comment><comment xml:lang="it">Documento DSSSL</comment><comment xml:lang="ja">DSSSL &#x30C9;&#x30AD;&#x30E5;&#x30E1;&#x30F3;&#x30C8;</comment><comment xml:lang="ko">DSSSL &#xBB38;&#xC11C;</comment><comment xml:lang="ms">Dokumen DSSSL</comment><comment xml:lang="nb">DSSSL-dokument</comment><comment xml:lang="nl">DSSSL-document</comment><comment xml:lang="nn">DSSSL-dokument</comment><comment xml:lang="no">DSSSL-dokument</comment><comment xml:lang="pl">Dokument DSSSL</comment><comment xml:lang="pt">documento DSSSL</comment><comment xml:lang="pt_BR">Documento DSSSL</comment><comment xml:lang="sq">Dokument DSSSL</comment><comment xml:lang="sr">DSSSL &#x434;&#x43E;&#x43A;&#x443;&#x43C;&#x435;&#x43D;&#x442;</comment><comment xml:lang="sv">DSSSL-dokument</comment><comment xml:lang="uk">&#x414;&#x43E;&#x43A;&#x443;&#x43C;&#x435;&#x43D;&#x442; DSSSL</comment><comment xml:lang="zh_CN">DSSSL &#x6587;&#x6863;</comment></mime-type>
