<?xml version="1.0"?>
<mime-type xmlns="http://www.freedesktop.org/standards/shared-mime-info" type="text/x-dtd"><!--Created automatically by update-mime-database. DO NOT EDIT!--><sub-class-of type="text/plain"/><comment>document type definition</comment><comment xml:lang="az">s&#x259;n&#x259;d n&#xF6;v&#xFC; t&#x259;'yini</comment><comment xml:lang="bg">&#x41E;&#x43F;&#x438;&#x441;&#x430;&#x43D;&#x438;&#x435; &#x43D;&#x430; &#x442;&#x438;&#x43F; &#x434;&#x43E;&#x43A;&#x443;&#x43C;&#x435;&#x43D;&#x442;</comment><comment xml:lang="cs">Definice typu dokumentu</comment><comment xml:lang="cy">Diffiniad math dogfen</comment><comment xml:lang="de">Dokumenttypenbeschreibung (DTD)</comment><comment xml:lang="el">&#x3BF;&#x3C1;&#x3B9;&#x3C3;&#x3BC;&#x3CC;&#x3C2; &#x3C4;&#x3CD;&#x3C0;&#x3BF;&#x3C5; &#x3B5;&#x3B3;&#x3B3;&#x3C1;&#x3AC;&#x3C6;&#x3BF;&#x3C5;</comment><comment xml:lang="eo">difino de dokumentospeco</comment><comment xml:lang="es">definici&#xF3;n de tipo de documento</comment><comment xml:lang="eu">dokumentu mota definizioa</comment><comment xml:lang="fi">asiakirjatyypin m&#xE4;&#xE4;ritelm&#xE4;</comment><comment xml:lang="fr">d&#xE9;finition des types de document</comment><comment xml:lang="hu">dokumentumt&#xED;pus defin&#xED;ci&#xF3;ja</comment><comment xml:lang="ja">&#x6587;&#x66F8;&#x578B;&#x5B9A;&#x7FA9; (DTD)</comment><comment xml:lang="ko">&#xBB38;&#xC11C; &#xD615;&#xC2DD; &#xC815;&#xC758;</comment><comment xml:lang="ms">Takrifan jenis dokumen</comment><comment xml:lang="nb">dokumenttypdefinisjon</comment><comment xml:lang="nl">documentsoort definitie</comment><comment xml:lang="nn">dokumenttypedefinisjon</comment><comment xml:lang="no">dokumenttypdefinisjon</comment><comment xml:lang="pl">definicja typu dokumentu</comment><comment xml:lang="pt">defini&#xE7;&#xE3;o de tipo de documento (DTD)</comment><comment xml:lang="pt_BR">Defini&#xE7;&#xE3;o do tipo de documento</comment><comment xml:lang="sq">p&#xEB;rcaktimi i llojit t&#xEB; dokumetit</comment><comment xml:lang="sr">&#x434;&#x435;&#x444;&#x438;&#x43D;&#x438;&#x446;&#x438;&#x458;&#x430; &#x442;&#x438;&#x43F;&#x430; &#x434;&#x430;&#x442;&#x43E;&#x442;&#x435;&#x43A;&#x435;</comment><comment xml:lang="sv">dokumenttypdefinition</comment><comment xml:lang="uk">&#x432;&#x438;&#x437;&#x43D;&#x430;&#x447;&#x435;&#x43D;&#x43D;&#x44F; &#x442;&#x438;&#x43F;&#x443; &#x434;&#x43E;&#x43A;&#x443;&#x43C;&#x435;&#x43D;&#x442;&#x443;</comment><comment xml:lang="zh_CN">&#x6587;&#x6863;&#x7C7B;&#x578B;&#x5B9A;&#x4E49;</comment></mime-type>
