<?xml version="1.0"?>
<mime-type xmlns="http://www.freedesktop.org/standards/shared-mime-info" type="text/x-emacs-lisp"><!--Created automatically by update-mime-database. DO NOT EDIT!--><sub-class-of type="text/plain"/><comment>Emacs Lisp source code</comment><comment xml:lang="az">Emacs Lisp m&#x259;nb&#x259; kodu</comment><comment xml:lang="bg">&#x418;&#x437;&#x445;&#x43E;&#x434;&#x435;&#x43D; &#x43A;&#x43E;&#x434; &#x43D;&#x430; Emacs Lisp</comment><comment xml:lang="cs">Zdrojov&#xFD; k&#xF3;d Emacs Lisp</comment><comment xml:lang="cy">Ffynhonnell rhaglen EMACS LISP</comment><comment xml:lang="de">Emacs-Lisp-Quelltext</comment><comment xml:lang="el">&#x3C0;&#x3B7;&#x3B3;&#x3B1;&#x3AF;&#x3BF;&#x3C2; &#x3BA;&#x3CE;&#x3B4;&#x3B9;&#x3BA;&#x3B1;&#x3C2; Emacs Lisp</comment><comment xml:lang="eo">fontkodo en Emacs Lisp</comment><comment xml:lang="es">C&#xF3;digo fuente en Lisp de Emacs</comment><comment xml:lang="eu">Emacs Lisp iturburu-kodea</comment><comment xml:lang="fi">Emacs Lisp -l&#xE4;hdekoodi</comment><comment xml:lang="fr">code source Emacs Lisp</comment><comment xml:lang="hu">Emacs Lisp-forr&#xE1;sk&#xF3;d</comment><comment xml:lang="it">Codice sorgente Emacs Lisp</comment><comment xml:lang="ja">Emacs Lisp &#x30BD;&#x30FC;&#x30B9;&#x30B3;&#x30FC;&#x30C9;</comment><comment xml:lang="ko">Emacs Lisp &#xC18C;&#xC2A4; &#xCF54;&#xB4DC;</comment><comment xml:lang="ms">Kod sumber Emacs Lisp</comment><comment xml:lang="nb">Emacs Lisp-kildekode</comment><comment xml:lang="nl">Emacs Lisp-broncode</comment><comment xml:lang="nn">Emacs Lisp kjeldekode</comment><comment xml:lang="no">Emacs Lisp-kildekode</comment><comment xml:lang="pl">Plik &#x17A;r&#xF3;d&#x142;owy Emacs Lisp</comment><comment xml:lang="pt">c&#xF3;digo fonte Emacs Lisp</comment><comment xml:lang="pt_BR">C&#xF3;digo fonte Lisp do Emacs</comment><comment xml:lang="sq">Kod burues Emacs Lisp</comment><comment xml:lang="sr">&#x415;&#x43C;&#x430;&#x43A;&#x441; &#x41B;&#x438;&#x441;&#x43F; &#x438;&#x437;&#x432;&#x43E;&#x440;&#x43D;&#x438; &#x43A;&#x43E;&#x302;&#x434;</comment><comment xml:lang="sv">Emacs Lisp-k&#xE4;llkod</comment><comment xml:lang="uk">&#x412;&#x438;&#x445;&#x456;&#x434;&#x43D;&#x438;&#x439; &#x43A;&#x43E;&#x434; &#x43D;&#x430; &#x43C;&#x43E;&#x432;&#x456; Emacs Lisp</comment><comment xml:lang="zh_CN">Emacs Lisp &#x6E90;&#x4EE3;&#x7801;</comment></mime-type>
