<?xml version="1.0"?>
<mime-type xmlns="http://www.freedesktop.org/standards/shared-mime-info" type="text/x-gettext-translation"><!--Created automatically by update-mime-database. DO NOT EDIT!--><sub-class-of type="text/plain"/><comment>translated messages</comment><comment xml:lang="bg">&#x41F;&#x440;&#x435;&#x432;&#x435;&#x434;&#x435;&#x43D;&#x43E; &#x441;&#x44A;&#x43E;&#x431;&#x449;&#x435;&#x43D;&#x438;&#x435;</comment><comment xml:lang="cs">P&#x159;elo&#x17E;en&#xE9; zpr&#xE1;vy</comment><comment xml:lang="de">&#xFC;bersetzte Meldungen</comment><comment xml:lang="el">&#x3BC;&#x3B5;&#x3C4;&#x3B1;&#x3C6;&#x3C1;&#x3B1;&#x3C3;&#x3BC;&#x3AD;&#x3BD;&#x3B1; &#x3BC;&#x3B7;&#x3BD;&#x3CD;&#x3BC;&#x3B1;&#x3C4;&#x3B1;</comment><comment xml:lang="eo">tradukitaj mesa&#x11D;oj</comment><comment xml:lang="es">mensajes traducidos</comment><comment xml:lang="eu">itzulitako mezuak</comment><comment xml:lang="fi">k&#xE4;&#xE4;nnettyj&#xE4; viestej&#xE4;</comment><comment xml:lang="fr">message traduits</comment><comment xml:lang="hu">leford&#xED;tott &#xFC;zenetek</comment><comment xml:lang="it">messaggi tradotti</comment><comment xml:lang="ja">&#x7FFB;&#x8A33;&#x30E1;&#x30C3;&#x30BB;&#x30FC;&#x30B8;</comment><comment xml:lang="ko">&#xBC88;&#xC5ED; &#xBA54;&#xC138;&#xC9C0;</comment><comment xml:lang="ms">Mesej diterjemah</comment><comment xml:lang="nb">oversatte meldinger</comment><comment xml:lang="nl">vertaalde berichten</comment><comment xml:lang="nn">omsette meldingar</comment><comment xml:lang="no">oversatte meldinger</comment><comment xml:lang="pl">przet&#x142;umaczone komunikaty</comment><comment xml:lang="pt">mensagens traduzidas</comment><comment xml:lang="pt_BR">Mensagens traduzidas</comment><comment xml:lang="ru">&#x43F;&#x435;&#x440;&#x435;&#x432;&#x43E;&#x434;&#x44B; &#x441;&#x43E;&#x43E;&#x431;&#x449;&#x435;&#x43D;&#x438;&#x439;</comment><comment xml:lang="sq">mesazhe t&#xEB; p&#xEB;rkthyer</comment><comment xml:lang="sr">&#x43F;&#x440;&#x435;&#x432;&#x435;&#x434;&#x435;&#x43D;&#x435; &#x43F;&#x43E;&#x440;&#x443;&#x43A;&#x435;</comment><comment xml:lang="sv">&#xF6;versatta meddelanden</comment><comment xml:lang="uk">&#x43F;&#x435;&#x440;&#x435;&#x43A;&#x43B;&#x430;&#x434;&#x435;&#x43D;&#x456; &#x43F;&#x43E;&#x432;&#x456;&#x434;&#x43E;&#x43C;&#x43B;&#x435;&#x43D;&#x43D;&#x44F;</comment><comment xml:lang="zh_CN">&#x7FFB;&#x8BD1;&#x7684;&#x6D88;&#x606F;</comment></mime-type>
