<?xml version="1.0"?>
<mime-type xmlns="http://www.freedesktop.org/standards/shared-mime-info" type="text/x-gettext-translation-template"><!--Created automatically by update-mime-database. DO NOT EDIT!--><sub-class-of type="text/plain"/><comment>message translation template</comment><comment xml:lang="bg">&#x428;&#x430;&#x431;&#x43B;&#x43E;&#x43D; &#x437;&#x430; &#x43F;&#x440;&#x435;&#x432;&#x43E;&#x434; &#x43D;&#x430; &#x441;&#x44A;&#x43E;&#x431;&#x449;&#x435;&#x43D;&#x438;&#x44F;</comment><comment xml:lang="cs">&#x160;ablona p&#x159;ekladu zpr&#xE1;v</comment><comment xml:lang="de">Vorlage zur Nachrichten&#xFC;bersetzung</comment><comment xml:lang="el">&#x3C0;&#x3C1;&#x3CC;&#x3C4;&#x3C5;&#x3C0;&#x3BF; &#x3BC;&#x3B5;&#x3C4;&#x3AC;&#x3C6;&#x3C1;&#x3B1;&#x3C3;&#x3B7;&#x3C2; &#x3BC;&#x3B7;&#x3BD;&#x3C5;&#x3BC;&#x3AC;&#x3C4;&#x3C9;&#x3BD;</comment><comment xml:lang="eo">traduk&#x15D;ablono de mesa&#x11D;oj</comment><comment xml:lang="es">plantilla de traducci&#xF3;n de mensajes</comment><comment xml:lang="eu">mezu-itzulpenen txantiloia</comment><comment xml:lang="fi">viestien k&#xE4;&#xE4;nn&#xF6;smalli</comment><comment xml:lang="fr">patron de traduction de message</comment><comment xml:lang="hu">&#xFC;zenetford&#xED;t&#xE1;s-sablon</comment><comment xml:lang="ja">&#x30E1;&#x30C3;&#x30BB;&#x30FC;&#x30B8;&#x7FFB;&#x8A33;&#x30C6;&#x30F3;&#x30D7;&#x30EC;&#x30FC;&#x30C8;</comment><comment xml:lang="ko">&#xBA54;&#xC138;&#xC9C0; &#xBC88;&#xC5ED;&#xD2C0;</comment><comment xml:lang="ms">Templat terjemahan mesej</comment><comment xml:lang="nb">mal for oversetting av melding</comment><comment xml:lang="nl">berichtenvertalingssjabloon</comment><comment xml:lang="nn">meldingsoversetjingsmal</comment><comment xml:lang="pl">szablon t&#x142;umaczenia wiadomo&#x15B;ci</comment><comment xml:lang="pt">modelo de tradu&#xE7;&#xE3;o de mensagens</comment><comment xml:lang="pt_BR">Modelo de tradu&#xE7;&#xE3;o de mensagens</comment><comment xml:lang="ru">&#x448;&#x430;&#x431;&#x43B;&#x43E;&#x43D; &#x43F;&#x435;&#x440;&#x435;&#x432;&#x43E;&#x434;&#x43E;&#x432; &#x441;&#x43E;&#x43E;&#x431;&#x449;&#x435;&#x43D;&#x438;&#x439;</comment><comment xml:lang="sq">template me mesazhe p&#xEB;rkthimi</comment><comment xml:lang="sr">&#x448;&#x430;&#x431;&#x43B;&#x43E;&#x43D; &#x437;&#x430; &#x43F;&#x440;&#x435;&#x432;&#x43E;&#x434; &#x43F;&#x43E;&#x440;&#x443;&#x43A;&#x430;</comment><comment xml:lang="sv">meddelande&#xF6;vers&#xE4;ttningsmall</comment><comment xml:lang="uk">&#x448;&#x430;&#x431;&#x43B;&#x43E;&#x43D; &#x43F;&#x435;&#x440;&#x435;&#x442;&#x432;&#x43E;&#x440;&#x435;&#x43D;&#x43D;&#x44F; &#x43F;&#x43E;&#x432;&#x456;&#x434;&#x43E;&#x43C;&#x43B;&#x435;&#x43D;&#x43D;&#x44F;</comment><comment xml:lang="zh_CN">&#x6D88;&#x606F;&#x7FFB;&#x8BD1;&#x6A21;&#x677F;</comment></mime-type>
