<?xml version="1.0"?>
<mime-type xmlns="http://www.freedesktop.org/standards/shared-mime-info" type="text/x-gtkrc"><!--Created automatically by update-mime-database. DO NOT EDIT!--><sub-class-of type="text/plain"/><comment>GTK configuration</comment><comment xml:lang="az">GTK qur&#x11F;usu</comment><comment xml:lang="bg">&#x41D;&#x430;&#x441;&#x442;&#x440;&#x43E;&#x439;&#x43A;&#x438; &#x437;&#x430; GTK</comment><comment xml:lang="cs">Nastaven&#xED; GTK</comment><comment xml:lang="cy">Ffurfosodiad GTK</comment><comment xml:lang="de">GTK-Konfiguration</comment><comment xml:lang="el">&#x3C1;&#x3C5;&#x3B8;&#x3BC;&#x3AF;&#x3C3;&#x3B5;&#x3B9;&#x3C2; GTK</comment><comment xml:lang="eo">GTK-agordoj</comment><comment xml:lang="es">Configuraci&#xF3;n de GTK</comment><comment xml:lang="eu">GTK konfigurazioa</comment><comment xml:lang="fi">GTK-asetukset</comment><comment xml:lang="fr">configuration GTK</comment><comment xml:lang="hu">GTK-be&#xE1;ll&#xED;t&#xE1;sok</comment><comment xml:lang="it">Configurazione GTK</comment><comment xml:lang="ja">GTK &#x8A2D;&#x5B9A;</comment><comment xml:lang="ko">GTK &#xC124;&#xC815;</comment><comment xml:lang="ms">Konfigurasi  GTK</comment><comment xml:lang="nb">GTK-konfigurasjon</comment><comment xml:lang="nl">GTK-configuratie</comment><comment xml:lang="nn">GTK-oppsett</comment><comment xml:lang="no">GTK-konfigurasjon</comment><comment xml:lang="pl">Konfiguracja GTK</comment><comment xml:lang="pt">configura&#xE7;&#xE3;o GTK</comment><comment xml:lang="pt_BR">Configura&#xE7;&#xE3;o do GTK</comment><comment xml:lang="sq">Konfigurimi GTK</comment><comment xml:lang="sr">&#x413;&#x442;&#x43A; &#x43F;&#x43E;&#x434;&#x435;&#x448;&#x430;&#x432;&#x430;&#x45A;&#x430;</comment><comment xml:lang="sv">GTK-konfiguration</comment><comment xml:lang="uk">&#x41A;&#x43E;&#x43D;&#x444;&#x456;&#x433;&#x443;&#x440;&#x430;&#x446;&#x456;&#x44F; GTK</comment><comment xml:lang="zh_CN">GTK &#x914D;&#x7F6E;</comment></mime-type>
