<?xml version="1.0"?>
<mime-type xmlns="http://www.freedesktop.org/standards/shared-mime-info" type="text/x-idl"><!--Created automatically by update-mime-database. DO NOT EDIT!--><sub-class-of type="text/plain"/><comment>IDL document</comment><comment xml:lang="az">IDL s&#x259;n&#x259;di</comment><comment xml:lang="bg">&#x414;&#x43E;&#x43A;&#x443;&#x43C;&#x435;&#x43D;&#x442;, &#x444;&#x43E;&#x440;&#x43C;&#x430;&#x442; IDL</comment><comment xml:lang="cs">Dokument IDL</comment><comment xml:lang="cy">Dogfen IDL</comment><comment xml:lang="de">IDL-Dokument</comment><comment xml:lang="el">&#x3AD;&#x3B3;&#x3B3;&#x3C1;&#x3B1;&#x3C6;&#x3BF; IDL</comment><comment xml:lang="eo">IDL-dokumento</comment><comment xml:lang="es">Documento IDL</comment><comment xml:lang="eu">IDL dokumentua</comment><comment xml:lang="fi">IDL-asiakirja</comment><comment xml:lang="fr">document IDL</comment><comment xml:lang="hu">IDL-dokumentum</comment><comment xml:lang="it">Documento IDL</comment><comment xml:lang="ja">IDL &#x30C9;&#x30AD;&#x30E5;&#x30E1;&#x30F3;&#x30C8;</comment><comment xml:lang="ko">IDL &#xBB38;&#xC11C;</comment><comment xml:lang="ms">Dokumen IDL</comment><comment xml:lang="nb">IDL-dokument</comment><comment xml:lang="nl">IDL-document</comment><comment xml:lang="nn">IDL-dokument</comment><comment xml:lang="no">IDL-dokument</comment><comment xml:lang="pl">Dokument IDL</comment><comment xml:lang="pt">documento IDL</comment><comment xml:lang="pt_BR">Documento IDL</comment><comment xml:lang="ru">&#x434;&#x43E;&#x43A;&#x443;&#x43C;&#x435;&#x43D;&#x442; IDL</comment><comment xml:lang="sq">Dokument IDL</comment><comment xml:lang="sr">IDL &#x434;&#x43E;&#x43A;&#x443;&#x43C;&#x435;&#x43D;&#x442;</comment><comment xml:lang="sv">IDL-dokument</comment><comment xml:lang="uk">&#x414;&#x43E;&#x43A;&#x443;&#x43C;&#x435;&#x43D;&#x442; IDL</comment><comment xml:lang="zh_CN">IDL &#x6587;&#x6863;</comment></mime-type>
