<?xml version="1.0"?>
<mime-type xmlns="http://www.freedesktop.org/standards/shared-mime-info" type="text/x-install"><!--Created automatically by update-mime-database. DO NOT EDIT!--><sub-class-of type="text/plain"/><comment>software installation instructions</comment><comment xml:lang="az">proqram t&#x259;'minat&#x131;n&#x131; qurma t&#x259;'limatlar&#x131;</comment><comment xml:lang="bg">&#x418;&#x43D;&#x441;&#x442;&#x440;&#x443;&#x43A;&#x446;&#x438;&#x438; &#x437;&#x430; &#x438;&#x43D;&#x441;&#x442;&#x430;&#x43B;&#x430;&#x446;&#x438;&#x44F; &#x43D;&#x430; &#x441;&#x43E;&#x444;&#x442;&#x443;&#x435;&#x440;</comment><comment xml:lang="cs">N&#xE1;vod k instalaci software</comment><comment xml:lang="cy">cyfarwyddiadau gosod meddalwedd</comment><comment xml:lang="de">Software-Installationsanleitung</comment><comment xml:lang="el">&#x3BF;&#x3B4;&#x3B7;&#x3B3;&#x3AF;&#x3B5;&#x3C2; &#x3B5;&#x3B3;&#x3BA;&#x3B1;&#x3C4;&#x3AC;&#x3C3;&#x3C4;&#x3B1;&#x3C3;&#x3B7;&#x3C2; &#x3BB;&#x3BF;&#x3B3;&#x3B9;&#x3C3;&#x3BC;&#x3B9;&#x3BA;&#x3BF;&#x3CD;</comment><comment xml:lang="eo">instrukcioj pri instalado de programo</comment><comment xml:lang="es">instrucciones de instalaci&#xF3;n del software</comment><comment xml:lang="eu">softwarea instalatzeko instrukzioak</comment><comment xml:lang="fi">ohjelmiston asennusohjeet</comment><comment xml:lang="fr">instructions d'installation du logiciel</comment><comment xml:lang="hu">szoftvertelep&#xED;t&#xE9;si le&#xED;r&#xE1;s</comment><comment xml:lang="ja">&#x30BD;&#x30D5;&#x30C8;&#x30A6;&#x30A7;&#x30A2;&#x30A4;&#x30F3;&#x30B9;&#x30C8;&#x30FC;&#x30EB;&#x8AAC;&#x660E;</comment><comment xml:lang="ko">&#xC18C;&#xD504;&#xD2B8;&#xC6E8;&#xC5B4; &#xC124;&#xCE58; &#xBC29;&#xBC95;</comment><comment xml:lang="ms">Arahan pemasangan perisian</comment><comment xml:lang="nb">installationsinstruksjoner for programvare</comment><comment xml:lang="nl">software installatie-instructies</comment><comment xml:lang="nn">rettleiing i installering av programvare</comment><comment xml:lang="no">installationsinstruksjoner for programvare</comment><comment xml:lang="pl">instrukcje instalacji programu</comment><comment xml:lang="pt">instru&#xE7;&#xF5;es de instala&#xE7;&#xE3;o de aplica&#xE7;&#xE3;o</comment><comment xml:lang="pt_BR">Instru&#xE7;&#xF5;es de instala&#xE7;&#xE3;o do software</comment><comment xml:lang="ru">&#x438;&#x43D;&#x441;&#x442;&#x440;&#x443;&#x43A;&#x446;&#x438;&#x438; &#x43F;&#x43E; &#x443;&#x441;&#x442;&#x430;&#x43D;&#x43E;&#x432;&#x43A;&#x435; &#x43F;&#x440;&#x43E;&#x433;&#x440;&#x430;&#x43C;&#x43C;&#x44B;</comment><comment xml:lang="sq">udh&#xEB;zime mbi instalimin e programit</comment><comment xml:lang="sr">&#x443;&#x43F;&#x443;&#x442;&#x441;&#x442;&#x432;&#x43E; &#x437;&#x430; &#x438;&#x43D;&#x441;&#x442;&#x430;&#x43B;&#x430;&#x446;&#x438;&#x458;&#x443; &#x43F;&#x440;&#x43E;&#x433;&#x440;&#x430;&#x43C;&#x430;</comment><comment xml:lang="sv">programinstallationsinstruktioner</comment><comment xml:lang="uk">&#x456;&#x43D;&#x441;&#x442;&#x440;&#x443;&#x43A;&#x446;&#x456;&#x457; &#x437; &#x432;&#x441;&#x442;&#x430;&#x43D;&#x43E;&#x432;&#x43B;&#x435;&#x43D;&#x43D;&#x44F; &#x43F;&#x440;&#x43E;&#x433;&#x440;&#x430;&#x43C;&#x438;</comment><comment xml:lang="zh_CN">&#x8F6F;&#x4EF6;&#x5B89;&#x88C5;&#x6307;&#x5357;</comment></mime-type>
