<?xml version="1.0"?>
<mime-type xmlns="http://www.freedesktop.org/standards/shared-mime-info" type="text/x-literate-haskell"><!--Created automatically by update-mime-database. DO NOT EDIT!--><sub-class-of type="text/plain"/><comment>Literate haskell source code</comment><comment xml:lang="az">Literate haskell m&#x259;nb&#x259; kodu</comment><comment xml:lang="bg">&#x418;&#x437;&#x445;&#x43E;&#x434;&#x435;&#x43D; &#x43A;&#x43E;&#x434; &#x43D;&#x430; Literate haskell</comment><comment xml:lang="cs">Zdrojov&#xFD; k&#xF3;d Literate haskell</comment><comment xml:lang="cy">Ffynhonnell Haskell llenyddol</comment><comment xml:lang="de">Literate Haskell-Quelltext</comment><comment xml:lang="el">&#x3C0;&#x3B7;&#x3B3;&#x3B1;&#x3AF;&#x3BF;&#x3C2; &#x3BA;&#x3CE;&#x3B4;&#x3B9;&#x3BA;&#x3B1;&#x3C2; Literate haskell</comment><comment xml:lang="eo">La&#x16D;litera haskell-fontkodo</comment><comment xml:lang="es">C&#xF3;digo fuente en haskell comentado</comment><comment xml:lang="eu">Literate haskell iturburu-kodea</comment><comment xml:lang="fi">Literate haskell -l&#xE4;hdekoodi</comment><comment xml:lang="fr">code source Literate haskell</comment><comment xml:lang="hu">Liter&#xE1;lis haskell-forr&#xE1;sk&#xF3;d</comment><comment xml:lang="it">Codice sorgente literate haskell</comment><comment xml:lang="ko">Literate haskell &#xC18C;&#xC2A4; &#xCF54;&#xB4DC;</comment><comment xml:lang="ms">Kod sumber haskell literate </comment><comment xml:lang="nb">Literate haskell-kildekode</comment><comment xml:lang="nl">Ingebedde Haskell-broncode</comment><comment xml:lang="nn">Literate haskell-kjeldekode</comment><comment xml:lang="no">Literate haskell-kildekode</comment><comment xml:lang="pl">Kod &#x17A;r&#xF3;d&#x142;owy w formie opisowej Haskella</comment><comment xml:lang="pt">c&#xF3;digo fonte haskell literado</comment><comment xml:lang="pt_BR">C&#xF3;digo fonte haskell literal</comment><comment xml:lang="sq">Kod burues Literate haskell</comment><comment xml:lang="sr">Literate haskell &#x438;&#x437;&#x432;&#x43E;&#x440;&#x43D;&#x438; &#x43A;&#x43E;&#x302;&#x434;</comment><comment xml:lang="sv">Literate Haskell-k&#xE4;llkod</comment><comment xml:lang="uk">&#x41F;&#x438;&#x441;&#x44C;&#x43C;&#x435;&#x43D;&#x43D;&#x438;&#x439; &#x432;&#x438;&#x445;&#x456;&#x434;&#x43D;&#x438;&#x439; &#x43A;&#x43E;&#x434; &#x43D;&#x430; &#x43C;&#x43E;&#x432;&#x456; haskell</comment><comment xml:lang="zh_CN">Literate haskell &#x6E90;&#x4EE3;&#x7801;</comment></mime-type>
