<?xml version="1.0"?>
<mime-type xmlns="http://www.freedesktop.org/standards/shared-mime-info" type="text/x-log"><!--Created automatically by update-mime-database. DO NOT EDIT!--><sub-class-of type="text/plain"/><comment>application log</comment><comment xml:lang="bg">&#x416;&#x443;&#x440;&#x43D;&#x430;&#x43B;&#x435;&#x43D; &#x444;&#x430;&#x439;&#x43B; &#x43D;&#x430; &#x43F;&#x440;&#x438;&#x43B;&#x43E;&#x436;&#x435;&#x43D;&#x438;&#x435;</comment><comment xml:lang="cs">Z&#xE1;znam aplikace</comment><comment xml:lang="de">Anwendungsprotokoll</comment><comment xml:lang="el">&#x3B7;&#x3BC;&#x3B5;&#x3C1;&#x3BF;&#x3BB;&#x3CC;&#x3B3;&#x3B9;&#x3BF; &#x3C3;&#x3C5;&#x3BC;&#x3B2;&#x3AC;&#x3BD;&#x3C4;&#x3C9;&#x3BD; &#x3B5;&#x3C6;&#x3B1;&#x3C1;&#x3BC;&#x3BF;&#x3B3;&#x3AE;&#x3C2;</comment><comment xml:lang="eo">protokolo de aplika&#x135;o</comment><comment xml:lang="es">registro de aplicaci&#xF3;n</comment><comment xml:lang="eu">aplikazio egunkaria</comment><comment xml:lang="fi">sovelluksen lokitiedosto</comment><comment xml:lang="fr">fichier journal de l'application</comment><comment xml:lang="hu">alkalmaz&#xE1;s napl&#xF3;ja</comment><comment xml:lang="ja">&#x30A2;&#x30D7;&#x30EA;&#x30B1;&#x30FC;&#x30B7;&#x30E7;&#x30F3;&#x30ED;&#x30B0;</comment><comment xml:lang="ko">&#xD504;&#xB85C;&#xADF8;&#xB7A8; &#xAE30;&#xB85D;</comment><comment xml:lang="ms">Log aplikasi</comment><comment xml:lang="nb">applikasjonslogg</comment><comment xml:lang="nl">toepassingslog</comment><comment xml:lang="nn">programlogg</comment><comment xml:lang="no">applikasjonslogg</comment><comment xml:lang="pl">dziennik aplikacji</comment><comment xml:lang="pt">registo de aplica&#xE7;&#xE3;o</comment><comment xml:lang="pt_BR">Log de aplica&#xE7;&#xE3;o</comment><comment xml:lang="sq">log i mesazheve t&#xEB; programit</comment><comment xml:lang="sr">&#x434;&#x43D;&#x435;&#x432;&#x43D;&#x438;&#x43A; &#x43F;&#x440;&#x43E;&#x433;&#x440;&#x430;&#x43C;&#x430;</comment><comment xml:lang="sv">programlogg</comment><comment xml:lang="uk">&#x436;&#x443;&#x440;&#x43D;&#x430;&#x43B; &#x43F;&#x440;&#x43E;&#x433;&#x440;&#x430;&#x43C;&#x438;</comment><comment xml:lang="zh_CN">&#x5E94;&#x7528;&#x7A0B;&#x5E8F;&#x65E5;&#x5FD7;</comment></mime-type>
