<?xml version="1.0"?>
<mime-type xmlns="http://www.freedesktop.org/standards/shared-mime-info" type="text/x-makefile"><!--Created automatically by update-mime-database. DO NOT EDIT!--><sub-class-of type="text/plain"/><comment>Makefile</comment><comment xml:lang="az">&#x130;n&#x15F;a fayl&#x131;</comment><comment xml:lang="bg">&#x424;&#x430;&#x439;&#x43B;, &#x444;&#x43E;&#x440;&#x43C;&#x430;&#x442; make</comment><comment xml:lang="cs">Makefile</comment><comment xml:lang="cy">Ffeil "make"</comment><comment xml:lang="de">Makefile</comment><comment xml:lang="el">Makefile</comment><comment xml:lang="eo">Muntodosiero</comment><comment xml:lang="es">Makefile</comment><comment xml:lang="eu">Makefile</comment><comment xml:lang="fi">Makefile</comment><comment xml:lang="fr">makefile</comment><comment xml:lang="hu">Makefile</comment><comment xml:lang="it">Makefile</comment><comment xml:lang="ja">Makefile</comment><comment xml:lang="ko">Makefile</comment><comment xml:lang="ms">Makefile</comment><comment xml:lang="nb">Makefile</comment><comment xml:lang="nl">Makefile</comment><comment xml:lang="nn">Makefile</comment><comment xml:lang="no">Makefile</comment><comment xml:lang="pl">Plik steruj&#x105;cy dla make</comment><comment xml:lang="pt">Makefile</comment><comment xml:lang="pt_BR">Makefile (arquivo do make)</comment><comment xml:lang="sq">Makefile</comment><comment xml:lang="sr">&#x41F;&#x440;&#x43E;&#x438;&#x437;&#x432;&#x43E;&#x434;&#x43D;&#x430; &#x434;&#x430;&#x442;&#x43E;&#x442;&#x435;&#x43A;&#x430;</comment><comment xml:lang="sv">Makefil</comment><comment xml:lang="uk">&#x424;&#x430;&#x439;&#x43B; &#x43F;&#x440;&#x43E;&#x435;&#x43A;&#x442;&#x443; make</comment><comment xml:lang="zh_CN">Makefile</comment></mime-type>
