<?xml version="1.0"?>
<mime-type xmlns="http://www.freedesktop.org/standards/shared-mime-info" type="text/x-moc"><!--Created automatically by update-mime-database. DO NOT EDIT!--><sub-class-of type="text/plain"/><comment>Qt Meta Object file</comment><comment xml:lang="bg">&#x424;&#x430;&#x439;&#x43B;, &#x444;&#x43E;&#x440;&#x43C;&#x430;&#x442; Qt&#xB7;Meta&#xB7;Object</comment><comment xml:lang="cs">Soubor metaobjektu Qt</comment><comment xml:lang="de">QT-Meta-Objektdatei</comment><comment xml:lang="el">&#x3B1;&#x3C1;&#x3C7;&#x3B5;&#x3AF;&#x3BF; &#x3BC;&#x3B5;&#x3C4;&#x3B1;-&#x3B1;&#x3BD;&#x3C4;&#x3B9;&#x3BA;&#x3B5;&#x3B9;&#x3BC;&#x3AD;&#x3BD;&#x3C9;&#x3BD; Qt</comment><comment xml:lang="eo">Metaobjekto-dosiero de Qt</comment><comment xml:lang="es">Fichero Qt Meta Object</comment><comment xml:lang="eu">Qt meta-objektuen fitxategia</comment><comment xml:lang="fi">Qt Meta Object -tiedosto</comment><comment xml:lang="fr">fichier objet Qt Meta</comment><comment xml:lang="hu">Qt Meta Object-f&#xE1;jl</comment><comment xml:lang="ja">Qt &#x30E1;&#x30BF;&#x30AA;&#x30D6;&#x30B8;&#x30A7;&#x30AF;&#x30C8;&#x30D5;&#x30A1;&#x30A4;&#x30EB;</comment><comment xml:lang="ko">Qt &#xBA54;&#xD0C0; &#xAC1C;&#xCCB4; &#xD30C;&#xC77C;</comment><comment xml:lang="ms">Fail Object Meta Qt</comment><comment xml:lang="nb">Qt metaobjektfil</comment><comment xml:lang="nl">Qt Meta Object-bestand</comment><comment xml:lang="nn">Qt Meta Object-fil</comment><comment xml:lang="no">Qt metaobjektfil</comment><comment xml:lang="pl">Plik meta obiektu Qt</comment><comment xml:lang="pt">ficheiro de Meta Objecto Qt</comment><comment xml:lang="pt_BR">Arquivo Qt Meta Object</comment><comment xml:lang="sq">File Qt Meta Object</comment><comment xml:lang="sr">Qt Meta Object &#x434;&#x430;&#x442;&#x43E;&#x442;&#x435;&#x43A;&#x430;</comment><comment xml:lang="sv">Qt Meta Object-fil</comment><comment xml:lang="uk">&#x424;&#x430;&#x439;&#x43B; &#x43C;&#x435;&#x442;&#x430;-&#x43E;&#x431;'&#x454;&#x43A;&#x442; Qt</comment><comment xml:lang="zh_CN">Qt &#x5143;&#x5BF9;&#x8C61;&#x6587;&#x4EF6;</comment></mime-type>
