<?xml version="1.0"?>
<mime-type xmlns="http://www.freedesktop.org/standards/shared-mime-info" type="text/x-objcsrc"><!--Created automatically by update-mime-database. DO NOT EDIT!--><sub-class-of type="text/plain"/><comment>Objective-C source code</comment><comment xml:lang="bg">&#x418;&#x437;&#x445;&#x43E;&#x434;&#x435;&#x43D; &#x43A;&#x43E;&#x434; &#x43D;&#x430; Objective C</comment><comment xml:lang="cs">Zdrojov&#xFD; k&#xF3;d v Objective-C</comment><comment xml:lang="de">Objective-C-Quelltext</comment><comment xml:lang="el">&#x3C0;&#x3B7;&#x3B3;&#x3B1;&#x3AF;&#x3BF;&#x3C2; &#x3BA;&#x3CE;&#x3B4;&#x3B9;&#x3BA;&#x3B1;&#x3C2; Objective-C</comment><comment xml:lang="eo">fontkodo en Objective-C</comment><comment xml:lang="es">C&#xF3;digo fuente en Objective-C</comment><comment xml:lang="eu">Objective-C iturburu-kodea</comment><comment xml:lang="fi">Objective-C-l&#xE4;hdekoodi</comment><comment xml:lang="fr">code source Objective-C</comment><comment xml:lang="hu">Objective-C forr&#xE1;sk&#xF3;d</comment><comment xml:lang="it">Codice sorgente Objective-C</comment><comment xml:lang="ja">Objective-C &#x30BD;&#x30FC;&#x30B9;&#x30B3;&#x30FC;&#x30C9;</comment><comment xml:lang="ko">Objective-C &#xC18C;&#xC2A4; &#xCF54;&#xB4DC;</comment><comment xml:lang="ms">Kod sumber Objective-C</comment><comment xml:lang="nb">Objective-C-kildekode</comment><comment xml:lang="nl">Objective-C-broncode</comment><comment xml:lang="nn">Objective-C-kjeldekode</comment><comment xml:lang="no">Objective-C-kildekode</comment><comment xml:lang="pl">Kod &#x17A;r&#xF3;d&#x142;owy w Obiektowym C</comment><comment xml:lang="pt">c&#xF3;digo fonte Objective-C</comment><comment xml:lang="pt_BR">C&#xF3;digo fonte Objective-C</comment><comment xml:lang="sq">Kod burues C objekt</comment><comment xml:lang="sr">&#x41E;&#x431;&#x458;&#x435;&#x43A;&#x442;&#x43D;&#x438;-C &#x438;&#x437;&#x432;&#x43E;&#x440;&#x43D;&#x438; &#x43A;&#x43E;&#x302;&#x434;</comment><comment xml:lang="sv">Objective-C-k&#xE4;llkod</comment><comment xml:lang="uk">&#x412;&#x438;&#x445;&#x456;&#x434;&#x43D;&#x438;&#x439; &#x43A;&#x43E;&#x434; &#x43D;&#x430; &#x43C;&#x43E;&#x432;&#x456; Objective-C</comment><comment xml:lang="zh_CN">Objective-C &#x6E90;&#x4EE3;&#x7801;</comment></mime-type>
