<?xml version="1.0"?>
<mime-type xmlns="http://www.freedesktop.org/standards/shared-mime-info" type="text/x-patch"><!--Created automatically by update-mime-database. DO NOT EDIT!--><sub-class-of type="text/plain"/><comment>differences between files</comment><comment xml:lang="bg">&#x420;&#x430;&#x437;&#x43B;&#x438;&#x43A;&#x438; &#x43C;&#x435;&#x436;&#x434;&#x443; &#x444;&#x430;&#x439;&#x43B;&#x43E;&#x432;&#x435;</comment><comment xml:lang="cs">Rozd&#xED;ly mezi soubory</comment><comment xml:lang="de">Unterschied zwischen Dateien</comment><comment xml:lang="el">&#x3B4;&#x3B9;&#x3B1;&#x3C6;&#x3BF;&#x3C1;&#x3AD;&#x3C2; &#x3BC;&#x3B5;&#x3C4;&#x3B1;&#x3BE;&#x3CD; &#x3B1;&#x3C1;&#x3C7;&#x3B5;&#x3AF;&#x3C9;&#x3BD;</comment><comment xml:lang="eo">diferencoj inter dosieroj</comment><comment xml:lang="es">diferencias entre ficheros</comment><comment xml:lang="eu">fitxategien arteko ezberdintasunak</comment><comment xml:lang="fi">tiedostojen v&#xE4;liset erot</comment><comment xml:lang="fr">diff&#xE9;rences entre fichiers</comment><comment xml:lang="hu">diff-k&#xFC;l&#xF6;nbs&#xE9;gf&#xE1;jl</comment><comment xml:lang="ja">&#x30D5;&#x30A1;&#x30A4;&#x30EB;&#x9593;&#x5DEE;&#x5206;</comment><comment xml:lang="ko">&#xD30C;&#xC77C;&#xC0AC;&#xC774;&#xC758; &#xBC14;&#xB010;&#xC810;</comment><comment xml:lang="ms">Perbezaan antara fail</comment><comment xml:lang="nb">forskjeller mellom filer</comment><comment xml:lang="nl">verschillen tussen bestanden</comment><comment xml:lang="nn">skilnader mellom filer</comment><comment xml:lang="no">forskjeller mellom filer</comment><comment xml:lang="pl">r&#xF3;&#x17C;nica pomi&#x119;dzy plikami</comment><comment xml:lang="pt">diferen&#xE7;as entre ficheiros</comment><comment xml:lang="pt_BR">Diferen&#xE7;as entre arquivos</comment><comment xml:lang="ru">&#x440;&#x430;&#x437;&#x43B;&#x438;&#x447;&#x438;&#x44F; &#x43C;&#x435;&#x436;&#x434;&#x443; &#x444;&#x430;&#x439;&#x43B;&#x430;&#x43C;&#x438;</comment><comment xml:lang="sq">diferenca midis files</comment><comment xml:lang="sr">&#x440;&#x430;&#x437;&#x43B;&#x438;&#x43A;&#x435; &#x43C;&#x435;&#x452;&#x443; &#x434;&#x430;&#x442;&#x43E;&#x442;&#x435;&#x43A;&#x430;&#x43C;&#x430;</comment><comment xml:lang="sv">skillnader mellan filer</comment><comment xml:lang="uk">&#x440;&#x456;&#x437;&#x43D;&#x438;&#x446;&#x44F; &#x43C;&#x456;&#x436; &#x444;&#x430;&#x439;&#x43B;&#x430;&#x43C;&#x438;</comment><comment xml:lang="zh_CN">&#x6587;&#x4EF6;&#x7684;&#x533A;&#x522B;</comment></mime-type>
