<?xml version="1.0"?>
<mime-type xmlns="http://www.freedesktop.org/standards/shared-mime-info" type="text/x-python"><!--Created automatically by update-mime-database. DO NOT EDIT!--><sub-class-of type="application/x-executable"/><sub-class-of type="text/plain"/><comment>Python script</comment><comment xml:lang="bg">&#x421;&#x43A;&#x440;&#x438;&#x43F;&#x442; &#x43D;&#x430; Python</comment><comment xml:lang="cs">Skript v Pythonu</comment><comment xml:lang="de">Python-Skript</comment><comment xml:lang="el">&#x3C0;&#x3C1;&#x3CC;&#x3B3;&#x3C1;&#x3B1;&#x3BC;&#x3BC;&#x3B1; &#x3B5;&#x3BD;&#x3C4;&#x3BF;&#x3BB;&#x3CE;&#x3BD; Python</comment><comment xml:lang="eo">Python-skripto</comment><comment xml:lang="es">Script en Python</comment><comment xml:lang="eu">Python script-a</comment><comment xml:lang="fi">Python-komentotiedosto</comment><comment xml:lang="fr">script Python</comment><comment xml:lang="hu">Python-parancsf&#xE1;jl</comment><comment xml:lang="it">Script Python</comment><comment xml:lang="ja">Python &#x30B9;&#x30AF;&#x30EA;&#x30D7;&#x30C8;</comment><comment xml:lang="ko">Python &#xC2A4;&#xD06C;&#xB9BD;&#xD2B8;</comment><comment xml:lang="ms">Skrip Python</comment><comment xml:lang="nb">Python-skript</comment><comment xml:lang="nl">Python-script</comment><comment xml:lang="nn">Python-skript</comment><comment xml:lang="no">Python-skript</comment><comment xml:lang="pl">Skrypt Pythona</comment><comment xml:lang="pt">'script' Python</comment><comment xml:lang="pt_BR">Script Python</comment><comment xml:lang="sq">Script Python</comment><comment xml:lang="sr">&#x41F;&#x438;&#x442;&#x43E;&#x43D; &#x441;&#x43A;&#x440;&#x438;&#x43F;&#x442;&#x430;</comment><comment xml:lang="sv">Pythonskript</comment><comment xml:lang="uk">&#x421;&#x446;&#x435;&#x43D;&#x430;&#x440;&#x456;&#x439; &#x43D;&#x430; &#x43C;&#x43E;&#x432;&#x456; Python</comment><comment xml:lang="zh_CN">Python &#x811A;&#x672C;</comment></mime-type>
