<?xml version="1.0"?>
<mime-type xmlns="http://www.freedesktop.org/standards/shared-mime-info" type="text/x-readme"><!--Created automatically by update-mime-database. DO NOT EDIT!--><sub-class-of type="text/plain"/><comment>README document</comment><comment xml:lang="az">README s&#x259;n&#x259;di</comment><comment xml:lang="bg">&#x414;&#x43E;&#x43A;&#x443;&#x43C;&#x435;&#x43D;&#x442;: "&#x414;&#x430; &#x441;&#x435; &#x43F;&#x440;&#x43E;&#x447;&#x435;&#x442;&#x435;"</comment><comment xml:lang="cs">Dokument README</comment><comment xml:lang="cy">Dogfen README</comment><comment xml:lang="de">README-Dokument</comment><comment xml:lang="el">&#x3AD;&#x3B3;&#x3B3;&#x3C1;&#x3B1;&#x3C6;&#x3BF; README</comment><comment xml:lang="eo">README-dokumento</comment><comment xml:lang="es">Documento README</comment><comment xml:lang="eu">README dokumentua</comment><comment xml:lang="fi">LUEMINUT-asiakirja</comment><comment xml:lang="fr">document README</comment><comment xml:lang="hu">README-dokumentum</comment><comment xml:lang="it">Documento README</comment><comment xml:lang="ja">README &#x30C9;&#x30AD;&#x30E5;&#x30E1;&#x30F3;&#x30C8;</comment><comment xml:lang="ko">README &#xBB38;&#xC11C;</comment><comment xml:lang="ms">Dokumen README</comment><comment xml:lang="nb">README-dokument</comment><comment xml:lang="nl">LEESMIJ-document</comment><comment xml:lang="nn">README-dokument</comment><comment xml:lang="no">README-dokument</comment><comment xml:lang="pl">Dokument README</comment><comment xml:lang="pt">documento LEIA-ME</comment><comment xml:lang="pt_BR">Documento README</comment><comment xml:lang="sq">Dokument M&#xCB;LEXO</comment><comment xml:lang="sr">&#x41F;&#x420;&#x41E;&#x427;&#x418;&#x422;&#x410;&#x408;&#x41C;&#x415; &#x434;&#x43E;&#x43A;&#x443;&#x43C;&#x435;&#x43D;&#x442;</comment><comment xml:lang="sv">README-dokument</comment><comment xml:lang="uk">&#x414;&#x43E;&#x43A;&#x443;&#x43C;&#x435;&#x43D;&#x442; README</comment><comment xml:lang="zh_CN">README &#x6587;&#x6863;</comment></mime-type>
