<?xml version="1.0"?>
<mime-type xmlns="http://www.freedesktop.org/standards/shared-mime-info" type="text/x-setext"><!--Created automatically by update-mime-database. DO NOT EDIT!--><sub-class-of type="text/plain"/><comment>Setext document</comment><comment xml:lang="az">Setext s&#x259;n&#x259;di</comment><comment xml:lang="bg">&#x414;&#x43E;&#x43A;&#x443;&#x43C;&#x435;&#x43D;&#x442;, &#x444;&#x43E;&#x440;&#x43C;&#x430;&#x442; Setext</comment><comment xml:lang="cs">Dokument Setext</comment><comment xml:lang="cy">Dogfen Setext</comment><comment xml:lang="de">Setext-Dokument</comment><comment xml:lang="el">&#x3AD;&#x3B3;&#x3B3;&#x3C1;&#x3B1;&#x3C6;&#x3BF; Setext</comment><comment xml:lang="eo">Setext-dokumento</comment><comment xml:lang="es">Documento Setext</comment><comment xml:lang="eu">Setext dokumentua</comment><comment xml:lang="fi">Setext-asiakirja</comment><comment xml:lang="fr">document Setext</comment><comment xml:lang="hu">Setext-dokumentum</comment><comment xml:lang="it">Documento Setext</comment><comment xml:lang="ja">Setext &#x30C9;&#x30AD;&#x30E5;&#x30E1;&#x30F3;&#x30C8;</comment><comment xml:lang="ko">Setext &#xBB38;&#xC11C;</comment><comment xml:lang="ms">Dokumen Setext</comment><comment xml:lang="nb">Setext-dokument</comment><comment xml:lang="nl">Setext-document</comment><comment xml:lang="nn">Setext-dokument</comment><comment xml:lang="no">Setext-dokument</comment><comment xml:lang="pl">Dokument Setext</comment><comment xml:lang="pt">documento Setext</comment><comment xml:lang="pt_BR">Documento Setext</comment><comment xml:lang="sq">Dokument Setext</comment><comment xml:lang="sr">Setext &#x434;&#x43E;&#x43A;&#x443;&#x43C;&#x435;&#x43D;&#x442;</comment><comment xml:lang="sv">Setext-dokument</comment><comment xml:lang="uk">&#x414;&#x43E;&#x43A;&#x443;&#x43C;&#x435;&#x43D;&#x442; Setext</comment><comment xml:lang="zh_CN">Setext &#x6587;&#x6863;</comment></mime-type>
