<?xml version="1.0"?>
<mime-type xmlns="http://www.freedesktop.org/standards/shared-mime-info" type="text/x-speech"><!--Created automatically by update-mime-database. DO NOT EDIT!--><comment>Speech document</comment><comment xml:lang="az">Dan&#x131;&#x15F;&#x131;q s&#x259;n&#x259;di</comment><comment xml:lang="bg">&#x414;&#x43E;&#x43A;&#x443;&#x43C;&#x435;&#x43D;&#x442;, &#x444;&#x43E;&#x440;&#x43C;&#x430;&#x442; Speech</comment><comment xml:lang="cs">Dokument Speech</comment><comment xml:lang="cy">Dogfen leferydd</comment><comment xml:lang="de">Sprachdokument</comment><comment xml:lang="el">&#x3AD;&#x3B3;&#x3B3;&#x3C1;&#x3B1;&#x3C6;&#x3BF; Speech</comment><comment xml:lang="eo">Speech-dokumento</comment><comment xml:lang="es">Documento Speech</comment><comment xml:lang="eu">Speech dokumentua</comment><comment xml:lang="fi">puheasiakirja</comment><comment xml:lang="fr">document Speech</comment><comment xml:lang="hu">Speech-dokumentum</comment><comment xml:lang="it">Documento Speech</comment><comment xml:lang="ja">Speech &#x30C9;&#x30AD;&#x30E5;&#x30E1;&#x30F3;&#x30C8;</comment><comment xml:lang="ko">Speech &#xBB38;&#xC11C;</comment><comment xml:lang="ms">Dokumen Percakapan</comment><comment xml:lang="nb">Speech-dokument</comment><comment xml:lang="nl">Speech-document</comment><comment xml:lang="nn">Syntetisk tale</comment><comment xml:lang="no">Speech-dokument</comment><comment xml:lang="pl">Dokument Speech</comment><comment xml:lang="pt">documento Speech</comment><comment xml:lang="pt_BR">Documento Speech</comment><comment xml:lang="sq">Dokument Speech</comment><comment xml:lang="sr">Speech &#x434;&#x43E;&#x43A;&#x443;&#x43C;&#x435;&#x43D;&#x442;</comment><comment xml:lang="sv">Speech-dokument</comment><comment xml:lang="uk">&#x414;&#x43E;&#x43A;&#x443;&#x43C;&#x435;&#x43D;&#x442; Speech</comment><comment xml:lang="zh_CN">Speech &#x6587;&#x6863;</comment></mime-type>
