<?xml version="1.0"?>
<mime-type xmlns="http://www.freedesktop.org/standards/shared-mime-info" type="text/x-sql"><!--Created automatically by update-mime-database. DO NOT EDIT!--><sub-class-of type="text/plain"/><comment>SQL code</comment><comment xml:lang="az">SQL kodu</comment><comment xml:lang="bg">&#x41A;&#x43E;&#x434; &#x43D;&#x430; SQL</comment><comment xml:lang="cs">K&#xF3;d SQL</comment><comment xml:lang="cy">C&#xF4;d SQL</comment><comment xml:lang="de">SQL-Befehle</comment><comment xml:lang="el">&#x3BA;&#x3CE;&#x3B4;&#x3B9;&#x3BA;&#x3B1;&#x3C2; SQL</comment><comment xml:lang="eo">SQL-kodo</comment><comment xml:lang="es">C&#xF3;digo SQL</comment><comment xml:lang="eu">SQL kodea</comment><comment xml:lang="fi">SQL-koodi</comment><comment xml:lang="fr">code SQL</comment><comment xml:lang="hu">SQL-k&#xF3;d</comment><comment xml:lang="it">Codice SQL</comment><comment xml:lang="ja">SQL &#x30B3;&#x30FC;&#x30C9;</comment><comment xml:lang="ko">SQL &#xCF54;&#xB4DC;</comment><comment xml:lang="ms">Kod SQL</comment><comment xml:lang="nb">SQL-kildekode</comment><comment xml:lang="nl">SQL-code</comment><comment xml:lang="nn">SQL-kode</comment><comment xml:lang="no">SQL-kildekode</comment><comment xml:lang="pl">Kod SQL</comment><comment xml:lang="pt">c&#xF3;digo SQL</comment><comment xml:lang="pt_BR">C&#xF3;digo SQL</comment><comment xml:lang="sq">Kod SQL</comment><comment xml:lang="sr">SQL &#x43A;&#x43E;&#x302;&#x434;</comment><comment xml:lang="sv">SQL-kod</comment><comment xml:lang="uk">&#x41A;&#x43E;&#x434; SQL</comment><comment xml:lang="zh_CN">SQL &#x4EE3;&#x7801;</comment></mime-type>
