<?xml version="1.0"?>
<mime-type xmlns="http://www.freedesktop.org/standards/shared-mime-info" type="text/x-tcl"><!--Created automatically by update-mime-database. DO NOT EDIT!--><sub-class-of type="text/plain"/><comment>Tcl script</comment><comment xml:lang="bg">&#x421;&#x43A;&#x440;&#x438;&#x43F;&#x442; &#x43D;&#x430; Tcl</comment><comment xml:lang="cs">Skript v Tcl</comment><comment xml:lang="de">Tcl-Skript</comment><comment xml:lang="el">&#x3C0;&#x3C1;&#x3CC;&#x3B3;&#x3C1;&#x3B1;&#x3BC;&#x3BC;&#x3B1; &#x3B5;&#x3BD;&#x3C4;&#x3BF;&#x3BB;&#x3CE;&#x3BD; Tcl</comment><comment xml:lang="eo">Tcl-skripto</comment><comment xml:lang="es">Script en Tcl</comment><comment xml:lang="eu">Tcl script-a</comment><comment xml:lang="fi">Tcl-komentotiedosto</comment><comment xml:lang="fr">script Tcl</comment><comment xml:lang="hu">Tcl-parancsf&#xE1;jl</comment><comment xml:lang="it">Script Tcl</comment><comment xml:lang="ja">Tcl &#x30B9;&#x30AF;&#x30EA;&#x30D7;&#x30C8;</comment><comment xml:lang="ko">Tcl &#xC2A4;&#xD06C;&#xB9BD;&#xD2B8;</comment><comment xml:lang="ms">Skrip Tcl</comment><comment xml:lang="nb">Tcl-skript</comment><comment xml:lang="nl">Tcl-script</comment><comment xml:lang="nn">Tcl-skript</comment><comment xml:lang="no">Tcl-skript</comment><comment xml:lang="pl">Skrypt Tcl</comment><comment xml:lang="pt">'script' Tcl</comment><comment xml:lang="pt_BR">Script Tcl</comment><comment xml:lang="sq">Script Tcl</comment><comment xml:lang="sr">Tcl &#x441;&#x43A;&#x440;&#x438;&#x43F;&#x442;&#x430;</comment><comment xml:lang="sv">Tcl-skript</comment><comment xml:lang="uk">&#x421;&#x446;&#x435;&#x43D;&#x430;&#x440;&#x456;&#x439; Tcl</comment><comment xml:lang="zh_CN">Tcl &#x811A;&#x672C;</comment></mime-type>
