<?xml version="1.0"?>
<mime-type xmlns="http://www.freedesktop.org/standards/shared-mime-info" type="text/x-tex"><!--Created automatically by update-mime-database. DO NOT EDIT!--><sub-class-of type="text/plain"/><comment>TeX document</comment><comment xml:lang="bg">&#x414;&#x43E;&#x43A;&#x443;&#x43C;&#x435;&#x43D;&#x442;, &#x444;&#x43E;&#x440;&#x43C;&#x430;&#x442; TeX</comment><comment xml:lang="cs">Dokument TeX</comment><comment xml:lang="cy">Dogfen TeX </comment><comment xml:lang="de">TeX-Dokument</comment><comment xml:lang="el">&#x3AD;&#x3B3;&#x3B3;&#x3C1;&#x3B1;&#x3C6;&#x3BF; TeX</comment><comment xml:lang="eo">TeX-dokumento</comment><comment xml:lang="es">Documento TeX</comment><comment xml:lang="eu">TeX dokumentua</comment><comment xml:lang="fi">TeX-asiakirja</comment><comment xml:lang="fr">document TeX</comment><comment xml:lang="hu">TeX-dokumentum</comment><comment xml:lang="it">Documento TeX</comment><comment xml:lang="ja">TeX &#x30C9;&#x30AD;&#x30E5;&#x30E1;&#x30F3;&#x30C8;</comment><comment xml:lang="ko">TeX &#xBB38;&#xC11C;</comment><comment xml:lang="ms">Dokumen TeX</comment><comment xml:lang="nb">TeX-dokument</comment><comment xml:lang="nl">TeX-document</comment><comment xml:lang="nn">TeX-dokument</comment><comment xml:lang="no">TeX-dokument</comment><comment xml:lang="pl">Dokument TeX</comment><comment xml:lang="pt">documento TeX</comment><comment xml:lang="pt_BR">Documento TeX</comment><comment xml:lang="sq">Dokument TeX</comment><comment xml:lang="sr">&#x422;&#x435;&#x425; &#x434;&#x43E;&#x43A;&#x443;&#x43C;&#x435;&#x43D;&#x442;</comment><comment xml:lang="sv">TeX-dokument</comment><comment xml:lang="uk">&#x414;&#x43E;&#x43A;&#x443;&#x43C;&#x435;&#x43D;&#x442; TeX</comment><comment xml:lang="zh_CN">TeX &#x6587;&#x6863;</comment></mime-type>
