<?xml version="1.0"?>
<mime-type xmlns="http://www.freedesktop.org/standards/shared-mime-info" type="text/x-texinfo"><!--Created automatically by update-mime-database. DO NOT EDIT!--><sub-class-of type="text/plain"/><comment>TeXInfo document</comment><comment xml:lang="az">TeXInfo s&#x259;n&#x259;di</comment><comment xml:lang="bg">&#x414;&#x43E;&#x43A;&#x443;&#x43C;&#x435;&#x43D;&#x442;, &#x444;&#x43E;&#x440;&#x43C;&#x430;&#x442; TeXInfo</comment><comment xml:lang="cs">Dokument TeXInfo</comment><comment xml:lang="cy">Dogfen TeXInfo</comment><comment xml:lang="de">TeXInfo-Dokument</comment><comment xml:lang="el">&#x3AD;&#x3B3;&#x3B3;&#x3C1;&#x3B1;&#x3C6;&#x3BF; TeXInfo</comment><comment xml:lang="eo">TeXInfo-dokumento</comment><comment xml:lang="es">Documento TeXInfo</comment><comment xml:lang="eu">TeXInfo dokumentua</comment><comment xml:lang="fi">TeXInfo-asiakirja</comment><comment xml:lang="fr">document TeXInfo</comment><comment xml:lang="hu">TeXInfo-dokumentum</comment><comment xml:lang="it">Documento TeXInfo</comment><comment xml:lang="ja">TeXInfo &#x30C9;&#x30AD;&#x30E5;&#x30E1;&#x30F3;&#x30C8;</comment><comment xml:lang="ko">TeXInfo &#xBB38;&#xC11C;</comment><comment xml:lang="ms">Dokumen TeXInfo</comment><comment xml:lang="nb">TeXInfo-dokument</comment><comment xml:lang="nl">TeXInfo-document</comment><comment xml:lang="nn">TeXInfo-dokument</comment><comment xml:lang="no">TeXInfo-dokument</comment><comment xml:lang="pl">Dokument TeXInfo</comment><comment xml:lang="pt">documento TeXInfo</comment><comment xml:lang="pt_BR">Documento TeXInfo</comment><comment xml:lang="sq">Dokument TeXInfo</comment><comment xml:lang="sr">&#x422;&#x435;&#x425;&#x438;&#x43D;&#x444;&#x43E; &#x434;&#x43E;&#x43A;&#x443;&#x43C;&#x435;&#x43D;&#x442;</comment><comment xml:lang="sv">TeXInfo-dokument</comment><comment xml:lang="uk">&#x414;&#x43E;&#x43A;&#x443;&#x43C;&#x435;&#x43D;&#x442; TeXInfo</comment><comment xml:lang="zh_CN">TeXInfo &#x6587;&#x6863;</comment></mime-type>
