<?xml version="1.0"?>
<mime-type xmlns="http://www.freedesktop.org/standards/shared-mime-info" type="text/x-troff-mm"><!--Created automatically by update-mime-database. DO NOT EDIT!--><comment>Troff MM input document</comment><comment xml:lang="bg">&#x418;&#x437;&#x445;&#x43E;&#x434;&#x435;&#x43D; &#x434;&#x43E;&#x43A;&#x443;&#x43C;&#x435;&#x43D;&#x442;, &#x444;&#x43E;&#x440;&#x43C;&#x430;&#x442; Troff &#x41C;&#x41C;</comment><comment xml:lang="cs">Dokument vstupu Troff MM</comment><comment xml:lang="de">Troff-MM-Eingabedokument</comment><comment xml:lang="el">&#x3AD;&#x3B3;&#x3B3;&#x3C1;&#x3B1;&#x3C6;&#x3BF;/&#x3C0;&#x3C1;&#x3CC;&#x3B3;&#x3C1;&#x3B1;&#x3BC;&#x3BC;&#x3B1; &#x3B5;&#x3BD;&#x3C4;&#x3BF;&#x3BB;&#x3CE;&#x3BD; troff MM</comment><comment xml:lang="eo">eniga dokumento de Troff MM</comment><comment xml:lang="es">Documento de entrada Troff MM</comment><comment xml:lang="eu">Troff MM sarrerako dokumentua</comment><comment xml:lang="fi">Troff MM -sy&#xF6;teasiakirja</comment><comment xml:lang="fr">document d'entr&#xE9;e Troff ME</comment><comment xml:lang="hu">Troff MM bemeneti dokumentum</comment><comment xml:lang="it">Documento di input troff MM</comment><comment xml:lang="ja">Troff MM &#x5165;&#x529B;&#x30C9;&#x30AD;&#x30E5;&#x30E1;&#x30F3;&#x30C8;</comment><comment xml:lang="ko">Troff MM input &#xBB38;&#xC11C;</comment><comment xml:lang="ms">Dokumen input Troff MM</comment><comment xml:lang="nb">Troff MM-inndatadokument</comment><comment xml:lang="nl">Troff MM-invoerdocument</comment><comment xml:lang="nn">Troff MM inndata-dokument</comment><comment xml:lang="no">Troff MM-inndatadokument</comment><comment xml:lang="pl">Dokument wej&#x15B;ciowy Troff MM</comment><comment xml:lang="pt">documento origem Troff MM</comment><comment xml:lang="pt_BR">Documento de entrada Troff MM</comment><comment xml:lang="sq">Dokument input-i Troff MM</comment><comment xml:lang="sr">Troff MM &#x443;&#x43B;&#x430;&#x437;&#x43D;&#x438; &#x434;&#x43E;&#x43A;&#x443;&#x43C;&#x435;&#x43D;&#x442;</comment><comment xml:lang="sv">Troff MM-indatadokument</comment><comment xml:lang="uk">&#x412;&#x445;&#x456;&#x434;&#x43D;&#x438;&#x439; &#x434;&#x43E;&#x43A;&#x443;&#x43C;&#x435;&#x43D;&#x442; Troff MM</comment><comment xml:lang="zh_CN">Troff MM &#x8F93;&#x5165;&#x6587;&#x6863;</comment></mime-type>
