<?xml version="1.0"?>
<mime-type xmlns="http://www.freedesktop.org/standards/shared-mime-info" type="text/x-uil"><!--Created automatically by update-mime-database. DO NOT EDIT!--><comment>X-Motif UIL table</comment><comment xml:lang="bg">&#x422;&#x430;&#x431;&#x43B;&#x438;&#x446;&#x430;, &#x444;&#x43E;&#x440;&#x43C;&#x430;&#x442; X-Motif&#xB7;UIL</comment><comment xml:lang="cs">Tabulka X-Motif UIL</comment><comment xml:lang="de">X-Motif-UIL-Tabelle</comment><comment xml:lang="el">&#x3C0;&#x3AF;&#x3BD;&#x3B1;&#x3BA;&#x3B1;&#x3C2; X-Motif UIL</comment><comment xml:lang="es">Tabla de X-Motif UIL</comment><comment xml:lang="eu">X-Motif UIL taula</comment><comment xml:lang="fi">X-Motif UIL -taulukko</comment><comment xml:lang="fr">table X-Motif UIL</comment><comment xml:lang="hu">X-Motif UIL-t&#xE1;bl&#xE1;zat</comment><comment xml:lang="ja">X-Motif UIL &#x8868;</comment><comment xml:lang="ko">X-Motif UIL &#xD14C;&#xC774;&#xBE14;</comment><comment xml:lang="ms">Jadual X-Motif UIL</comment><comment xml:lang="nb">X-Motif UIL-tabell</comment><comment xml:lang="nl">X-Motif UIL-tabel</comment><comment xml:lang="nn">X-Motif UIL-tabell</comment><comment xml:lang="pl">Tabela UIL X-Motif</comment><comment xml:lang="pt">tabela UIL do X-Motif</comment><comment xml:lang="pt_BR">Tabela do X-Motif UIL</comment><comment xml:lang="sq">Tabel&#xEB; X-Motif UIL</comment><comment xml:lang="sr">X-Motif UIL &#x442;&#x430;&#x431;&#x435;&#x43B;&#x430;</comment><comment xml:lang="sv">X-Motif UIL-tabell</comment><comment xml:lang="uk">&#x422;&#x430;&#x431;&#x43B;&#x438;&#x446;&#x44F; X-Motif UIL</comment><comment xml:lang="zh_CN">X-Motif UIL &#x8868;</comment></mime-type>
