<?xml version="1.0"?>
<mime-type xmlns="http://www.freedesktop.org/standards/shared-mime-info" type="text/x-uri"><!--Created automatically by update-mime-database. DO NOT EDIT!--><comment>resource location</comment><comment xml:lang="bg">&#x41C;&#x435;&#x441;&#x442;&#x43E;&#x43F;&#x43E;&#x43B;&#x43E;&#x436;&#x435;&#x43D;&#x438;&#x435; &#x43D;&#x430; &#x440;&#x435;&#x441;&#x443;&#x440;&#x441;</comment><comment xml:lang="cs">um&#xED;st&#x11B;n&#xED; zdroje</comment><comment xml:lang="de">Ressourcenort</comment><comment xml:lang="el">&#x3C4;&#x3BF;&#x3C0;&#x3BF;&#x3B8;&#x3B5;&#x3C3;&#x3AF;&#x3B1; &#x3C0;&#x3CC;&#x3C1;&#x3BF;&#x3C5;</comment><comment xml:lang="eo">loko de risurco</comment><comment xml:lang="es">ubicaci&#xF3;n del recurso</comment><comment xml:lang="eu">baliabidearen kokalekua</comment><comment xml:lang="fi">resurssisijainti</comment><comment xml:lang="fr">localisation de ressource</comment><comment xml:lang="hu">er&#x151;forr&#xE1;s-hely</comment><comment xml:lang="ja">&#x30EA;&#x30BD;&#x30FC;&#x30B9;&#x5834;&#x6240;</comment><comment xml:lang="ko">&#xC790;&#xC6D0; &#xC704;&#xCE58;</comment><comment xml:lang="ms">Lokasi sumber</comment><comment xml:lang="nb">ressurslokasjon</comment><comment xml:lang="nl">bronlokatie</comment><comment xml:lang="nn">ressursplassering</comment><comment xml:lang="no">ressurslokasjon</comment><comment xml:lang="pl">po&#x142;o&#x17C;enie zasobu</comment><comment xml:lang="pt">localiza&#xE7;&#xE3;o de recurso</comment><comment xml:lang="pt_BR">Localiza&#xE7;&#xE3;o de recurso</comment><comment xml:lang="sq">vendodhja e materialit</comment><comment xml:lang="sr">&#x43F;&#x443;&#x442;&#x430;&#x45A;&#x430; &#x440;&#x435;&#x441;&#x443;&#x440;&#x441;&#x430;</comment><comment xml:lang="sv">resursplats</comment><comment xml:lang="uk">&#x440;&#x43E;&#x437;&#x442;&#x430;&#x448;&#x443;&#x432;&#x430;&#x43D;&#x43D;&#x44F; &#x440;&#x435;&#x441;&#x443;&#x440;&#x441;&#x443;</comment><comment xml:lang="zh_CN">&#x8D44;&#x6E90;&#x4F4D;&#x7F6E;</comment></mime-type>
