<?xml version="1.0"?>
<mime-type xmlns="http://www.freedesktop.org/standards/shared-mime-info" type="text/x-xmi"><!--Created automatically by update-mime-database. DO NOT EDIT!--><comment>XML Metadata Interchange file</comment><comment xml:lang="bg">&#x424;&#x430;&#x439;&#x43B; &#x437;&#x430; &#x43E;&#x431;&#x43C;&#x44F;&#x43D;&#x430;, &#x444;&#x43E;&#x440;&#x43C;&#x430;&#x442; XML&#xB7;Metadata</comment><comment xml:lang="cs">Soubor XML Metadata Interchange</comment><comment xml:lang="de">XML-Metadaten-Austauschdatei</comment><comment xml:lang="el">&#x3B1;&#x3C1;&#x3C7;&#x3B5;&#x3AF;&#x3BF; &#x3BC;&#x3B5;&#x3C4;&#x3B1;-&#x3B4;&#x3B5;&#x3B4;&#x3BF;&#x3BC;&#x3AD;&#x3BD;&#x3C9;&#x3BD; XML Interchange</comment><comment xml:lang="es">Fichero de intercambio de metadatos XML</comment><comment xml:lang="eu">XML meta-datuan trukatze fitxategia</comment><comment xml:lang="fi">XML Metadata Interchange -tiedosto</comment><comment xml:lang="fr">fichier XML Metadata Interchange</comment><comment xml:lang="hu">XML Metaadat-cser&#xE9;lhet&#x151;f&#xE1;jl</comment><comment xml:lang="ja">XML &#x30E1;&#x30BF;&#x30C7;&#x30FC;&#x30BF;&#x4EA4;&#x63DB;&#x30D5;&#x30A1;&#x30A4;&#x30EB;</comment><comment xml:lang="ko">XML &#xBA54;&#xD0C0;&#xB370;&#xC774;&#xD130; &#xAD50;&#xD658; &#xD30C;&#xC77C;</comment><comment xml:lang="ms">Fail penukaran Metadata XML</comment><comment xml:lang="nb">XML-metadatautvekslingsfil</comment><comment xml:lang="nl">XML Metagegevens-uitwisselingsbestand</comment><comment xml:lang="nn">XML Metadata-utvekslingsfil</comment><comment xml:lang="pl">Plik wymiany metadanych XML</comment><comment xml:lang="pt">ficheiro XML Metadata Interchange</comment><comment xml:lang="pt_BR">Arquivo de Interc&#xE2;mbio de Metadados XML</comment><comment xml:lang="sq">File interchange XML Metadata</comment><comment xml:lang="sr">XML &#x434;&#x430;&#x442;&#x43E;&#x442;&#x435;&#x43A;&#x430; &#x437;&#x430; &#x440;&#x430;&#x437;&#x43C;&#x435;&#x43D;&#x443; &#x43C;&#x435;&#x442;&#x430;&#x43F;&#x43E;&#x434;&#x430;&#x442;&#x430;&#x43A;&#x430;</comment><comment xml:lang="sv">XML Metadata Interchange-fil</comment><comment xml:lang="uk">&#x424;&#x430;&#x439;&#x43B; &#x43E;&#x431;&#x43C;&#x456;&#x43D;&#x443; &#x43C;&#x435;&#x442;&#x430;&#x434;&#x430;&#x43D;&#x438;&#x43C;&#x438; XML</comment><comment xml:lang="zh_CN">XML &#x5143;&#x6570;&#x636E;&#x4EA4;&#x6362;&#x6587;&#x4EF6;</comment></mime-type>
