<?xml version="1.0"?>
<mime-type xmlns="http://www.freedesktop.org/standards/shared-mime-info" type="text/x-xslfo"><!--Created automatically by update-mime-database. DO NOT EDIT!--><comment>XSL Formating Object file</comment><comment xml:lang="az">XSL Formatlama Cismi fayl&#x131;</comment><comment xml:lang="bg">&#x424;&#x43E;&#x440;&#x43C;&#x430;&#x442;&#x438;&#x440;&#x430;&#x449; &#x444;&#x430;&#x439;&#x43B;, &#x444;&#x43E;&#x440;&#x43C;&#x430;&#x442; XSL-FO</comment><comment xml:lang="cs">Soubor objektu form&#xE1;tov&#xE1;n&#xED; XSL</comment><comment xml:lang="cy">Ffeil gwrthrych ffurfwedd XSL</comment><comment xml:lang="de">XSL-Formatierungsobjektdatei</comment><comment xml:lang="el">&#x3B1;&#x3C1;&#x3C7;&#x3B5;&#x3AF;&#x3BF; &#x3BC;&#x3BF;&#x3C1;&#x3C6;&#x3BF;&#x3C0;&#x3BF;&#x3AF;&#x3B7;&#x3C3;&#x3B7;&#x3C2; &#x3B1;&#x3BD;&#x3C4;&#x3B9;&#x3BA;&#x3B5;&#x3B9;&#x3BC;&#x3AD;&#x3BD;&#x3BF;&#x3C5; XSL</comment><comment xml:lang="es">Fichero de objeto de formateo XSL</comment><comment xml:lang="eu">XSL objektuak formateatzeko fitxategia</comment><comment xml:lang="fi">XSL-muotoiluobjektitiedosto</comment><comment xml:lang="fr">fichier objet XSL Formating</comment><comment xml:lang="hu">XSL Formating Object-f&#xE1;jl</comment><comment xml:lang="ja">XSL-FO &#x30D5;&#x30A1;&#x30A4;&#x30EB;</comment><comment xml:lang="ko">XSL &#xD3EC;&#xB9E4;&#xD305; &#xAC1C;&#xCCB4; &#xD30C;&#xC77C;</comment><comment xml:lang="ms">Fail Objek Diformat XSL</comment><comment xml:lang="nb">Objektfil for formattering med XSL</comment><comment xml:lang="nl">XSL-formatterend objectbestand</comment><comment xml:lang="nn">XSL formatteringsobjektfil</comment><comment xml:lang="pl">Plik obiektu formatowania XSL</comment><comment xml:lang="pt">ficheiro de Formata&#xE7;&#xE3;o de Objectos XSL</comment><comment xml:lang="pt_BR">Arquivo de Objeto de Formata&#xE7;&#xE3;o XSL</comment><comment xml:lang="sq">File XSL Formating Object</comment><comment xml:lang="sr">&#x414;&#x430;&#x442;&#x43E;&#x442;&#x435;&#x43A;&#x430; XSL &#x43E;&#x431;&#x458;&#x435;&#x43A;&#x430;&#x442;&#x430; &#x444;&#x43E;&#x440;&#x43C;&#x430;&#x442;&#x438;&#x440;&#x430;&#x45A;&#x430;</comment><comment xml:lang="sv">XSL-formateringsobjektfil</comment><comment xml:lang="uk">&#x424;&#x430;&#x439;&#x43B; &#x444;&#x43E;&#x440;&#x43C;&#x430;&#x442;&#x43E;&#x432;&#x430;&#x43D;&#x438;&#x445; &#x43E;&#x431;'&#x454;&#x43A;&#x442;&#x456;&#x432; XSL</comment><comment xml:lang="zh_CN">XSL &#x683C;&#x5F0F;&#x5316;&#x5BF9;&#x8C61;&#x6587;&#x4EF6;</comment></mime-type>
