<?xml version="1.0"?>
<mime-type xmlns="http://www.freedesktop.org/standards/shared-mime-info" type="text/x-xslt"><!--Created automatically by update-mime-database. DO NOT EDIT!--><sub-class-of type="text/plain"/><comment>XSLT stylesheet</comment><comment xml:lang="bg">&#x421;&#x442;&#x438;&#x43B;&#x43E;&#x432;&#x435;, &#x444;&#x43E;&#x440;&#x43C;&#x430;&#x442; XSLT</comment><comment xml:lang="cs">Stylesheet XSLT</comment><comment xml:lang="de">XSLT-Stylesheet</comment><comment xml:lang="el">&#x3C6;&#x3CD;&#x3BB;&#x3BB;&#x3BF; &#x3C3;&#x3C4;&#x3C5;&#x3BB; XSLT</comment><comment xml:lang="eo">XSLT-stilfolio</comment><comment xml:lang="es">Hoja de estilo XSLT</comment><comment xml:lang="eu">XSLT estilo-orria</comment><comment xml:lang="fi">XSLT-tyylitiedosto</comment><comment xml:lang="fr">chiffier XSLT</comment><comment xml:lang="hu">XSLT-st&#xED;luslap</comment><comment xml:lang="it">Foglio di stile XSLT</comment><comment xml:lang="ja">XSLT &#x30B9;&#x30BF;&#x30A4;&#x30EB;&#x30B7;&#x30FC;&#x30C8;</comment><comment xml:lang="ko">XSLT &#xC2A4;&#xD0C0;&#xC77C;&#xC2DC;&#xD2B8;</comment><comment xml:lang="ms">Helaian Gaya XSLT</comment><comment xml:lang="nb">XSLT-stilark</comment><comment xml:lang="nl">XSLT-stijlblad</comment><comment xml:lang="nn">XSLT-stilark</comment><comment xml:lang="no">XSLT-stilark</comment><comment xml:lang="pl">Arkusz styl&#xF3;w XSLT</comment><comment xml:lang="pt">folha de estilos XSLT</comment><comment xml:lang="pt_BR">Folha de estilo XSLT</comment><comment xml:lang="sq">Flet&#xEB; stili XSLT</comment><comment xml:lang="sr">&#x414;&#x430;&#x442;&#x43E;&#x442;&#x435;&#x43A;&#x430; &#x441;&#x430; XSLT &#x441;&#x442;&#x438;&#x43B;&#x43E;&#x43C;</comment><comment xml:lang="sv">XSLT-stilmall</comment><comment xml:lang="uk">&#x421;&#x442;&#x438;&#x43B;&#x44C;&#x43E;&#x432;&#x430; &#x441;&#x442;&#x43E;&#x440;&#x456;&#x43D;&#x43A;&#x430; XSLT</comment><comment xml:lang="zh_CN">XSLT &#x6837;&#x5F0F;&#x8868;</comment><sub-class-of type="text/xml"/></mime-type>
