<?xml version="1.0"?>
<mime-type xmlns="http://www.freedesktop.org/standards/shared-mime-info" type="text/xml"><!--Created automatically by update-mime-database. DO NOT EDIT!--><sub-class-of type="text/plain"/><comment>eXtensible Markup Language document</comment><comment xml:lang="az">eXtensible Markup Language s&#x259;n&#x259;di</comment><comment xml:lang="bg">&#x414;&#x43E;&#x43A;&#x443;&#x43C;&#x435;&#x43D;&#x442;, &#x444;&#x43E;&#x440;&#x43C;&#x430;&#x442; XML</comment><comment xml:lang="cs">Dokument eXtensible Markup Language</comment><comment xml:lang="cy">Dogfen XML (eXtensible Markup Language) (eXtensible Markup Language) (eXtensible Markup Language) (eXtensible Markup Language) (eXtensible Markup Language) (eXtensible Markup Language) (eXtensible Markup Language) (eXtensible Markup Language) (eXtensible Markup Language)</comment><comment xml:lang="de">XML-Dokument</comment><comment xml:lang="el">&#x3AD;&#x3B3;&#x3B3;&#x3C1;&#x3B1;&#x3C6;&#x3BF; XML</comment><comment xml:lang="es">documento de lenguaje de etiquetas extensible (XML)</comment><comment xml:lang="eu">eXtensible Markup Language dokumentua</comment><comment xml:lang="fi">laajennettava merkint&#xE4;kielinen asiakirja (XML)</comment><comment xml:lang="fr">document XML &#xAB; eXtensible Markup Language &#xBB;</comment><comment xml:lang="hu">XML-dokumentum</comment><comment xml:lang="ja">&#x62E1;&#x5F35;&#x53EF;&#x80FD;&#x306A;&#x30DE;&#x30FC;&#x30AF;&#x30A2;&#x30C3;&#x30D7;&#x8A00;&#x8A9E;&#x30C9;&#x30AD;&#x30E5;&#x30E1;&#x30F3;&#x30C8; (XML)</comment><comment xml:lang="ko">&#xD655;&#xC7A5; &#xB9C8;&#xD06C;&#xC5C5; &#xC5B8;&#xC5B4; &#xBB38;&#xC11C;</comment><comment xml:lang="ms">Dokumen eXtensible Markup Language (XML)</comment><comment xml:lang="nb">XML-dokument</comment><comment xml:lang="nl">Uitbreidbare opmaaktaal-document (XML)</comment><comment xml:lang="nn">eXtensible Markup Language-dokument</comment><comment xml:lang="pl">dokument XML</comment><comment xml:lang="pt">documento de Linguagem eXtens&#xED;vel de Marcas (XML)</comment><comment xml:lang="pt_BR">Documento Linguagem de Marca&#xE7;&#xE3;o Extens&#xED;vel (XML)</comment><comment xml:lang="sq">Dokument eXtensible Markup Language</comment><comment xml:lang="sr">&#x434;&#x43E;&#x43A;&#x443;&#x43C;&#x435;&#x43D;&#x442; &#x43F;&#x440;&#x43E;&#x448;&#x438;&#x440;&#x438;&#x432;&#x43E;&#x433; &#x458;&#x435;&#x437;&#x438;&#x43A;&#x430; &#x437;&#x430; &#x43E;&#x437;&#x43D;&#x430;&#x447;&#x430;&#x432;&#x430;&#x45A;&#x435; (XML)</comment><comment xml:lang="sv">XML-dokument</comment><comment xml:lang="uk">&#x434;&#x43E;&#x43A;&#x443;&#x43C;&#x435;&#x43D;&#x442;&#x443; &#x43D;&#x430; &#x440;&#x43E;&#x437;&#x448;&#x438;&#x440;&#x44E;&#x432;&#x430;&#x43D;&#x456;&#x439; &#x43C;&#x43E;&#x432;&#x456; &#x440;&#x43E;&#x437;&#x43C;&#x456;&#x442;&#x43A;&#x438;</comment><comment xml:lang="zh_CN">XML &#x6269;&#x5C55;&#x6807;&#x8BB0;&#x8BED;&#x8A00;&#x6587;&#x6863;</comment></mime-type>
