<?xml version="1.0" encoding="utf-8"?>
<mime-type xmlns="http://www.freedesktop.org/standards/shared-mime-info" type="image/jp2">
<!--Created automatically by update-mime-database. DO NOT EDIT!-->
  <comment>JPEG-2000 image</comment>
  <comment xml:lang="bg">Изображение — JPEG-2000</comment>
  <comment xml:lang="ca">imatge JPEG-2000</comment>
  <comment xml:lang="cs">Obrázek JPEG-2000</comment>
  <comment xml:lang="da">JPEG2000-billede</comment>
  <comment xml:lang="de">JPEG-2000-Bild</comment>
  <comment xml:lang="el">εικόνα JPEG-2000</comment>
  <comment xml:lang="en_GB">JPEG-2000 image</comment>
  <comment xml:lang="eo">JPEG-2000-bildo</comment>
  <comment xml:lang="es">imagen JPEG-2000</comment>
  <comment xml:lang="eu">JPEG-2000 irudia</comment>
  <comment xml:lang="fi">JPEG-2000-kuva</comment>
  <comment xml:lang="fr">image JPEG-2000</comment>
  <comment xml:lang="hu">JPEG-2000 kép</comment>
  <comment xml:lang="it">Immagine JPEG-2000</comment>
  <comment xml:lang="ja">JPEG-2000 画像</comment>
  <comment xml:lang="ko">JPEG-2000 그림</comment>
  <comment xml:lang="lt">JPEG-2000 paveikslėlis</comment>
  <comment xml:lang="ms">Imej JPEG-2000</comment>
  <comment xml:lang="nb">JPEG-2000-bilde</comment>
  <comment xml:lang="nl">JPEG-2000-afbeelding</comment>
  <comment xml:lang="nn">JPEG-2000-bilete</comment>
  <comment xml:lang="pl">Obraz JPEG-2000</comment>
  <comment xml:lang="pt">imagem JPEG-2000</comment>
  <comment xml:lang="pt_BR">Imagem JPEG-2000</comment>
  <comment xml:lang="ru">изображение JPEG-2000</comment>
  <comment xml:lang="sq">Figurë JPEG-2000</comment>
  <comment xml:lang="sr">JPEG-2000 слика</comment>
  <comment xml:lang="sv">JPEG-2000-bild</comment>
  <comment xml:lang="uk">Зображення JPEG-2000</comment>
  <comment xml:lang="vi">Ảnh JPEG-2000</comment>
  <comment xml:lang="zh_CN">JPEG-2000 图像</comment>
  <comment xml:lang="zh_TW">JPEG-2000 圖片</comment>
  <alias type="image/jpeg2000"/>
  <alias type="image/jpx"/>
</mime-type>
