<?xml version="1.0" encoding="utf-8"?>
<mime-type xmlns="http://www.freedesktop.org/standards/shared-mime-info" type="image/x-applix-graphics">
<!--Created automatically by update-mime-database. DO NOT EDIT!-->
  <comment>Applix Graphics image</comment>
  <comment xml:lang="bg">Изображение — Applix Graphics</comment>
  <comment xml:lang="ca">imatge d'Applix Graphics</comment>
  <comment xml:lang="cs">Obrázek Applix Graphics</comment>
  <comment xml:lang="da">Applix Graphics-billede</comment>
  <comment xml:lang="de">Applix Graphics-Bild</comment>
  <comment xml:lang="el">εικόνα Applix Graphics</comment>
  <comment xml:lang="en_GB">Applix Graphics image</comment>
  <comment xml:lang="eo">bildo de Applix Graphics</comment>
  <comment xml:lang="es">imagen de Applix Graphics</comment>
  <comment xml:lang="eu">Applix Graphics irudia</comment>
  <comment xml:lang="fi">Applix Graphics -kuva</comment>
  <comment xml:lang="fr">image Applix Graphics</comment>
  <comment xml:lang="hu">Applix Graphics-kép</comment>
  <comment xml:lang="it">Immagine Applix Graphics</comment>
  <comment xml:lang="ja">Applix Graphics 画像</comment>
  <comment xml:lang="ko">Applix Graphics 그림</comment>
  <comment xml:lang="lt">Applix Graphics paveikslėlis</comment>
  <comment xml:lang="ms">Imej Applix Graphics</comment>
  <comment xml:lang="nb">Applix Graphics-dokument</comment>
  <comment xml:lang="nl">Applix Graphics-afbeelding</comment>
  <comment xml:lang="nn">Applix Graphics-dokument</comment>
  <comment xml:lang="pl">Obraz Applix Graphics</comment>
  <comment xml:lang="pt">imagem Applix Graphics</comment>
  <comment xml:lang="pt_BR">Imagem do Applix Graphics</comment>
  <comment xml:lang="ru">изображение Applix Graphics</comment>
  <comment xml:lang="sq">Figurë Applix Graphics</comment>
  <comment xml:lang="sr">Applix графички документ</comment>
  <comment xml:lang="sv">Applix Graphics-bild</comment>
  <comment xml:lang="uk">Зображення Applix Graphics</comment>
  <comment xml:lang="vi">Ảnh Applix Graphics</comment>
  <comment xml:lang="zh_CN">Applix Graphics 图像</comment>
  <comment xml:lang="zh_TW">Applix Graphics 圖片</comment>
</mime-type>
