<?xml version="1.0" encoding="utf-8"?>
<mime-type xmlns="http://www.freedesktop.org/standards/shared-mime-info" type="image/x-compressed-xcf">
<!--Created automatically by update-mime-database. DO NOT EDIT!-->
  <comment>compressed GIMP image</comment>
  <comment xml:lang="bg">Изображение — GIMP, компресирано</comment>
  <comment xml:lang="ca">imatge GIMP comprimida</comment>
  <comment xml:lang="cs">Komprimovaný obrázek GIMP</comment>
  <comment xml:lang="es">imagen GIMP comprimida</comment>
  <comment xml:lang="eu">konprimitutako GIMP irudia</comment>
  <comment xml:lang="fi">pakattu GIMP-kuva</comment>
  <comment xml:lang="fr">image GIMP compressée</comment>
  <comment xml:lang="hu">tömörített GIMP kép</comment>
  <comment xml:lang="it">Immagine GIMP compressa</comment>
  <comment xml:lang="ko">압축된 GIMP 그림</comment>
  <comment xml:lang="lt">suglaudintas GIMP paveikslėlis</comment>
  <comment xml:lang="nb">komprimert GIMP-bilde</comment>
  <comment xml:lang="nl">ingepakte GIMP-afbeelding</comment>
  <comment xml:lang="sv">komprimerad GIMP-bild</comment>
  <comment xml:lang="vi">ảnh GIMP đã nén</comment>
</mime-type>
