<?xml version="1.0" encoding="utf-8"?>
<mime-type xmlns="http://www.freedesktop.org/standards/shared-mime-info" type="image/x-dcraw">
<!--Created automatically by update-mime-database. DO NOT EDIT!-->
  <comment>digital raw image</comment>
  <comment xml:lang="bg">Изображение — digital raw</comment>
  <comment xml:lang="ca">imatge digital en cru</comment>
  <comment xml:lang="cs">Digitální surový obrázek</comment>
  <comment xml:lang="es">imagen digital en bruto</comment>
  <comment xml:lang="eu">irudi gordin digitala</comment>
  <comment xml:lang="fi">digitaalinen raakakuva</comment>
  <comment xml:lang="fr">image brute numérique</comment>
  <comment xml:lang="hu">digitális nyers kép</comment>
  <comment xml:lang="it">Immagine raw digitale</comment>
  <comment xml:lang="ko">디지털 raw 이미지</comment>
  <comment xml:lang="lt">skaitmeninis neapdorotas paveikslėlis</comment>
  <comment xml:lang="nb">digitalt raw-bilde</comment>
  <comment xml:lang="nl">onbewerkt digitaal beeld</comment>
  <comment xml:lang="sv">digital råbild</comment>
  <comment xml:lang="vi">ảnh thô số</comment>
</mime-type>
