<?xml version="1.0" encoding="utf-8"?>
<mime-type xmlns="http://www.freedesktop.org/standards/shared-mime-info" type="image/x-ilbm">
<!--Created automatically by update-mime-database. DO NOT EDIT!-->
  <comment>ILBM image</comment>
  <comment xml:lang="az">ILBM rəsmi</comment>
  <comment xml:lang="bg">Изображение — ILBM</comment>
  <comment xml:lang="ca">imatge ILBM</comment>
  <comment xml:lang="cs">Obrázek ILMB</comment>
  <comment xml:lang="cy">Delwedd ILBM</comment>
  <comment xml:lang="da">ILBM-billede</comment>
  <comment xml:lang="de">ILBM-Bild</comment>
  <comment xml:lang="el">εικόνα ILBM</comment>
  <comment xml:lang="en_GB">ILBM image</comment>
  <comment xml:lang="eo">ILBM-bildo</comment>
  <comment xml:lang="es">imagen ILBM</comment>
  <comment xml:lang="eu">ILBM irudia</comment>
  <comment xml:lang="fi">ILBM-kuva</comment>
  <comment xml:lang="fr">image ILBM</comment>
  <comment xml:lang="hu">ILBM-kép</comment>
  <comment xml:lang="it">Immagine ILBM</comment>
  <comment xml:lang="ja">ILBM 画像</comment>
  <comment xml:lang="ko">ILBM 그림</comment>
  <comment xml:lang="lt">ILBM paveikslėlis</comment>
  <comment xml:lang="ms">Imej ILBM</comment>
  <comment xml:lang="nb">ILBM-bilde</comment>
  <comment xml:lang="nl">ILBM-afbeelding</comment>
  <comment xml:lang="nn">ILMB-bilete</comment>
  <comment xml:lang="pl">Obraz ILBM</comment>
  <comment xml:lang="pt">imagem ILBM</comment>
  <comment xml:lang="pt_BR">Imagem ILBM</comment>
  <comment xml:lang="ru">изображение ILBM</comment>
  <comment xml:lang="sq">Figurë ILBM</comment>
  <comment xml:lang="sr">ILBM слика</comment>
  <comment xml:lang="sv">ILBM-bild</comment>
  <comment xml:lang="uk">Зображення ILBM</comment>
  <comment xml:lang="vi">Ảnh ILBM</comment>
  <comment xml:lang="zh_CN">ILBM 图像</comment>
  <comment xml:lang="zh_TW">ILBM 圖片</comment>
  <acronym>ILBM image</acronym>
  <expanded-acronym>InterLeaved BitMap</expanded-acronym>
</mime-type>
