<?xml version="1.0" encoding="utf-8"?>
<mime-type xmlns="http://www.freedesktop.org/standards/shared-mime-info" type="image/x-tga">
<!--Created automatically by update-mime-database. DO NOT EDIT!-->
  <comment>TGA image</comment>
  <comment xml:lang="bg">Изображение — TGA</comment>
  <comment xml:lang="ca">imatge TGA</comment>
  <comment xml:lang="cs">Obrázek TGA</comment>
  <comment xml:lang="de">TGA-Bild</comment>
  <comment xml:lang="en_GB">TGA image</comment>
  <comment xml:lang="es">imagen TGA</comment>
  <comment xml:lang="eu">TGA irudia</comment>
  <comment xml:lang="fi">TGA-kuva</comment>
  <comment xml:lang="fr">image TGA</comment>
  <comment xml:lang="hu">TGA kép</comment>
  <comment xml:lang="it">Immagine TGA</comment>
  <comment xml:lang="ko">TGA 그림</comment>
  <comment xml:lang="lt">TGA paveikslėlis</comment>
  <comment xml:lang="nb">TGA-bilde</comment>
  <comment xml:lang="nl">TGA-afbeelding</comment>
  <comment xml:lang="nn">TGA-bilete</comment>
  <comment xml:lang="pl">Obraz TGA</comment>
  <comment xml:lang="pt_BR">Imagem TGA</comment>
  <comment xml:lang="sv">TGA-bild</comment>
  <comment xml:lang="uk">Зображення TGA</comment>
  <comment xml:lang="vi">Ảnh TGA</comment>
  <acronym>TGA</acronym>
  <expanded-acronym>Truevision Graphics Adapter</expanded-acronym>
  <alias type="image/x-icb"/>
</mime-type>
