<?xml version="1.0" encoding="utf-8"?>
<mime-type xmlns="http://www.freedesktop.org/standards/shared-mime-info" type="image/x-win-bitmap">
<!--Created automatically by update-mime-database. DO NOT EDIT!-->
  <comment>Windows cursor</comment>
  <comment xml:lang="bg">Курсор — Windows</comment>
  <comment xml:lang="ca">cursor de Windows</comment>
  <comment xml:lang="cs">Kurzor Windows</comment>
  <comment xml:lang="da">Windows-markør</comment>
  <comment xml:lang="de">Windows-Cursor</comment>
  <comment xml:lang="el">δείκτης παραθυρικού περιβάλλοντος</comment>
  <comment xml:lang="en_GB">Windows cursor</comment>
  <comment xml:lang="eo">Windows-kursoro</comment>
  <comment xml:lang="es">cursor de Windows</comment>
  <comment xml:lang="eu">Windows kurtsorea</comment>
  <comment xml:lang="fi">Windows-osoitin</comment>
  <comment xml:lang="fr">curseur Windows</comment>
  <comment xml:lang="hu">Windows-kurzor</comment>
  <comment xml:lang="it">Cursore Windows</comment>
  <comment xml:lang="ja">Windows カーソル</comment>
  <comment xml:lang="ko">윈도우즈 커서</comment>
  <comment xml:lang="lt">Windows žymiklis</comment>
  <comment xml:lang="ms">Kursor Windows</comment>
  <comment xml:lang="nb">Windows-markør</comment>
  <comment xml:lang="nl">Windows-muisaanwijzer</comment>
  <comment xml:lang="nn">Windows-markør</comment>
  <comment xml:lang="pl">Kursor Windows</comment>
  <comment xml:lang="pt">cursor Windows</comment>
  <comment xml:lang="pt_BR">Cursor do Windows</comment>
  <comment xml:lang="ru">курсор Windows</comment>
  <comment xml:lang="sq">Kursor Windows</comment>
  <comment xml:lang="sr">Виндуз курзор</comment>
  <comment xml:lang="sv">Windows-markör</comment>
  <comment xml:lang="uk">Курсор Windows</comment>
  <comment xml:lang="vi">Con chạy Windows</comment>
  <comment xml:lang="zh_CN">Windows 光标</comment>
  <comment xml:lang="zh_TW">Windows 滑鼠指標</comment>
</mime-type>
