<?xml version="1.0" encoding="utf-8"?>
<mime-type xmlns="http://www.freedesktop.org/standards/shared-mime-info" type="audio/x-adpcm">
<!--Created automatically by update-mime-database. DO NOT EDIT!-->
  <comment>PCM audio</comment>
  <comment xml:lang="az">PCM audio faylı</comment>
  <comment xml:lang="bg">Аудио — PCM</comment>
  <comment xml:lang="ca">àudio PCM</comment>
  <comment xml:lang="cs">Zvuk PCM</comment>
  <comment xml:lang="cy">Sain PCM</comment>
  <comment xml:lang="da">PCM-lyd</comment>
  <comment xml:lang="de">PCM-Audio</comment>
  <comment xml:lang="el">ήχος PCM</comment>
  <comment xml:lang="en_GB">PCM audio</comment>
  <comment xml:lang="eo">PCM-aŭdio</comment>
  <comment xml:lang="es">audio PCM</comment>
  <comment xml:lang="eu">PCM audioa</comment>
  <comment xml:lang="fi">PCM-ääni</comment>
  <comment xml:lang="fr">audio PCM</comment>
  <comment xml:lang="hu">PCM hang</comment>
  <comment xml:lang="it">Audio PCM</comment>
  <comment xml:lang="ja">PCM オーディオ</comment>
  <comment xml:lang="ko">PCM 오디오</comment>
  <comment xml:lang="lt">PCM audio</comment>
  <comment xml:lang="ms">Audio PCM</comment>
  <comment xml:lang="nb">PCM-lyd</comment>
  <comment xml:lang="nl">PCM-audio</comment>
  <comment xml:lang="nn">PCM-lyd</comment>
  <comment xml:lang="pl">Plik dźwiękowy PCM</comment>
  <comment xml:lang="pt">áudio PCM</comment>
  <comment xml:lang="pt_BR">Áudio PCM</comment>
  <comment xml:lang="ru">PCM аудио</comment>
  <comment xml:lang="sq">Audio PCM</comment>
  <comment xml:lang="sr">PCM звучни запис</comment>
  <comment xml:lang="sv">PCM-ljud</comment>
  <comment xml:lang="uk">Звук PCM</comment>
  <comment xml:lang="vi">Âm thanh PCM</comment>
  <comment xml:lang="zh_CN">PCM 音频</comment>
  <comment xml:lang="zh_TW">PCM 音效</comment>
</mime-type>
