<?xml version="1.0"?>
<gconf>
        <entry name="template" mtime="1138677113" type="schema" stype="string" owner="evolution-calendar">
        <local_schema locale="nb" short_desc="Ledig/opptatt mal-URL">
                <longdesc>URL-mal som brukes som reserveløsning for ledig/opptatt, %u er erstattet med brukerdelen av e-postadressen og %d er erstattet med domenet.</longdesc>
        </local_schema>
        <local_schema locale="lt" short_desc="„Laisvas/užsiėmęs“ šablono URL">
                <longdesc>URL šablonas naudojamas kaip atsarginis „laisvas/užsiėmęs“ informacijos skelbimo variantas, %u yra pakeičiama naudotojo el. pašto adreso dalimi ir %d yra pakeičiama domenu.</longdesc>
        </local_schema>
        <local_schema locale="gu" short_desc="મુક્ત/વ્યસ્ત ટેમ્પલેટ URL">
                <longdesc>મુક્ત/વ્યસ્ત માહિતી ફોલબેક તરીકે વાપરવાની URL ટેમ્પલેટ, %u એ મેઈલ સરનામાના વપરાશકર્તા ભાગથી બદલાઈ જશે અને %d એ ડોમેઈન દ્વારા બદલાઈ જશે.</longdesc>
        </local_schema>
        <local_schema locale="nl" short_desc="Vrij/bezet sjabloon-URL">
                <longdesc>De URL-sjabloon die gebruikt wordt als vrij/bezet fallback, %u wordt vervangen door het gebruikersnaam-deel van het mailadres en %d wordt vervangen door het domein.</longdesc>
        </local_schema>
        <local_schema locale="sr@Latn" short_desc="Model adresa za slobodno/zauzeto vreme">
                <longdesc>Model adrese za korišćenje u povraćaju vremena slobodno/zauzeto, %u se zamenjuje korisničkim delom elektronske adrese, a %d domenom.</longdesc>
        </local_schema>
        <local_schema locale="ko" short_desc="약속 있음/없음 템플리트 URL">
                <longdesc>약속 있음/없음 데이터 대체품으로 사용할 URL 템플리트, %u은(는) 전자메일 주소의 사용자 부분, %d은(는) 도메인으로 바뀝니다.</longdesc>
        </local_schema>
        <local_schema locale="ja" short_desc="Free/Busy テンプレートの URL">
                <longdesc>Free/Busy データの代替えとして使用する URL テンプレートでは、%u をメール・アドレスのユーザ部分で、%d をドメイン名でそれぞれ置き換えられます。</longdesc>
        </local_schema>
        <local_schema locale="bg" short_desc="Шаблон за адрес-УРЛ свободен/зает">
                <longdesc>Шаблонът за адреси-УРЛ за състояние свободен/зает, %u се заменя с потребителската част от адреса на е-поща, а %d се заменя от домейна.</longdesc>
        </local_schema>
        <local_schema locale="sr" short_desc="Модел адреса за слободно/заузето време">
                <longdesc>Модел адресе за коришћење у повраћају времена слободно/заузето, %u се замењује корисничким делом електронске адресе, а %d доменом.</longdesc>
        </local_schema>
        <local_schema locale="el" short_desc="Url προτύπου διαθεσιμότητας">
                <longdesc>Το πρότυπο url για χρήση ως free/busy data fallback, το  %u αντικαθίσταται από το κομμάτι χρήστη της διεύθυνσης email και το %d αντικαθίσταται από το τομέα.</longdesc>
        </local_schema>
        <local_schema locale="zh_CN" short_desc="忙/闲模板 URL">
                <longdesc>用作忙/闲数据发布的 URL 模板，%u 将替换为电子邮件的用户部分，而 %d 将替换为域名。</longdesc>
        </local_schema>
        <local_schema locale="et" short_desc="Vaba/hõivatud malli URL">
        </local_schema>
        <local_schema locale="en_CA" short_desc="Free/busy template URL">
                <longdesc>The URL template to use as a free/busy data fallback. %u is replaced by the user part of the mail address and %d is replaced by the domain.</longdesc>
        </local_schema>
        <local_schema locale="zh_HK" short_desc="空閒/忙碌範本網址">
                <longdesc>要做為空閒/忙碌資料回饋之用的網址範本，%u 要以電郵位址的使用者部分來取代，而 %d 要替換為網域名稱。</longdesc>
        </local_schema>
        <local_schema locale="vi" short_desc="Địa chỉ Mạng mẫu Rảnh/Bận">
                <longdesc>Mẫu địa chỉ Mạng cần dùng là dữ liệu Rảnh/Bận phục hồi: « %u » được thay thế bằng phần người dùng của địa chỉ thư, và « %d » được thay thế bằng miền của địa chỉ.</longdesc>
        </local_schema>
        <local_schema locale="no" short_desc="Ledig/opptatt mal-URL">
                <longdesc>URL-mal som brukes som reserveløsning for ledig/opptatt, %u er erstattet med brukerdelen av e-postadressen og %d er erstattet med domenet.</longdesc>
        </local_schema>
        <local_schema locale="gl" short_desc="URL do modelo de dispoñibilidade">
                <longdesc>O modelo url para usar como datos de resgardo de dispoñibilidade, %u reemprázase pola parte de usuario do enderezo de correo e %d reemprázase polo dominio.</longdesc>
        </local_schema>
        <local_schema locale="es" short_desc="URL de la plantilla de disponibilidad">
                <longdesc>La plantilla URL para usar como datos de resguardo de disponibilidad, %u se reemplaza por la parte del usuario de la dirección de correo y %d se reemplaza por el dominio.</longdesc>
        </local_schema>
        <local_schema locale="C" short_desc="Free/busy template URL">
                <longdesc>The URL template to use as a free/busy data fallback, %u is replaced by the user part of the mail address and %d is replaced by the domain.</longdesc>
        </local_schema>
        <local_schema locale="zh_TW" short_desc="空閒/忙碌範本網址">
                <longdesc>要做為空閒/忙碌資料回饋之用的網址範本，%u 要以郵件位址的使用者部分來取代，而 %d 要替換為網域名稱。</longdesc>
        </local_schema>
        <local_schema locale="nn" short_desc="Ledig/oppteken-mal-adresse">
                <longdesc>Adressemalen å bruka som standardverdi for ledig/oppteken-data. «%u» vert erstatta av brukar-delen av e-post-adressa, og «%d» vert erstatta av domenet.</longdesc>
        </local_schema>
        <local_schema locale="fi" short_desc="Vapaa/varattu-mallin URL">
                <longdesc>URL-malli, jota käytetään vapaa/varattu tiedon varaosoitteena. %u korvataan sähköpostiosoitteen käyttäjäosalla ja %d aluenimellä.</longdesc>
        </local_schema>
        </entry>
        <entry name="uris" mtime="1138677113" type="schema" stype="list" owner="evolution-calendar" list_type="string">
        <local_schema locale="nb" short_desc="Tjener-URLer for ledig/opptatt-informasjon">
                <longdesc>Liste over tjener-URLer for publisering av ledig/opptatt tid.</longdesc>
        </local_schema>
        <local_schema locale="lt" short_desc="„Laisvas/užsiėmęs“ serverio URL">
                <longdesc>Sąrašas serverių URL skirtų „laisvas/užsiėmęs“ informacijos skelbimui.</longdesc>
        </local_schema>
        <local_schema locale="gu" short_desc="મુક્ત/વ્યસ્ત સર્વર URL">
                <longdesc>મુક્ત/વ્યસ્ત પ્રકાશનો માટેની સર્વર URL ની યાદી</longdesc>
        </local_schema>
        <local_schema locale="nl" short_desc="Vrij/bezet server-URLs">
                <longdesc>Lijst met server-URLs voor vrij/bezet publicatie.</longdesc>
        </local_schema>
        <local_schema locale="sr@Latn" short_desc="Adrese servera za slobodno/zauzeto vreme">
                <longdesc>Spisak adresa servera za objavljivanje slobodnog/zauzetog vremena.</longdesc>
        </local_schema>
        <local_schema locale="ko" short_desc="약속 있음/없음 서버 URL">
                <longdesc>약속 있음/없음 정보를 게시할 서버 URL 목록.</longdesc>
        </local_schema>
        <local_schema locale="ja" short_desc="Free/Busy サーバの URL">
                <longdesc>Free/Busy として公開するサーバ URL の並びです。</longdesc>
        </local_schema>
        <local_schema locale="bg" short_desc="Адрес-УРЛ на сървър свободен/зает">
                <longdesc>Списък с адресите-УРЛ за публикуване свободен/зает.</longdesc>
        </local_schema>
        <local_schema locale="sr" short_desc="Адресе сервера за слободно/заузето време">
                <longdesc>Списак адреса сервера за објављивање слободног/заузетог времена.</longdesc>
        </local_schema>
        <local_schema locale="el" short_desc="Urls διαθεσιμότητας εξυπηρετητή">
                <longdesc>Λίστα από urls εξυπηρετητών για δημοσιοποίηση διαθεσιμότητας.</longdesc>
        </local_schema>
        <local_schema locale="zh_CN" short_desc="忙/闲服务器 URL">
                <longdesc>列出发表忙/闲的服务器 URL。</longdesc>
        </local_schema>
        <local_schema locale="et" short_desc="Vaba/hõivatud serveri URL">
                <longdesc>Serveri url-ide loend vaba/hõivatud andmete avaldamiseks.</longdesc>
        </local_schema>
        <local_schema locale="en_CA" short_desc="Free/busy server URLs">
                <longdesc>List of server URLs for free/busy publishing.</longdesc>
        </local_schema>
        <local_schema locale="zh_HK" short_desc="空閒/忙碌伺服器網址">
                <longdesc>用於空閒/忙碌發佈的伺服器 URL 清單。</longdesc>
        </local_schema>
        <local_schema locale="vi" short_desc="Địa chỉ Mạng của máy phục vụ Rảnh/Bận">
                <longdesc>Danh sách các địa chỉ Mạng kiểu máy phục vụ để xuất bản thông tin Rảnh/Bận.</longdesc>
        </local_schema>
        <local_schema locale="no" short_desc="Tjener-URLer for ledig/opptatt-informasjon">
                <longdesc>Liste over tjener-URLer for publisering av ledig/opptatt tid.</longdesc>
        </local_schema>
        <local_schema locale="gl" short_desc="URLs do servidor de dispoñibilidade">
                <longdesc>Lista de URLs do servidor para publicación de dispoñibilidade.</longdesc>
        </local_schema>
        <local_schema locale="es" short_desc="URLs del servidor de disponibilidad">
                <longdesc>Lista de URLs del servidor para publicación de disponibilidad.</longdesc>
        </local_schema>
        <local_schema locale="C" short_desc="Free/busy server URLs">
                <default type="list" ltype="string">
                </default>
                <longdesc>List of server URLs for free/busy publishing.</longdesc>
        </local_schema>
        <local_schema locale="zh_TW" short_desc="空閒/忙碌伺服器網址">
                <longdesc>用於空閒/忙碌發佈的伺服器 URL 清單。</longdesc>
        </local_schema>
        <local_schema locale="nn" short_desc="Ledig/oppteken-tenar-adresser">
                <longdesc>Liste over tenaradresser til ledig/oppteken-offentleggjering.</longdesc>
        </local_schema>
        <local_schema locale="fi" short_desc="Vapaa/varattu palvelinten URLit">
                <longdesc>Osoitteet URLeista, joissa julkaistaan vapaa/varattu tietoja.</longdesc>
        </local_schema>
        </entry>
</gconf>
