<Root>
	<commands>
                <cmd name="ViewRole" _label="R_ole Field"
		_tip="Toggles whether the Role field is displayed"
		type="toggle" state="0"/>
		
		<cmd name="ViewRSVP" _label="_RSVP"
		_tip="Toggles whether the RSVP field is displayed"
		type="toggle" state="0"/>
			    
		<cmd name="ViewType" _label="_Type Field"
		_tip="Toggles whether the Attendee Type field is displayed"
		type="toggle" state="0"/>		

		<cmd name="ViewStatus" _label="_Status Field"
		_tip="Toggles whether the Status field is displayed"
		type="toggle" state="0"/>

		<cmd name="ViewTimeZone" _label="Time _Zone"
		_tip="Toggles whether the time zone is displayed"
		type="toggle" state="0" pixtype="pixbuf"/>

		<cmd name="ViewCategories" _label="_Categories"
		_tip="Toggles whether to display categories"
		type="toggle" state="0"/>

    		<cmd name="ActionClassPublic" _label="Pu_blic" 
      		type="radio" group="class" _tip="Classify as public"/>

 	 	<cmd name="ActionClassPrivate" _label="_Private" 
      		type="radio" group="class" _tip="Classify as Private"/>

    		<cmd name="ActionClassConfidential" _label="_Confidential" 
		type="radio" group="class" _tip="Classify as Confidential"/>
		
		<cmd name="OptionStatus" 
			_tip="Click change / view the status details of the task" accel="*Control*t" pixtype="pixbuf"/>
		<cmd name="InsertSendOptions" _label="_Send Options"
		_tip="Insert advanced send options"/>
	
	</commands>

  <menu>
    <submenu name="View">
      <placeholder name="AttendeeOptions">
      	<menuitem name="ViewType" verb="" />
	<menuitem name="ViewStatus" verb="" />
      	<menuitem name="ViewRole" verb="" />
	<menuitem name="ViewRSVP" verb="" />
        <separator f="" name="timezonesep"/>	
	<menuitem name="ViewTimeZone" verb=""/>
	<menuitem name="ViewCategories" verb=""/>	
      </placeholder>
    </submenu>
    <submenu  name="Insert">
	    <menuitem name="InsertSendOptions" verb="" _label="Send Options"/>	    
    </submenu>
    <submenu name="Options">
	    <submenu name="Classification" _label="_Classification">
		    <menuitem name="ActionClassPublic" id="ActionClassPublic" verb=""/>
		    <menuitem name="ActionClassPrivate" id="ActionClassPrivate" verb=""/>
		    <menuitem name="ActionClassConfidential" id="ActionClassConfidential" verb=""/>
	    </submenu>
	      <menuitem name="OptionStatus" verb="" _label="_Status Details"/>	    
    </submenu>
  </menu>

  <dockitem name="Toolbar">
	  <toolitem name="ViewTimeZone" verb="" _label="Time Zone" pixtype="pixbuf"/>	  
 	  <toolitem name="OptionStatus" verb="" _label="Status Details" pixtype="pixbuf"/>
  </dockitem>

</Root>
