<Root>
  <commands>

    <cmd name="EditCut"
     _tip="Cut selected text to the clipboard"
     accel="*Control*x" pixtype="pixbuf"/>

    <cmd name="EditCopy"
     _tip="Copy selected text to the clipboard"
     accel="*Control*c" pixtype="pixbuf"/>

    <cmd name="EditPaste"
     _tip="Paste text from the clipboard"
     accel="*Control*v" pixtype="pixbuf"/>

    <cmd name="EditSelectAll"
     _tip="Select all text"
     accel="*Control*a"/>

  </commands>

  <menu>
      <submenu name="Edit" _label="_Edit">
	<placeholder name="EditCutCopyPaste">
          <menuitem name="EditCut" verb="" _label="Cu_t"/>
          <menuitem name="EditCopy" verb="" _label="_Copy"/>
          <menuitem name="EditPaste" verb="" _label="_Paste"/>
          <separator/>
	  <menuitem name="EditSelectAll" verb="" _label="Select _All"/>
        </placeholder>
      </submenu>
  </menu>

  <dockitem name="Toolbar">
 	<toolitem name="EditCut" verb=""  _label="Cut" _tip="Cut selection to clipboard"/>
	<toolitem name="EditCopy" verb=""  _label="Copy" _tip="Copy selection to clipboard"/>
	<toolitem name="EditPaste" verb=""  _label="Paste" _tip="Paste from clipboard"/>
  </dockitem>

</Root>
