<Root>
  <commands>
    <cmd name="OpenNewWindow" _label="New _Window"
      _tip="Create a new window displaying this folder"
      accel="*Control**Shift*w"/>

    <cmd name="FilePageSetup" _label="Page Set_up..." _tip="Set up the page settings for your current printer"/>

    <cmd name="FileClose" _label="_Close Window" _tip="Close this window"
      accel="*Control*w"/>

    <cmd name="FileExit" _label="_Quit" _tip="Exit the program"
      accel="*Control*q"/>

    <cmd name="ViewButtonsIconText" _label="Icons _and Text" 
      type="radio" group="button_display" _tip="Display window buttons with icons and text"/>

    <cmd name="ViewButtonsIcon" _label="_Icons Only" 
      type="radio" group="button_display" _tip="Display window buttons with icons only"/>

    <cmd name="ViewButtonsText" _label="_Text Only" 
      type="radio" group="button_display" _tip="Display window buttons with text only"/>

    <cmd name="ViewButtonsToolbar" _label="Tool_bar Style" 
      type="radio" group="button_display" _tip="Display window buttons using the desktop toolbar setting"/>

    <cmd name="ViewButtonsHide" _label="_Hide Buttons" 
      type="toggle" _tip="Hide window buttons"/>

    <cmd name="ViewToolbar" _label="Show _Toolbar" type="toggle"
      _tip="Change the visibility of the toolbar" state="1"/>

    <cmd name="ViewStatusBar" _label="Show _Status Bar" type="toggle"
      _tip="View/Hide the Status Bar" state="1"/>

    <cmd name="ViewSideBar" _label="Show Side _Bar" type="toggle"
      _tip="View/Hide the Side Bar" state="1"/>

    <cmd name="HelpSubmitBug" _label="Submit Bug Report"
      _tip="Submit a bug report using Bug Buddy"/>

    <cmd name="HelpOpenFAQ" _label="_Frequently Asked Questions" 
      _tip="Open the Frequently Asked Questions webpage"/>

    <cmd name="SendReceive"
     _tip="Send queued items and retrieve new items"
     pixtype="pixbuf"/>

    <cmd name="ForgetPasswords"
     _tip="Forget remembered passwords so you will be prompted for them again"/>

    <cmd name="Settings" pixtype="stock" pixname="gtk-preferences"/>

    <cmd name="ToggleOffline" 
      _label="_Work Offline"
      _tip="Toggle whether we are working offline."/>

    <cmd name="HelpAbout" _label="About Evolution..."
      _tip="Show information about Evolution"
      pixtype="stock" pixname="gtk-about"/>
  </commands>

  <menu>
    <submenu name="File" _label="_File">
      <submenu name="New" _label="_New" pixtype="stock" pixname="gtk-new">
	<placeholder name="ComponentItems"/>
      </submenu>

      <menuitem name="OpenNewWindow" verb="" pixtype="pixbuf"/>

      <separator f="" name="eshell4"/>
      
      <menuitem name="SendReceive" verb="" _label="Send / _Receive"
	pixtype="pixbuf" accel="F9"/>

      <placeholder name="FileOps"/>

      <separator f="" name="eshell1"/>
      
      <menuitem name="FileImporter" verb=""
	_label="I_mport..."
	_tip="Import data from other programs"
	pixtype="pixbuf"/>

      <placeholder name="Print" delimit="top">
        <menuitem name="FilePageSetup" verb="" pixtype="pixbuf"/>
      </placeholder>

<!--
      <placeholder name="ComponentPlaceholder"/>
-->

      <separator f="" name="eshell5"/>

      <placeholder name="EmptyTrashPlaceholder"/>


      <menuitem name="ForgetPasswords" verb="" _label="_Forget Passwords"/>

      <menuitem name="ToggleOffline" verb=""
	_label="_Work Offline"
	pixtype="pixbuf"/>
      
      <menuitem name="FileClose" verb=""
	_label="_Close Window"
        pixtype="pixbuf"/>

      <menuitem name="FileExit" verb="FileExit"
	pixtype="pixbuf"/>
    </submenu>

    <submenu name="Edit" _label="_Edit">
      <placeholder name="EditPlaceholder"/>
      <separator/>
      <menuitem name="PilotSettings" verb="" _label="_Synchronization Options..." _tip="Set up Pilot configuration"/>
      <placeholder name="MailFilterTools"/>
      <placeholder name="MailVFolderTools"/>

      <placeholder name="PluginManagerPlaceholder"/>

      <menuitem name="Settings" verb="" _label="Prefere_nces" _tip="Change Evolution's settings" accel="*Control**Shift*s"/>
    </submenu>

    <submenu name="View" _label="_View">
      <placeholder name="ViewBegin"/>
      <submenu name="Window" _label="_Window"/>
      <submenu name="layout" _label="Lay_out">
      <menuitem name="ViewToolbar" id="ViewToolbar" verb=""/>
      <menuitem name="ViewStatusBar" id="ViewStatusBar"/>
      <menuitem name="ViewSideBar" id="ViewSideBar"/>
      </submenu>
      <placeholder name="ViewPreview"/>
      <submenu name="Buttons" _label="_Switcher Appearance">
            <menuitem name="ViewButtonsIconText" id="ViewButtonsIconText" verb=""/>
            <menuitem name="ViewButtonsIcon" id="ViewButtonsIcon" verb=""/>
            <menuitem name="ViewButtonsText" id="ViewButtonsText" verb=""/>
            <menuitem name="ViewButtonsGnome" id="ViewButtonsToolbar" verb=""/>
            <separator f="" name="Switcher1"/>
            <menuitem name="ViewButtonsHide" id="ViewButtonsHide" verb=""/>
      </submenu>
      <placeholder name="ViewAfterControl"/>
    </submenu>

    <placeholder name="FolderPlaceholder">
    </placeholder>

    <placeholder name="MessagePlaceholder">
    </placeholder>

    <placeholder name="ActionsPlaceholder">
    </placeholder>

    <placeholder name="SearchPlaceholder">
    </placeholder>

    <submenu name="Help" _label="_Help">

      <placeholder name="BuiltMenuItems"/>

      <menuitem name="QuickReference" verb=""
        _label="_Quick Reference"/>

      <separator f="" name="eshell2"/>
      <placeholder name="PlaceHolderDebug"/>

      <menuitem name="HelpOpenFAQ" verb=""
	_label="Evolution _FAQ"/> 

      <menuitem name="HelpSubmitBug" verb=""
	_label="Submit _Bug Report"/>

      <separator f="" name="eshell4"/>

      <menuitem name="HelpAbout" verb=""
	_label="_About"/>

    </submenu>
  </menu>

  <dockitem name="Toolbar" relief="none" behavior="exclusive" config="0" _tip="Main toolbar" look="system">
    <control name="NewComboButton"/>
    <separator f="" name="eshell4"/>

    <toolitem name="SendReceive" verb="SendReceive"
     _label="Send / Receive" priority="1"
     pixtype="pixbuf"/>

    <separator f="" name="global1"/>

  </dockitem>

  <popups>
    <popup name="NewPopup">
    	<placeholder name="ComponentItems"/>
    </popup>
  </popups>

</Root>
