<?xml version="1.0"?>
<gconf>
        <entry name="sync_interval" mtime="1231173760" schema="/schemas/apps/evolution/mail/sync_interval"/>
        <entry name="send_recv_width" mtime="1231173760" schema="/schemas/apps/evolution/mail/send_recv_width"/>
        <entry name="send_recv_maximized" mtime="1231173760" schema="/schemas/apps/evolution/mail/send_recv_maximized"/>
        <entry name="send_recv_height" mtime="1231173760" schema="/schemas/apps/evolution/mail/send_recv_height"/>
        <entry name="save_dir" mtime="1231173760" schema="/schemas/apps/evolution/mail/save_dir"/>
        <entry name="licenses" mtime="1231173760" schema="/schemas/apps/evolution/mail/licenses"/>
        <entry name="accounts" mtime="1231173760" schema="/schemas/apps/evolution/mail/accounts"/>
        <entry name="default_account" mtime="1231173760" schema="/schemas/apps/evolution/mail/default_account"/>
        <entry name="labels" mtime="1231173759" schema="/schemas/apps/evolution/mail/labels"/>
</gconf>
