<?xml version="1.0"?>
<gconf>
        <entry name="default_reminder_units" mtime="1138677113" type="schema" stype="string" owner="evolution-calendar">
        <local_schema locale="pt" short_desc="Unidades do lembrete por omissão">
                <longdesc>Unidades para um lembrete por omissão, &quot;minutes&quot;, &quot;hours&quot; ou &quot;days&quot;.</longdesc>
        </local_schema>
        <local_schema locale="zh_HK" short_desc="預設提醒的單位">
                <longdesc>預設提醒單位，「分鐘」、「小時」或「日」。</longdesc>
        </local_schema>
        <local_schema locale="uk" short_desc="Типові одиниці нагадування">
                <longdesc>Типові одиниці нагадування, &quot;minutes&quot;, &quot;hours&quot; чи &quot;days&quot;.</longdesc>
        </local_schema>
        <local_schema locale="en_CA" short_desc="Default reminder units">
                <longdesc>Units for a default reminder, &quot;minutes&quot;, &quot;hours&quot; or &quot;days&quot;.</longdesc>
        </local_schema>
        <local_schema locale="ne" short_desc="पूर्वनिर्धारित सम्झाउने इकाइहरू">
                <longdesc>पूर्व निर्धारित सम्झाउनीका लागि इकाईहरू, &quot;मिनेटहरू&quot;, &quot;घण्टाहरू&quot; वा &quot;दिनहरू&quot;.</longdesc>
        </local_schema>
        <local_schema locale="bg" short_desc="Стандартни единици за напомняне">
                <longdesc>Мерни единици в подразбиращото се напомняне - „минути“, „часове“ или „дни“.</longdesc>
        </local_schema>
        <local_schema locale="zh_CN" short_desc="默认提醒单位">
                <longdesc>默认提醒的单位，可为“minutes”，“hours”或“days”。</longdesc>
        </local_schema>
        <local_schema locale="be" short_desc="Прадвызначаныя адзінкі нагадваньня ">
                <longdesc>Прадвызначаныя адзінкі нагадваньня, &quot;minutes&quot;, &quot;hours&quot; ці &quot;days&quot;.</longdesc>
        </local_schema>
        <local_schema locale="C" short_desc="Default reminder units">
                <default type="string">
                        <stringvalue></stringvalue>
                </default>
                <longdesc>Units for a default reminder, &quot;minutes&quot;, &quot;hours&quot; or &quot;days&quot;.</longdesc>
        </local_schema>
        <local_schema locale="nb" short_desc="Forvalgt enhet for påminnelser">
                <longdesc>Enhet for forvalgt påminnelse. «minutes», «hours», eller «days».</longdesc>
        </local_schema>
        <local_schema locale="pt_BR" short_desc="Unidades de lembrete padrão">
                <longdesc>Unidades para um lembrete padrão, &quot;minutos&quot;, &quot;horas ou &quot;dias&quot;.</longdesc>
        </local_schema>
        <local_schema locale="et" short_desc="Meeldetuletaja vaikimisi ühikud">
        </local_schema>
        <local_schema locale="pl" short_desc="Domyślne jednostki przypomnienia">
                <longdesc>Jednostki dla domyślnego przypomnienia, &quot;minutes&quot; (minuty), &quot;hours&quot; (godziny) lub &quot;days&quot; (dni).</longdesc>
        </local_schema>
        <local_schema locale="es" short_desc="Unidades predeterminadas del recordatorio">
                <longdesc>Unidades para el recordatorio predeterminado, &quot;minutes&quot;, &quot;hours&quot; o &quot;days&quot;.</longdesc>
        </local_schema>
        <local_schema locale="vi" short_desc="Đơn vị nhắc nhở mặc định">
                <longdesc>Đơn vị cho bộ nhắc nhở mặc định: « phút », « giờ » hay « ngày ».</longdesc>
        </local_schema>
        <local_schema locale="ru" short_desc="Единицы напоминания по умолчанию">
                <longdesc>Единицы напоминания по умолчанию, &quot;minutes&quot;, &quot;hours&quot; или &quot;days&quot;.</longdesc>
        </local_schema>
        <local_schema locale="ko" short_desc="기본 미리 알림 단위">
                <longdesc>기본 미리 알림의 단위, &quot;minutes&quot;, &quot;hours&quot; 혹은 &quot;days&quot;.</longdesc>
        </local_schema>
        <local_schema locale="lt" short_desc="Numatytieji priminimo vienetai">
                <longdesc>Numatytojo priminimo vienetai, „minutes“, „hours“ arba „days“.</longdesc>
        </local_schema>
        <local_schema locale="ca" short_desc="Unitats predeterminades del recordatori">
                <longdesc>Unitats per al recordatori, &quot;minuts&quot;, &quot;hores&quot; o &quot;dies&quot;.</longdesc>
        </local_schema>
        <local_schema locale="sv" short_desc="Standardpåminnelseenheter">
                <longdesc>Enheter för en standardpåminnelse, &quot;minutes&quot; (minuter), &quot;hours&quot; (timmar) eller &quot;days&quot; (dagar).</longdesc>
        </local_schema>
        <local_schema locale="el" short_desc="Προκαθορισμένο μονάδες υπενθύμισης">
                <longdesc>Μονάδες για μια προεπιλεγμένη υπενθύμιση. &quot;λεπτά&quot;, &quot;ώρες&quot; or &quot;ημέρες&quot;.</longdesc>
        </local_schema>
        <local_schema locale="fr" short_desc="Unités par défaut du rappel">
                <longdesc>Unités pour le rappel par défaut, « minutes », « hours » ou « days ».</longdesc>
        </local_schema>
        <local_schema locale="ro" short_desc="Unităţile implicite pentru reamintire">
                <longdesc>Unităţi pentru reamintirea implicită, „minutes”, „hours” sau „days”.</longdesc>
        </local_schema>
        <local_schema locale="de" short_desc="Einheit der Vorgabeerinnerung">
                <longdesc>Einheit für eine Vorgabeerinnerung (»minutes«, »hours« oder »days«).</longdesc>
        </local_schema>
        <local_schema locale="sr@Latn" short_desc="Podrazumevane jedinice podsetnika">
                <longdesc>Jedinice za podrazumevani podsetnik, „minuti“, „sati“ ili „dani“.</longdesc>
        </local_schema>
        <local_schema locale="pa" short_desc="ਮੂਲ ਯਾਦ-ਪੱਤਰ ਇਕਾਈਆਂ">
                <longdesc>ਮੂਲ ਯਾਦਪੱਤਰਾਂ ਲਈ ਇਕਾਈਆਂ ਹਨ, &quot;ਮਿੰਟ&quot;, &quot;ਘੰਟੇ&quot; or &quot;ਦਿਨ&quot;</longdesc>
        </local_schema>
        <local_schema locale="gu" short_desc="મૂળભુત યાદ અપાવનાર એકમો">
                <longdesc>મૂળભુત યાદ અપાવનાર માટેના એકમો, &quot;મિનિટો&quot;, &quot;કલાકો&quot; અથવા &quot;દિવસો&quot;.</longdesc>
        </local_schema>
        <local_schema locale="sr" short_desc="Подразумеване јединице подсетника">
                <longdesc>Јединице за подразумевани подсетник, „минути“, „сати“ или „дани“.</longdesc>
        </local_schema>
        <local_schema locale="ja" short_desc="リマインダの単位 (デフォルト)">
                <longdesc>デフォルトのリマインダの単位 (&quot;minutes&quot;、&quot;hours&quot; または &quot;days&quot;) です。</longdesc>
        </local_schema>
        <local_schema locale="sq" short_desc="Njësia e prezgjedhur e prekujtesës">
                <longdesc>Njësitë për përkujtuesin e prezgjedhur, &quot;minutes&quot;, &quot;hours&quot; ose &quot;days&quot;.</longdesc>
        </local_schema>
        <local_schema locale="da" short_desc="Standard-påmindelsesenheder">
                <longdesc>Enheder for en forvalgt påmindelse, &quot;minutes&quot;, &quot;hours&quot; eller &quot;days&quot;.</longdesc>
        </local_schema>
        <local_schema locale="zh_TW" short_desc="預設提醒的單位">
                <longdesc>預設提醒單位，「分鐘」、「小時」或「日」。</longdesc>
        </local_schema>
        <local_schema locale="fi" short_desc="Muistutusten oletusyksikkö">
                <longdesc>Oletusmuistutusten yksikkö, &quot;minutes&quot;, &quot;hours&quot; tai &quot;days&quot;.</longdesc>
        </local_schema>
        <local_schema locale="hu" short_desc="Emlékeztető alapértelmezett egységei">
                <longdesc>Az alapértelmezett emlékeztetőhöz használt időegység, lehetséges értékek: &quot;minutes&quot; (perc), &quot;hours&quot; (óra) vagy &quot;days&quot; (nap).</longdesc>
        </local_schema>
        <local_schema locale="tr" short_desc="Öntanımlı hatırlatıcı birimleri">
                <longdesc>Öntanımlı hatırlatıcı için birimler, &quot;minutes&quot;, &quot;hours&quot; ya da &quot;days&quot;.</longdesc>
        </local_schema>
        <local_schema locale="en_GB" short_desc="Default reminder units">
                <longdesc>Units for a default reminder, &quot;minutes&quot;, &quot;hours&quot; or &quot;days&quot;.</longdesc>
        </local_schema>
        <local_schema locale="cy" short_desc="Unedau atgoffa rhagosodedig">
                <longdesc>Unedau nodyn atgoffa rhagosodedig, &quot;munudau&quot;, &quot;oriau&quot; neu &quot;dyddiau&quot;.</longdesc>
        </local_schema>
        <local_schema locale="gl" short_desc="Unidades predeterminadas do recordatorio">
                <longdesc>Unidades para o recordatorio predeterminado, &quot;minutes&quot;, &quot;hours&quot; ou &quot;days&quot;.</longdesc>
        </local_schema>
        <local_schema locale="no" short_desc="Forvalgt enhet for påminnelser">
                <longdesc>Enhet for forvalgt påminnelse. «minutes», «hours», eller «days».</longdesc>
        </local_schema>
        <local_schema locale="nn" short_desc="Standard påminningseining">
                <longdesc>Einingar for standard påminnar, «minutt», «timar» eller «dagar».</longdesc>
        </local_schema>
        <local_schema locale="it" short_desc="Unità predefinta promemoria">
                <longdesc>Unità di tempo per un promemoria predefinito: &quot;minutes&quot;, &quot;hours&quot; o &quot;days&quot;.</longdesc>
        </local_schema>
        <local_schema locale="bn" short_desc="তাগাদার জন্য ব্যবহৃত ডিফল্ট মানক">
                <longdesc>ডিফল্ট তাগাদা ব্যবস্থায় ব্যবহৃত একক, &quot;মিনিট&quot;, &quot;ঘন্টা&quot; অথবা &quot;দিন&quot;।</longdesc>
        </local_schema>
        <local_schema locale="fa" short_desc="واحد یادآور پیش‌فرض">
        </local_schema>
        <local_schema locale="nl" short_desc="Standaard herinneringseenheden">
                <longdesc>Eenheid voor een standaard-herinnering, &quot;minuten&quot;, &quot;uren&quot; of &quot;dagen&quot;.</longdesc>
        </local_schema>
        <local_schema locale="cs" short_desc="Implicitní jednotka připomínky">
                <longdesc>Jednotky implicitní připomínky, &quot;minutes&quot;, &quot;hours&quot; nebo &quot;days&quot;.</longdesc>
        </local_schema>
        <local_schema locale="th" short_desc="หน่วยเตือนความจำปริยาย">
                <longdesc>หน่วยสำหรับการเตือนความจำโดยปริยาย &quot;นาที&quot;, &quot;ชั่วโมง&quot; หรือ &quot;วัน&quot;.</longdesc>
        </local_schema>
        </entry>
        <entry name="default_reminder_interval" mtime="1138677113" type="schema" stype="int" owner="evolution-calendar">
        <local_schema locale="pt" short_desc="Valor do lembrete por omissão">
        </local_schema>
        <local_schema locale="zh_HK" short_desc="預設提醒的數值">
                <longdesc>決定預設提醒的單位數目。</longdesc>
        </local_schema>
        <local_schema locale="uk" short_desc="Типове значення нагадування">
        </local_schema>
        <local_schema locale="en_CA" short_desc="Default reminder value">
                <longdesc>Number of units for determining a default reminder.</longdesc>
        </local_schema>
        <local_schema locale="ne" short_desc="पूर्वनिर्धारित सम्झाउनीको मान">
        </local_schema>
        <local_schema locale="bg" short_desc="Единици на стандартното напомняне">
                <longdesc>Брой единици за определяне на стандартно напомняне.</longdesc>
        </local_schema>
        <local_schema locale="zh_CN" short_desc="默认提醒值">
                <longdesc>确定默认提醒的单位数量。</longdesc>
        </local_schema>
        <local_schema locale="be" short_desc="Прадвызначанае значэньне нагадваньня">
        </local_schema>
        <local_schema locale="C" short_desc="Default reminder value">
                <default type="int" value="15">
                </default>
                <longdesc>Number of units for determining a default reminder.</longdesc>
        </local_schema>
        <local_schema locale="nb" short_desc="Forvalgt verdi for påminnelse">
                <longdesc>Antall enheter for å bestemme en forvalgt påminnelse.</longdesc>
        </local_schema>
        <local_schema locale="pt_BR" short_desc="Valor de lembrete padrão">
        </local_schema>
        <local_schema locale="et" short_desc="Meeldetuletaja vaikimisi väärtus">
        </local_schema>
        <local_schema locale="pl" short_desc="Domyślna wartość przypomnienia">
        </local_schema>
        <local_schema locale="es" short_desc="Valor predeterminado del recordatorio">
                <longdesc>Número de unidades para determinar un recordatorio predeterminado.</longdesc>
        </local_schema>
        <local_schema locale="vi" short_desc="Giá trị nhắc nhở mặc định">
                <longdesc>Tổng số đơn vị để quyết định lúc nào nhắc nhở mặc định.</longdesc>
        </local_schema>
        <local_schema locale="ru" short_desc="Значение напоминания по умолчанию">
        </local_schema>
        <local_schema locale="ko" short_desc="기본 미리 알림 값">
                <longdesc>기본 미리 알림 여부를 결정할 단위의 수.</longdesc>
        </local_schema>
        <local_schema locale="lt" short_desc="Numatytoji priminimo reikšmė">
                <longdesc>Vienetų skaičius nurodantis numatytąjį priminimą.</longdesc>
        </local_schema>
        <local_schema locale="ca" short_desc="Valor predeterminat del recordatori">
        </local_schema>
        <local_schema locale="sv" short_desc="Standardpåminnelsevärde">
        </local_schema>
        <local_schema locale="el" short_desc="Προεπιλεγμένης τιμή υπενθύμισης">
                <longdesc>Αριθμός μονάδων για το καθορισμό της προεπιλεγμένης υπενθύμισης.</longdesc>
        </local_schema>
        <local_schema locale="fr" short_desc="Valeur par défaut du rappel">
        </local_schema>
        <local_schema locale="ro" short_desc="Valoarea implicită pentru reamintire">
        </local_schema>
        <local_schema locale="de" short_desc="Wert der Vorgabeerinnerung">
        </local_schema>
        <local_schema locale="sr@Latn" short_desc="Podrazumevana vrednost podsetnika">
                <longdesc>Broj jedinica za određivanje podrazumevanog podsetnika.</longdesc>
        </local_schema>
        <local_schema locale="pa" short_desc="ਮੂਲ ਯਾਦਪੱਤਰ ਮੁੱਲ">
                <longdesc>ਮੂਲ ਯਾਦ-ਪੱਤਰ ਜਾਣਨ ਲਈ ਇਕਾਈਆਂ ਦੀ ਗਿਣਤੀ ਹੈ।</longdesc>
        </local_schema>
        <local_schema locale="gu" short_desc="મૂળભુત યાદ અપાવનાર કિંમતો">
                <longdesc>મૂળભૂત યાદ અપાવનાર માટે નક્કી કરવાના એકમોની સંખ્યા.</longdesc>
        </local_schema>
        <local_schema locale="sr" short_desc="Подразумевана вредност подсетника">
                <longdesc>Број јединица за одређивање подразумеваног подсетника.</longdesc>
        </local_schema>
        <local_schema locale="ja" short_desc="リマインダの値  (デフォルト)">
                <longdesc>デフォルトのリマインダを決定する単位の数です。</longdesc>
        </local_schema>
        <local_schema locale="sq" short_desc="Vlera e prezgjedhur e përkujtesës">
        </local_schema>
        <local_schema locale="da" short_desc="Standard-påmindelsesværdi">
        </local_schema>
        <local_schema locale="zh_TW" short_desc="預設提醒的數值">
                <longdesc>決定預設提醒的單位數目。</longdesc>
        </local_schema>
        <local_schema locale="fi" short_desc="Muistutuksen oletusarvo">
                <longdesc>Kuinka monta yksikköä määrittelee oletusmuistutuksen.</longdesc>
        </local_schema>
        <local_schema locale="hu" short_desc="Emlékeztető alapértelmezett értéke">
        </local_schema>
        <local_schema locale="tr" short_desc="Öntanımlı hatırlatıcı değeri">
        </local_schema>
        <local_schema locale="en_GB" short_desc="Default reminder value">
        </local_schema>
        <local_schema locale="cy" short_desc="Gwerth atgoffad rhagosodedig">
        </local_schema>
        <local_schema locale="gl" short_desc="Valor predeterminado do recordatorio">
                <longdesc>Número de unidades para determinar un recordatorio predeterminado.</longdesc>
        </local_schema>
        <local_schema locale="no" short_desc="Forvalgt verdi for påminnelse">
                <longdesc>Antall enheter for å bestemme en forvalgt påminnelse.</longdesc>
        </local_schema>
        <local_schema locale="nn" short_desc="Einingar på standard påminning">
                <longdesc>Tal på einingar i standard påminning.</longdesc>
        </local_schema>
        <local_schema locale="it" short_desc="Valore predefinito promemoria">
        </local_schema>
        <local_schema locale="bn" short_desc="ডিফল্ট তাগাদার মান">
        </local_schema>
        <local_schema locale="fa" short_desc="مقدار یادآور پیش‌فرض">
        </local_schema>
        <local_schema locale="nl" short_desc="Standaard herinneringswaarde">
                <longdesc>Aantal eenheden voor het bepalen van een standaard herinnering.</longdesc>
        </local_schema>
        <local_schema locale="cs" short_desc="Implicitní hodnota připomínky">
        </local_schema>
        <local_schema locale="th" short_desc="ค่าเตือนความจำปริยาย">
        </local_schema>
        </entry>
        <entry name="use_default_reminder" mtime="1138677113" type="schema" stype="bool" owner="evolution-calendar">
        <local_schema locale="pt" short_desc="Lembrete por omissão de compromisso">
                <longdesc>Se definir ou não um lembrete por omissão para os eventos.</longdesc>
        </local_schema>
        <local_schema locale="zh_HK" short_desc="預設的約會提醒">
                <longdesc>是否設定約會的預設提醒。</longdesc>
        </local_schema>
        <local_schema locale="uk" short_desc="Типове нагадування про зустріч">
                <longdesc>Чи встановлювати типове нагадування для подій.</longdesc>
        </local_schema>
        <local_schema locale="en_CA" short_desc="Default appointment reminder">
                <longdesc>Whether to set a default reminder for appointments.</longdesc>
        </local_schema>
        <local_schema locale="ne" short_desc="पूर्वनिर्धारित भेट्ने निधो सम्झाउने">
                <longdesc>भेटघाट निधोका लागि पूर्व निर्धारित संझाउनी सेट गर्नेको कार्यहरू लुकाउने की।</longdesc>
        </local_schema>
        <local_schema locale="bg" short_desc="Стандартно напомняне за среща">
                <longdesc>Дали да бъде зададено стандартното напомняне за срещи.</longdesc>
        </local_schema>
        <local_schema locale="zh_CN" short_desc="默认约会提醒">
                <longdesc>是否为约会设置默认提醒。</longdesc>
        </local_schema>
        <local_schema locale="be" short_desc="Прадвызначаны нагадвальнік аб сустрэчы">
                <longdesc>Ці усталёўваць прадвызначанае нагадваньне для сустрэчаў.</longdesc>
        </local_schema>
        <local_schema locale="C" short_desc="Default appointment reminder">
                <default type="bool" value="false">
                </default>
                <longdesc>Whether to set a default reminder for appointments.</longdesc>
        </local_schema>
        <local_schema locale="nb" short_desc="Forvalgt påminnelse for avtale">
                <longdesc>Om en forvalgt påminnelse skal bli satt for avtaler.</longdesc>
        </local_schema>
        <local_schema locale="pt_BR" short_desc="Lembrete de compromisso padrão">
                <longdesc>Se é necessário estabelecer um lembrete padrão para eventos.</longdesc>
        </local_schema>
        <local_schema locale="et" short_desc="Kohtumise vaikimisi meeldetuletaja">
                <longdesc>Kas sündmustele seatakse vaikimisi meeldetuletaja.</longdesc>
        </local_schema>
        <local_schema locale="pl" short_desc="Domyślne przypomnienie terminu">
                <longdesc>Określa, czy ustawić domyślne przypomnienie dla spotkań.</longdesc>
        </local_schema>
        <local_schema locale="es" short_desc="Recordatorio predeterminado de cita">
                <longdesc>Indica si debe establecer un recordatorio predeterminado para las citas.</longdesc>
        </local_schema>
        <local_schema locale="vi" short_desc="Bộ nhắc nhở cuộc hẹn mặc định">
                <longdesc>Có nên lập bộ nhắc nhở mặc định cho mọi cuộc hẹn hay không.</longdesc>
        </local_schema>
        <local_schema locale="ru" short_desc="Упоминание о встрече по умолчанию">
                <longdesc>Устанавливать ли напоминание для событий по умолчанию.</longdesc>
        </local_schema>
        <local_schema locale="id" short_desc="Pengingat jadwal pertemuan utama">
        </local_schema>
        <local_schema locale="ko" short_desc="기본 약속 미리 알림">
                <longdesc>약속에 미리 알림 기본값을 설정할 지 여부.</longdesc>
        </local_schema>
        <local_schema locale="lt" short_desc="Numatytasis paskyrimo priminimas">
                <longdesc>Ar nurodyti numatytąjį paskyrimų priminimą.</longdesc>
        </local_schema>
        <local_schema locale="ca" short_desc="Recordatori de cita predeterminat">
                <longdesc>Si s&apos;ha d&apos;establir un recordatori predeterminat per a les cites.</longdesc>
        </local_schema>
        <local_schema locale="sv" short_desc="Standardmötespåminnelse">
                <longdesc>Huruvida en standardpåminnare för möten ska ställas in.</longdesc>
        </local_schema>
        <local_schema locale="el" short_desc="Προεπιλεγμένη υπενθύμιση  ραντεβού">
                <longdesc>Αν θα ορισθεί μια προεπιλεγμένη υπενθύμιση για ραντεβού.</longdesc>
        </local_schema>
        <local_schema locale="fr" short_desc="Rappel par défaut des rendez-vous">
                <longdesc>Indique si il faut mettre en place un rappel par défaut des rendez-vous.</longdesc>
        </local_schema>
        <local_schema locale="ro" short_desc="Reamintirea implicită pentru programare">
                <longdesc>Dacă să seteze o reamintire implicită pentru programări.</longdesc>
        </local_schema>
        <local_schema locale="de" short_desc="Vorgabeerinnerung für Termine">
                <longdesc>Soll eine Vorgabeerinnerung für Termine festgelegt werden?</longdesc>
        </local_schema>
        <local_schema locale="sr@Latn" short_desc="Podrazumevani podsetnik za sastanak">
                <longdesc>Da li da postavi podrazumevani podsetnik za zakazane sastanke.</longdesc>
        </local_schema>
        <local_schema locale="pa" short_desc="ਮੂਲ ਮੁਲਾਕਾਤ ਯਾਦ-ਪੱਤਰ">
                <longdesc>ਕੀ ਮੁਲਾਕਾਤ ਲਈ ਮੂਲ ਯਾਦਪੱਤਰ ਲਗਾਇਆ ਜਾਵੇ ਜਾਂ ਨਾ।</longdesc>
        </local_schema>
        <local_schema locale="gu" short_desc="મુલાકાત યાદ અપાવનાર મૂળભુત">
                <longdesc>શું મુલાકાતો માટે મૂળભુત યાદ અપાવનાર સુયોજિત કરવું.</longdesc>
        </local_schema>
        <local_schema locale="sr" short_desc="Подразумевани подсетник за састанак">
                <longdesc>Да ли да постави подразумевани подсетник за заказане састанке.</longdesc>
        </local_schema>
        <local_schema locale="ja" short_desc="予定のリマインダ (デフォルト)">
                <longdesc>予定にデフォルトのリマインダをセットするかどうかです。</longdesc>
        </local_schema>
        <local_schema locale="sq" short_desc="Përkujtesa e takimit të prezgjedhur">
                <longdesc>Tregon nëse duhet vendosur një përkujtues të prezgjedhur për takimet.</longdesc>
        </local_schema>
        <local_schema locale="da" short_desc="Standard-aftalepåmindelse">
                <longdesc>Om begivenheder skal have en standardpåmindelse.</longdesc>
        </local_schema>
        <local_schema locale="zh_TW" short_desc="預設的約會提醒">
                <longdesc>是否設定約會的預設提醒。</longdesc>
        </local_schema>
        <local_schema locale="fi" short_desc="Tapaamisen oletusmuistutus">
                <longdesc>Asetetaanko tapaamisille oletusmuistutus.</longdesc>
        </local_schema>
        <local_schema locale="hu" short_desc="Alapértelmezett emlékeztető találkozókra">
                <longdesc>Alapértelmezett figyelmeztetés beállítása a találkozókhoz ki/be.</longdesc>
        </local_schema>
        <local_schema locale="tr" short_desc="Öntanımlı randevu hatırlatıcı">
                <longdesc>Randevular için öntanımlı hatırlatıcı ayarlanması.</longdesc>
        </local_schema>
        <local_schema locale="en_GB" short_desc="Default appointment reminder">
                <longdesc>Whether to set a default reminder for appointments.</longdesc>
        </local_schema>
        <local_schema locale="cy" short_desc="atgoffad apwyntiad rhagosodedig">
                <longdesc>P&apos;un ai i osod nodyn atgoffa rhagosodedig ar gyfer apwyntiadau.</longdesc>
        </local_schema>
        <local_schema locale="gl" short_desc="Recordatorio predeterminado de cita">
                <longdesc>Indica se debe establecer un recordatorio predeterminado para as citas.</longdesc>
        </local_schema>
        <local_schema locale="no" short_desc="Forvalgt påminnelse for avtale">
                <longdesc>Om en forvalgt påminnelse skal bli satt for avtaler.</longdesc>
        </local_schema>
        <local_schema locale="nn" short_desc="Vanleg avtalepåminnar">
                <longdesc>Om avtalar skal ha ei standardpåminning.</longdesc>
        </local_schema>
        <local_schema locale="it" short_desc="Promemoria appuntamento predefinito">
                <longdesc>Indica se impostare un promemoria predefinito per gli appuntamenti.</longdesc>
        </local_schema>
        <local_schema locale="bn" short_desc="ডিফল্ট সাক্ষাত্‍‌কার তাগাদাব্যবস্থা">
                <longdesc>সাক্ষাত্‍‌কারের জন্য একটি ডিফল্ট তাগাদা নির্ধারণ করা হবে কি না।</longdesc>
        </local_schema>
        <local_schema locale="fa">
                <longdesc>این که برای قرارها یک یادآور پیش‌فرض تنظیم شود یا نه.</longdesc>
        </local_schema>
        <local_schema locale="nl" short_desc="Standaard afspraakherinnering">
                <longdesc>Of een standaard herinnering ingesteld wordt bij afspraken.</longdesc>
        </local_schema>
        <local_schema locale="cs" short_desc="Implicitní připomínka události">
                <longdesc>Jestli implicitně nastavovat připomínku událostí.</longdesc>
        </local_schema>
        <local_schema locale="th" short_desc="ตัวเตือนเวลานัดหมายโดยปริยาย">
                <longdesc>กำหนดว่าจะตั้งค่าเตือนความจำปริยายสำหรับการนัดหมายหรือไม่</longdesc>
        </local_schema>
        </entry>
</gconf>
