<?xml version="1.0"?>
<gconf>
        <entry name="current_folder" mtime="1231173760" schema="/schemas/apps/evolution/mail/composer/current_folder"/>
        <entry name="height" mtime="1231173758" schema="/schemas/apps/evolution/mail/composer/height"/>
        <entry name="width" mtime="1231173758" schema="/schemas/apps/evolution/mail/composer/width"/>
        <entry name="spell_languages" mtime="1231173758" schema="/schemas/apps/evolution/mail/composer/spell_languages"/>
        <entry name="spell_color" mtime="1231173758" schema="/schemas/apps/evolution/mail/composer/spell_color"/>
        <entry name="send_html" mtime="1231173758" schema="/schemas/apps/evolution/mail/composer/send_html"/>
        <entry name="request_receipt" mtime="1231173758" schema="/schemas/apps/evolution/mail/composer/request_receipt"/>
        <entry name="send_smileys" mtime="1231173758" schema="/schemas/apps/evolution/mail/composer/magic_smileys"/>
        <entry name="magic_links" mtime="1231173758" schema="/schemas/apps/evolution/mail/composer/magic_links"/>
        <entry name="inline_spelling" mtime="1231173758" schema="/schemas/apps/evolution/mail/composer/inline_spelling"/>
        <entry name="charset" mtime="1231173758" schema="/schemas/apps/evolution/mail/composer/charset"/>
</gconf>
