{
    "id": "rct1.audio.title",
    "authors": [
        "Chris Sawyer",
        "Allister Brimble"
    ],
    "version": "1.0",
    "sourceGame": [
        "rct1",
        "rct1ll"
    ],
    "objectType": "audio",
    "samples": [
        "$RCT1:DATA/CSS17.DAT"
    ],
    "strings": {
        "name": {
            "en-GB": "Title screen music for RollerCoaster Tycoon (Loopy Landscapes).",
            "de-DE": "Titelbildschirmmusik für RollerCoaster Tycoon (Loopy Landscapes).",
            "eo-ZZ": "Muziko de titola ekrano por RollerCoaster Tycoon (Loopy Landscapes).",
            "nl-NL": "Titelschermmuziek voor RollerCoaster Tycoon (Loopy Landscapes)",
            "ca-ES": "Música del menú principal del RollerCoaster Tycoon (Loopy Landscapes).",
            "fr-FR": "Musique d’écran titre pour RollerCoaster Tycoon (Loopy Landscapes).",
            "ko-KR": "롤러코스터 타이쿤 (루피 랜드스케이프)의 타이틀 스크린 음악입니다.",
            "nb-NO": "Startskjerm-musikk for RollerCoaster Tycoon (Loopy Landscapes).",
            "pt-BR": "Música tema para o RollerCoaster Tycoon (Loopy Landscapes)."
        }
    }
}
