<?xml version="1.0" encoding="utf-8"?>
<mime-type xmlns="http://www.freedesktop.org/standards/shared-mime-info" type="image/bmp">
<!--Created automatically by update-mime-database. DO NOT EDIT!-->
  <comment>Windows BMP image</comment>
  <comment xml:lang="az">Windows BMP rəsmi</comment>
  <comment xml:lang="be@latin">Vyjava Windows BMP</comment>
  <comment xml:lang="bg">Изображение — Windows BMP</comment>
  <comment xml:lang="ca">imatge BMP de Windows</comment>
  <comment xml:lang="cs">Obrázek Windows BMP</comment>
  <comment xml:lang="cy">Delwedd BMP Windows</comment>
  <comment xml:lang="da">Windows BMP-billede</comment>
  <comment xml:lang="de">Windows-BMP-Bild</comment>
  <comment xml:lang="el">εικόνα Microsoft Windows BMP</comment>
  <comment xml:lang="en_GB">Windows BMP image</comment>
  <comment xml:lang="eo">BMP-bildo de Windows</comment>
  <comment xml:lang="es">imagen BMP de Windows</comment>
  <comment xml:lang="eu">Windows BMP irudia</comment>
  <comment xml:lang="fi">Windows BMP -kuva</comment>
  <comment xml:lang="fr">image Windows BMP</comment>
  <comment xml:lang="ga">íomhá BMP Windows</comment>
  <comment xml:lang="hu">Windows BMP-kép</comment>
  <comment xml:lang="id">Citra Windows BMP</comment>
  <comment xml:lang="it">Immagine Windows BMP</comment>
  <comment xml:lang="ja">Windows BMP 画像</comment>
  <comment xml:lang="ko">윈도우즈 BMP 그림</comment>
  <comment xml:lang="lt">Windows BMP paveikslėlis</comment>
  <comment xml:lang="ms">Imej BMP Windows</comment>
  <comment xml:lang="nb">Windows BMP-bilde</comment>
  <comment xml:lang="nl">Windows BMP-afbeelding</comment>
  <comment xml:lang="nn">Windows BMP-bilete</comment>
  <comment xml:lang="pl">Obraz BMP Windows</comment>
  <comment xml:lang="pt">imagem BMP Windows</comment>
  <comment xml:lang="pt_BR">Imagem BMP do Windows</comment>
  <comment xml:lang="sq">Figurë Windows BMP</comment>
  <comment xml:lang="sr">Windows BMP слика</comment>
  <comment xml:lang="sv">Windows BMP-bild</comment>
  <comment xml:lang="uk">Зображення Windows BMP</comment>
  <comment xml:lang="vi">Ảnh BMP Windows</comment>
  <comment xml:lang="zh_CN">Windows BMP 图像</comment>
  <comment xml:lang="zh_TW">Windows BMP 圖片</comment>
  <alias type="image/x-bmp"/>
  <alias type="image/x-MS-bmp"/>
</mime-type>
