<?xml version="1.0" encoding="utf-8"?>
<mime-type xmlns="http://www.freedesktop.org/standards/shared-mime-info" type="image/dpx">
<!--Created automatically by update-mime-database. DO NOT EDIT!-->
  <comment>DPX image</comment>
  <comment xml:lang="be@latin">Vyjava DPX</comment>
  <comment xml:lang="bg">Изображение — DPX</comment>
  <comment xml:lang="ca">imatge DPX</comment>
  <comment xml:lang="cs">Obrázek DPX</comment>
  <comment xml:lang="de">DPX-Bild</comment>
  <comment xml:lang="en_GB">DPX image</comment>
  <comment xml:lang="es">imagen DPX</comment>
  <comment xml:lang="eu">DPX irudia</comment>
  <comment xml:lang="fi">DPX-kuva</comment>
  <comment xml:lang="fr">image DPX</comment>
  <comment xml:lang="ga">íomhá DPX</comment>
  <comment xml:lang="hu">DPX kép</comment>
  <comment xml:lang="id">Citra DPX</comment>
  <comment xml:lang="it">Immagine DPX</comment>
  <comment xml:lang="ko">DPX 그림</comment>
  <comment xml:lang="lt">DPX paveikslėlis</comment>
  <comment xml:lang="nb">DPX-bilde</comment>
  <comment xml:lang="nl">DPX-afbeelding</comment>
  <comment xml:lang="nn">DPX-bilete</comment>
  <comment xml:lang="pl">Obraz DPX</comment>
  <comment xml:lang="pt_BR">Imagem DPX</comment>
  <comment xml:lang="ru">изображение DPX</comment>
  <comment xml:lang="sv">DPX-bild</comment>
  <comment xml:lang="uk">Зображення DPX</comment>
  <comment xml:lang="vi">Ảnh DPX</comment>
  <acronym>DPX</acronym>
  <expanded-acronym>Digital Moving Picture Exchange</expanded-acronym>
</mime-type>
