<?xml version="1.0" encoding="utf-8"?>
<mime-type xmlns="http://www.freedesktop.org/standards/shared-mime-info" type="image/g3fax">
<!--Created automatically by update-mime-database. DO NOT EDIT!-->
  <comment>G3 fax image</comment>
  <comment xml:lang="az">G3 faks rəsmi</comment>
  <comment xml:lang="be@latin">Faksavaja vyjava G3</comment>
  <comment xml:lang="bg">Изображение — факс G3</comment>
  <comment xml:lang="ca">imatge de fax G3</comment>
  <comment xml:lang="cs">Obrázek fax G3</comment>
  <comment xml:lang="cy">Delwedd Ffacs G3</comment>
  <comment xml:lang="da">G3-faxbillede</comment>
  <comment xml:lang="de">G3-Faxbild</comment>
  <comment xml:lang="el">εικόνα φαξ G3</comment>
  <comment xml:lang="en_GB">G3 fax image</comment>
  <comment xml:lang="eo">G3-faksbildo</comment>
  <comment xml:lang="es">imagen de fax G3</comment>
  <comment xml:lang="eu">G3 fax-irudia</comment>
  <comment xml:lang="fi">G3-faksikuva</comment>
  <comment xml:lang="fr">image de télécopie G3</comment>
  <comment xml:lang="ga">íomhá fhacs G3</comment>
  <comment xml:lang="hu">G3-faxkép</comment>
  <comment xml:lang="id">Citra faks G3</comment>
  <comment xml:lang="it">Immagine fax G3</comment>
  <comment xml:lang="ja">G3 FAX 画像</comment>
  <comment xml:lang="ko">G3 팩스 그림</comment>
  <comment xml:lang="lt">G3 fax paveikslėlis</comment>
  <comment xml:lang="ms">Imej fax G3</comment>
  <comment xml:lang="nb">G3-faksbilde</comment>
  <comment xml:lang="nl">G3 faxafbeelding</comment>
  <comment xml:lang="nn">G3 faksbilete</comment>
  <comment xml:lang="pl">Obraz faksowy G3</comment>
  <comment xml:lang="pt">imagem de fax G3</comment>
  <comment xml:lang="pt_BR">Imagem de fax G3</comment>
  <comment xml:lang="ru">факсовое изображение G3</comment>
  <comment xml:lang="sq">Figurë Fax G3</comment>
  <comment xml:lang="sr">G3 факс слика</comment>
  <comment xml:lang="sv">G3-faxbild</comment>
  <comment xml:lang="uk">Факс G3</comment>
  <comment xml:lang="vi">Ảnh điện thư G3</comment>
  <comment xml:lang="zh_CN">G3 传真文档</comment>
  <comment xml:lang="zh_TW">G3 傳真圖</comment>
</mime-type>
