<?xml version="1.0" encoding="utf-8"?>
<mime-type xmlns="http://www.freedesktop.org/standards/shared-mime-info" type="image/svg+xml-compressed">
<!--Created automatically by update-mime-database. DO NOT EDIT!-->
  <comment>compressed SVG image</comment>
  <comment xml:lang="be@latin">skampresavanaja vyjava SVG</comment>
  <comment xml:lang="bg">Изображение — SVG, компресирано</comment>
  <comment xml:lang="ca">imatge SVG comprimida</comment>
  <comment xml:lang="cs">Komprimovaný obrázek SVG</comment>
  <comment xml:lang="es">imagen SVG comprimida</comment>
  <comment xml:lang="eu">konprimitutako SVG irudia</comment>
  <comment xml:lang="fi">pakattu SVG-kuva</comment>
  <comment xml:lang="fr">image SVG compressée</comment>
  <comment xml:lang="ga">íomhá SVG comhbhrúite</comment>
  <comment xml:lang="hu">tömörített SVG kép</comment>
  <comment xml:lang="id">Citra SVG terkompresi</comment>
  <comment xml:lang="it">Immagine SVG compressa</comment>
  <comment xml:lang="ko">압축된 SVG 그림</comment>
  <comment xml:lang="lt">suglaudintas SVG paveikslėlis</comment>
  <comment xml:lang="nb">komprimert SVG-bilde</comment>
  <comment xml:lang="nl">ingepakte SVG-afbeelding</comment>
  <comment xml:lang="pt_BR">Imagem compactada SVG</comment>
  <comment xml:lang="ru">сжатое SVG изображение </comment>
  <comment xml:lang="sv">komprimerad SVG-bild</comment>
  <comment xml:lang="vi">ảnh SVG đã nén</comment>
  <acronym>SVG</acronym>
  <expanded-acronym>Scalable Vector Graphics</expanded-acronym>
  <sub-class-of type="application/x-gzip"/>
</mime-type>
