<?xml version="1.0" encoding="utf-8"?>
<mime-type xmlns="http://www.freedesktop.org/standards/shared-mime-info" type="image/tiff">
<!--Created automatically by update-mime-database. DO NOT EDIT!-->
  <comment>TIFF image</comment>
  <comment xml:lang="be@latin">Vyjava TIFF</comment>
  <comment xml:lang="bg">Изображение — TIFF</comment>
  <comment xml:lang="ca">imatge TIFF</comment>
  <comment xml:lang="cs">Obrázek TIFF</comment>
  <comment xml:lang="da">TIFF-billede</comment>
  <comment xml:lang="de">TIFF-Bild</comment>
  <comment xml:lang="el">εικόνα TIFF</comment>
  <comment xml:lang="en_GB">TIFF image</comment>
  <comment xml:lang="eo">TIFF-bildo</comment>
  <comment xml:lang="es">imagen TIFF</comment>
  <comment xml:lang="eu">TIFF irudia</comment>
  <comment xml:lang="fi">TIFF-kuva</comment>
  <comment xml:lang="fr">image TIFF</comment>
  <comment xml:lang="ga">íomhá TIFF</comment>
  <comment xml:lang="hu">TIFF-kép</comment>
  <comment xml:lang="id">Citra TIFF</comment>
  <comment xml:lang="it">Immagine TIFF</comment>
  <comment xml:lang="ja">TIFF 画像</comment>
  <comment xml:lang="ko">TIFF 그림</comment>
  <comment xml:lang="lt">TIFF paveikslėlis</comment>
  <comment xml:lang="ms">Imej TIFF</comment>
  <comment xml:lang="nb">TIFF-bilde</comment>
  <comment xml:lang="nl">TIFF-afbeelding</comment>
  <comment xml:lang="nn">TIFF-bilete</comment>
  <comment xml:lang="pl">Obraz TIFF</comment>
  <comment xml:lang="pt">imagem TIFF</comment>
  <comment xml:lang="pt_BR">Imagem TIFF</comment>
  <comment xml:lang="sq">Figurë TIFF</comment>
  <comment xml:lang="sr">TIFF слика</comment>
  <comment xml:lang="sv">TIFF-bild</comment>
  <comment xml:lang="uk">Зображення TIFF</comment>
  <comment xml:lang="vi">Ảnh TIFF</comment>
  <comment xml:lang="zh_CN">TIFF 图像</comment>
  <comment xml:lang="zh_TW">TIFF 圖片</comment>
  <acronym>TIFF</acronym>
  <expanded-acronym>Tagged Image File Format</expanded-acronym>
</mime-type>
