<?xml version="1.0" encoding="utf-8"?>
<mime-type xmlns="http://www.freedesktop.org/standards/shared-mime-info" type="image/vnd.wap.wbmp">
<!--Created automatically by update-mime-database. DO NOT EDIT!-->
  <comment>WBMP image</comment>
  <comment xml:lang="be@latin">Vyjava WBMP</comment>
  <comment xml:lang="bg">Изображение — WBMP</comment>
  <comment xml:lang="ca">imatge WBMP</comment>
  <comment xml:lang="cs">Obrázek WBMP</comment>
  <comment xml:lang="de">WBMP-Bild</comment>
  <comment xml:lang="es">imagen WBMP</comment>
  <comment xml:lang="eu">WBMP irudia</comment>
  <comment xml:lang="fi">WBMP-kuva</comment>
  <comment xml:lang="fr">image WBMP</comment>
  <comment xml:lang="ga">íomhá WBMP</comment>
  <comment xml:lang="hu">WBMP kép</comment>
  <comment xml:lang="id">Citra WBMP</comment>
  <comment xml:lang="it">Immagine WBMP</comment>
  <comment xml:lang="ko">WBMP 그림</comment>
  <comment xml:lang="lt">WBMP paveikslėlis</comment>
  <comment xml:lang="nb">WBMP-bilde</comment>
  <comment xml:lang="nl">WBMP-afbeelding</comment>
  <comment xml:lang="pl">Obraz WBMP</comment>
  <comment xml:lang="pt_BR">Imagem WBMP</comment>
  <comment xml:lang="ru">изображение WBMP</comment>
  <comment xml:lang="sv">WBMP-bild</comment>
  <comment xml:lang="uk">Зображення WBMP</comment>
  <comment xml:lang="vi">Ảnh WBMP</comment>
  <acronym>WBMP</acronym>
  <expanded-acronym>WAP bitmap</expanded-acronym>
</mime-type>
