<?xml version="1.0" encoding="utf-8"?>
<mime-type xmlns="http://www.freedesktop.org/standards/shared-mime-info" type="image/vnd.djvu">
<!--Created automatically by update-mime-database. DO NOT EDIT!-->
  <comment>DjVu image</comment>
  <comment xml:lang="be@latin">Vyjava DjVu</comment>
  <comment xml:lang="bg">Изображение — DjVu</comment>
  <comment xml:lang="ca">imatge DjVu</comment>
  <comment xml:lang="cs">Obrázek DjVu</comment>
  <comment xml:lang="da">DjVu-billede</comment>
  <comment xml:lang="de">DjVu-Bild</comment>
  <comment xml:lang="el">εικόνα DjVu</comment>
  <comment xml:lang="en_GB">DjVu image</comment>
  <comment xml:lang="eo">DjVu-bildo</comment>
  <comment xml:lang="es">imagen DjVu</comment>
  <comment xml:lang="eu">DjVU-ko irudia</comment>
  <comment xml:lang="fi">DjVu-kuva</comment>
  <comment xml:lang="fr">image DjVu</comment>
  <comment xml:lang="ga">íomhá DjVu</comment>
  <comment xml:lang="hu">DjVu-kép</comment>
  <comment xml:lang="id">Citra DjVu</comment>
  <comment xml:lang="it">Immagine DjVu</comment>
  <comment xml:lang="ja">DjVu 画像</comment>
  <comment xml:lang="ko">DjVu 그림</comment>
  <comment xml:lang="lt">DjVu paveikslėlis</comment>
  <comment xml:lang="ms">Imej DjVu</comment>
  <comment xml:lang="nb">DjVu-bilde</comment>
  <comment xml:lang="nl">DjVu-afbeelding</comment>
  <comment xml:lang="nn">DjVu-bilete</comment>
  <comment xml:lang="pl">Obraz DjVu</comment>
  <comment xml:lang="pt">imagem DjVu</comment>
  <comment xml:lang="pt_BR">Imagem DjVu</comment>
  <comment xml:lang="ru">изображение в формате DjVu</comment>
  <comment xml:lang="sq">Figurë DjVu</comment>
  <comment xml:lang="sr">DjVu слика</comment>
  <comment xml:lang="sv">DjVu-bild</comment>
  <comment xml:lang="uk">Зображення DjVu</comment>
  <comment xml:lang="vi">Ảnh DjVu</comment>
  <comment xml:lang="zh_CN">DjVu 图像</comment>
  <comment xml:lang="zh_TW">DjVu 圖片</comment>
  <alias type="image/x-djvu"/>
  <alias type="image/x.djvu"/>
</mime-type>
