<?xml version="1.0" encoding="utf-8"?>
<mime-type xmlns="http://www.freedesktop.org/standards/shared-mime-info" type="image/x-canon-cr2">
<!--Created automatically by update-mime-database. DO NOT EDIT!-->
  <comment>Canon CR2 raw image</comment>
  <comment xml:lang="be@latin">Suvoraja vyjava Canon CR2</comment>
  <comment xml:lang="bg">Изображение — Canon CR2 raw</comment>
  <comment xml:lang="ca">imatge en cru de Canon CR2</comment>
  <comment xml:lang="cs">Surový obrázek Canon CR2</comment>
  <comment xml:lang="es">imagen en bruto CR2 de Canon</comment>
  <comment xml:lang="eu">Canon CR2 irudi gordina</comment>
  <comment xml:lang="fi">Canon-CR2-raakakuva</comment>
  <comment xml:lang="fr">image brute CR2 Canon</comment>
  <comment xml:lang="ga">amhíomhá Canon CR2</comment>
  <comment xml:lang="hu">Canon CR2 nyers kép</comment>
  <comment xml:lang="id">Citra mentah Canon CR2</comment>
  <comment xml:lang="it">Immagine raw Canon CR2</comment>
  <comment xml:lang="ko">캐논 CR2 raw 이미지</comment>
  <comment xml:lang="lt">Canon CR2 neapdorotas paveikslėlis</comment>
  <comment xml:lang="nb">Canon CR2 raw-bilde</comment>
  <comment xml:lang="nl">onbewerkt Canon CR2-beeld</comment>
  <comment xml:lang="pt_BR">Imagem bruta CR2 da Canon</comment>
  <comment xml:lang="sv">Canon CR2-råbild</comment>
  <comment xml:lang="vi">Ảnh thô Canon CR2</comment>
  <acronym>CR2</acronym>
  <expanded-acronym>Canon Raw 2</expanded-acronym>
  <sub-class-of type="image/x-dcraw"/>
  <sub-class-of type="image/tiff"/>
</mime-type>
