<?xml version="1.0" encoding="utf-8"?>
<mime-type xmlns="http://www.freedesktop.org/standards/shared-mime-info" type="image/x-fuji-raf">
<!--Created automatically by update-mime-database. DO NOT EDIT!-->
  <comment>Fuji RAF raw image</comment>
  <comment xml:lang="be@latin">Suvoraja vyjava Fuji RAF</comment>
  <comment xml:lang="bg">Изображение — Fuji RAF raw</comment>
  <comment xml:lang="ca">imatge en cru de Fuji RAF</comment>
  <comment xml:lang="cs">Surový obrázek Fuji RAF</comment>
  <comment xml:lang="es">imagen en bruto RAF de Fuji</comment>
  <comment xml:lang="eu">Fuji RAF irudi gordina</comment>
  <comment xml:lang="fi">Fuji-RAF-raakakuva</comment>
  <comment xml:lang="fr">image brute RAF Fuji</comment>
  <comment xml:lang="ga">amhíomhá Fuji RAF</comment>
  <comment xml:lang="hu">Fuji RAF nyers kép</comment>
  <comment xml:lang="id">Citra mentah Fuji RAF</comment>
  <comment xml:lang="it">Immagine raw Fuji RAF</comment>
  <comment xml:lang="ko">후지 RAF raw 이미지</comment>
  <comment xml:lang="lt">Fuji RAF neapdorotas paveikslėlis</comment>
  <comment xml:lang="nb">Fuji RAF raw-bilde</comment>
  <comment xml:lang="nl">onbewerkt Fuji RAF-beeld</comment>
  <comment xml:lang="pt_BR">Imagem bruta RAF da Fuji</comment>
  <comment xml:lang="sv">Fuji RAF-råbild</comment>
  <comment xml:lang="vi">Ảnh thô Fuji RAF</comment>
  <acronym>RAF</acronym>
  <expanded-acronym>RAw Format</expanded-acronym>
  <sub-class-of type="image/x-dcraw"/>
</mime-type>
