<?xml version="1.0" encoding="utf-8"?>
<mime-type xmlns="http://www.freedesktop.org/standards/shared-mime-info" type="image/x-gzeps">
<!--Created automatically by update-mime-database. DO NOT EDIT!-->
  <comment>EPS image (gzip-compressed)</comment>
  <comment xml:lang="be@latin">Vyjava EPS (gzip-skampresavanaja)</comment>
  <comment xml:lang="bg">Изображение — EPS, компресирано с gzip</comment>
  <comment xml:lang="ca">imatge EPS (comprimida amb gzip)</comment>
  <comment xml:lang="cs">Obrázek EPS (komprimovaný pomocí gzip)</comment>
  <comment xml:lang="de">EPS-Bild (gzip-komprimiert)</comment>
  <comment xml:lang="es">imagen EPS (comprimida con gzip)</comment>
  <comment xml:lang="eu">EPS irudia (gzip-ekin konprimitua)</comment>
  <comment xml:lang="fi">EPS-kuva (gzip-pakattu)</comment>
  <comment xml:lang="fr">image EPS (compressée gzip)</comment>
  <comment xml:lang="ga">íomhá EPS (comhbhrúite le gzip)</comment>
  <comment xml:lang="hu">EPS kép (gzip-tömörítésű)</comment>
  <comment xml:lang="id">Citra EPS (terkompresi gzip)</comment>
  <comment xml:lang="it">Immagine ESP (compressa con gzip)</comment>
  <comment xml:lang="ko">EPS 그림 (gzip으로 압축)</comment>
  <comment xml:lang="lt">EPS paveikslėlis (suglaudintas su gzip)</comment>
  <comment xml:lang="nb">EPS-bilde (gzip-komprimert)</comment>
  <comment xml:lang="nl">EPS-afbeelding (ingepakt met gzip)</comment>
  <comment xml:lang="pl">Obraz EPS (skompresowany gzip)</comment>
  <comment xml:lang="pt_BR">Imagem EPS (compactada com gzip)</comment>
  <comment xml:lang="ru">изображение EPS (сжатое gzip)</comment>
  <comment xml:lang="sv">EPS-bild (gzip-komprimerad)</comment>
  <comment xml:lang="uk">Зображення EPS (стиснене gzip)</comment>
  <comment xml:lang="vi">Ảnh EPS (đã nén gzip)</comment>
</mime-type>
