<?xml version="1.0" encoding="utf-8"?>
<mime-type xmlns="http://www.freedesktop.org/standards/shared-mime-info" type="image/x-icns">
<!--Created automatically by update-mime-database. DO NOT EDIT!-->
  <comment>MacOS X icon</comment>
  <comment xml:lang="be@latin">Ikona MacOS X</comment>
  <comment xml:lang="bg">Икона — MacOS X</comment>
  <comment xml:lang="ca">icona MacOS X</comment>
  <comment xml:lang="cs">Ikona MacOS X</comment>
  <comment xml:lang="de">MacOS X-Symbol</comment>
  <comment xml:lang="es">icono de MacOS X</comment>
  <comment xml:lang="eu">MacOS X ikonoa</comment>
  <comment xml:lang="fi">MacOS X -kuvake</comment>
  <comment xml:lang="fr">icône MacOS X</comment>
  <comment xml:lang="ga">deilbhín MacOS X</comment>
  <comment xml:lang="hu">MacOS X ikon</comment>
  <comment xml:lang="id">Ikon MacOS X</comment>
  <comment xml:lang="it">Icona MacOS X</comment>
  <comment xml:lang="ko">MacOS X 아이콘</comment>
  <comment xml:lang="lt">MacOS X piktograma</comment>
  <comment xml:lang="nb">MacOS X-ikon</comment>
  <comment xml:lang="nl">MacOS-X-pictogram</comment>
  <comment xml:lang="pl">Ikona MacOS X</comment>
  <comment xml:lang="pt_BR">Ícone do MacOS X</comment>
  <comment xml:lang="sv">MacOS X-ikon</comment>
  <comment xml:lang="uk">Значок MacOS X</comment>
  <comment xml:lang="vi">Biểu tượng MacOS X</comment>
</mime-type>
