<?xml version="1.0" encoding="utf-8"?>
<mime-type xmlns="http://www.freedesktop.org/standards/shared-mime-info" type="image/x-jng">
<!--Created automatically by update-mime-database. DO NOT EDIT!-->
  <comment>JNG image</comment>
  <comment xml:lang="az">JNG rəsmi</comment>
  <comment xml:lang="be@latin">Vyjava JNG</comment>
  <comment xml:lang="bg">Изображение — JNG</comment>
  <comment xml:lang="ca">imatge JNG</comment>
  <comment xml:lang="cs">Obrázek JNG</comment>
  <comment xml:lang="cy">Delwedd JNG</comment>
  <comment xml:lang="da">JNG-billede</comment>
  <comment xml:lang="de">JNG-Bild</comment>
  <comment xml:lang="el">εικόνα JNG</comment>
  <comment xml:lang="en_GB">JNG image</comment>
  <comment xml:lang="eo">JNG-bildo</comment>
  <comment xml:lang="es">imagen JNG</comment>
  <comment xml:lang="eu">JNG irudia</comment>
  <comment xml:lang="fi">JNG-kuva</comment>
  <comment xml:lang="fr">image JNG</comment>
  <comment xml:lang="ga">íomhá JNG</comment>
  <comment xml:lang="hu">JNG-kép</comment>
  <comment xml:lang="id">Citra JNG</comment>
  <comment xml:lang="it">Immagine JNG</comment>
  <comment xml:lang="ja">JNG 画像</comment>
  <comment xml:lang="ko">JNG 그림</comment>
  <comment xml:lang="lt">JNG paveikslėlis</comment>
  <comment xml:lang="ms">Imej PNG</comment>
  <comment xml:lang="nb">JNG-bilde</comment>
  <comment xml:lang="nl">JNG-afbeelding</comment>
  <comment xml:lang="nn">JNG-bilete</comment>
  <comment xml:lang="pl">Obraz JNG</comment>
  <comment xml:lang="pt">imagem JNG</comment>
  <comment xml:lang="pt_BR">Imagem JNG</comment>
  <comment xml:lang="ru">изображение JNG</comment>
  <comment xml:lang="sq">Figurë JNG</comment>
  <comment xml:lang="sr">JNG слика</comment>
  <comment xml:lang="sv">JNG-bild</comment>
  <comment xml:lang="uk">Зображення JNG</comment>
  <comment xml:lang="vi">Ảnh JNG</comment>
  <comment xml:lang="zh_CN">JNG 图像</comment>
  <comment xml:lang="zh_TW">JNG 圖片</comment>
  <acronym>JNG</acronym>
  <expanded-acronym>JPEG Network Graphics</expanded-acronym>
</mime-type>
