<?xml version="1.0" encoding="utf-8"?>
<mime-type xmlns="http://www.freedesktop.org/standards/shared-mime-info" type="image/x-niff">
<!--Created automatically by update-mime-database. DO NOT EDIT!-->
  <comment>NIFF image</comment>
  <comment xml:lang="be@latin">Vyjava NIFF</comment>
  <comment xml:lang="bg">Изображение — NIFF</comment>
  <comment xml:lang="ca">imatge NIFF</comment>
  <comment xml:lang="cs">Obrázek NIFF</comment>
  <comment xml:lang="es">imagen NIFF</comment>
  <comment xml:lang="eu">NIFF irudia</comment>
  <comment xml:lang="fi">NIFF-kuva</comment>
  <comment xml:lang="fr">image NIFF</comment>
  <comment xml:lang="ga">íomhá NIFF</comment>
  <comment xml:lang="hu">NIFF kép</comment>
  <comment xml:lang="id">Citra NIFF</comment>
  <comment xml:lang="it">Immagine NIFF</comment>
  <comment xml:lang="ko">NIFF 그림</comment>
  <comment xml:lang="lt">NIFF paveikslėlis</comment>
  <comment xml:lang="nb">NIFF-bilde</comment>
  <comment xml:lang="nl">NIFF-afbeelding</comment>
  <comment xml:lang="pt_BR">Imagem NIFF</comment>
  <comment xml:lang="ru">изображение NIFF</comment>
  <comment xml:lang="sv">NIFF-bild</comment>
  <comment xml:lang="vi">Ảnh NIFF</comment>
</mime-type>
