<?xml version="1.0" encoding="utf-8"?>
<mime-type xmlns="http://www.freedesktop.org/standards/shared-mime-info" type="image/x-olympus-orf">
<!--Created automatically by update-mime-database. DO NOT EDIT!-->
  <comment>Olympus ORF raw image</comment>
  <comment xml:lang="be@latin">Suvoraja vyjava Olympus ORF</comment>
  <comment xml:lang="bg">Изображение — Olympus ORF raw</comment>
  <comment xml:lang="ca">imatge en cru d'Olympus ORF</comment>
  <comment xml:lang="cs">Surový obrázek Olympus ORF</comment>
  <comment xml:lang="es">imagen en bruto ORF de Olympus</comment>
  <comment xml:lang="eu">Olympus ORF irudi gordina</comment>
  <comment xml:lang="fi">Olympus-ORF-raakakuva</comment>
  <comment xml:lang="fr">image brute ORF Olympus</comment>
  <comment xml:lang="ga">amhíomhá Olympus ORF</comment>
  <comment xml:lang="hu">Olympus ORF nyers kép</comment>
  <comment xml:lang="id">Citra mentah Olympus ORF</comment>
  <comment xml:lang="it">Immagine raw Olympus ORF</comment>
  <comment xml:lang="ko">올림푸스 ORF raw 이미지</comment>
  <comment xml:lang="lt">Olympus ORF neapdorotas paveikslėlis</comment>
  <comment xml:lang="nb">Olympus ORF raw-bilde</comment>
  <comment xml:lang="nl">onbewerkt Olympus ORF-beeld</comment>
  <comment xml:lang="pt_BR">Imagem bruta ORF da Olympus</comment>
  <comment xml:lang="sv">Olympus ORF-råbild</comment>
  <comment xml:lang="vi">Ảnh thô Olympus ORF</comment>
  <acronym>ORF</acronym>
  <expanded-acronym>Olympus Raw Format</expanded-acronym>
  <sub-class-of type="image/x-dcraw"/>
</mime-type>
