<?xml version="1.0" encoding="utf-8"?>
<mime-type xmlns="http://www.freedesktop.org/standards/shared-mime-info" type="image/x-sigma-x3f">
<!--Created automatically by update-mime-database. DO NOT EDIT!-->
  <comment>Sigma X3F raw image</comment>
  <comment xml:lang="be@latin">Suvoraja vyjava Sigma X3F</comment>
  <comment xml:lang="bg">Изображение — Sigma X3F raw</comment>
  <comment xml:lang="ca">imatge en cru de Sigma X3F</comment>
  <comment xml:lang="cs">Surový obrázek Sigma X3F</comment>
  <comment xml:lang="es">imagen en bruto X3F de Sigma</comment>
  <comment xml:lang="eu">Sigma X3F irudi gordina</comment>
  <comment xml:lang="fi">Sigma-X3F-raakakuva</comment>
  <comment xml:lang="fr">image brute X3F Sigma</comment>
  <comment xml:lang="ga">amhíomhá Sigma X3F</comment>
  <comment xml:lang="hu">Sigma XF3 nyers kép</comment>
  <comment xml:lang="id">Citra mentah Sigma X3F</comment>
  <comment xml:lang="it">Immagine raw Sigma X3F</comment>
  <comment xml:lang="ko">시그마 X3F raw 이미지</comment>
  <comment xml:lang="lt">Sigma X3F neapdorotas paveikslėlis</comment>
  <comment xml:lang="nb">Sigma X3F raw-bilde</comment>
  <comment xml:lang="nl">onbewerkt Sigma X3F-beeld</comment>
  <comment xml:lang="pt_BR">Imagem bruta X3F da Sigma</comment>
  <comment xml:lang="sv">Sigma X3F-råbild</comment>
  <comment xml:lang="vi">Ảnh thô Sigma X3F</comment>
  <acronym>X3F</acronym>
  <expanded-acronym>X3 Foveon</expanded-acronym>
  <sub-class-of type="image/x-dcraw"/>
</mime-type>
