<?xml version="1.0"?>
<mime-type xmlns="http://www.freedesktop.org/standards/shared-mime-info" type="multipart/alternative"><!--Created automatically by update-mime-database. DO NOT EDIT!--><comment>message in several formats</comment><comment xml:lang="az">verici formatlar&#x131;nda ismar&#x131;&#x15F;</comment><comment xml:lang="bg">&#x421;&#x44A;&#x43E;&#x431;&#x449;&#x435;&#x43D;&#x438;&#x435; &#x432; &#x43D;&#x44F;&#x43A;&#x43E;&#x43B;&#x43A;&#x43E; &#x444;&#x43E;&#x440;&#x43C;&#x430;&#x442;&#x430;</comment><comment xml:lang="cs">Zpr&#xE1;va v n&#x11B;kolika form&#xE1;tech</comment><comment xml:lang="cy">neges mewn sawl fformat</comment><comment xml:lang="de">Nachricht in mehreren Formaten</comment><comment xml:lang="el">&#x3BC;&#x3AE;&#x3BD;&#x3C5;&#x3BC;&#x3B1; &#x3C3;&#x3B5; &#x3B4;&#x3B9;&#x3AC;&#x3C6;&#x3BF;&#x3C1;&#x3B5;&#x3C2; &#x3BC;&#x3BF;&#x3C1;&#x3C6;&#x3AD;&#x3C2;</comment><comment xml:lang="eo">mesa&#x11D;o en pluraj formatoj</comment><comment xml:lang="es">mensaje en varios formatos</comment><comment xml:lang="eu">hainbat formatuko mezua</comment><comment xml:lang="fi">viesti useissa muodoissa</comment><comment xml:lang="fr">message en format divers</comment><comment xml:lang="hu">t&#xF6;bbf&#xE9;le form&#xE1;tum&#xFA; &#xFC;zenet</comment><comment xml:lang="it">messaggi in svariati formati</comment><comment xml:lang="ja">&#x3044;&#x304F;&#x3064;&#x304B;&#x306E;&#x5F62;&#x5F0F;&#x3067;&#x306E;&#x30E1;&#x30C3;&#x30BB;&#x30FC;&#x30B8;</comment><comment xml:lang="ko">&#xBA87;&#xBA87;&#xD615;&#xC2DD;&#xC758; &#xBA54;&#xC138;&#xC9C0;</comment><comment xml:lang="ms">Mesej dalam beberapa format</comment><comment xml:lang="nb">melding i flere formater</comment><comment xml:lang="nl">bericht in verschillende formaten</comment><comment xml:lang="nn">melding i fleire format</comment><comment xml:lang="no">melding i flere formater</comment><comment xml:lang="pl">wiadomo&#x15B;&#x107; w wielu formatach</comment><comment xml:lang="pt">mensagem em v&#xE1;rios formatos</comment><comment xml:lang="pt_BR">Mensagem em v&#xE1;rios formatos</comment><comment xml:lang="sq">mesazh i formateve t&#xEB; ndrysh&#xEB;m</comment><comment xml:lang="sr">&#x43F;&#x43E;&#x440;&#x443;&#x43A;&#x435; &#x443; &#x432;&#x438;&#x448;&#x435; &#x437;&#x430;&#x43F;&#x438;&#x441;&#x430;</comment><comment xml:lang="sv">meddelande i flera format</comment><comment xml:lang="uk">&#x43F;&#x43E;&#x432;&#x456;&#x434;&#x43E;&#x43C;&#x43B;&#x435;&#x43D;&#x43D;&#x44F; &#x443; &#x43A;&#x456;&#x43B;&#x44C;&#x43A;&#x43E;&#x445; &#x444;&#x43E;&#x440;&#x43C;&#x430;&#x442;&#x430;&#x445;</comment><comment xml:lang="zh_CN">&#x5404;&#x79CD;&#x683C;&#x5F0F;&#x7684;&#x6D88;&#x606F;</comment></mime-type>
