<?xml version="1.0"?>
<mime-type xmlns="http://www.freedesktop.org/standards/shared-mime-info" type="multipart/appledouble"><!--Created automatically by update-mime-database. DO NOT EDIT!--><comment>Macintosh AppleDouble-encoded file</comment><comment xml:lang="az">Macintosh AppleDouble-kodlanm&#x131;&#x15F; fayl</comment><comment xml:lang="bg">&#x424;&#x430;&#x439;&#x43B;, &#x43A;&#x43E;&#x434;&#x438;&#x440;&#x430;&#x43D; &#x441; Macintosh AppleDouble</comment><comment xml:lang="cs">Soubor k&#xF3;dovan&#xFD; Macintosh AppleDouble</comment><comment xml:lang="cy">Ffeil AppleDouble-amgodedig Macintosh</comment><comment xml:lang="de">Macintosh-Datei (AppleDouble-kodiert)</comment><comment xml:lang="el">&#x3B1;&#x3C1;&#x3C7;&#x3B5;&#x3AF;&#x3BF; Macintosh &#x3BA;&#x3C9;&#x3B4;&#x3B9;&#x3BA;&#x3BF;&#x3C0;&#x3BF;&#x3AF;&#x3B7;&#x3C3;&#x3B7;&#x3C2; AppleDouble</comment><comment xml:lang="eo">dosiero kodigita la&#x16D; Macintosh AppleDouble</comment><comment xml:lang="es">Fichero Macintosh codificado con AppleDouble</comment><comment xml:lang="eu">Macintosh AppleDouble-rekin kodetutako fitxategia</comment><comment xml:lang="fi">Macintosh AppleDouble -koodattu tiedosto</comment><comment xml:lang="fr">fichier encod&#xE9; Macintosh AppleDouble</comment><comment xml:lang="hu">Macintosh AppleDouble k&#xF3;dol&#xE1;s&#xFA; f&#xE1;jl</comment><comment xml:lang="it">File Macintosh codificato AppleDouble</comment><comment xml:lang="ja">Macintosh AppleDouble &#x30A8;&#x30F3;&#x30B3;&#x30FC;&#x30C9;&#x30D5;&#x30A1;&#x30A4;&#x30EB;</comment><comment xml:lang="ko">&#xB9E5;&#xD0A8;&#xD1A0;&#xC2DC; AppleDouble-encoded &#xD30C;&#xC77C;</comment><comment xml:lang="ms">Fail terenkod-AppleDouble Macintosh</comment><comment xml:lang="nb">dokument kodet med Macintosh AppleDouble</comment><comment xml:lang="nl">Macintosh AppleDouble-gecodeerd bestand</comment><comment xml:lang="nn">Macintosh AppleDouble-koda fil</comment><comment xml:lang="no">dokument kodet med Macintosh AppleDouble</comment><comment xml:lang="pl">Zakodowany w AppleDouble plik Macintosha</comment><comment xml:lang="pt">ficheiro codificado em AppleDouble de Macintosh</comment><comment xml:lang="pt_BR">Arquivo Macintosh codificado com AppleDouble</comment><comment xml:lang="sq">File Macintosh i kodifikuar AppleDouble</comment><comment xml:lang="sr">&#x41C;&#x435;&#x43A;&#x438;&#x43D;&#x442;&#x43E;&#x448; AppleDouble-encoded &#x434;&#x430;&#x442;&#x43E;&#x442;&#x435;&#x43A;&#x430;</comment><comment xml:lang="sv">Macintosh AppleDouble-kodad fil</comment><comment xml:lang="uk">&#x424;&#x430;&#x439;&#x43B; &#x437;&#x430;&#x43A;&#x43E;&#x434;&#x43E;&#x432;&#x430;&#x43D;&#x438;&#x439; Macintosh AppleDouble</comment><comment xml:lang="zh_CN">Macintosh AppleDouble &#x7F16;&#x7801;&#x7684;&#x6587;&#x4EF6;</comment></mime-type>
