<?xml version="1.0"?>
<mime-type xmlns="http://www.freedesktop.org/standards/shared-mime-info" type="multipart/digest"><!--Created automatically by update-mime-database. DO NOT EDIT!--><comment>message digest</comment><comment xml:lang="az">ismar&#x131;&#x15F; daycesti</comment><comment xml:lang="bg">&#x418;&#x437;&#x432;&#x430;&#x434;&#x43A;&#x430; &#x43E;&#x442; &#x441;&#x44A;&#x43E;&#x431;&#x449;&#x435;&#x43D;&#x438;&#x435;</comment><comment xml:lang="cs">Digest zpr&#xE1;v</comment><comment xml:lang="cy">crynodeb negeseuon</comment><comment xml:lang="de">Nachrichtensammlung</comment><comment xml:lang="el">&#x3C0;&#x3B5;&#x3C1;&#x3AF;&#x3BB;&#x3B7;&#x3C8;&#x3B7; &#x3BC;&#x3B7;&#x3BD;&#x3CD;&#x3BC;&#x3B1;&#x3C4;&#x3BF;&#x3C2;</comment><comment xml:lang="eo">mesa&#x11D;aro</comment><comment xml:lang="es">recopilaci&#xF3;n de mensajes</comment><comment xml:lang="eu">mezu laburra</comment><comment xml:lang="fi">viestikokoelma</comment><comment xml:lang="fr">digesteur de messages</comment><comment xml:lang="hu">&#xF6;mlesztett &#xFC;zenet</comment><comment xml:lang="ja">&#x30E1;&#x30C3;&#x30BB;&#x30FC;&#x30B8;&#x30C0;&#x30A4;&#x30B8;&#x30A7;&#x30B9;&#x30C8;</comment><comment xml:lang="ko">&#xBA54;&#xC138;&#xC9C0; &#xBB36;&#xC74C;</comment><comment xml:lang="ms">Jilid mesej</comment><comment xml:lang="nb">medldingssamling</comment><comment xml:lang="nl">berichtsamenvatting</comment><comment xml:lang="nn">meldingsamandrag</comment><comment xml:lang="no">medldingssamling</comment><comment xml:lang="pl">wiadomo&#x15B;&#x107; przetwarzania</comment><comment xml:lang="pt">'digest' de mensagens</comment><comment xml:lang="pt_BR">Resumo de mensagem</comment><comment xml:lang="sq">shp&#xEB;rndarja mesazheve</comment><comment xml:lang="sr">&#x433;&#x43E;&#x43C;&#x438;&#x43B;&#x430; &#x43F;&#x43E;&#x440;&#x443;&#x43A;&#x430;</comment><comment xml:lang="sv">meddelandesamling</comment><comment xml:lang="uk">&#x437;&#x431;&#x456;&#x440;&#x43A;&#x430; &#x43F;&#x43E;&#x432;&#x456;&#x434;&#x43E;&#x43C;&#x43B;&#x435;&#x43D;&#x44C;</comment><comment xml:lang="zh_CN">&#x6D88;&#x606F;&#x6458;&#x8981;</comment></mime-type>
