<?xml version="1.0"?>
<mime-type xmlns="http://www.freedesktop.org/standards/shared-mime-info" type="multipart/encrypted"><!--Created automatically by update-mime-database. DO NOT EDIT!--><comment>encrypted message</comment><comment xml:lang="az">&#x15F;ifr&#x259;l&#x259;nmi&#x15F; ismar&#x131;&#x15F;</comment><comment xml:lang="bg">&#x428;&#x438;&#x444;&#x440;&#x43E;&#x432;&#x430;&#x43D;&#x43E; &#x441;&#x44A;&#x43E;&#x431;&#x449;&#x435;&#x43D;&#x438;&#x435;</comment><comment xml:lang="cs">Za&#x161;ifrovan&#xE1; zpr&#xE1;va</comment><comment xml:lang="cy">Neges wedi ei hamgryptio</comment><comment xml:lang="de">verschl&#xFC;sselte Nachricht</comment><comment xml:lang="el">&#x3BA;&#x3C1;&#x3C5;&#x3C0;&#x3C4;&#x3BF;&#x3B3;&#x3C1;&#x3B1;&#x3C6;&#x3B7;&#x3BC;&#x3AD;&#x3BD;&#x3BF; &#x3BC;&#x3AE;&#x3BD;&#x3C5;&#x3BC;&#x3B1;</comment><comment xml:lang="eo">&#x109;ifrita mesa&#x11D;o</comment><comment xml:lang="es">mensaje cifrado</comment><comment xml:lang="eu">mezu enkriptatua</comment><comment xml:lang="fi">salattu viesti</comment><comment xml:lang="fr">message encrypt&#xE9;</comment><comment xml:lang="hu">titkos&#xED;tott &#xFC;zenet</comment><comment xml:lang="it">messaggio cifrato</comment><comment xml:lang="ja">&#x6697;&#x53F7;&#x5316;&#x30E1;&#x30C3;&#x30BB;&#x30FC;&#x30B8;</comment><comment xml:lang="ko">&#xC554;&#xD638;&#xD654;&#xB41C; &#xBA54;&#xC138;&#xC9C0;</comment><comment xml:lang="ms">Mesej terenkripsi</comment><comment xml:lang="nb">kryptert melding</comment><comment xml:lang="nl">gecodeerd bericht</comment><comment xml:lang="nn">kryptert melding</comment><comment xml:lang="no">kryptert melding</comment><comment xml:lang="pl">zaszyfrowany list</comment><comment xml:lang="pt">mensagem cifrada</comment><comment xml:lang="pt_BR">Mensagem criptografada</comment><comment xml:lang="ru">&#x437;&#x430;&#x448;&#x438;&#x444;&#x440;&#x43E;&#x432;&#x430;&#x43D;&#x43D;&#x43E;&#x435; &#x441;&#x43E;&#x43E;&#x431;&#x449;&#x435;&#x43D;&#x438;&#x435;</comment><comment xml:lang="sq">mesazh i kriptuar</comment><comment xml:lang="sr">&#x448;&#x438;&#x444;&#x440;&#x43E;&#x432;&#x430;&#x43D;&#x430; &#x43F;&#x43E;&#x440;&#x443;&#x43A;&#x430;</comment><comment xml:lang="sv">krypterat meddelande</comment><comment xml:lang="uk">&#x448;&#x438;&#x444;&#x440;&#x43E;&#x432;&#x430;&#x43D;&#x435; &#x43F;&#x43E;&#x432;&#x456;&#x434;&#x43E;&#x43C;&#x43B;&#x435;&#x43D;&#x43D;&#x44F;</comment><comment xml:lang="zh_CN">&#x52A0;&#x5BC6;&#x4FE1;&#x4EF6;</comment></mime-type>
