<?xml version="1.0"?>
<mime-type xmlns="http://www.freedesktop.org/standards/shared-mime-info" type="multipart/mixed"><!--Created automatically by update-mime-database. DO NOT EDIT!--><comment>compound documents</comment><comment xml:lang="bg">&#x421;&#x44A;&#x441;&#x442;&#x430;&#x432;&#x43D;&#x438; &#x434;&#x43E;&#x43A;&#x443;&#x43C;&#x435;&#x43D;&#x442;&#x438;</comment><comment xml:lang="cs">Slo&#x17E;en&#xE9; dokumenty</comment><comment xml:lang="de">Verbunddokumente</comment><comment xml:lang="el">&#x3C3;&#x3CD;&#x3BD;&#x3B8;&#x3B5;&#x3C4;&#x3B1; &#x3AD;&#x3B3;&#x3B3;&#x3C1;&#x3B1;&#x3C6;&#x3B1;</comment><comment xml:lang="eo">parentezaj dokumentoj</comment><comment xml:lang="es">documentos compuestos</comment><comment xml:lang="eu">konposatutako dokumentuak</comment><comment xml:lang="fi">yhdisteasiakirjat</comment><comment xml:lang="fr">document compos&#xE9;</comment><comment xml:lang="hu">&#xF6;sszetett dokumentumok</comment><comment xml:lang="it">documenti composti</comment><comment xml:lang="ja">&#x8907;&#x5408;&#x30C9;&#x30AD;&#x30E5;&#x30E1;&#x30F3;&#x30C8;</comment><comment xml:lang="ko">&#xBCF5;&#xD569; &#xBB38;&#xC11C;</comment><comment xml:lang="ms">Dokumen halaman</comment><comment xml:lang="nb">sammensatte dokumenter</comment><comment xml:lang="nl">samengestelde documenten</comment><comment xml:lang="nn">samansette dokument</comment><comment xml:lang="no">sammensatte dokumenter</comment><comment xml:lang="pl">dokumenty z&#x142;o&#x17C;one</comment><comment xml:lang="pt">documentos compostos</comment><comment xml:lang="pt_BR">Documentos compostos</comment><comment xml:lang="sq">dokumente t&#xEB; p&#xEB;rb&#xEB;r&#xEB;</comment><comment xml:lang="sr">&#x441;&#x458;&#x435;&#x434;&#x438;&#x45A;&#x435;&#x43D;&#x438; &#x434;&#x43E;&#x43A;&#x443;&#x43C;&#x435;&#x43D;&#x442;&#x438;</comment><comment xml:lang="sv">sammansatta dokument</comment><comment xml:lang="uk">&#x441;&#x43A;&#x43B;&#x430;&#x434;&#x43D;&#x456; &#x434;&#x43E;&#x43A;&#x443;&#x43C;&#x435;&#x43D;&#x442;&#x438;</comment><comment xml:lang="zh_CN">&#x7EC4;&#x5408;&#x6587;&#x6863;</comment></mime-type>
