<?xml version="1.0"?>
<mime-type xmlns="http://www.freedesktop.org/standards/shared-mime-info" type="multipart/related"><!--Created automatically by update-mime-database. DO NOT EDIT!--><comment>compound document</comment><comment xml:lang="az">birl&#x259;&#x15F;ik s&#x259;n&#x259;d</comment><comment xml:lang="bg">&#x421;&#x44A;&#x441;&#x442;&#x430;&#x432;&#x435;&#x43D; &#x434;&#x43E;&#x43A;&#x443;&#x43C;&#x435;&#x43D;&#x442;</comment><comment xml:lang="cs">Slo&#x17E;en&#xFD; dokument</comment><comment xml:lang="cy">dogfen gyfansawdd</comment><comment xml:lang="de">Verbunddokument</comment><comment xml:lang="el">&#x3C3;&#x3CD;&#x3BD;&#x3B8;&#x3B5;&#x3C4;&#x3BF; &#x3AD;&#x3B3;&#x3B3;&#x3C1;&#x3B1;&#x3C6;&#x3BF;</comment><comment xml:lang="eo">parenteza dokumento</comment><comment xml:lang="es">documento compuesto</comment><comment xml:lang="eu">konposatutako dokumentua</comment><comment xml:lang="fi">yhdisteasiakirja</comment><comment xml:lang="fr">document li&#xE9; &#xAB; compound &#xBB;</comment><comment xml:lang="hu">&#xF6;sszetett dokumentum</comment><comment xml:lang="it">documento composto</comment><comment xml:lang="ja">&#x8907;&#x5408;&#x30C9;&#x30AD;&#x30E5;&#x30E1;&#x30F3;&#x30C8;</comment><comment xml:lang="ko">&#xBCF5;&#xD569; &#xBB38;&#xC11C;</comment><comment xml:lang="ms">Dokumen halaman</comment><comment xml:lang="nb">sammensatt dokument</comment><comment xml:lang="nl">samengesteld document</comment><comment xml:lang="nn">samansett dokument</comment><comment xml:lang="no">sammensatt dokument</comment><comment xml:lang="pl">dokument z&#x142;o&#x17C;ony</comment><comment xml:lang="pt">documento composto</comment><comment xml:lang="pt_BR">Documento composto</comment><comment xml:lang="sq">dokumet i p&#xEB;rb&#xEB;r&#xEB;</comment><comment xml:lang="sr">&#x441;&#x458;&#x435;&#x434;&#x438;&#x45A;&#x435;&#x43D;&#x438; &#x434;&#x43E;&#x43A;&#x443;&#x43C;&#x435;&#x43D;&#x442;</comment><comment xml:lang="sv">sammansatt dokument</comment><comment xml:lang="uk">&#x441;&#x43A;&#x43B;&#x430;&#x434;&#x43D;&#x438;&#x439; &#x434;&#x43E;&#x43A;&#x443;&#x43C;&#x435;&#x43D;&#x442;</comment><comment xml:lang="zh_CN">&#x7EC4;&#x5408;&#x6587;&#x6863;</comment></mime-type>
