<?xml version="1.0"?>
<mime-type xmlns="http://www.freedesktop.org/standards/shared-mime-info" type="multipart/report"><!--Created automatically by update-mime-database. DO NOT EDIT!--><comment>mail system report</comment><comment xml:lang="az">po&#xE7;t sistemi raportu</comment><comment xml:lang="bg">&#x41E;&#x442;&#x447;&#x435;&#x442; &#x437;&#x430; &#x43F;&#x43E;&#x449;&#x435;&#x43D;&#x441;&#x43A;&#x430;&#x442;&#x430; &#x441;&#x438;&#x441;&#x442;&#x435;&#x43C;&#x430;</comment><comment xml:lang="cs">Zpr&#xE1;va po&#x161;tovn&#xED;ho syst&#xE9;mu</comment><comment xml:lang="cy">adroddiad system bost</comment><comment xml:lang="de">E-Mail-Systembericht</comment><comment xml:lang="el">&#x3B1;&#x3BD;&#x3B1;&#x3C6;&#x3BF;&#x3C1;&#x3AC; &#x3C3;&#x3C5;&#x3C3;&#x3C4;&#x3AE;&#x3BC;&#x3B1;&#x3C4;&#x3BF;&#x3C2; &#x3B7;&#x3BB;. &#x3C4;&#x3B1;&#x3C7;&#x3C5;&#x3B4;&#x3C1;&#x3BF;&#x3BC;&#x3B5;&#x3AF;&#x3BF;&#x3C5;</comment><comment xml:lang="eo">raporto de retpo&#x15D;ta sistemo</comment><comment xml:lang="es">informe del sistema de correo</comment><comment xml:lang="eu">posta sistemako txostena</comment><comment xml:lang="fi">viestij&#xE4;rjestelm&#xE4;n ilmoitus</comment><comment xml:lang="fr">rapport syst&#xE8;me de courriels</comment><comment xml:lang="hu">levelez&#x151;rendszer jelent&#xE9;se</comment><comment xml:lang="it">rapporto del sistema di posta</comment><comment xml:lang="ja">&#x30E1;&#x30FC;&#x30EB;&#x30B7;&#x30B9;&#x30C6;&#x30E0;&#x30EC;&#x30DD;&#x30FC;&#x30C8;</comment><comment xml:lang="ko">&#xBA54;&#xC77C; &#xC2DC;&#xC2A4;&#xD15C; &#xBCF4;&#xACE0;&#xC11C;</comment><comment xml:lang="ms">Laporan sistem mel</comment><comment xml:lang="nb">e-postsystemrapport</comment><comment xml:lang="nl">e-mail systeembericht</comment><comment xml:lang="nn">e-post-systemrapport</comment><comment xml:lang="no">e-postsystemrapport</comment><comment xml:lang="pl">raport systemu pocztowego</comment><comment xml:lang="pt">relat&#xF3;rio de sistema de e-mail</comment><comment xml:lang="pt_BR">Relat&#xF3;rio do sistema de correspond&#xEA;ncia</comment><comment xml:lang="sq">raport i sistemit t&#xEB; mesazheve</comment><comment xml:lang="sr">&#x438;&#x437;&#x432;&#x435;&#x448;&#x442;&#x430;&#x458; &#x43F;&#x43E;&#x448;&#x442;&#x430;&#x43D;&#x441;&#x43A;&#x43E;&#x433; &#x441;&#x438;&#x441;&#x442;&#x435;&#x43C;&#x430;</comment><comment xml:lang="sv">e-postsystemrapport</comment><comment xml:lang="uk">&#x437;&#x432;&#x456;&#x442; &#x43F;&#x43E;&#x442;&#x43E;&#x432;&#x43E;&#x457; &#x441;&#x438;&#x441;&#x442;&#x435;&#x43C;&#x438;</comment><comment xml:lang="zh_CN">&#x90AE;&#x4EF6;&#x7CFB;&#x7EDF;&#x62A5;&#x544A;</comment></mime-type>
