<?xml version="1.0"?>
<mime-type xmlns="http://www.freedesktop.org/standards/shared-mime-info" type="multipart/signed"><!--Created automatically by update-mime-database. DO NOT EDIT!--><comment>signed message</comment><comment xml:lang="az">imzalanm&#x131;&#x15F; ismar&#x131;&#x15F;</comment><comment xml:lang="bg">&#x41F;&#x43E;&#x434;&#x43F;&#x438;&#x441;&#x430;&#x43D;&#x43E; &#x441;&#x44A;&#x43E;&#x431;&#x449;&#x435;&#x43D;&#x438;&#x435;</comment><comment xml:lang="cs">Podepsan&#xE1; zpr&#xE1;va</comment><comment xml:lang="cy">neges lofnodwyd</comment><comment xml:lang="de">signierte Nachricht</comment><comment xml:lang="el">&#x3C5;&#x3C0;&#x3BF;&#x3B3;&#x3B5;&#x3B3;&#x3C1;&#x3B1;&#x3BC;&#x3BC;&#x3AD;&#x3BD;&#x3BF; &#x3BC;&#x3AE;&#x3BD;&#x3C5;&#x3BC;&#x3B1;</comment><comment xml:lang="eo">pruvita mesa&#x11D;o</comment><comment xml:lang="es">mensaje firmado</comment><comment xml:lang="eu">sinatutako mezua</comment><comment xml:lang="fi">allekirjoitettu viesti</comment><comment xml:lang="fr">message sign&#xE9;</comment><comment xml:lang="hu">al&#xE1;&#xED;rt &#xFC;zenet</comment><comment xml:lang="ja">&#x7F72;&#x540D;&#x4ED8;&#x304D;&#x30E1;&#x30C3;&#x30BB;&#x30FC;&#x30B8;</comment><comment xml:lang="ko">&#xC11C;&#xBA85;&#xB41C; &#xBA54;&#xC138;&#xC9C0;</comment><comment xml:lang="ms">Mesej ditandatangani</comment><comment xml:lang="nb">signert melding</comment><comment xml:lang="nl">ondertekend bericht</comment><comment xml:lang="nn">signert melding</comment><comment xml:lang="no">signert melding</comment><comment xml:lang="pl">podpisana wiadomo&#x15B;ci</comment><comment xml:lang="pt">mensagem assinada</comment><comment xml:lang="pt_BR">Mensagem assinada</comment><comment xml:lang="ru">&#x43F;&#x43E;&#x434;&#x43F;&#x438;&#x441;&#x430;&#x43D;&#x43D;&#x43E;&#x435; &#x441;&#x43E;&#x43E;&#x431;&#x449;&#x435;&#x43D;&#x438;&#x435;</comment><comment xml:lang="sq">mesazh i firmosur</comment><comment xml:lang="sr">&#x43F;&#x43E;&#x442;&#x43F;&#x438;&#x441;&#x430;&#x43D;&#x430; &#x43F;&#x43E;&#x440;&#x443;&#x43A;&#x430;</comment><comment xml:lang="sv">signerat meddelande</comment><comment xml:lang="uk">&#x43F;&#x456;&#x434;&#x43F;&#x438;&#x441;&#x430;&#x43D;&#x435; &#x43F;&#x43E;&#x432;&#x456;&#x434;&#x43E;&#x43C;&#x43B;&#x435;&#x43D;&#x43D;&#x44F;</comment><comment xml:lang="zh_CN">&#x7B7E;&#x540D;&#x4FE1;&#x4EF6;</comment></mime-type>
