<?xml version="1.0"?>
<mime-type xmlns="http://www.freedesktop.org/standards/shared-mime-info" type="multipart/x-mixed-replace"><!--Created automatically by update-mime-database. DO NOT EDIT!--><comment>stream of data (server push)</comment><comment xml:lang="bg">&#x41F;&#x43E;&#x442;&#x43E;&#x43A; &#x43E;&#x442; &#x434;&#x430;&#x43D;&#x43D;&#x438; (&#x43E;&#x442; &#x441;&#x442;&#x440;&#x430;&#x43D;&#x430; &#x43D;&#x430; &#x441;&#x44A;&#x440;&#x432;&#x44A;&#x440;)</comment><comment xml:lang="cs">Proud dat (pos&#xED;lan&#xFD; serverem)</comment><comment xml:lang="de">Datenstrom (Server-Push)</comment><comment xml:lang="el">&#x3C7;&#x3B5;&#x3AF;&#x3BC;&#x3B1;&#x3C1;&#x3C1;&#x3BF;&#x3C2; &#x3B4;&#x3B5;&#x3B4;&#x3BF;&#x3BC;&#x3AD;&#x3BD;&#x3C9;&#x3BD; (&#x3C3;&#x3C4;&#x3B5;&#x3BB;&#x3BB;&#x3CC;&#x3BC;&#x3B5;&#x3BD;&#x3B1; &#x3B1;&#x3C0;&#x3CC; &#x3C4;&#x3BF;&#x3BD; &#x3B5;&#x3BE;&#x3C5;&#x3C0;&#x3B7;&#x3C1;&#x3B5;&#x3C4;&#x3B7;&#x3C4;&#x3AE;)</comment><comment xml:lang="eo">datumstrio (pu&#x15D;ata per servilo)</comment><comment xml:lang="es">flujo de datos (por iniciativa del servidor)</comment><comment xml:lang="eu">datu-korrontea (zerbitzari igortzailea)</comment><comment xml:lang="fi">tietovirta (palvelin ty&#xF6;nt&#xE4;&#xE4;)</comment><comment xml:lang="fr">flot de donn&#xE9;es (pouss&#xE9; par le serveur)</comment><comment xml:lang="hu">sug&#xE1;rzott adatfolyam (kiszolg&#xE1;l&#xF3;r&#xF3;l)</comment><comment xml:lang="ja">&#x30C7;&#x30FC;&#x30BF;&#x30B9;&#x30C8;&#x30EA;&#x30FC;&#x30E0; (&#x30B5;&#x30FC;&#x30D0;&#x30FC;&#x30D7;&#x30C3;&#x30B7;&#x30E5;&#x578B;)</comment><comment xml:lang="ko">&#xC2A4;&#xD2B8;&#xB9BC; &#xB370;&#xC774;&#xD130; (&#xC11C;&#xBC84; &#xD478;&#xC2DC;)</comment><comment xml:lang="ms">Aliran dara (paksaan pelayan)</comment><comment xml:lang="nb">datastr&#xF8;m (server push)</comment><comment xml:lang="nl">gegevensstroom (server duwt)</comment><comment xml:lang="nn">datastraum (dytta av tenaren)</comment><comment xml:lang="no">datastr&#xF8;m (server push)</comment><comment xml:lang="pl">strumie&#x144; danych (wymuszenie serwera)</comment><comment xml:lang="pt">fluxo de dados (empurrados pelo servidor)</comment><comment xml:lang="pt_BR">Transmiss&#xE3;o de dados (por iniciativa do servidor)</comment><comment xml:lang="sq">stream i t&#xEB; dh&#xEB;nave (server push)</comment><comment xml:lang="sr">&#x43F;&#x440;&#x43E;&#x442;&#x43E;&#x43A; &#x43F;&#x43E;&#x434;&#x430;&#x442;&#x430;&#x43A;&#x430; (&#x433;&#x443;&#x440;&#x430;&#x45A;&#x435; &#x441;&#x430; &#x441;&#x435;&#x440;&#x432;&#x435;&#x440;&#x430;)</comment><comment xml:lang="sv">datafl&#xF6;de (serveruts&#xE4;ndning)</comment><comment xml:lang="uk">&#x43F;&#x43E;&#x442;&#x456;&#x43A; &#x434;&#x430;&#x43D;&#x438;&#x445; (&#x432;&#x456;&#x434; &#x441;&#x435;&#x440;&#x432;&#x435;&#x440;&#x430;)</comment><comment xml:lang="zh_CN">&#x6570;&#x636E;&#x6D41;(&#x670D;&#x52A1;&#x5668;&#x63A8;&#x9001;)</comment></mime-type>
